{
  "config": {
    "early_stopping": true,
    "epochs": 601,
    "expert_lr": 0.00391378,
    "expert_momentum": 0.860641,
    "expert_num": 4,
    "expert_weight_decay": 0.0,
    "load_balancing": false,
    "optimizer_family": "original",
    "router_lr": 0.14549246,
    "router_momentum": 0.890553,
    "router_weight_decay": 0.001
  },
  "eval_metrics": {
    "accuracy": 93.40625,
    "dispatch_counts": [
      [
        0.0,
        3.0,
        826.0,
        0.0
      ],
      [
        2.0,
        18.0,
        0.0,
        759.0
      ],
      [
        4.0,
        28.0,
        9.0,
        772.0
      ],
      [
        353.0,
        419.0,
        1.0,
        6.0
      ]
    ],
    "entropy": 0.43474268913269043,
    "loss": 0.3791132867336273,
    "runtime_seconds": 0.004438625182956457,
    "split": "validation"
  },
  "fold_index": 3,
  "mode": "nonlinear",
  "seed": 21014,
  "setting": 2,
  "total_runtime_seconds": 27.53325291723013,
  "train_metrics": {
    "dispatch_counts": [
      [
        2.0,
        13.0,
        3292.0,
        7.0
      ],
      [
        6.0,
        56.0,
        6.0,
        3050.0
      ],
      [
        18.0,
        106.0,
        46.0,
        3079.0
      ],
      [
        1425.0,
        1673.0,
        7.0,
        14.0
      ]
    ],
    "entropy_record": [
      1.3856985569000244,
      1.3857767581939697,
      1.3854798078536987,
      1.3854429721832275,
      1.3856518268585205,
      1.3832898139953613,
      1.3540220260620117,
      1.1397690773010254,
      0.7699426412582397,
      0.6290343999862671,
      0.5698496699333191,
      0.5353088974952698,
      0.5158349275588989,
      0.49674731492996216,
      0.4708905816078186,
      0.46223172545433044,
      0.4577973484992981,
      0.4476211667060852,
      0.44334331154823303,
      0.4412153363227844,
      0.43877190351486206,
      0.43630921840667725,
      0.43529266119003296,
      0.43522536754608154,
      0.4357525408267975,
      0.43395084142684937,
      0.432092547416687,
      0.431485116481781,
      0.43342411518096924,
      0.4302930533885956,
      0.43326273560523987,
      0.431500107049942,
      0.4299478530883789,
      0.4313669204711914,
      0.4296802282333374,
      0.4307898283004761,
      0.4310617446899414,
      0.4306420683860779,
      0.4303465783596039,
      0.42949461936950684,
      0.43051767349243164,
      0.42821812629699707,
      0.43028494715690613,
      0.4360898733139038,
      0.4314314126968384,
      0.43025892972946167,
      0.4303833246231079,
      0.4312250316143036,
      0.42901086807250977,
      0.4305778741836548,
      0.4346095323562622,
      0.43097907304763794,
      0.4314388632774353,
      0.43142974376678467,
      0.43267109990119934,
      0.4307817816734314,
      0.43525078892707825,
      0.43166810274124146,
      0.43493643403053284,
      0.4321151077747345,
      0.43111780285835266,
      0.43431252241134644,
      0.4333086609840393,
      0.43232664465904236,
      0.4323248565196991,
      0.436320960521698,
      0.4312049150466919,
      0.43363916873931885,
      0.43442100286483765,
      0.4323421120643616,
      0.4312868118286133,
      0.43340298533439636,
      0.4369950592517853,
      0.4315394163131714,
      0.4349415898323059,
      0.4346833825111389,
      0.43504613637924194,
      0.4353833496570587,
      0.43555790185928345,
      0.43392258882522583,
      0.43504345417022705,
      0.43492013216018677,
      0.43361055850982666,
      0.43569907546043396,
      0.43345165252685547,
      0.4355478882789612,
      0.4331921935081482,
      0.43566393852233887,
      0.43303072452545166,
      0.43538525700569153,
      0.436984121799469,
      0.43570464849472046,
      0.43305671215057373,
      0.43658941984176636,
      0.43207478523254395,
      0.4343196749687195,
      0.43775761127471924,
      0.43417757749557495,
      0.43425753712654114,
      0.43229618668556213,
      0.43691471219062805,
      0.4345328211784363,
      0.43662229180336,
      0.43668079376220703,
      0.43430280685424805,
      0.43474775552749634,
      0.436981737613678,
      0.43596506118774414,
      0.4346882104873657,
      0.43280845880508423,
      0.4334462881088257,
      0.43445611000061035,
      0.4328945279121399,
      0.4314194619655609,
      0.4368789494037628,
      0.43601518869400024,
      0.43928006291389465,
      0.43690335750579834,
      0.4336440861225128,
      0.43865078687667847,
      0.43400517106056213,
      0.4328201413154602,
      0.43258950114250183,
      0.43321505188941956,
      0.4358459413051605,
      0.43530604243278503,
      0.4336687922477722,
      0.43527495861053467,
      0.4353630542755127,
      0.4323267340660095,
      0.43388524651527405,
      0.4337501525878906,
      0.4329403042793274,
      0.4361346662044525,
      0.4327240288257599,
      0.4328954815864563,
      0.4364251494407654,
      0.4367619752883911,
      0.43466877937316895,
      0.4391416311264038,
      0.43559151887893677,
      0.43485602736473083,
      0.43560412526130676,
      0.4331848621368408,
      0.4340086877346039,
      0.43780550360679626,
      0.43597328662872314,
      0.4388653039932251,
      0.4378986954689026,
      0.4344567060470581,
      0.43706798553466797,
      0.43653804063796997,
      0.4350770115852356,
      0.43911924958229065,
      0.4377034604549408,
      0.4342011511325836,
      0.43489041924476624,
      0.4370623826980591,
      0.4373329281806946,
      0.4350398778915405,
      0.4370722472667694,
      0.43884462118148804,
      0.4348362684249878,
      0.43764644861221313,
      0.43618538975715637,
      0.43408340215682983,
      0.4359862208366394,
      0.43650299310684204,
      0.4379432797431946,
      0.437635600566864,
      0.4373689889907837,
      0.4387156069278717,
      0.43592768907546997,
      0.43596169352531433,
      0.4318409860134125,
      0.43735313415527344,
      0.43556728959083557,
      0.4345724880695343,
      0.43753963708877563,
      0.4338776767253876,
      0.4335519075393677,
      0.4315074682235718,
      0.4355558156967163,
      0.435688316822052,
      0.43575620651245117,
      0.43752598762512207,
      0.43463969230651855,
      0.4334234297275543,
      0.4353756606578827,
      0.4368937909603119,
      0.4379504323005676,
      0.43583518266677856,
      0.4370455741882324,
      0.437151700258255,
      0.43685704469680786,
      0.4348636269569397,
      0.4408654570579529,
      0.43608978390693665,
      0.43769100308418274,
      0.4372730255126953,
      0.4353291392326355,
      0.43715792894363403,
      0.43765348196029663,
      0.4376276135444641,
      0.4352369010448456,
      0.43328770995140076,
      0.43641090393066406,
      0.4352566599845886,
      0.4345220923423767,
      0.4351688027381897,
      0.43759116530418396,
      0.43812257051467896,
      0.4364820718765259,
      0.4379807114601135,
      0.4385371208190918,
      0.43724244832992554,
      0.4403960704803467,
      0.43594038486480713,
      0.434888631105423,
      0.43805694580078125,
      0.43568146228790283,
      0.42987263202667236,
      0.43594396114349365,
      0.43564343452453613,
      0.4379776418209076,
      0.4335823953151703,
      0.4377731680870056,
      0.43801915645599365,
      0.4346126616001129,
      0.43948793411254883,
      0.43894562125205994,
      0.4360327422618866,
      0.4336932301521301,
      0.43582236766815186,
      0.43749773502349854,
      0.43974655866622925,
      0.4349644184112549,
      0.4373507499694824,
      0.438490092754364,
      0.4382796883583069,
      0.4384073317050934,
      0.43840640783309937,
      0.4361950159072876,
      0.43628445267677307,
      0.43699556589126587,
      0.436110258102417,
      0.4380054473876953,
      0.4381003975868225,
      0.4394415020942688,
      0.4371751546859741,
      0.4354778230190277,
      0.4364452362060547,
