{
  "config": {
    "early_stopping": true,
    "epochs": 601,
    "expert_lr": 0.00391378,
    "expert_momentum": 0.860641,
    "expert_num": 4,
    "expert_weight_decay": 0.0,
    "load_balancing": false,
    "optimizer_family": "original",
    "router_lr": 0.14549246,
    "router_momentum": 0.890553,
    "router_weight_decay": 0.001
  },
  "eval_metrics": {
    "accuracy": 88.78125,
    "dispatch_counts": [
      [
        139.0,
        6.0,
        43.0,
        641.0
      ],
      [
        85.0,
        30.0,
        641.0,
        23.0
      ],
      [
        470.0,
        275.0,
        43.0,
        24.0
      ],
      [
        363.0,
        143.0,
        202.0,
        72.0
      ]
    ],
    "entropy": 0.915067195892334,
    "loss": 0.4252251088619232,
    "runtime_seconds": 0.004367131274193525,
    "split": "validation"
  },
  "fold_index": 1,
  "mode": "nonlinear",
  "seed": 21012,
  "setting": 2,
  "total_runtime_seconds": 1.258456103503704,
  "train_metrics": {
    "dispatch_counts": [
      [
        576.0,
        17.0,
        164.0,
        2557.0
      ],
      [
        303.0,
        97.0,
        2641.0,
        77.0
      ],
      [
        1884.0,
        1145.0,
        126.0,
        95.0
      ],
      [
        1401.0,
        687.0,
        725.0,
        305.0
      ]
    ],
    "entropy_record": [
      1.3855522871017456,
      1.3853648900985718,
      1.385743498802185,
      1.3855395317077637,
      1.3857955932617188,
      1.3836064338684082,
      1.349075436592102,
      1.1153950691223145,
      0.818610668182373,
      0.6792913675308228,
      0.6387524008750916,
      0.6260754466056824,
      0.6229965686798096,
      0.6353188753128052,
      0.6388671398162842,
      0.6490934491157532,
      0.6678645610809326,
      0.6865782737731934,
      0.7059818506240845,
      0.7172040939331055,
      0.7304832935333252,
      0.7459869384765625,
      0.7684385180473328,
      0.7924605011940002,
      0.8177434206008911,
      0.8393250107765198,
      0.8659292459487915,
      0.8877387046813965
    ],
    "epochs_ran": 28,
    "final_entropy": 0.8877387046813965,
    "final_loss": 0.41702166199684143,
    "plot_diagnostics": null,
    "runtime_seconds": 1.2540889722295105
  }
}