{
  "config": {
    "early_stopping": true,
    "epochs": 601,
    "expert_lr": 0.00205374,
    "expert_momentum": 0.933329,
    "expert_num": 4,
    "expert_weight_decay": 0.0,
    "load_balancing": false,
    "ns_steps": 7,
    "optimizer_family": "muon",
    "router_lr": 0.00810261,
    "router_momentum": 0.941752,
    "router_weight_decay": 0.0
  },
  "eval_metrics": {
    "accuracy": 94.71875,
    "dispatch_counts": [
      [
        162.0,
        69.0,
        594.0,
        3.0
      ],
      [
        245.0,
        48.0,
        307.0,
        180.0
      ],
      [
        266.0,
        59.0,
        87.0,
        400.0
      ],
      [
        234.0,
        390.0,
        141.0,
        15.0
      ]
    ],
    "entropy": 1.1034566164016724,
    "loss": 0.3660760521888733,
    "runtime_seconds": 0.004651428200304508,
    "split": "validation"
  },
  "fold_index": 0,
  "mode": "nonlinear",
  "seed": 32211,
  "setting": 3,
  "total_runtime_seconds": 28.476246641483158,
  "train_metrics": {
    "dispatch_counts": [
      [
        596.0,
        262.0,
        2451.0,
        6.0
      ],
      [
        949.0,
        159.0,
        1257.0,
        752.0
      ],
      [
        1118.0,
        233.0,
        312.0,
        1587.0
      ],
      [
        888.0,
        1591.0,
        578.0,
        61.0
      ]
    ],
    "entropy_record": [
      1.3856401443481445,
      1.3643152713775635,
      1.3045177459716797,
      1.2547147274017334,
      1.2131202220916748,
      1.1772470474243164,
      1.1590676307678223,
      1.149576187133789,
      1.1374179124832153,
      1.1302173137664795,
      1.1211355924606323,
      1.1225554943084717,
      1.115898847579956,
      1.118208646774292,
      1.1124820709228516,
      1.1159563064575195,
      1.111166000366211,
      1.119523286819458,
      1.115086555480957,
      1.116664171218872,
      1.1240483522415161,
      1.1254832744598389,
      1.1264762878417969,
      1.1269408464431763,
      1.1330618858337402,
      1.1312757730484009,
      1.1384954452514648,
      1.1372013092041016,
      1.140498399734497,
      1.1375408172607422,
      1.1447420120239258,
      1.1493101119995117,
      1.150292158126831,
      1.1502496004104614,
      1.152053952217102,
      1.1523888111114502,
      1.158170223236084,
      1.1606124639511108,
      1.1601792573928833,
      1.1625696420669556,
      1.1640126705169678,
      1.1661027669906616,
      1.1637742519378662,
      1.1678422689437866,
      1.1694273948669434,
      1.1719812154769897,
      1.170111894607544,
      1.1714048385620117,
      1.1718487739562988,
      1.1754543781280518,
      1.1777911186218262,
      1.1745505332946777,
      1.1754004955291748,
      1.1770042181015015,
      1.1756343841552734,
      1.1749534606933594,
      1.177228331565857,
      1.1767549514770508,
      1.1759705543518066,
      1.1754484176635742,
      1.176816701889038,
      1.1773931980133057,
      1.1769286394119263,
      1.178480863571167,
      1.1783350706100464,
      1.1800267696380615,
      1.1809606552124023,
      1.1777836084365845,
      1.1775801181793213,
      1.1790547370910645,
      1.1800302267074585,
      1.1772050857543945,
      1.1776785850524902,
      1.179368257522583,
      1.1800014972686768,
      1.1782485246658325,
      1.1780643463134766,
      1.1755319833755493,
      1.1776514053344727,
      1.1770495176315308,
      1.1777044534683228,
      1.177371621131897,
      1.1757888793945312,
      1.1748554706573486,
      1.177762746810913,
      1.1743178367614746,
      1.174989104270935,
      1.1751954555511475,
      1.1760647296905518,
      1.1746424436569214,
      1.175081491470337,
      1.174924612045288,
      1.1744613647460938,
      1.1756800413131714,
      1.1740479469299316,
      1.17433762550354,
      1.1721504926681519,
      1.1751453876495361,
      1.1754860877990723,
      1.1725749969482422,
      1.1729319095611572,
      1.1729888916015625,
      1.1728181838989258,
      1.1745197772979736,
      1.1729518175125122,
      1.1738111972808838,
      1.1729320287704468,
      1.1725174188613892,
      1.171966791152954,
      1.1718945503234863,
      1.1724457740783691,
      1.1731003522872925,
      1.1728239059448242,
      1.1724504232406616,
      1.17051100730896,
      1.1715962886810303,
      1.1721274852752686,
      1.1700624227523804,
      1.1721291542053223,
      1.1728161573410034,
      1.1701250076293945,
      1.172013282775879,
      1.1693596839904785,
      1.1710233688354492,
      1.1693648099899292,
      1.1698768138885498,
      1.169849157333374,
      1.1685986518859863,
      1.1680244207382202,
      1.1697834730148315,
      1.1687281131744385,
      1.1674858331680298,
      1.1682922840118408,
      1.168022871017456,
      1.1661367416381836,
      1.1692924499511719,
      1.1665993928909302,
      1.165661096572876,
      1.166128158569336,
      1.1639667749404907,
      1.1634684801101685,
      1.1650909185409546,
      1.1652212142944336,
      1.163316011428833,
      1.162365198135376,
      1.160348892211914,
      1.161340355873108,
      1.1600074768066406,
      1.1596893072128296,
      1.1582163572311401,
      1.1562947034835815,
      1.1571314334869385,
      1.1568734645843506,
      1.1560711860656738,
      1.1556189060211182,
      1.153960943222046,
      1.1560137271881104,
      1.1539610624313354,
      1.1554322242736816,
      1.1539243459701538,
      1.154702067375183,
      1.1541982889175415,
      1.1565134525299072,
      1.1564056873321533,
      1.153890609741211,
      1.1549713611602783,
      1.1574304103851318,
      1.1536905765533447,
      1.1533821821212769,
      1.1538578271865845,
      1.1514179706573486,
      1.1507176160812378,
      1.1514031887054443,
      1.147727370262146,
      1.1468572616577148,
      1.1472768783569336,
      1.1465890407562256,
      1.1445631980895996,
      1.1421979665756226,
      1.1404790878295898,
      1.1401066780090332,
      1.1395056247711182,
      1.1373132467269897,
      1.1357272863388062,
      1.1345179080963135,
      1.1327009201049805,
      1.1315124034881592,
      1.1303975582122803,
      1.1303092241287231,
      1.1274797916412354,
      1.1256649494171143,
      1.1255885362625122,
      1.124017596244812,
      1.1222281455993652,
      1.121795654296875,
      1.1185131072998047,
      1.1186906099319458,
      1.1185901165008545,
      1.115262746810913,
      1.1145949363708496,
      1.1111536026000977,
      1.1107038259506226,
      1.1094350814819336,
      1.1064536571502686,
      1.107224941253662,
      1.1054837703704834,
      1.1050422191619873,
      1.1038177013397217,
      1.1023609638214111,
      1.1012091636657715,
      1.0998671054840088,
      1.0981308221817017,
      1.0983283519744873,
      1.095829963684082,
      1.0963366031646729,
      1.0935964584350586,
      1.0937201976776123,
      1.0930538177490234,
      1.0905160903930664,
      1.0916386842727661,
      1.0884195566177368,
      1.0843249559402466,
      1.0855791568756104,
      1.0822932720184326,
      1.0811597108840942,
      1.0789294242858887,
      1.07870614528656,
      1.07810640335083,
      1.0753812789916992,
      1.0759763717651367,
      1.0729204416275024,
      1.0723249912261963,
      1.0690512657165527,
      1.0652179718017578,
      1.0642448663711548,
      1.0616953372955322,
      1.0611566305160522,
      1.0571224689483643,
      1.0561209917068481,
      1.0563678741455078,
      1.0558390617370605,
      1.0570642948150635,
      1.0550163984298706,
      1.0565102100372314,
      1.0558305978775024,
      1.0544383525848389,
      1.0546050071716309,
      1.055652379989624,
      1.0557711124420166,
      1.053478717803955,
      1.0540862083435059,
      1.0549659729003906,
      1.0534203052520752,
      1.0521668195724487,
      1.0533723831176758,
      1.0540730953216553,
