{
  "config": {
    "early_stopping": true,
    "epochs": 601,
    "expert_lr": 0.00205374,
    "expert_momentum": 0.933329,
    "expert_num": 4,
    "expert_weight_decay": 0.0,
    "load_balancing": false,
    "ns_steps": 7,
    "optimizer_family": "muon",
    "router_lr": 0.00810261,
    "router_momentum": 0.941752,
    "router_weight_decay": 0.0
  },
  "eval_metrics": {
    "accuracy": 92.5625,
    "dispatch_counts": [
      [
        103.0,
        8.0,
        590.0,
        128.0
      ],
      [
        372.0,
        26.0,
        264.0,
        117.0
      ],
      [
        121.0,
        365.0,
        91.0,
        235.0
      ],
      [
        37.0,
        388.0,
        4.0,
        351.0
      ]
    ],
    "entropy": 1.0286948680877686,
    "loss": 0.38746753334999084,
    "runtime_seconds": 0.004299888852983713,
    "split": "validation"
  },
  "fold_index": 1,
  "mode": "nonlinear",
  "seed": 32212,
  "setting": 3,
  "total_runtime_seconds": 14.12654868280515,
  "train_metrics": {
    "dispatch_counts": [
      [
        370.0,
        33.0,
        2396.0,
        515.0
      ],
      [
        1468.0,
        76.0,
        1055.0,
        519.0
      ],
      [
        470.0,
        1456.0,
        359.0,
        965.0
      ],
      [
        140.0,
        1548.0,
        39.0,
        1391.0
      ]
    ],
    "entropy_record": [
      1.3855518102645874,
      1.355781078338623,
      1.3075895309448242,
      1.2638037204742432,
      1.2179509401321411,
      1.1882420778274536,
      1.170505166053772,
      1.1583282947540283,
      1.1452035903930664,
      1.1366355419158936,
      1.1318403482437134,
      1.1237281560897827,
      1.121983528137207,
      1.11922287940979,
      1.1090786457061768,
      1.1086148023605347,
      1.1074926853179932,
      1.1037240028381348,
      1.1026442050933838,
      1.0946147441864014,
      1.0922036170959473,
      1.0916169881820679,
      1.0912660360336304,
      1.087045431137085,
      1.0828343629837036,
      1.0848426818847656,
      1.0786232948303223,
      1.0732403993606567,
      1.0740522146224976,
      1.0710914134979248,
      1.0720542669296265,
      1.0668613910675049,
      1.069973111152649,
      1.0627391338348389,
      1.0598841905593872,
      1.0661747455596924,
      1.0586715936660767,
      1.0588879585266113,
      1.059372067451477,
      1.0570354461669922,
      1.0594099760055542,
      1.0597622394561768,
      1.0563595294952393,
      1.0564419031143188,
      1.0594935417175293,
      1.058786153793335,
      1.0566306114196777,
      1.0571362972259521,
      1.0570855140686035,
      1.0585516691207886,
      1.0578349828720093,
      1.055625081062317,
      1.0589356422424316,
      1.0568311214447021,
      1.0588269233703613,
      1.0551912784576416,
      1.0565834045410156,
      1.0597710609436035,
      1.0577878952026367,
      1.0576460361480713,
      1.060990571975708,
      1.0600919723510742,
      1.0604323148727417,
      1.059780478477478,
      1.0616803169250488,
      1.0591102838516235,
      1.061698317527771,
      1.0627868175506592,
      1.0632954835891724,
      1.0619667768478394,
      1.0640780925750732,
      1.0626188516616821,
      1.0637166500091553,
      1.061991572380066,
      1.0649964809417725,
      1.0636882781982422,
      1.063858151435852,
      1.0668891668319702,
      1.0674798488616943,
      1.0668129920959473,
      1.0626211166381836,
      1.0657904148101807,
      1.063821792602539,
      1.067294716835022,
      1.0673117637634277,
      1.0667742490768433,
      1.067550778388977,
      1.0651607513427734,
      1.0660085678100586,
      1.0674465894699097,
      1.0665699243545532,
      1.0686743259429932,
      1.0677326917648315,
      1.0661554336547852,
      1.0648751258850098,
      1.0680172443389893,
      1.0651205778121948,
      1.0680233240127563,
      1.0641270875930786,
      1.0648120641708374,
      1.065749168395996,
      1.0622812509536743,
      1.064947247505188,
      1.0631521940231323,
      1.0632281303405762,
      1.0659499168395996,
      1.065588355064392,
      1.0645384788513184,
      1.0649220943450928,
      1.0639301538467407,
      1.0668656826019287,
      1.0626506805419922,
      1.0631451606750488,
      1.065321445465088,
      1.0662562847137451,
      1.0658313035964966,
      1.0629808902740479,
      1.064443588256836,
      1.0656992197036743,
      1.063668131828308,
      1.064208745956421,
      1.0641295909881592,
      1.0649217367172241,
      1.0634617805480957,
      1.0602548122406006,
      1.060333013534546,
      1.0644627809524536,
      1.0611588954925537,
      1.0622572898864746,
      1.060007095336914,
      1.0609735250473022,
      1.059941053390503,
      1.0605781078338623,
      1.0573062896728516,
      1.0595319271087646,
      1.0580530166625977,
      1.0576430559158325,
      1.057580828666687,
      1.0576034784317017,
      1.054633617401123,
      1.0597195625305176,
      1.0572969913482666,
      1.0577201843261719,
      1.0560296773910522,
      1.0586862564086914,
      1.0559821128845215,
      1.0546636581420898,
      1.0554543733596802,
      1.0547480583190918,
      1.0560522079467773,
      1.0551093816757202,
      1.053412914276123,
      1.052189826965332,
      1.0544408559799194,
      1.0529026985168457,
      1.052201509475708,
      1.051735758781433,
      1.0523736476898193,
      1.0530381202697754,
      1.0517902374267578,
      1.0504567623138428,
      1.0531344413757324,
      1.051228642463684,
      1.0522725582122803,
      1.0511088371276855,
      1.050513744354248,
      1.0517539978027344,
      1.0514118671417236,
      1.0529063940048218,
      1.0520693063735962,
      1.0534589290618896,
      1.0519071817398071,
      1.050363302230835,
      1.0546501874923706,
      1.0529972314834595,
      1.051584005355835,
      1.053741455078125,
      1.0527257919311523,
      1.0512065887451172,
      1.0525195598602295,
      1.0520031452178955,
      1.052796483039856,
      1.0530692338943481,
      1.052869200706482,
      1.0535999536514282,
      1.053217887878418,
      1.0524340867996216,
      1.0529989004135132,
      1.051572561264038,
      1.0525058507919312,
      1.0540673732757568,
      1.0541882514953613,
      1.0540632009506226,
      1.0521011352539062,
      1.0523253679275513,
      1.0560777187347412,
      1.0549135208129883,
      1.0533784627914429,
      1.0537561178207397,
      1.0543627738952637,
      1.053904414176941,
      1.0517895221710205,
      1.0540428161621094,
      1.0550355911254883,
      1.0547059774398804,
      1.0567035675048828,
      1.0548797845840454,
      1.0559542179107666,
      1.0551282167434692,
      1.0556827783584595,
      1.058107852935791,
      1.0566576719284058,
      1.0589812994003296,
      1.0573012828826904,
      1.0579153299331665,
      1.060065746307373,
      1.058330774307251,
      1.0597096681594849,
      1.0601047277450562,
      1.059999942779541,
      1.0611381530761719,
      1.0607423782348633,
      1.062454104423523,
      1.0596354007720947,
      1.0616905689239502,
      1.0614595413208008,
      1.0603704452514648,
      1.0614160299301147,
      1.0597566366195679,
      1.0606216192245483,
      1.062284231185913,
      1.0599902868270874,
      1.061382532119751,
      1.0600298643112183,
      1.059290885925293,
      1.0614442825317383,
      1.058058261871338,
      1.059202790260315,
      1.0598279237747192,
      1.0600788593292236,
      1.0604438781738281,
      1.0587440729141235,
      1.0591723918914795,
      1.0580041408538818,
      1.0589276552200317,
      1.0590662956237793,
      1.0576833486557007,
      1.0593326091766357,
      1.0579469203948975,
      1.0594978332519531,
      1.0586565732955933,
      1.0572199821472168,
      1.0576858520507812,
      1.0577826499938965,
      1.0566132068634033,
      1.0554065704345703,
