{
  "config": {
    "early_stopping": true,
    "epochs": 601,
    "expert_lr": 0.00205374,
    "expert_momentum": 0.933329,
    "expert_num": 4,
    "expert_weight_decay": 0.0,
    "load_balancing": false,
    "ns_steps": 7,
    "optimizer_family": "muon",
    "router_lr": 0.00810261,
    "router_momentum": 0.941752,
    "router_weight_decay": 0.0
  },
  "eval_metrics": {
    "accuracy": 92.125,
    "dispatch_counts": [
      [
        200.0,
        331.0,
        275.0,
        23.0
      ],
      [
        284.0,
        167.0,
        114.0,
        214.0
      ],
      [
        181.0,
        302.0,
        43.0,
        287.0
      ],
      [
        73.0,
        83.0,
        377.0,
        246.0
      ]
    ],
    "entropy": 1.228637933731079,
    "loss": 0.392017662525177,
    "runtime_seconds": 0.004527323879301548,
    "split": "validation"
  },
  "fold_index": 2,
  "mode": "nonlinear",
  "seed": 32213,
  "setting": 3,
  "total_runtime_seconds": 15.825910544022918,
  "train_metrics": {
    "dispatch_counts": [
      [
        903.0,
        1354.0,
        973.0,
        84.0
      ],
      [
        1158.0,
        639.0,
        442.0,
        879.0
      ],
      [
        667.0,
        1228.0,
        154.0,
        1200.0
      ],
      [
        324.0,
        281.0,
        1479.0,
        1035.0
      ]
    ],
    "entropy_record": [
      1.3857312202453613,
      1.36763334274292,
      1.34180748462677,
      1.3224670886993408,
      1.3056429624557495,
      1.2885587215423584,
      1.264971137046814,
      1.2492769956588745,
      1.2356380224227905,
      1.2150676250457764,
      1.208796501159668,
      1.19890296459198,
      1.192796230316162,
      1.1828601360321045,
      1.1770787239074707,
      1.1778037548065186,
      1.173245906829834,
      1.1670105457305908,
      1.1634420156478882,
      1.161717414855957,
      1.1621806621551514,
      1.1561588048934937,
      1.150475025177002,
      1.1472877264022827,
      1.140560507774353,
      1.137817621231079,
      1.1315349340438843,
      1.1318109035491943,
      1.1277639865875244,
      1.1290152072906494,
      1.1247479915618896,
      1.120835542678833,
      1.1141595840454102,
      1.1175014972686768,
      1.1150089502334595,
      1.1095912456512451,
      1.1128543615341187,
      1.107765793800354,
      1.1051139831542969,
      1.103287696838379,
      1.1034044027328491,
      1.1026601791381836,
      1.1005150079727173,
      1.097115159034729,
      1.0958322286605835,
      1.0978883504867554,
      1.096435546875,
      1.097233533859253,
      1.097792148590088,
      1.0935814380645752,
      1.0957201719284058,
      1.0942535400390625,
      1.092642903327942,
      1.0913348197937012,
      1.0940946340560913,
      1.0927083492279053,
      1.094775915145874,
      1.0903706550598145,
      1.0922837257385254,
      1.090142011642456,
      1.0914710760116577,
      1.0905512571334839,
      1.0898807048797607,
      1.090514063835144,
      1.0891156196594238,
      1.0937402248382568,
      1.092052698135376,
      1.09177827835083,
      1.09445059299469,
      1.0920816659927368,
      1.0942902565002441,
      1.0947946310043335,
      1.0921869277954102,
      1.0943832397460938,
      1.09385085105896,
      1.0931763648986816,
      1.0950007438659668,
      1.095470666885376,
      1.09898042678833,
      1.097137212753296,
      1.0992231369018555,
      1.097662091255188,
      1.0985313653945923,
      1.0993061065673828,
      1.098310947418213,
      1.1010502576828003,
      1.099950909614563,
      1.099263310432434,
      1.104245662689209,
      1.0992039442062378,
      1.1022870540618896,
      1.1014295816421509,
      1.100214958190918,
      1.1011826992034912,
      1.1021251678466797,
      1.1026078462600708,
      1.1022125482559204,
      1.1030585765838623,
      1.1049702167510986,
      1.1079305410385132,
      1.1062992811203003,
      1.1057398319244385,
      1.1055582761764526,
      1.1072063446044922,
      1.1081697940826416,
      1.1068933010101318,
      1.1069540977478027,
      1.1091175079345703,
      1.1097705364227295,
      1.1101658344268799,
      1.1106005907058716,
      1.1099495887756348,
      1.110522985458374,
      1.1102194786071777,
      1.1112608909606934,
      1.1113556623458862,
      1.1114078760147095,
      1.110146403312683,
      1.1106983423233032,
      1.1129711866378784,
      1.11357843875885,
      1.1160874366760254,
      1.1125777959823608,
      1.1145730018615723,
      1.1166056394577026,
      1.11489737033844,
      1.11605966091156,
      1.117818832397461,
      1.1170934438705444,
      1.1166467666625977,
      1.1199166774749756,
      1.1186649799346924,
      1.1202950477600098,
      1.1215174198150635,
      1.1228471994400024,
      1.1223032474517822,
      1.125089406967163,
      1.1244550943374634,
      1.125026822090149,
      1.1265076398849487,
      1.1268556118011475,
      1.1291593313217163,
      1.1310138702392578,
      1.1314318180084229,
      1.1318531036376953,
      1.1312860250473022,
      1.1337473392486572,
      1.134477138519287,
      1.1355552673339844,
      1.1357876062393188,
      1.1380189657211304,
      1.1374576091766357,
      1.1392005681991577,
      1.140472412109375,
      1.1408727169036865,
      1.142276406288147,
      1.143385887145996,
      1.1430774927139282,
      1.1455339193344116,
      1.1434826850891113,
      1.1464080810546875,
      1.1470932960510254,
      1.1484901905059814,
      1.1486029624938965,
      1.1501240730285645,
      1.1505920886993408,
      1.1513357162475586,
      1.1509974002838135,
      1.1521053314208984,
      1.1541036367416382,
      1.1538925170898438,
      1.1550698280334473,
      1.1559956073760986,
      1.1572034358978271,
      1.1582015752792358,
      1.1582661867141724,
      1.1589841842651367,
      1.1592339277267456,
      1.1614547967910767,
      1.1623976230621338,
      1.1620917320251465,
      1.1612428426742554,
      1.1639806032180786,
      1.1638000011444092,
      1.166801929473877,
      1.1655309200286865,
      1.166283130645752,
      1.1665902137756348,
      1.1674975156784058,
      1.1684060096740723,
      1.1691029071807861,
      1.1702520847320557,
      1.171254277229309,
      1.1716187000274658,
      1.1712911128997803,
      1.1739128828048706,
      1.1732327938079834,
      1.1730942726135254,
      1.1738505363464355,
      1.1743870973587036,
      1.1754134893417358,
      1.1762099266052246,
      1.1762644052505493,
      1.1782493591308594,
      1.1772263050079346,
      1.1786139011383057,
      1.1798231601715088,
      1.179396629333496,
      1.1799980401992798,
      1.181667447090149,
      1.180584192276001,
      1.1820507049560547,
      1.1830288171768188,
      1.1832289695739746,
      1.1851930618286133,
      1.1853471994400024,
      1.1854499578475952,
      1.1863492727279663,
      1.1845850944519043,
      1.1862527132034302,
      1.1873942613601685,
      1.186706304550171,
      1.1874643564224243,
      1.1875348091125488,
      1.1885764598846436,
      1.1890678405761719,
      1.1904596090316772,
      1.1895098686218262,
      1.190698504447937,
      1.1906572580337524,
      1.1908146142959595,
      1.1915122270584106,
      1.1921104192733765,
      1.1914613246917725,
      1.192955493927002,
      1.1932740211486816,
      1.194814920425415,
      1.1945937871932983,
      1.1949338912963867,
      1.195479393005371,
      1.1949131488800049,
      1.1950453519821167,
      1.196199655532837,
      1.1967476606369019,
      1.1978645324707031,
      1.197238564491272,
      1.1978174448013306,
      1.19841730594635,
      1.1974561214447021,
      1.1980761289596558,
      1.1973662376403809,
      1.1986851692199707,
      1.198341727256775,
      1.2004189491271973,
      1.2002828121185303,
      1.2007081508636475,
      1.2010939121246338,
