{
  "config": {
    "early_stopping": true,
    "epochs": 601,
    "expert_lr": 0.00216334,
    "expert_momentum": 0.92447,
    "expert_num": 4,
    "expert_weight_decay": 1e-05,
    "load_balancing": false,
    "ns_steps": 3,
    "optimizer_family": "muon",
    "router_lr": 0.04695737,
    "router_momentum": 0.887673,
    "router_weight_decay": 0.0
  },
  "eval_metrics": {
    "accuracy": 93.9375,
    "dispatch_counts": [
      [
        218.0,
        462.0,
        11.0,
        116.0
      ],
      [
        547.0,
        148.0,
        12.0,
        93.0
      ],
      [
        92.0,
        0.0,
        626.0,
        83.0
      ],
      [
        105.0,
        324.0,
        15.0,
        348.0
      ]
    ],
    "entropy": 0.9274783134460449,
    "loss": 0.3738862872123718,
    "runtime_seconds": 0.004375558812171221,
    "split": "validation"
  },
  "fold_index": 1,
  "mode": "nonlinear",
  "seed": 11812,
  "setting": 1,
  "total_runtime_seconds": 20.376686121802777,
  "train_metrics": {
    "dispatch_counts": [
      [
        889.0,
        1857.0,
        33.0,
        449.0
      ],
      [
        2157.0,
        649.0,
        51.0,
        342.0
      ],
      [
        342.0,
        0.0,
        2604.0,
        259.0
      ],
      [
        438.0,
        1284.0,
        71.0,
        1375.0
      ]
    ],
    "entropy_record": [
      1.385710597038269,
      1.2799289226531982,
      1.1967484951019287,
      1.1815003156661987,
      1.1861708164215088,
      1.1917680501937866,
      1.1856859922409058,
      1.168413758277893,
      1.1344497203826904,
      1.096143126487732,
      1.0573440790176392,
      1.0258280038833618,
      1.0037775039672852,
      0.9943432211875916,
      0.9973534345626831,
      0.9996632933616638,
      1.0122156143188477,
      1.0288971662521362,
      1.0454267263412476,
      1.068100094795227,
      1.0936877727508545,
      1.1133986711502075,
      1.1242942810058594,
      1.1300307512283325,
      1.1319118738174438,
      1.1282294988632202,
      1.1205451488494873,
      1.110223412513733,
      1.1008594036102295,
      1.0924879312515259,
      1.0814754962921143,
      1.0755153894424438,
      1.0706636905670166,
      1.0681428909301758,
      1.0679244995117188,
      1.071122407913208,
      1.0738321542739868,
      1.0785496234893799,
      1.0807088613510132,
      1.0860425233840942,
      1.0906516313552856,
      1.0912935733795166,
      1.092273473739624,
      1.0895940065383911,
      1.088533878326416,
      1.0886809825897217,
      1.0889251232147217,
      1.0879368782043457,
      1.090258240699768,
      1.090064287185669,
      1.0897939205169678,
      1.088447093963623,
      1.0882680416107178,
      1.0907082557678223,
      1.088965654373169,
      1.0909029245376587,
      1.0894012451171875,
      1.085288166999817,
      1.0814948081970215,
      1.0790032148361206,
      1.076920986175537,
      1.0781712532043457,
      1.0757527351379395,
      1.0761549472808838,
      1.0731819868087769,
      1.0725090503692627,
      1.0705111026763916,
      1.0666205883026123,
      1.0638269186019897,
      1.0603777170181274,
      1.059277057647705,
      1.0547515153884888,
      1.052262544631958,
      1.0496034622192383,
      1.0456733703613281,
      1.0395737886428833,
      1.0360842943191528,
      1.030477523803711,
      1.0227159261703491,
      1.0158288478851318,
      1.0090930461883545,
      1.0014820098876953,
      0.9934790134429932,
      0.9871515035629272,
      0.97979736328125,
      0.9741564989089966,
      0.9679875373840332,
      0.9617265462875366,
      0.9548875093460083,
      0.949217677116394,
      0.9431545734405518,
      0.9369741082191467,
      0.9332951307296753,
      0.9299570322036743,
      0.924755334854126,
      0.9219573736190796,
      0.9172765016555786,
      0.9140136241912842,
      0.9106482267379761,
      0.905753493309021,
      0.9012432098388672,
      0.896640419960022,
      0.8907999396324158,
      0.8893939256668091,
      0.8873140215873718,
      0.8846043348312378,
      0.8835856914520264,
      0.8794254064559937,
      0.8773758411407471,
      0.875260591506958,
      0.8720687031745911,
      0.8724944591522217,
      0.872646689414978,
      0.8704332113265991,
      0.8688130378723145,
      0.8640130758285522,
      0.8630517721176147,
      0.8656315803527832,
      0.8687764406204224,
      0.8706436157226562,
      0.872779130935669,
      0.8761175870895386,
      0.879365086555481,
      0.8798203468322754,
      0.8811529874801636,
      0.8808926343917847,
      0.8795092105865479,
      0.8811804056167603,
      0.8811384439468384,
      0.8805321455001831,
      0.8796789646148682,
      0.8807895183563232,
      0.8839994668960571,
      0.8899296522140503,
      0.8879565000534058,
      0.8851223587989807,
      0.8827437162399292,
      0.8808104991912842,
      0.8775697946548462,
      0.8716446161270142,
      0.8658031225204468,
      0.8597419261932373,
      0.8578207492828369,
      0.8548859357833862,
      0.8507604598999023,
      0.8476358652114868,
      0.8449106216430664,
      0.8404363393783569,
      0.8387395143508911,
      0.8364580869674683,
      0.8335036039352417,
      0.831850528717041,
      0.8311876058578491,
      0.8300033807754517,
      0.8280814290046692,
      0.8246902823448181,
      0.8243440985679626,
      0.8219072818756104,
      0.8223246335983276,
      0.8197280764579773,
      0.8205517530441284,
      0.822821855545044,
      0.8266177177429199,
      0.829190731048584,
      0.8265984058380127,
      0.8277057409286499,
      0.8266264200210571,
      0.8279362320899963,
      0.8268746137619019,
      0.8276170492172241,
      0.8274869918823242,
      0.828477680683136,
      0.8282608389854431,
      0.828758716583252,
      0.8280473947525024,
      0.828015923500061,
      0.8268831372261047,
      0.8269805908203125,
      0.8268613815307617,
      0.8279260396957397,
      0.8263443112373352,
      0.8269404172897339,
      0.8275442123413086,
      0.8263264894485474,
      0.8250917196273804,
      0.8243488669395447,
      0.8241978883743286,
      0.8240112066268921,
      0.8236753940582275,
      0.8212610483169556,
      0.8195109367370605,
      0.8189138174057007,
      0.8200318813323975,
      0.8199901580810547,
      0.8206765651702881,
      0.8228636384010315,
      0.8239738345146179,
      0.822942852973938,
      0.823665976524353,
      0.823763370513916,
      0.82652747631073,
      0.8280586004257202,
      0.8314806818962097,
      0.8327618837356567,
      0.8334746360778809,
      0.8356539607048035,
      0.8362472057342529,
      0.837330162525177,
      0.8388373851776123,
      0.8425907492637634,
      0.848313570022583,
      0.8500689268112183,
      0.8527085781097412,
      0.8557981252670288,
      0.8593659996986389,
      0.8602766394615173,
      0.8594115972518921,
      0.8601099252700806,
      0.8621603846549988,
      0.8622245192527771,
      0.8644890785217285,
      0.8629066944122314,
      0.8627307415008545,
      0.8629416227340698,
      0.863639235496521,
      0.860145092010498,
      0.859045147895813,
      0.8595867156982422,
      0.8590492010116577,
      0.8612223863601685,
      0.862897515296936,
      0.8646383285522461,
      0.8675523996353149,
      0.8664592504501343,
      0.867664098739624,
      0.8667669892311096,
      0.8659830093383789,
      0.8673895001411438,
      0.8683906197547913,
      0.8696910738945007,
      0.8710246086120605,
      0.8731309175491333,
      0.8741003274917603,
      0.8700042366981506,
      0.8661129474639893,
      0.8647433519363403,
      0.8609291315078735,
      0.8585443496704102,
      0.8545229434967041,
      0.8520728349685669,
      0.8505393266677856,
      0.8489334583282471,
      0.8494524359703064,
      0.8496627807617188,
      0.849258303642273,
      0.8498814105987549,
