{
  "config": {
    "early_stopping": true,
    "epochs": 601,
    "expert_lr": 0.00055418,
    "expert_momentum": 0.891827,
    "expert_num": 4,
    "expert_weight_decay": 0.0001,
    "load_balancing": false,
    "ns_steps": 10,
    "optimizer_family": "muon",
    "router_lr": 0.06539509,
    "router_momentum": 0.933529,
    "router_weight_decay": 0.0001
  },
  "eval_metrics": {
    "accuracy": 87.90625,
    "dispatch_counts": [
      [
        99.0,
        437.0,
        197.0,
        96.0
      ],
      [
        163.0,
        247.0,
        180.0,
        189.0
      ],
      [
        326.0,
        120.0,
        209.0,
        158.0
      ],
      [
        84.0,
        303.0,
        133.0,
        259.0
      ]
    ],
    "entropy": 1.308363676071167,
    "loss": 0.43409591913223267,
    "runtime_seconds": 0.004414624068886042,
    "split": "validation"
  },
  "fold_index": 3,
  "mode": "nonlinear",
  "seed": 22114,
  "setting": 2,
  "total_runtime_seconds": 28.800800923258066,
  "train_metrics": {
    "dispatch_counts": [
      [
        371.0,
        1765.0,
        763.0,
        415.0
      ],
      [
        715.0,
        1013.0,
        686.0,
        704.0
      ],
      [
        1260.0,
        510.0,
        799.0,
        680.0
      ],
      [
        391.0,
        1152.0,
        554.0,
        1022.0
      ]
    ],
    "entropy_record": [
      1.385623574256897,
      1.1074844598770142,
      1.088533639907837,
      1.0839660167694092,
      1.0743322372436523,
      1.0716376304626465,
      1.075691819190979,
      1.0794426202774048,
      1.082881212234497,
      1.0841028690338135,
      1.0789647102355957,
      1.0833044052124023,
      1.0836670398712158,
      1.0869104862213135,
      1.090744137763977,
      1.0930547714233398,
      1.0926061868667603,
      1.0954022407531738,
      1.0942929983139038,
      1.0985996723175049,
      1.0964640378952026,
      1.0994716882705688,
      1.0982974767684937,
      1.1006137132644653,
      1.1029331684112549,
      1.1039916276931763,
      1.1076401472091675,
      1.1102845668792725,
      1.1106209754943848,
      1.1141471862792969,
      1.1144452095031738,
      1.1140929460525513,
      1.1119472980499268,
      1.1103755235671997,
      1.1091201305389404,
      1.1074872016906738,
      1.1089359521865845,
      1.1106116771697998,
      1.1097979545593262,
      1.1104153394699097,
      1.1101670265197754,
      1.1086159944534302,
      1.1083170175552368,
      1.1085277795791626,
      1.1087301969528198,
      1.1098945140838623,
      1.1111758947372437,
      1.111965298652649,
      1.1108449697494507,
      1.1130386590957642,
      1.1126618385314941,
      1.1121995449066162,
      1.1131188869476318,
      1.1154826879501343,
      1.115649938583374,
      1.117368221282959,
      1.119577169418335,
      1.120124340057373,
      1.1222937107086182,
      1.1236062049865723,
      1.125746488571167,
      1.125921368598938,
      1.1272146701812744,
      1.1276066303253174,
      1.1298446655273438,
      1.131473422050476,
      1.1330862045288086,
      1.1345608234405518,
      1.1357207298278809,
      1.13682222366333,
      1.1385183334350586,
      1.139615535736084,
      1.1411712169647217,
      1.141139030456543,
      1.1418814659118652,
      1.1410692930221558,
      1.13998281955719,
      1.1394317150115967,
      1.1387912034988403,
      1.137094259262085,
      1.1345124244689941,
      1.1329087018966675,
      1.132300853729248,
      1.13197660446167,
      1.1312623023986816,
      1.1304304599761963,
      1.1312288045883179,
      1.1307013034820557,
      1.1310505867004395,
      1.1302675008773804,
      1.1304253339767456,
      1.1281938552856445,
      1.129879355430603,
      1.1292412281036377,
      1.1275217533111572,
      1.1260886192321777,
      1.126356601715088,
      1.126633644104004,
      1.1250662803649902,
      1.1253949403762817,
      1.125147819519043,
      1.1266108751296997,
      1.1255435943603516,
      1.1253491640090942,
      1.124036192893982,
      1.1242743730545044,
      1.123682975769043,
      1.1229206323623657,
      1.123999834060669,
      1.1232434511184692,
      1.1223111152648926,
      1.122902512550354,
      1.122226357460022,
      1.1225090026855469,
      1.1221418380737305,
      1.1213359832763672,
      1.1214152574539185,
      1.12168288230896,
      1.1195157766342163,
      1.1211708784103394,
      1.121545672416687,
      1.1233000755310059,
      1.125583291053772,
      1.127140760421753,
      1.1287944316864014,
      1.1331636905670166,
      1.13432776927948,
      1.137274146080017,
      1.1403485536575317,
      1.1437127590179443,
      1.145422101020813,
      1.1475410461425781,
      1.1503283977508545,
      1.1531935930252075,
      1.1548711061477661,
      1.1583247184753418,
      1.1620502471923828,
      1.1648564338684082,
      1.1682791709899902,
      1.1695753335952759,
      1.1715662479400635,
      1.1738746166229248,
      1.1756083965301514,
      1.1776717901229858,
      1.1796133518218994,
      1.182277798652649,
      1.1855690479278564,
      1.1891138553619385,
      1.1922739744186401,
      1.1952029466629028,
      1.1988451480865479,
      1.2018554210662842,
      1.2047674655914307,
      1.2075984477996826,
      1.2098336219787598,
      1.2129822969436646,
      1.2155847549438477,
      1.217882513999939,
      1.220794439315796,
      1.223680019378662,
      1.2266228199005127,
      1.2285226583480835,
      1.2301435470581055,
      1.2327793836593628,
      1.2343429327011108,
      1.2371137142181396,
      1.2397414445877075,
      1.2424085140228271,
      1.2436370849609375,
      1.2449554204940796,
      1.2459142208099365,
      1.2478030920028687,
      1.2492010593414307,
      1.2506853342056274,
      1.2531254291534424,
      1.2550437450408936,
      1.2571099996566772,
      1.2581123113632202,
      1.2591756582260132,
      1.2614974975585938,
      1.2626229524612427,
      1.2639780044555664,
      1.2653422355651855,
      1.2665270566940308,
      1.267034649848938,
      1.2677966356277466,
      1.2687358856201172,
      1.270188808441162,
      1.2712429761886597,
      1.2731889486312866,
      1.274827003479004,
      1.275750756263733,
      1.2766990661621094,
      1.278660774230957,
      1.2797751426696777,
      1.2809277772903442,
      1.2824552059173584,
      1.2844856977462769,
      1.2860091924667358,
      1.287554383277893,
      1.2882441282272339,
      1.2889248132705688,
      1.2903915643692017,
      1.2918899059295654,
      1.2925201654434204,
      1.293994665145874,
      1.2953139543533325,
      1.297013759613037,
      1.2977843284606934,
      1.298709750175476,
      1.2993046045303345,
      1.3003443479537964,
      1.3020130395889282,
      1.302846908569336,
      1.3049755096435547,
      1.3052281141281128,
      1.3053820133209229,
      1.3063130378723145,
      1.3070147037506104,
      1.3071033954620361,
      1.3075199127197266,
      1.307735800743103,
      1.3090511560440063,
      1.3093589544296265,
      1.3102482557296753,
      1.3108010292053223,
      1.3112938404083252,
      1.311852216720581,
      1.312018632888794,
      1.3123233318328857,
      1.313185691833496,
      1.313997745513916,
      1.3140480518341064,
      1.3143357038497925,
      1.3150416612625122,
      1.3153510093688965,
      1.3157024383544922,
      1.3165031671524048,
      1.316638708114624,
      1.3171565532684326,
      1.3176714181900024,
      1.3174302577972412,
      1.3180766105651855,
      1.3181982040405273,
      1.3189817667007446,
      1.3193862438201904,
      1.3201324939727783,
      1.3208311796188354,
      1.3209974765777588,
      1.3212554454803467,
      1.3216636180877686,
      1.3221368789672852,
      1.322356939315796,
      1.322822093963623,
      1.3229703903198242,
      1.3237911462783813,
