{
  "config": {
    "early_stopping": true,
    "epochs": 601,
    "expert_lr": 0.00082521,
    "expert_momentum": 0.855037,
    "expert_num": 8,
    "expert_weight_decay": 0.001,
    "load_balancing": false,
    "ns_steps": 3,
    "optimizer_family": "muon",
    "router_lr": 0.07805878,
    "router_momentum": 0.904397,
    "router_weight_decay": 1e-05
  },
  "eval_metrics": {
    "accuracy": 95.9375,
    "dispatch_counts": [
      [
        1.0,
        178.0,
        361.0,
        196.0,
        2.0,
        87.0,
        0.0,
        3.0
      ],
      [
        198.0,
        223.0,
        90.0,
        2.0,
        3.0,
        4.0,
        10.0,
        250.0
      ],
      [
        36.0,
        155.0,
        118.0,
        0.0,
        2.0,
        242.0,
        255.0,
        4.0
      ],
      [
        0.0,
        352.0,
        84.0,
        1.0,
        322.0,
        8.0,
        9.0,
        4.0
      ]
    ],
    "entropy": 0.791378915309906,
    "loss": 0.3537602126598358,
    "runtime_seconds": 0.0075926510617136955,
    "split": "validation"
  },
  "fold_index": 0,
  "mode": "nonlinear",
  "seed": 40611,
  "setting": 4,
  "total_runtime_seconds": 50.977589428424835,
  "train_metrics": {
    "dispatch_counts": [
      [
        13.0,
        734.0,
        1384.0,
        751.0,
        15.0,
        383.0,
        7.0,
        28.0
      ],
      [
        851.0,
        808.0,
        371.0,
        8.0,
        4.0,
        11.0,
        35.0,
        1029.0
      ],
      [
        128.0,
        650.0,
        457.0,
        4.0,
        4.0,
        907.0,
        1092.0,
        8.0
      ],
      [
        4.0,
        1411.0,
        322.0,
        3.0,
        1306.0,
        29.0,
        27.0,
        16.0
      ]
    ],
    "entropy_record": [
      1.3851665258407593,
      0.7468841671943665,
      0.5056347846984863,
      0.4916267991065979,
      0.505378007888794,
      0.530280351638794,
      0.5480960607528687,
      0.5572605133056641,
      0.56793212890625,
      0.572898268699646,
      0.5767669081687927,
      0.5721664428710938,
      0.5571492910385132,
      0.5430381298065186,
      0.5345713496208191,
      0.5322830080986023,
      0.5287551879882812,
      0.5214071273803711,
      0.5119172930717468,
      0.5013847351074219,
      0.49298396706581116,
      0.4859047830104828,
      0.4787737727165222,
      0.46548086404800415,
      0.4584956467151642,
      0.45183736085891724,
      0.44302430748939514,
      0.43653640151023865,
      0.4338708221912384,
      0.42596542835235596,
      0.42209145426750183,
      0.42070186138153076,
      0.4127877950668335,
      0.40790897607803345,
      0.406453400850296,
      0.40246590971946716,
      0.3966492712497711,
      0.3923071026802063,
      0.3870003819465637,
      0.382613867521286,
      0.3779175877571106,
      0.3745585083961487,
      0.3714975118637085,
      0.3687313199043274,
      0.3669617474079132,
      0.3616075813770294,
      0.3588702380657196,
      0.3569015860557556,
      0.35544851422309875,
      0.35628601908683777,
      0.3544808030128479,
      0.3516313135623932,
      0.35055938363075256,
      0.3512479364871979,
      0.34937164187431335,
      0.34868085384368896,
      0.35029375553131104,
      0.34989479184150696,
      0.3498341143131256,
      0.35231491923332214,
      0.35139036178588867,
      0.3528353273868561,
      0.3545501232147217,
      0.35529008507728577,
      0.3576924204826355,
      0.35918477177619934,
      0.3597137928009033,
      0.361844003200531,
      0.3642202913761139,
      0.36362627148628235,
      0.36583659052848816,
      0.36709126830101013,
      0.3676934838294983,
      0.3686104416847229,
      0.3700980246067047,
      0.371202677488327,
      0.37223100662231445,
      0.3746344745159149,
      0.37559983134269714,
      0.37606143951416016,
      0.37848585844039917,
      0.3778669536113739,
      0.37882137298583984,
      0.3811224400997162,
      0.37979668378829956,
      0.3819695711135864,
      0.3823007047176361,
      0.38337865471839905,
      0.3823391795158386,
      0.3853255808353424,
      0.3856731951236725,
      0.38772210478782654,
      0.38931137323379517,
      0.38962578773498535,
      0.3905889093875885,
      0.3906015157699585,
      0.39182373881340027,
      0.39158764481544495,
      0.3939287066459656,
      0.3941020369529724,
      0.395731657743454,
      0.3970908522605896,
      0.4001237452030182,
      0.4018579423427582,
      0.4045823812484741,
      0.4053018391132355,
      0.40549105405807495,
      0.4075253903865814,
      0.40882551670074463,
      0.41107046604156494,
      0.410767138004303,
      0.4139046370983124,
      0.41502177715301514,
      0.4168902039527893,
      0.41937682032585144,
      0.4212757349014282,
      0.42352184653282166,
      0.4247059226036072,
      0.4268547296524048,
      0.4284672737121582,
      0.4313780665397644,
      0.43371039628982544,
      0.4354945421218872,
      0.43924885988235474,
      0.43948203325271606,
      0.4437389075756073,
      0.4457864761352539,
      0.4489162564277649,
      0.45073074102401733,
      0.4521770477294922,
      0.45534318685531616,
      0.45879673957824707,
      0.458102285861969,
      0.4614473283290863,
      0.4634642004966736,
      0.46503064036369324,
      0.46715494990348816,
      0.4707479476928711,
      0.4742445647716522,
      0.4760861396789551,
      0.478402704000473,
      0.4813920259475708,
      0.4819839298725128,
      0.48317137360572815,
      0.48450103402137756,
      0.4862559139728546,
      0.48781251907348633,
      0.4892786741256714,
      0.49164360761642456,
      0.49455779790878296,
      0.49480140209198,
      0.4970434904098511,
      0.49948734045028687,
      0.5026159882545471,
      0.5045157670974731,
      0.5068584084510803,
      0.5094056725502014,
      0.5116475820541382,
      0.51500004529953,
      0.517189085483551,
      0.5202165246009827,
      0.521277666091919,
      0.5239965915679932,
      0.5280753374099731,
      0.5314512252807617,
      0.5349120497703552,
      0.5366101861000061,
      0.5390629768371582,
      0.540561318397522,
      0.5451200604438782,
      0.5462613701820374,
      0.5490651726722717,
      0.5518996715545654,
      0.554012656211853,
      0.5573578476905823,
      0.5582922697067261,
      0.5606698393821716,
      0.5629287958145142,
      0.5638776421546936,
      0.5655110478401184,
      0.5685437917709351,
      0.5706380605697632,
      0.5715144872665405,
      0.5730254650115967,
      0.5758348703384399,
      0.5780069828033447,
      0.5810530781745911,
      0.580867350101471,
      0.5823442339897156,
      0.5822928547859192,
      0.5842865109443665,
      0.5846894383430481,
      0.5842909216880798,
      0.5848880410194397,
      0.585078239440918,
      0.5857081413269043,
      0.5870891213417053,
      0.5885175466537476,
      0.5907148122787476,
      0.5915263891220093,
      0.5934149622917175,
      0.5950332283973694,
      0.5959699749946594,
      0.5977120399475098,
      0.5983505845069885,
      0.5997408628463745,
      0.6013203859329224,
      0.603432297706604,
      0.6056265234947205,
      0.6059372425079346,
      0.6071131229400635,
      0.6095952987670898,
      0.6113691926002502,
      0.6119254231452942,
      0.6119516491889954,
      0.6127802133560181,
      0.6133806109428406,
      0.6156710982322693,
      0.6176652908325195,
      0.6185604333877563,
      0.6208720803260803,
      0.6210477352142334,
      0.6223907470703125,
      0.6235523223876953,
      0.6248212456703186,
      0.6257774829864502,
      0.6284508109092712,
      0.628618061542511,
      0.629737377166748,
      0.6295797228813171,
      0.6306300163269043,
      0.6325538158416748,
      0.6338960528373718,
      0.6357024908065796,
      0.6378690004348755,
      0.6407736539840698,
