{
  "config": {
    "early_stopping": true,
    "epochs": 601,
    "expert_lr": 0.00274456,
    "expert_momentum": 0.917597,
    "expert_num": 8,
    "expert_weight_decay": 0.001,
    "load_balancing": false,
    "ns_steps": 5,
    "optimizer_family": "muon",
    "router_lr": 0.04076357,
    "router_momentum": 0.98134,
    "router_weight_decay": 0.0
  },
  "eval_metrics": {
    "accuracy": 90.96875,
    "dispatch_counts": [
      [
        220.0,
        7.0,
        3.0,
        142.0,
        0.0,
        411.0,
        2.0,
        22.0
      ],
      [
        1.0,
        357.0,
        15.0,
        280.0,
        0.0,
        40.0,
        107.0,
        0.0
      ],
      [
        138.0,
        25.0,
        378.0,
        34.0,
        0.0,
        16.0,
        209.0,
        1.0
      ],
      [
        152.0,
        31.0,
        10.0,
        196.0,
        0.0,
        42.0,
        3.0,
        358.0
      ]
    ],
    "entropy": 0.745038628578186,
    "loss": 0.40357401967048645,
    "runtime_seconds": 0.00847623310983181,
    "split": "validation"
  },
  "fold_index": 1,
  "mode": "nonlinear",
  "seed": 10412,
  "setting": 1,
  "total_runtime_seconds": 32.47340898914263,
  "train_metrics": {
    "dispatch_counts": [
      [
        920.0,
        21.0,
        8.0,
        496.0,
        0.0,
        1693.0,
        11.0,
        79.0
      ],
      [
        5.0,
        1427.0,
        66.0,
        1083.0,
        0.0,
        132.0,
        476.0,
        10.0
      ],
      [
        502.0,
        83.0,
        1434.0,
        166.0,
        0.0,
        86.0,
        932.0,
        2.0
      ],
      [
        618.0,
        130.0,
        46.0,
        746.0,
        0.0,
        191.0,
        12.0,
        1425.0
      ]
    ],
    "entropy_record": [
      1.3853029012680054,
      1.1989943981170654,
      1.0117881298065186,
      0.90855473279953,
      0.9202436804771423,
      0.9158347249031067,
      0.9103978872299194,
      0.8981629610061646,
      0.8710528612136841,
      0.8490745425224304,
      0.8395876288414001,
      0.8306962251663208,
      0.8240661025047302,
      0.8150172233581543,
      0.8110807538032532,
      0.8038650155067444,
      0.8009408712387085,
      0.7951244115829468,
      0.7914630770683289,
      0.7864104509353638,
      0.7847469449043274,
      0.7853007912635803,
      0.7840334177017212,
      0.7799065113067627,
      0.7776012420654297,
      0.777015209197998,
      0.7755849957466125,
      0.771798849105835,
      0.7725828886032104,
      0.7711957097053528,
      0.7723032236099243,
      0.7686633467674255,
      0.7658926844596863,
      0.7666578888893127,
      0.7651360630989075,
      0.7633299827575684,
      0.7636630535125732,
      0.7637511491775513,
      0.7619079351425171,
      0.7613588571548462,
      0.761063814163208,
      0.7590913772583008,
      0.7597923874855042,
      0.7609805464744568,
      0.760072648525238,
      0.7602627277374268,
      0.7586063146591187,
      0.7602710127830505,
      0.7589470148086548,
      0.7577371001243591,
      0.7592847347259521,
      0.7581021189689636,
      0.7596260905265808,
      0.7575928568840027,
      0.7571134567260742,
      0.7581537365913391,
      0.7572338581085205,
      0.7560400366783142,
      0.7582086324691772,
      0.7556502819061279,
      0.7564381957054138,
      0.7558158040046692,
      0.7556378841400146,
      0.757042407989502,
      0.7571842670440674,
      0.7561933398246765,
      0.7576704025268555,
      0.7555031180381775,
      0.7559090852737427,
      0.7556231021881104,
      0.7553516626358032,
      0.7556673884391785,
      0.753656268119812,
      0.7557517290115356,
      0.7558963894844055,
      0.7554670572280884,
      0.7548607587814331,
      0.754197895526886,
      0.7555764317512512,
      0.7539919018745422,
      0.7542997598648071,
      0.7548550963401794,
      0.754604160785675,
      0.7539311647415161,
      0.7529274821281433,
      0.7546918988227844,
      0.7533042430877686,
      0.7535858154296875,
      0.7529526352882385,
      0.7543681859970093,
      0.7542771100997925,
      0.7534250617027283,
      0.7533628344535828,
      0.755445122718811,
      0.7542097568511963,
      0.7530242800712585,
      0.7536707520484924,
      0.7545068264007568,
      0.7532390356063843,
      0.7547100186347961,
      0.7542197108268738,
      0.7538352012634277,
      0.7532464861869812,
      0.7535022497177124,
      0.7548861503601074,
      0.7527796626091003,
      0.7537744641304016,
      0.7538449764251709,
      0.7535437941551208,
      0.7535144090652466,
      0.752764880657196,
      0.7522837519645691,
      0.7528979182243347,
      0.7539907693862915,
      0.7539675235748291,
      0.7534552216529846,
      0.7531266808509827,
      0.7541363835334778,
      0.7521790862083435,
      0.7525143027305603,
      0.7513012290000916,
      0.7526535391807556,
      0.7524793744087219,
      0.7521412968635559,
      0.7526355981826782,
      0.7520537972450256,
      0.75361567735672,
      0.7517985105514526,
      0.7514166831970215,
      0.7522891759872437,
      0.7514250874519348,
      0.7532572150230408,
      0.7522661089897156,
      0.7514587640762329,
      0.7523325681686401,
      0.7504451274871826,
      0.7517075538635254,
      0.752697765827179,
      0.7527968883514404,
      0.7520880699157715,
      0.7516751885414124,
      0.7515578866004944,
      0.7523285150527954,
      0.7517094612121582,
      0.7506343722343445,
      0.7510544657707214,
      0.7518044114112854,
      0.7523882389068604,
      0.7515295743942261,
      0.7505440711975098,
      0.7517606019973755,
      0.7505632638931274,
      0.7519690990447998,
      0.753033459186554,
      0.7510389685630798,
      0.7518921494483948,
      0.7513800859451294,
      0.7508543729782104,
      0.7515050768852234,
      0.7512585520744324,
      0.7506983876228333,
      0.7518357038497925,
      0.7512990832328796,
      0.7507693767547607,
      0.7505349516868591,
      0.7497097253799438,
      0.751397967338562,
      0.7505602240562439,
      0.7512854933738708,
      0.7512684464454651,
      0.7510644197463989,
      0.7511190176010132,
      0.7500663995742798,
      0.7507491111755371,
      0.7508124113082886,
      0.7502675652503967,
      0.7509844899177551,
      0.7508469820022583,
      0.7507216334342957,
      0.7512847185134888,
      0.7503523230552673,
      0.7496954202651978,
      0.7509303092956543,
      0.7497527003288269,
      0.7488317489624023,
      0.7510160803794861,
      0.7502015829086304,
      0.7497797608375549,
      0.750447154045105,
      0.7492449879646301,
      0.7504854202270508,
      0.7500963807106018,
      0.7509679794311523,
      0.7499304413795471,
      0.7489585876464844,
      0.7485540509223938,
      0.749610424041748,
      0.7486221194267273,
      0.7484874725341797,
      0.7489524483680725,
      0.7498282194137573,
      0.7493419051170349,
      0.7497884035110474,
      0.7488924264907837,
      0.7489444017410278,
      0.7495705485343933,
      0.7484966516494751,
      0.7496063709259033,
      0.7492234110832214,
      0.7485190033912659,
      0.7486391067504883,
      0.7502433657646179,
      0.7495283484458923,
      0.7494169473648071,
      0.7494801878929138,
      0.7487431764602661,
      0.7490435242652893,
      0.7500223517417908,
      0.748426079750061,
      0.7502680420875549,
      0.7484245896339417,
      0.7485570907592773,
      0.7488393187522888,
      0.7488770484924316,
      0.7486358880996704,
      0.7490239143371582,
      0.7483316659927368,
      0.7493305802345276,
      0.7474130392074585,
      0.7484850287437439,
      0.7477045655250549,
      0.7480154633522034,
      0.7480613589286804,
      0.7482580542564392,
      0.7480074763298035,
      0.7481709718704224,
      0.7480036020278931,
      0.7473442554473877,
