{
  "config": {
    "early_stopping": true,
    "epochs": 601,
    "expert_lr": 0.00274456,
    "expert_momentum": 0.917597,
    "expert_num": 8,
    "expert_weight_decay": 0.001,
    "load_balancing": false,
    "ns_steps": 5,
    "optimizer_family": "muon",
    "router_lr": 0.04076357,
    "router_momentum": 0.98134,
    "router_weight_decay": 0.0
  },
  "eval_metrics": {
    "accuracy": 92.0625,
    "dispatch_counts": [
      [
        330.0,
        17.0,
        17.0,
        355.0,
        1.0,
        34.0,
        43.0,
        10.0
      ],
      [
        1.0,
        50.0,
        65.0,
        62.0,
        385.0,
        0.0,
        235.0,
        2.0
      ],
      [
        31.0,
        389.0,
        2.0,
        28.0,
        9.0,
        74.0,
        30.0,
        238.0
      ],
      [
        78.0,
        54.0,
        280.0,
        40.0,
        67.0,
        270.0,
        3.0,
        0.0
      ]
    ],
    "entropy": 0.6899318099021912,
    "loss": 0.3926365375518799,
    "runtime_seconds": 0.008544235955923796,
    "split": "validation"
  },
  "fold_index": 3,
  "mode": "nonlinear",
  "seed": 10414,
  "setting": 1,
  "total_runtime_seconds": 31.663675204850733,
  "train_metrics": {
    "dispatch_counts": [
      [
        1370.0,
        66.0,
        74.0,
        1413.0,
        3.0,
        113.0,
        169.0,
        20.0
      ],
      [
        7.0,
        200.0,
        281.0,
        220.0,
        1563.0,
        0.0,
        883.0,
        45.0
      ],
      [
        66.0,
        1582.0,
        1.0,
        109.0,
        24.0,
        329.0,
        106.0,
        988.0
      ],
      [
        223.0,
        237.0,
        1185.0,
        183.0,
        302.0,
        1010.0,
        20.0,
        8.0
      ]
    ],
    "entropy_record": [
      1.3852967023849487,
      1.1534243822097778,
      1.0708998441696167,
      1.0023589134216309,
      0.9793581962585449,
      0.9612496495246887,
      0.9373958110809326,
      0.91087806224823,
      0.8959951400756836,
      0.8728891015052795,
      0.8605321645736694,
      0.8380529284477234,
      0.822119951248169,
      0.8079545497894287,
      0.794114351272583,
      0.7842394113540649,
      0.7763158679008484,
      0.7621749043464661,
      0.7572593688964844,
      0.7531202435493469,
      0.7447523474693298,
      0.7438039779663086,
      0.7419942617416382,
      0.7397544384002686,
      0.7359622716903687,
      0.7307326197624207,
      0.7272753119468689,
      0.7270330190658569,
      0.7239541411399841,
      0.7229145169258118,
      0.7223531007766724,
      0.7179887890815735,
      0.7158622741699219,
      0.7135277986526489,
      0.7148294448852539,
      0.7125263214111328,
      0.7105057835578918,
      0.7084800004959106,
      0.7073646187782288,
      0.705145537853241,
      0.7032350301742554,
      0.7035107016563416,
      0.7025940418243408,
      0.7031408548355103,
      0.7022182941436768,
      0.70152348279953,
      0.6988927721977234,
      0.6957968473434448,
      0.6984192728996277,
      0.6962683200836182,
      0.6960625648498535,
      0.6950398087501526,
      0.6944438219070435,
      0.6937511563301086,
      0.6916747093200684,
      0.6918505430221558,
      0.6931115984916687,
      0.6903109550476074,
      0.6904858350753784,
      0.6925569772720337,
      0.6901378035545349,
      0.6910715699195862,
      0.6901949048042297,
      0.6912415027618408,
      0.689741313457489,
      0.6904767155647278,
      0.6891034245491028,
      0.688234806060791,
      0.6882531046867371,
      0.6870399713516235,
      0.6890413165092468,
      0.6890914440155029,
      0.6877250671386719,
      0.6883785724639893,
      0.6876271963119507,
      0.6860761046409607,
      0.6881062388420105,
      0.6867377161979675,
      0.6884322166442871,
      0.6859689950942993,
      0.6870328783988953,
      0.6866097450256348,
      0.687105119228363,
      0.6869993805885315,
      0.6871348023414612,
      0.6871286034584045,
      0.6868018507957458,
      0.6854963302612305,
      0.6854879260063171,
      0.6848241090774536,
      0.686164379119873,
      0.6873549818992615,
      0.6865890026092529,
      0.6857808828353882,
      0.6852399110794067,
      0.6864057779312134,
      0.6844380497932434,
      0.6836623549461365,
      0.6858798861503601,
      0.684594988822937,
      0.6852307915687561,
      0.684249222278595,
      0.6849724054336548,
      0.6839484572410583,
      0.6842086911201477,
      0.683845579624176,
      0.6847512722015381,
      0.6842300891876221,
      0.6825998425483704,
      0.6839531064033508,
      0.6851356625556946,
      0.6833632588386536,
      0.6846356391906738,
      0.6832661628723145,
      0.6835744380950928,
      0.6837003231048584,
      0.6835030317306519,
      0.6840452551841736,
      0.6821057200431824,
      0.6836631298065186,
      0.6839094161987305,
      0.6825060248374939,
      0.6831690669059753,
      0.6829724907875061,
      0.6831766963005066,
      0.6807060241699219,
      0.6830131411552429,
      0.6830922365188599,
      0.6816291213035583,
      0.681501567363739,
      0.6807076930999756,
      0.6814364194869995,
      0.6823129653930664,
      0.6819578409194946,
      0.6813763976097107,
      0.6811642646789551,
      0.6815046072006226,
      0.6811724305152893,
      0.680453896522522,
      0.6817595958709717,
      0.6809903979301453,
      0.681351900100708,
      0.6807414889335632,
      0.6810793280601501,
      0.6816107034683228,
      0.6805882453918457,
      0.6814074516296387,
      0.6804906129837036,
      0.6807393431663513,
      0.6810561418533325,
      0.6802664995193481,
      0.6799849271774292,
      0.6802546977996826,
      0.6798275709152222,
      0.6797506809234619,
      0.679226279258728,
      0.6801201701164246,
      0.6802544593811035,
      0.6794902682304382,
      0.6796872615814209,
      0.6810000538825989,
      0.6797641515731812,
      0.679940402507782,
      0.6802487373352051,
      0.6794740557670593,
      0.6805227398872375,
      0.6804292798042297,
      0.6794015169143677,
      0.6796244382858276,
      0.6792440414428711,
      0.6783592700958252,
      0.6790191531181335,
      0.6799357533454895,
      0.6803811192512512,
      0.6790756583213806,
      0.6789107918739319,
      0.6805604100227356,
      0.6789359450340271,
      0.6793133616447449,
      0.6798036098480225,
      0.6775584816932678,
      0.6795989871025085,
      0.6784782409667969,
      0.6788686513900757,
      0.67861407995224,
      0.6792939901351929,
      0.6785264015197754,
      0.6787585020065308,
      0.6792976260185242,
      0.6785661578178406,
      0.6787328124046326,
      0.6796723008155823,
      0.6783303022384644,
      0.6780399680137634,
      0.678365170955658,
      0.6785420179367065,
      0.6787108182907104,
      0.6784801483154297,
      0.6788724660873413,
      0.6782912611961365,
      0.6783209443092346,
      0.6787338256835938,
      0.677542507648468,
      0.6781874299049377,
      0.677376925945282,
      0.6784375905990601,
      0.6784207820892334,
      0.6788262724876404,
      0.6787943243980408,
      0.6792020201683044,
      0.6790907979011536,
      0.6785134077072144,
      0.6790559887886047,
      0.6783633828163147,
      0.6792807579040527,
      0.6784712672233582,
      0.6771752834320068,
      0.6775063872337341,
      0.6782749891281128,
      0.6784990429878235,
      0.6787700653076172,
      0.6774640083312988,
      0.6785768866539001,
      0.6782830953598022,
      0.678031325340271,
      0.678093671798706,
      0.6780976057052612,
      0.6782986521720886,
      0.6776951551437378,
      0.6777169704437256,
      0.6788656115531921,
      0.678248405456543,
      0.6768121719360352,
      0.6778258085250854,
      0.6782463788986206,
      0.6775663495063782,
      0.6772017478942871,
      0.6777635216712952,
