{
  "config": {
    "early_stopping": true,
    "epochs": 601,
    "expert_lr": 0.00154919,
    "expert_momentum": 0.85034,
    "expert_num": 4,
    "expert_weight_decay": 0.001,
    "load_balancing": false,
    "ns_steps": 10,
    "optimizer_family": "muon",
    "router_lr": 0.04121383,
    "router_momentum": 0.919456,
    "router_weight_decay": 0.0001
  },
  "eval_metrics": {
    "accuracy": 86.5,
    "dispatch_counts": [
      [
        15.0,
        136.0,
        262.0,
        415.0
      ],
      [
        524.0,
        80.0,
        121.0,
        55.0
      ],
      [
        43.0,
        236.0,
        307.0,
        226.0
      ],
      [
        78.0,
        444.0,
        124.0,
        134.0
      ]
    ],
    "entropy": 1.116742730140686,
    "loss": 0.44761258363723755,
    "runtime_seconds": 0.004247698932886124,
    "split": "validation"
  },
  "fold_index": 0,
  "mode": "nonlinear",
  "seed": 22211,
  "setting": 2,
  "total_runtime_seconds": 4.10441807564348,
  "train_metrics": {
    "dispatch_counts": [
      [
        64.0,
        561.0,
        1023.0,
        1667.0
      ],
      [
        2057.0,
        330.0,
        517.0,
        213.0
      ],
      [
        196.0,
        934.0,
        1141.0,
        979.0
      ],
      [
        313.0,
        1848.0,
        441.0,
        516.0
      ]
    ],
    "entropy_record": [
      1.385620355606079,
      1.2544251680374146,
      1.1328439712524414,
      1.1513088941574097,
      1.1606394052505493,
      1.186118721961975,
      1.211159586906433,
      1.225853681564331,
      1.2368135452270508,
      1.2457585334777832,
      1.248584508895874,
      1.2487682104110718,
      1.2464278936386108,
      1.2440614700317383,
      1.2383700609207153,
      1.2288870811462402,
      1.22197425365448,
      1.209581971168518,
      1.1930534839630127,
      1.1797040700912476,
      1.1715056896209717,
      1.1669480800628662,
      1.1661349534988403,
      1.164919137954712,
      1.1620467901229858,
      1.1616182327270508,
      1.1637685298919678,
      1.1652158498764038,
      1.1665560007095337,
      1.1669135093688965,
      1.1695406436920166,
      1.1688382625579834,
      1.1684784889221191,
      1.1625754833221436,
      1.156983733177185,
      1.1544665098190308,
      1.1483888626098633,
      1.1441986560821533,
      1.1398413181304932,
      1.1369214057922363,
      1.132725477218628,
      1.1298524141311646,
      1.126765489578247,
      1.123273491859436,
      1.1179839372634888,
      1.1114745140075684,
      1.1059901714324951,
      1.098252773284912,
      1.0962846279144287,
      1.0931408405303955,
      1.0879137516021729,
      1.0808273553848267,
      1.072759985923767,
      1.0703544616699219,
      1.0659101009368896,
      1.0633407831192017,
      1.0567560195922852,
      1.0515975952148438,
      1.0470712184906006,
      1.0450763702392578,
      1.0457183122634888,
      1.0463030338287354,
      1.0460124015808105,
      1.047650694847107,
      1.0541325807571411,
      1.0588181018829346,
      1.064816951751709,
      1.0704485177993774,
      1.0716787576675415,
      1.0769972801208496,
      1.0828101634979248,
      1.086867332458496,
      1.0891239643096924,
      1.0920195579528809,
      1.0958366394042969,
      1.0990477800369263,
      1.1013652086257935,
      1.103797435760498,
      1.1053555011749268,
      1.1071516275405884,
      1.1098787784576416,
      1.1111458539962769,
      1.1155295372009277,
      1.1162564754486084,
      1.1184803247451782,
      1.1206111907958984
    ],
    "epochs_ran": 86,
    "final_entropy": 1.1206111907958984,
    "final_loss": 0.4353982210159302,
    "plot_diagnostics": null,
    "runtime_seconds": 4.100170376710594
  }
}