{
  "config": {
    "early_stopping": true,
    "epochs": 601,
    "expert_lr": 0.00090362,
    "expert_momentum": 0.866518,
    "expert_num": 8,
    "expert_weight_decay": 1e-05,
    "load_balancing": false,
    "ns_steps": 10,
    "optimizer_family": "muon",
    "router_lr": 0.05024127,
    "router_momentum": 0.876504,
    "router_weight_decay": 0.0
  },
  "eval_metrics": {
    "accuracy": 91.75,
    "dispatch_counts": [
      [
        336.0,
        241.0,
        17.0,
        0.0,
        11.0,
        52.0,
        21.0,
        129.0
      ],
      [
        4.0,
        126.0,
        14.0,
        0.0,
        311.0,
        24.0,
        268.0,
        53.0
      ],
      [
        26.0,
        51.0,
        309.0,
        0.0,
        3.0,
        359.0,
        37.0,
        16.0
      ],
      [
        73.0,
        3.0,
        70.0,
        320.0,
        31.0,
        16.0,
        104.0,
        175.0
      ]
    ],
    "entropy": 0.7420480251312256,
    "loss": 0.39576175808906555,
    "runtime_seconds": 0.008487819228321314,
    "split": "validation"
  },
  "fold_index": 3,
  "mode": "nonlinear",
  "seed": 11014,
  "setting": 1,
  "total_runtime_seconds": 9.57762982742861,
  "train_metrics": {
    "dispatch_counts": [
      [
        1391.0,
        969.0,
        63.0,
        0.0,
        35.0,
        177.0,
        79.0,
        514.0
      ],
      [
        21.0,
        491.0,
        36.0,
        0.0,
        1237.0,
        131.0,
        1049.0,
        234.0
      ],
      [
        56.0,
        217.0,
        1231.0,
        0.0,
        44.0,
        1430.0,
        173.0,
        54.0
      ],
      [
        248.0,
        12.0,
        364.0,
        1244.0,
        116.0,
        77.0,
        348.0,
        759.0
      ]
    ],
    "entropy_record": [
      1.3854726552963257,
      1.140570878982544,
      1.075545310974121,
      1.0709450244903564,
      1.0585317611694336,
      1.01967191696167,
      0.9747685790061951,
      0.9437615275382996,
      0.9261593818664551,
      0.897812008857727,
      0.8802323341369629,
      0.8767274022102356,
      0.8585950136184692,
      0.8553270101547241,
      0.8441086411476135,
      0.8387175798416138,
      0.830453097820282,
      0.8356750011444092,
      0.8370400667190552,
      0.8447427153587341,
      0.8409130573272705,
      0.8388439416885376,
      0.8378618955612183,
      0.8315849304199219,
      0.8277374505996704,
      0.8214612007141113,
      0.8194887638092041,
      0.8162671327590942,
      0.8123409152030945,
      0.8080821633338928,
      0.805237889289856,
      0.8004868626594543,
      0.7973849177360535,
      0.7922672033309937,
      0.7902932167053223,
      0.7845526337623596,
      0.7821112871170044,
      0.7800270318984985,
      0.7753758430480957,
      0.77191162109375,
      0.7675063610076904,
      0.7660760879516602,
      0.7632792592048645,
      0.7605112791061401,
      0.7578787803649902,
      0.7558577060699463,
      0.752788782119751,
      0.7491196393966675,
      0.7491285800933838,
      0.7464017868041992,
      0.7454347610473633,
      0.7434656023979187,
      0.7417824268341064,
      0.740486741065979,
      0.740877091884613,
      0.7388758659362793,
      0.740435779094696,
      0.7394322752952576,
      0.7369264364242554,
      0.7359240651130676,
      0.7305675745010376,
      0.7307554483413696,
      0.7300601005554199,
      0.7307592630386353,
      0.7286625504493713,
      0.7261266112327576,
      0.7278327941894531,
      0.7254854440689087,
      0.726487934589386,
      0.7258696556091309,
      0.7240967750549316,
      0.7270368337631226,
      0.727797269821167,
      0.7273105382919312,
      0.7277525663375854,
      0.7259646654129028,
      0.7237553596496582,
      0.7208632826805115,
      0.7201479077339172,
      0.72007155418396,
      0.7185003757476807,
      0.7175548076629639,
      0.7197629809379578,
      0.7210052013397217,
      0.7228347063064575,
      0.7244591116905212,
      0.7267712354660034,
      0.7272006273269653,
      0.7288641333580017,
      0.7306240797042847,
      0.7302659749984741,
      0.7280870079994202,
      0.7298612594604492,
      0.7313433885574341,
      0.72858726978302,
      0.7332248687744141,
      0.7345097064971924,
      0.7358190417289734,
      0.7356635332107544,
      0.735720694065094,
      0.7369089126586914,
      0.7352932691574097,
      0.7376770377159119,
      0.7377893924713135,
      0.7389285564422607,
      0.7387409210205078,
      0.738999605178833,
      0.7405547499656677,
      0.7416590452194214,
      0.7414588928222656
    ],
    "epochs_ran": 110,
    "final_entropy": 0.7414588928222656,
    "final_loss": 0.3980155289173126,
    "plot_diagnostics": null,
    "runtime_seconds": 9.569142008200288
  }
}