{
  "config": {
    "early_stopping": true,
    "epochs": 601,
    "expert_lr": 0.00090362,
    "expert_momentum": 0.866518,
    "expert_num": 8,
    "expert_weight_decay": 1e-05,
    "load_balancing": false,
    "ns_steps": 10,
    "optimizer_family": "muon",
    "router_lr": 0.05024127,
    "router_momentum": 0.876504,
    "router_weight_decay": 0.0
  },
  "eval_metrics": {
    "accuracy": 94.09375,
    "dispatch_counts": [
      [
        383.0,
        206.0,
        23.0,
        188.0,
        5.0,
        1.0,
        1.0,
        0.0
      ],
      [
        6.0,
        176.0,
        30.0,
        3.0,
        3.0,
        380.0,
        202.0,
        0.0
      ],
      [
        28.0,
        13.0,
        47.0,
        172.0,
        186.0,
        23.0,
        82.0,
        250.0
      ],
      [
        6.0,
        107.0,
        376.0,
        4.0,
        289.0,
        9.0,
        0.0,
        1.0
      ]
    ],
    "entropy": 0.6472217440605164,
    "loss": 0.37232401967048645,
    "runtime_seconds": 0.008485272992402315,
    "split": "validation"
  },
  "fold_index": 4,
  "mode": "nonlinear",
  "seed": 11015,
  "setting": 1,
  "total_runtime_seconds": 14.19332287600264,
  "train_metrics": {
    "dispatch_counts": [
      [
        1532.0,
        813.0,
        105.0,
        748.0,
        15.0,
        8.0,
        6.0,
        1.0
      ],
      [
        18.0,
        730.0,
        138.0,
        5.0,
        25.0,
        1522.0,
        761.0,
        0.0
      ],
      [
        112.0,
        56.0,
        162.0,
        722.0,
        811.0,
        105.0,
        281.0,
        956.0
      ],
      [
        2.0,
        493.0,
        1508.0,
        31.0,
        1103.0,
        25.0,
        3.0,
        3.0
      ]
    ],
    "entropy_record": [
      1.3853342533111572,
      1.1913175582885742,
      1.037835955619812,
      0.9969891905784607,
      0.8905790448188782,
      0.8722495436668396,
      0.8690212965011597,
      0.849801778793335,
      0.837250828742981,
      0.8200617432594299,
      0.8082102537155151,
      0.778170645236969,
      0.7585095763206482,
      0.7506996393203735,
      0.7358152866363525,
      0.7288585901260376,
      0.7245041131973267,
      0.7161645293235779,
      0.7150843739509583,
      0.7150151133537292,
      0.708504855632782,
      0.7053391933441162,
      0.7007189393043518,
      0.694421112537384,
      0.6907103061676025,
      0.681337296962738,
      0.6811293363571167,
      0.6772003173828125,
      0.6709318161010742,
      0.6652066707611084,
      0.6620919108390808,
      0.6542726159095764,
      0.6527682542800903,
      0.6491961479187012,
      0.645481288433075,
      0.643738329410553,
      0.6421325206756592,
      0.6381301879882812,
      0.6374544501304626,
      0.6369638442993164,
      0.6300100088119507,
      0.6283423900604248,
      0.6281555891036987,
      0.6277830600738525,
      0.6224885582923889,
      0.6233295202255249,
      0.6232350468635559,
      0.6241725087165833,
      0.6229771375656128,
      0.6201199293136597,
      0.6191134452819824,
      0.6184858083724976,
      0.6173332333564758,
      0.6161723136901855,
      0.614404559135437,
      0.6153797507286072,
      0.6142248511314392,
      0.613468587398529,
      0.6122600436210632,
      0.6126002073287964,
      0.6124545335769653,
      0.6131449937820435,
      0.6125361323356628,
      0.6144019365310669,
      0.6111567616462708,
      0.6130402088165283,
      0.6118752360343933,
      0.6104868650436401,
      0.6107370853424072,
      0.6091029644012451,
      0.6085284948348999,
      0.609438955783844,
      0.608678936958313,
      0.6084542274475098,
      0.6069679260253906,
      0.6056679487228394,
      0.6057400703430176,
      0.6077427864074707,
      0.6067144870758057,
      0.6063023805618286,
      0.6061902046203613,
      0.605989396572113,
      0.6063259840011597,
      0.6059621572494507,
      0.6072922348976135,
      0.6054456233978271,
      0.603547215461731,
      0.6069428324699402,
      0.6059299111366272,
      0.6029882431030273,
      0.6033638715744019,
      0.6051713824272156,
      0.6047050356864929,
      0.6024180054664612,
      0.6037078499794006,
      0.6017622351646423,
      0.6009116768836975,
      0.6019042134284973,
      0.6020703315734863,
      0.6012923121452332,
      0.6030821204185486,
      0.6017033457756042,
      0.6017970442771912,
      0.6036955714225769,
      0.600760281085968,
      0.6020408868789673,
      0.6016805768013,
      0.6028736233711243,
      0.6034140586853027,
      0.6012261509895325,
      0.6029075384140015,
      0.6018004417419434,
      0.6015471816062927,
      0.6031384468078613,
      0.6028152108192444,
      0.6016634106636047,
      0.600172221660614,
      0.6009694933891296,
      0.6015270352363586,
      0.6028676629066467,
      0.6028268933296204,
      0.6026968955993652,
      0.6067318916320801,
      0.605965256690979,
      0.6049711108207703,
      0.604304850101471,
      0.6042176485061646,
      0.6034669876098633,
      0.6019960045814514,
      0.6035647392272949,
      0.6048948168754578,
      0.6040634512901306,
      0.6051997542381287,
      0.6040646433830261,
      0.6019364595413208,
      0.5989111065864563,
      0.5987581610679626,
      0.5994660258293152,
      0.5987364649772644,
      0.6011863946914673,
      0.6010050773620605,
      0.6036917567253113,
      0.6062052249908447,
      0.6107631921768188,
      0.6130475401878357,
      0.6179324984550476,
      0.6208882331848145,
      0.6227685809135437,
      0.6234570741653442,
      0.626679003238678,
      0.6266016364097595,
      0.6278884410858154,
      0.6304044723510742,
      0.6331817507743835,
      0.6336726546287537,
      0.6335260272026062,
      0.6355685591697693,
      0.6397871971130371,
      0.6446766257286072,
      0.6472846269607544,
      0.6502668857574463,
      0.6522235870361328,
      0.6557880640029907
    ],
    "epochs_ran": 163,
    "final_entropy": 0.6557880640029907,
    "final_loss": 0.37841781973838806,
    "plot_diagnostics": null,
    "runtime_seconds": 14.184837603010237
  }
}