{
  "config": {
    "early_stopping": true,
    "epochs": 601,
    "expert_lr": 0.00070139,
    "expert_momentum": 0.899814,
    "expert_num": 4,
    "expert_weight_decay": 0.0001,
    "load_balancing": false,
    "optimizer_family": "original",
    "router_lr": 0.01083589,
    "router_momentum": 0.874507,
    "router_weight_decay": 0.001
  },
  "eval_metrics": {
    "accuracy": 95.71875,
    "dispatch_counts": [
      [
        0.0,
        807.0,
        0.0,
        22.0
      ],
      [
        8.0,
        1.0,
        770.0,
        0.0
      ],
      [
        0.0,
        813.0,
        0.0,
        0.0
      ],
      [
        0.0,
        0.0,
        0.0,
        779.0
      ]
    ],
    "entropy": 0.38501837849617004,
    "loss": 0.3563379645347595,
    "runtime_seconds": 0.004492077045142651,
    "split": "validation"
  },
  "fold_index": 2,
  "mode": "nonlinear",
  "seed": 31513,
  "setting": 3,
  "total_runtime_seconds": 27.476349851116538,
  "train_metrics": {
    "dispatch_counts": [
      [
        0.0,
        3199.0,
        0.0,
        115.0
      ],
      [
        31.0,
        0.0,
        3086.0,
        1.0
      ],
      [
        0.0,
        3249.0,
        0.0,
        0.0
      ],
      [
        0.0,
        0.0,
        0.0,
        3119.0
      ]
    ],
    "entropy_record": [
      1.3856816291809082,
      1.3852660655975342,
      1.385746955871582,
      1.385772466659546,
      1.3855952024459839,
      1.3855080604553223,
      1.3858134746551514,
      1.3853483200073242,
      1.385838508605957,
      1.385537028312683,
      1.3851948976516724,
      1.384995698928833,
      1.3855600357055664,
      1.3850672245025635,
      1.3853291273117065,
      1.3838951587677002,
      1.3819832801818848,
      1.3770171403884888,
      1.361450433731079,
      1.3474535942077637,
      1.3138622045516968,
      1.272993803024292,
      1.217768907546997,
      1.141993761062622,
      1.080375075340271,
      1.0097204446792603,
      0.934367299079895,
      0.8569157719612122,
      0.7827768325805664,
      0.7248379588127136,
      0.6606526970863342,
      0.6021879315376282,
      0.5512073040008545,
      0.5161767601966858,
      0.47178786993026733,
      0.4448655843734741,
      0.42674192786216736,
      0.4155275225639343,
      0.4024289548397064,
      0.39743512868881226,
      0.38835787773132324,
      0.39034193754196167,
      0.3830314874649048,
      0.3845846652984619,
      0.37912431359291077,
      0.37503504753112793,
      0.37403056025505066,
      0.37540334463119507,
      0.3735372722148895,
      0.3758363723754883,
      0.3753933906555176,
      0.3712112307548523,
      0.3735780119895935,
      0.36882320046424866,
      0.37244507670402527,
      0.3714943826198578,
      0.3732081949710846,
      0.37282031774520874,
      0.36852648854255676,
      0.3716807961463928,
      0.3714095652103424,
      0.3705603778362274,
      0.37328436970710754,
      0.37027573585510254,
      0.3707525432109833,
      0.37084314227104187,
      0.37140336632728577,
      0.3720879554748535,
      0.37046509981155396,
      0.3719567060470581,
      0.3705603778362274,
      0.3741758167743683,
      0.37244507670402527,
      0.3722308278083801,
      0.3738641142845154,
      0.37168896198272705,
      0.3720879554748535,
      0.37132465839385986,
      0.37084314227104187,
      0.37428954243659973,
      0.37114277482032776,
      0.37017372250556946,
      0.36970075964927673,
      0.3756527006626129,
      0.3738429546356201,
      0.3737580478191376,
      0.37112411856651306,
      0.374607115983963,
      0.3714015483856201,
      0.3719567060470581,
      0.3734252154827118,
      0.3725033402442932,
      0.37132465839385986,
      0.3750501871109009,
      0.36882320046424866,
      0.3740757703781128,
      0.3740757703781128,
      0.3738429546356201,
      0.37190893292427063,
      0.3756587505340576,
      0.375517338514328,
      0.37514662742614746,
      0.37514662742614746,
      0.37641751766204834,
      0.37040552496910095,
      0.3743421733379364,
      0.3756527006626129,
      0.3772726356983185,
      0.3735385239124298,
      0.37591075897216797,
      0.37616583704948425,
      0.37756872177124023,
      0.3760492205619812,
      0.37514662742614746,
      0.3756527006626129,
      0.373699426651001,
      0.37552642822265625,
      0.37112411856651306,
      0.3741064667701721,
      0.37526294589042664,
      0.3788319528102875,
      0.37616583704948425,
      0.37667545676231384,
      0.3730437755584717,
      0.3772375285625458,
      0.37616583704948425,
      0.37514662742614746,
      0.37642285227775574,
      0.38011229038238525,
      0.3756527006626129,
      0.3784221112728119,
      0.3741986155509949,
      0.3781464397907257,
      0.37737196683883667,
      0.3778736889362335,
      0.37642285227775574,
      0.3761674463748932,
      0.3725033402442932,
      0.3751327097415924,
      0.375072717666626,
      0.3769172728061676,
      0.3756512701511383,
      0.3766769766807556,
      0.37738144397735596,
      0.374607115983963,
      0.37540334463119507,
      0.3786303997039795,
      0.37656649947166443,
      0.3789103627204895,
      0.3778736889362335,
      0.37958571314811707,
      0.37911009788513184,
      0.3751327097415924,
      0.3783889710903168,
      0.3800569772720337,
      0.3778693675994873,
      0.3805125057697296,
      0.3795792758464813,
      0.3776338994503021,
      0.3771815299987793,
      0.3794845938682556,
      0.37850892543792725,
      0.3786303997039795,
      0.37958571314811707,
      0.37963470816612244,
      0.3786303997039795,
      0.37768128514289856,
      0.3808211088180542,
      0.37636271119117737,
      0.37863317131996155,
      0.3776581883430481,
      0.37722107768058777,
      0.3812286853790283,
      0.3789103627204895,
      0.3766680061817169,
      0.3798186182975769,
      0.3786303997039795,
      0.3776581883430481,
      0.37911009788513184,
      0.3773718774318695,
      0.37911009788513184,
      0.3827543258666992,
      0.38222989439964294,
      0.3781763017177582,
      0.3814489543437958,
      0.37692990899086,
      0.3776581883430481,
      0.38400280475616455,
      0.37783727049827576,
      0.37887078523635864,
      0.38098883628845215,
      0.3819904327392578,
      0.37836217880249023,
      0.3779028654098511,
      0.38289615511894226,
      0.3783889710903168,
      0.3808120787143707,
      0.38167768716812134,
      0.3800572156906128,
      0.3819442689418793,
      0.3786303997039795,
      0.3793943226337433,
      0.37879157066345215,
      0.3774319887161255,
      0.3793943226337433,
      0.384942889213562,
      0.38042253255844116,
      0.3814489543437958,
      0.3824414610862732,
      0.3790360987186432,
      0.3791528344154358,
      0.38152119517326355,
      0.3788802921772003,
      0.3825836479663849,
      0.38400280475616455,
      0.38506507873535156,
      0.3818483352661133,
      0.37934842705726624,
      0.37911009788513184,
      0.3789103627204895,
      0.38029158115386963,
      0.38447314500808716,
      0.38192811608314514,
      0.38422703742980957,
      0.38266924023628235,
      0.3791528344154358,
      0.3800572156906128,
      0.3793943226337433,
      0.383939266204834,
      0.38052552938461304,
      0.38377076387405396,
      0.3821324110031128,
      0.3872757852077484,
      0.38075733184814453,
      0.3833780288696289,
      0.3783889710903168,
      0.3784521222114563,
      0.3811761140823364,
      0.3812887668609619,
      0.3812887668609619,
      0.37980422377586365,
      0.38334739208221436,
      0.38357168436050415,
      0.38325411081314087,
      0.38312220573425293,
      0.37866681814193726,
      0.381752610206604,
      0.3825836479663849,
      0.38478994369506836,
      0.38098883628845215,
      0.3800572156906128,
      0.381586492061615,
      0.38297444581985474,
