{
  "config": {
    "early_stopping": true,
    "epochs": 601,
    "expert_lr": 0.00070139,
    "expert_momentum": 0.899814,
    "expert_num": 4,
    "expert_weight_decay": 0.0001,
    "load_balancing": false,
    "optimizer_family": "original",
    "router_lr": 0.01083589,
    "router_momentum": 0.874507,
    "router_weight_decay": 0.001
  },
  "eval_metrics": {
    "accuracy": 95.375,
    "dispatch_counts": [
      [
        0.0,
        0.0,
        0.0,
        829.0
      ],
      [
        0.0,
        0.0,
        779.0,
        0.0
      ],
      [
        811.0,
        2.0,
        0.0,
        0.0
      ],
      [
        0.0,
        0.0,
        0.0,
        779.0
      ]
    ],
    "entropy": 0.34806349873542786,
    "loss": 0.3589646816253662,
    "runtime_seconds": 0.00442700507119298,
    "split": "validation"
  },
  "fold_index": 3,
  "mode": "nonlinear",
  "seed": 31514,
  "setting": 3,
  "total_runtime_seconds": 27.405333369039,
  "train_metrics": {
    "dispatch_counts": [
      [
        0.0,
        0.0,
        0.0,
        3314.0
      ],
      [
        0.0,
        0.0,
        3118.0,
        0.0
      ],
      [
        3240.0,
        8.0,
        0.0,
        1.0
      ],
      [
        0.0,
        0.0,
        1.0,
        3118.0
      ]
    ],
    "entropy_record": [
      1.3857077360153198,
      1.3858102560043335,
      1.3856964111328125,
      1.385429859161377,
      1.3854575157165527,
      1.3857721090316772,
      1.3855739831924438,
      1.3857277631759644,
      1.3856667280197144,
      1.3858683109283447,
      1.3857066631317139,
      1.3854598999023438,
      1.3854312896728516,
      1.3853695392608643,
      1.383662462234497,
      1.3821438550949097,
      1.374717116355896,
      1.3658206462860107,
      1.3494510650634766,
      1.3176870346069336,
      1.2572057247161865,
      1.1714385747909546,
      1.0690768957138062,
      0.9094887971878052,
      0.7740812301635742,
      0.6600772142410278,
      0.598691463470459,
      0.5572699904441833,
      0.5324169397354126,
      0.5294683575630188,
      0.5189449191093445,
      0.5048576593399048,
      0.4963672459125519,
      0.48716503381729126,
      0.4797975420951843,
      0.46202707290649414,
      0.44798046350479126,
      0.4256507158279419,
      0.41268959641456604,
      0.3931281268596649,
      0.3828333616256714,
      0.37175464630126953,
      0.3684568703174591,
      0.36377373337745667,
      0.3604882061481476,
      0.35760435461997986,
      0.3572593033313751,
      0.35248154401779175,
      0.3521324694156647,
      0.35194918513298035,
      0.3514360189437866,
      0.349974662065506,
      0.3507377505302429,
      0.35148975253105164,
      0.35158130526542664,
      0.3510599434375763,
      0.3481296896934509,
      0.3488928973674774,
      0.3481296896934509,
      0.3481296896934509,
      0.3508490324020386,
      0.35019606351852417,
      0.34943291544914246,
      0.35002824664115906,
      0.34877973794937134,
      0.34954771399497986,
      0.34877973794937134,
      0.34889891743659973,
      0.3509610593318939,
      0.3513537049293518,
      0.34877973794937134,
      0.35084792971611023,
      0.34883633255958557,
      0.34902501106262207,
      0.3507396876811981,
      0.3505856394767761,
      0.35095927119255066,
      0.3481296896934509,
      0.3512386679649353,
      0.34883633255958557,
      0.34943461418151855,
      0.34877973794937134,
      0.3481296896934509,
      0.34877973794937134,
      0.34932154417037964,
      0.3503061532974243,
      0.3496561348438263,
      0.3481296896934509,
      0.35030922293663025,
      0.34932154417037964,
      0.3495429754257202,
      0.34878283739089966,
      0.34932154417037964,
      0.3508509397506714,
      0.35091057419776917,
      0.3488928973674774,
      0.34877973794937134,
      0.3495429754257202,
      0.3512405753135681,
      0.34906062483787537,
      0.3488928973674774,
      0.3488928973674774,
      0.3488928973674774,
      0.34877973794937134,
      0.34877973794937134,
      0.3503110706806183,
      0.35008475184440613,
      0.34932154417037964,
      0.34959954023361206,
      0.3481296896934509,
      0.3488928973674774,
      0.3501978814601898,
      0.3495429754257202,
      0.3487827777862549,
      0.34877973794937134,
      0.3503061532974243,
      0.3512405753135681,
      0.35112136602401733,
      0.34877973794937134,
      0.34877973794937134,
      0.3495429754257202,
      0.3488928973674774,
      0.34877973794937134,
      0.3481296896934509,
      0.3488928973674774,
      0.34877973794937134,
      0.3487827181816101,
      0.3481296896934509,
      0.3495429754257202,
      0.34877973794937134,
      0.35024961829185486,
      0.3507396876811981,
      0.34877973794937134,
      0.35090455412864685,
      0.3501978814601898,
      0.3481296896934509,
      0.34948641061782837,
      0.3505292236804962,
      0.34943291544914246,
      0.35134878754615784,
      0.34932154417037964,
      0.34877973794937134,
      0.3503061532974243,
      0.34877973794937134,
      0.3495429754257202,
      0.3495429754257202,
      0.34932154417037964,
      0.35144639015197754,
      0.3495429754257202,
      0.3495429754257202,
      0.35024964809417725,
      0.3508903682231903,
      0.3503061532974243,
      0.3509027361869812,
      0.3495478332042694,
      0.3481296896934509,
      0.3488928973674774,
      0.3503061532974243,
      0.34877973794937134,
      0.34877973794937134,
      0.34877973794937134,
      0.35024964809417725,
      0.34877973794937134,
      0.3495429456233978,
      0.34878286719322205,
      0.3495429754257202,
      0.3496541380882263,
      0.3488928973674774,
      0.34877973794937134,
      0.3481296896934509,
      0.3498224914073944,
      0.3481296896934509,
      0.34877973794937134,
      0.3495429754257202,
      0.3501978814601898,
      0.3503061532974243,
      0.3495478332042694,
      0.35008469223976135,
      0.3498224914073944,
      0.3503110706806183,
      0.34997469186782837,
      0.3481296896934509,
      0.3496561348438263,
      0.34932154417037964,
      0.3495429754257202,
      0.34959954023361206,
      0.35019606351852417,
      0.3495429456233978,
      0.3496561348438263,
      0.35084792971611023,
      0.3496561348438263,
      0.34932154417037964,
      0.3488928973674774,
      0.35024964809417725,
      0.35150283575057983,
      0.3488928973674774,
      0.3488928973674774,
      0.3515186309814453,
      0.34877973794937134,
      0.3495429456233978,
      0.3481296896934509,
      0.3496561348438263,
      0.34877973794937134,
      0.34877973794937134,
      0.3488928973674774,
      0.3481296896934509,
      0.3488928973674774,
      0.3488928973674774,
      0.3488928973674774,
      0.3481296896934509,
      0.34877973794937134,
      0.34932154417037964,
      0.3496561348438263,
      0.34883633255958557,
      0.35101282596588135,
      0.34959954023361206,
      0.3494328558444977,
      0.3498224914073944,
      0.3509610593318939,
      0.34877973794937134,
      0.3481296896934509,
      0.34883633255958557,
      0.3499746024608612,
      0.3496561348438263,
      0.34877973794937134,
      0.34877973794937134,
      0.3497316539287567,
      0.3503061532974243,
      0.34877973794937134,
      0.3495429754257202,
      0.34877973794937134,
      0.3488928973674774,
      0.3488928973674774,
      0.34948641061782837,
      0.3495478332042694,
      0.3495429456233978,
      0.3481296896934509,
      0.3481296896934509,
      0.35008475184440613,
      0.3509610891342163,
      0.34877973794937134,
      0.35051974654197693,
      0.34948641061782837,
      0.34877973794937134,
      0.3488928973674774,
      0.3481296896934509,
      0.35008475184440613,
      0.3498613238334656,
      0.35036274790763855,
      0.3481296896934509,
      0.3498224914073944,
      0.34883633255958557,
      0.3481296896934509,
