{
  "config": {
    "early_stopping": true,
    "epochs": 601,
    "expert_lr": 0.00226778,
    "expert_momentum": 0.854535,
    "expert_num": 4,
    "expert_weight_decay": 1e-05,
    "load_balancing": false,
    "optimizer_family": "original",
    "router_lr": 0.01924729,
    "router_momentum": 0.895778,
    "router_weight_decay": 1e-05
  },
  "eval_metrics": {
    "accuracy": 95.65625,
    "dispatch_counts": [
      [
        828.0,
        0.0,
        0.0,
        0.0
      ],
      [
        0.0,
        780.0,
        0.0,
        0.0
      ],
      [
        0.0,
        0.0,
        0.0,
        812.0
      ],
      [
        779.0,
        1.0,
        0.0,
        0.0
      ]
    ],
    "entropy": 0.35025009512901306,
    "loss": 0.35668936371803284,
    "runtime_seconds": 0.004405187908560038,
    "split": "validation"
  },
  "fold_index": 0,
  "mode": "nonlinear",
  "seed": 30011,
  "setting": 3,
  "total_runtime_seconds": 27.278642943128943,
  "train_metrics": {
    "dispatch_counts": [
      [
        3315.0,
        0.0,
        0.0,
        0.0
      ],
      [
        0.0,
        3117.0,
        0.0,
        0.0
      ],
      [
        1.0,
        0.0,
        0.0,
        3249.0
      ],
      [
        3118.0,
        0.0,
        0.0,
        0.0
      ]
    ],
    "entropy_record": [
      1.385697364807129,
      1.3853825330734253,
      1.385453224182129,
      1.3857548236846924,
      1.385633945465088,
      1.3855817317962646,
      1.3857488632202148,
      1.3851678371429443,
      1.3851039409637451,
      1.3829741477966309,
      1.3678014278411865,
      1.3284345865249634,
      1.2422348260879517,
      1.0863518714904785,
      0.8821938037872314,
      0.6850436925888062,
      0.5367454886436462,
      0.44375306367874146,
      0.39877793192863464,
      0.37659987807273865,
      0.36158427596092224,
      0.3556392788887024,
      0.35469773411750793,
      0.35232365131378174,
      0.35075023770332336,
      0.3491068482398987,
      0.3497006893157959,
      0.34954291582107544,
      0.34943294525146484,
      0.3488881289958954,
      0.3481249213218689,
      0.3488881289958954,
      0.3487829864025116,
      0.3481249213218689,
      0.3488881289958954,
      0.3487749695777893,
      0.3488881289958954,
      0.3481249213218689,
      0.3481249213218689,
      0.3481249213218689,
      0.3481249213218689,
      0.3481249213218689,
      0.3488881289958954,
      0.3481249213218689,
      0.3488881289958954,
      0.3481249213218689,
      0.3481249213218689,
      0.3488881289958954,
      0.3481249213218689,
      0.34877970814704895,
      0.3481249213218689,
      0.3481249213218689,
      0.3481249213218689,
      0.3481249213218689,
      0.3487749695777893,
      0.3481249213218689,
      0.3481249213218689,
      0.3481249213218689,
      0.3481249213218689,
      0.3481249213218689,
      0.3481249213218689,
      0.3481249213218689,
      0.3487749695777893,
      0.3488881289958954,
      0.3488881289958954,
      0.3481249213218689,
      0.34877970814704895,
      0.3481249213218689,
      0.3488881289958954,
      0.3488881289958954,
      0.3481249213218689,
      0.3481249213218689,
      0.3481249213218689,
      0.3481249213218689,
      0.3481249213218689,
      0.3481249213218689,
      0.3481249213218689,
      0.3488881289958954,
      0.3481249213218689,
      0.3481249213218689,
      0.3488881289958954,
      0.3488881289958954,
      0.3488881289958954,
      0.3481249213218689,
      0.3481249213218689,
      0.3481249213218689,
      0.3481249213218689,
      0.3481249213218689,
      0.3481249213218689,
      0.3481249213218689,
      0.3481249213218689,
      0.3481249213218689,
      0.3488881289958954,
      0.3481249213218689,
      0.3487749695777893,
      0.3481249213218689,
      0.3481249213218689,
      0.3481249213218689,
      0.3481249213218689,
      0.3481249213218689,
      0.3481249213218689,
      0.3481249213218689,
      0.3481249213218689,
      0.3481249213218689,
      0.3495382070541382,
      0.3487749695777893,
      0.3481249213218689,
      0.3481249213218689,
      0.3481249213218689,
      0.3481249213218689,
      0.3481249213218689,
      0.3495381772518158,
      0.3481249213218689,
      0.3481249213218689,
      0.3481249213218689,
      0.3481249213218689,
      0.3481249213218689,
      0.3488881289958954,
      0.3481249213218689,
      0.3488881289958954,
      0.3488881289958954,
      0.3481249213218689,
      0.3481249213218689,
      0.34965136647224426,
      0.3488881289958954,
      0.3481249213218689,
      0.3488881289958954,
      0.3481249213218689,
      0.3481249213218689,
      0.3481249213218689,
      0.3481249213218689,
      0.3481249213218689,
      0.3481249213218689,
      0.3481249213218689,
      0.3481249213218689,
      0.3481249213218689,
      0.3481249213218689,
      0.3481249213218689,
      0.3495382070541382,
      0.3481249213218689,
      0.3488881289958954,
      0.3481249213218689,
      0.3481249213218689,
      0.3481249213218689,
      0.3481249213218689,
      0.3481249213218689,
      0.3481249213218689,
      0.3481249213218689,
      0.3481249213218689,
      0.3488881289958954,
      0.3487749695777893,
      0.3481249213218689,
      0.3495381772518158,
      0.3481249213218689,
      0.3495381772518158,
      0.3481249213218689,
      0.3488881289958954,
      0.3481249213218689,
      0.3487749695777893,
      0.3481249213218689,
      0.3481249213218689,
      0.3481249213218689,
      0.3481249213218689,
      0.3495381772518158,
      0.3481249213218689,
      0.3481249213218689,
      0.3481249213218689,
      0.3487749695777893,
      0.3481249213218689,
      0.3481249213218689,
      0.3487749695777893,
      0.3481249213218689,
      0.3481249213218689,
      0.3481249213218689,
      0.3481249213218689,
      0.3487749695777893,
      0.3481249213218689,
      0.3481249213218689,
      0.3481249213218689,
      0.3481249213218689,
      0.3488881289958954,
      0.3487749695777893,
      0.3488881289958954,
      0.3481249213218689,
      0.3481249213218689,
      0.3495382070541382,
      0.3481249213218689,
      0.3481249213218689,
      0.3487749695777893,
      0.3487749695777893,
      0.3488881289958954,
      0.3487749695777893,
      0.3481249213218689,
      0.3488881289958954,
      0.3481249213218689,
      0.3481249213218689,
      0.3481249213218689,
      0.3481249213218689,
      0.3481249213218689,
      0.3488881289958954,
      0.3481249213218689,
      0.3488881289958954,
      0.3481249213218689,
      0.3481249213218689,
      0.3481249213218689,
      0.3481249213218689,
      0.3481249213218689,
      0.3481249213218689,
      0.3481249213218689,
      0.3488881289958954,
      0.3481249213218689,
      0.3481249213218689,
      0.3481249213218689,
      0.3481249213218689,
      0.3488881289958954,
      0.3481249213218689,
      0.3488881289958954,
      0.3488881289958954,
      0.3481249213218689,
      0.3481249213218689,
      0.3481249213218689,
      0.3481249213218689,
      0.3481249213218689,
      0.3487749695777893,
      0.3481249213218689,
      0.3488881289958954,
      0.3481249213218689,
      0.3481249213218689,
      0.3488881289958954,
      0.3481249213218689,
      0.3488881289958954,
      0.3481249213218689,
      0.3488881289958954,
      0.3488881289958954,
      0.3481249213218689,
      0.3481249213218689,
      0.3488881289958954,
      0.3481249213218689,
      0.3481249213218689,
      0.3488881289958954,
      0.3481249213218689,
      0.3481249213218689,
      0.3481249213218689,
      0.3481249213218689,
      0.3481249213218689,
      0.34965136647224426,
      0.3488881289958954,
      0.3481249213218689,
      0.3488881289958954,
      0.3481249213218689,
      0.3488881289958954,
      0.3481249213218689,
      0.3481249213218689,
      0.3481249213218689,
      0.3488881289958954,
      0.3481249213218689,
