{
  "config": {
    "early_stopping": true,
    "epochs": 601,
    "expert_lr": 0.00267856,
    "expert_momentum": 0.919419,
    "expert_num": 4,
    "expert_weight_decay": 0.001,
    "load_balancing": false,
    "ns_steps": 7,
    "optimizer_family": "muon",
    "router_lr": 0.01249434,
    "router_momentum": 0.885677,
    "router_weight_decay": 1e-05
  },
  "eval_metrics": {
    "accuracy": 88.28125,
    "dispatch_counts": [
      [
        247.0,
        37.0,
        325.0,
        198.0
      ],
      [
        125.0,
        0.0,
        262.0,
        413.0
      ],
      [
        366.0,
        33.0,
        285.0,
        117.0
      ],
      [
        130.0,
        402.0,
        112.0,
        148.0
      ]
    ],
    "entropy": 1.1778318881988525,
    "loss": 0.42995211482048035,
    "runtime_seconds": 0.004404539242386818,
    "split": "validation"
  },
  "fold_index": 3,
  "mode": "nonlinear",
  "seed": 12114,
  "setting": 1,
  "total_runtime_seconds": 5.022756862919778,
  "train_metrics": {
    "dispatch_counts": [
      [
        963.0,
        112.0,
        1316.0,
        837.0
      ],
      [
        492.0,
        4.0,
        1055.0,
        1648.0
      ],
      [
        1497.0,
        137.0,
        1090.0,
        481.0
      ],
      [
        505.0,
        1642.0,
        497.0,
        524.0
      ]
    ],
    "entropy_record": [
      1.385941743850708,
      1.3655672073364258,
      1.3451606035232544,
      1.3154091835021973,
      1.3001604080200195,
      1.2883195877075195,
      1.2881691455841064,
      1.2744947671890259,
      1.2700226306915283,
      1.260558843612671,
      1.250645399093628,
      1.2321006059646606,
      1.2378956079483032,
      1.2208545207977295,
      1.2230297327041626,
      1.2192456722259521,
      1.2143150568008423,
      1.2160160541534424,
      1.2128809690475464,
      1.2108161449432373,
      1.20219886302948,
      1.1960234642028809,
      1.185316801071167,
      1.1794527769088745,
      1.1791696548461914,
      1.1764565706253052,
      1.1824471950531006,
      1.1873341798782349,
      1.1906399726867676,
      1.193016529083252,
      1.1912386417388916,
      1.195027232170105,
      1.197775959968567,
      1.1944655179977417,
      1.1989556550979614,
      1.1977052688598633,
      1.1982498168945312,
      1.2024005651474,
      1.20241379737854,
      1.2064458131790161,
      1.2076551914215088,
      1.2075765132904053,
      1.2077151536941528,
      1.2076473236083984,
      1.1997764110565186,
      1.1935679912567139,
      1.1845006942749023,
      1.180151104927063,
      1.1725044250488281,
      1.1646320819854736,
      1.1574311256408691,
      1.1568496227264404,
      1.1549948453903198,
      1.151599645614624,
      1.1470447778701782,
      1.1429848670959473,
      1.1411151885986328,
      1.135563850402832,
      1.1319234371185303,
      1.1274380683898926,
      1.123563528060913,
      1.1183626651763916,
      1.1158698797225952,
      1.11159348487854,
      1.109833002090454,
      1.1048427820205688,
      1.0993914604187012,
      1.096416711807251,
      1.0925726890563965,
      1.091604232788086,
      1.0915484428405762,
      1.0904972553253174,
      1.089641809463501,
      1.086676836013794,
      1.0847997665405273,
      1.0831393003463745,
      1.0824317932128906,
      1.0828832387924194,
      1.0852246284484863,
      1.0871381759643555,
      1.0922443866729736,
      1.0948023796081543,
      1.0990701913833618,
      1.1003823280334473,
      1.1045761108398438,
      1.1093754768371582,
      1.1099004745483398,
      1.1120381355285645,
      1.1165874004364014,
      1.120658278465271,
      1.1256108283996582,
      1.1312196254730225,
      1.1334831714630127,
      1.1385843753814697,
      1.1413823366165161,
      1.1467925310134888,
      1.1512529850006104,
      1.1530742645263672,
      1.155730128288269,
      1.1588566303253174,
      1.1626131534576416,
      1.1638901233673096,
      1.1685154438018799,
      1.1698042154312134,
      1.1708977222442627,
      1.1726844310760498
    ],
    "epochs_ran": 106,
    "final_entropy": 1.1726844310760498,
    "final_loss": 0.4216705560684204,
    "plot_diagnostics": null,
    "runtime_seconds": 5.018352323677391
  }
}