{
  "config": {
    "early_stopping": true,
    "epochs": 601,
    "expert_lr": 0.00267856,
    "expert_momentum": 0.919419,
    "expert_num": 4,
    "expert_weight_decay": 0.001,
    "load_balancing": false,
    "ns_steps": 7,
    "optimizer_family": "muon",
    "router_lr": 0.01249434,
    "router_momentum": 0.885677,
    "router_weight_decay": 1e-05
  },
  "eval_metrics": {
    "accuracy": 93.90625,
    "dispatch_counts": [
      [
        94.0,
        611.0,
        92.0,
        10.0
      ],
      [
        371.0,
        337.0,
        86.0,
        6.0
      ],
      [
        50.0,
        64.0,
        682.0,
        5.0
      ],
      [
        22.0,
        35.0,
        54.0,
        681.0
      ]
    ],
    "entropy": 0.7444815039634705,
    "loss": 0.37419188022613525,
    "runtime_seconds": 0.004445696249604225,
    "split": "validation"
  },
  "fold_index": 4,
  "mode": "nonlinear",
  "seed": 12115,
  "setting": 1,
  "total_runtime_seconds": 17.733070218469948,
  "train_metrics": {
    "dispatch_counts": [
      [
        393.0,
        2419.0,
        384.0,
        32.0
      ],
      [
        1492.0,
        1282.0,
        387.0,
        38.0
      ],
      [
        183.0,
        223.0,
        2778.0,
        21.0
      ],
      [
        111.0,
        112.0,
        184.0,
        2761.0
      ]
    ],
    "entropy_record": [
      1.3858155012130737,
      1.3478864431381226,
      1.325368881225586,
      1.2857658863067627,
      1.2792140245437622,
      1.277107834815979,
      1.2923563718795776,
      1.2946414947509766,
      1.2997338771820068,
      1.2960786819458008,
      1.2942062616348267,
      1.2792432308197021,
      1.2739219665527344,
      1.2571722269058228,
      1.2521193027496338,
      1.2458956241607666,
      1.2312517166137695,
      1.2224781513214111,
      1.2037242650985718,
      1.188298225402832,
      1.1728730201721191,
      1.1634875535964966,
      1.1533279418945312,
      1.145458459854126,
      1.138118028640747,
      1.1343423128128052,
      1.1300389766693115,
      1.126124382019043,
      1.1184011697769165,
      1.1122946739196777,
      1.102902889251709,
      1.092746615409851,
      1.0906314849853516,
      1.0799012184143066,
      1.0666961669921875,
      1.0630311965942383,
      1.054720401763916,
      1.0487488508224487,
      1.038364291191101,
      1.031846046447754,
      1.0247750282287598,
      1.0198607444763184,
      1.0138182640075684,
      1.0085976123809814,
      1.0017372369766235,
      0.9972357749938965,
      0.9935513734817505,
      0.9868687391281128,
      0.9801815152168274,
      0.9738833904266357,
      0.9641913175582886,
      0.9582676291465759,
      0.9590103626251221,
      0.9594477415084839,
      0.9619837999343872,
      0.9655083417892456,
      0.970287561416626,
      0.9740444421768188,
      0.9750774502754211,
      0.9784771203994751,
      0.9868220090866089,
      0.9897146821022034,
      0.997179388999939,
      1.0059740543365479,
      1.0091508626937866,
      1.0180331468582153,
      1.025413990020752,
      1.0319873094558716,
      1.0391179323196411,
      1.0434629917144775,
      1.0499374866485596,
      1.0537285804748535,
      1.0552611351013184,
      1.0565625429153442,
      1.0603255033493042,
      1.0628294944763184,
      1.0644510984420776,
      1.0646612644195557,
      1.0653167963027954,
      1.0647611618041992,
      1.0652985572814941,
      1.065528392791748,
      1.0654653310775757,
      1.0670472383499146,
      1.0689879655838013,
      1.0635278224945068,
      1.064563274383545,
      1.0673846006393433,
      1.065927267074585,
      1.0640127658843994,
      1.063309907913208,
      1.0621058940887451,
      1.0587096214294434,
      1.057325005531311,
      1.0551873445510864,
      1.0548452138900757,
      1.0525617599487305,
      1.0482738018035889,
      1.045983076095581,
      1.044852614402771,
      1.0433495044708252,
      1.040270209312439,
      1.0379786491394043,
      1.032400369644165,
      1.0287514925003052,
      1.0238603353500366,
      1.021888256072998,
      1.0147664546966553,
      1.0129934549331665,
      1.0064116716384888,
      1.0018376111984253,
      0.9980897307395935,
      0.9961497783660889,
      0.9899278879165649,
      0.988644003868103,
      0.9877792596817017,
      0.9840250015258789,
      0.9809083342552185,
      0.9781535863876343,
      0.9733473658561707,
      0.9700945615768433,
      0.9672619104385376,
      0.9653218388557434,
      0.960995078086853,
      0.9582905173301697,
      0.9555826783180237,
      0.9527555108070374,
      0.949429988861084,
      0.9476886987686157,
      0.9435005784034729,
      0.9454178214073181,
      0.9425622224807739,
      0.943509042263031,
      0.9388640522956848,
      0.9407479763031006,
      0.9357748031616211,
      0.9357595443725586,
      0.9323431253433228,
      0.9312395453453064,
      0.9302741885185242,
      0.9291936159133911,
      0.9286751747131348,
      0.9242508411407471,
      0.9212737083435059,
      0.917794942855835,
      0.9159084558486938,
      0.9053664207458496,
      0.9004440307617188,
      0.8911740183830261,
      0.8892818689346313,
      0.8848726749420166,
      0.8856220841407776,
      0.8794963359832764,
      0.8759230971336365,
      0.8720531463623047,
      0.8656643629074097,
      0.8618984818458557,
      0.8589641451835632,
      0.8557450771331787,
      0.8534866571426392,
      0.8499898910522461,
      0.8444976806640625,
      0.8399874567985535,
      0.8395563364028931,
      0.8356546759605408,
      0.8327075242996216,
      0.8261221051216125,
      0.8254854083061218,
      0.8207996487617493,
      0.8175963759422302,
      0.8149029016494751,
      0.8103084564208984,
      0.8095099925994873,
      0.8043498992919922,
      0.7999507188796997,
      0.7976030111312866,
      0.7961689233779907,
      0.7895686626434326,
      0.7853977084159851,
      0.7833181619644165,
      0.7742024660110474,
      0.7688747048377991,
      0.7604204416275024,
      0.7579809427261353,
      0.7574087381362915,
      0.7546947002410889,
      0.7517163753509521,
      0.7495200037956238,
      0.743306577205658,
      0.740680456161499,
      0.7383285164833069,
      0.7347257733345032,
      0.7338078618049622,
      0.7316811084747314,
      0.728347897529602,
      0.728349506855011,
      0.726314902305603,
      0.7309333086013794,
      0.7333378791809082,
      0.729903519153595,
      0.7300545573234558,
      0.7328488826751709,
      0.7300971150398254,
      0.7297503352165222,
      0.72989422082901,
      0.7288315892219543,
      0.7301445603370667,
      0.7304162979125977,
      0.730800986289978,
      0.7354421615600586,
      0.7390891909599304,
      0.7411354184150696,
      0.7380725741386414,
      0.7415658235549927,
      0.7450193762779236,
      0.7474870681762695,
      0.7477975487709045,
      0.7483041882514954,
      0.7529193162918091,
      0.7555771470069885,
      0.7585018277168274,
      0.7587859034538269,
      0.7623828053474426,
      0.7603158950805664,
      0.756580650806427,
      0.7566909790039062,
      0.7557496428489685,
      0.7580796480178833,
      0.7571389079093933,
      0.7577685117721558,
      0.7602978944778442,
      0.759743332862854,
      0.7589543461799622,
      0.7601433992385864,
      0.7625949382781982,
      0.7635785341262817,
      0.7635082602500916,
      0.7666858434677124,
      0.7621253132820129,
      0.7616602778434753,
      0.7601426839828491,
      0.7578626275062561,
      0.7540584206581116,
      0.7523568272590637,
      0.7520999312400818,
      0.7507582306861877,
      0.7490798234939575,
      0.7490760087966919,
      0.7481616139411926,
      0.7451450228691101,
      0.741798996925354,
      0.7424123287200928,
      0.7431480288505554,
      0.7450064420700073,
      0.7442763447761536,
      0.7441086769104004,
