{
  "config": {
    "early_stopping": true,
    "epochs": 601,
    "expert_lr": 0.00275264,
    "expert_momentum": 0.85294,
    "expert_num": 8,
    "expert_weight_decay": 0.0001,
    "load_balancing": false,
    "ns_steps": 10,
    "optimizer_family": "muon",
    "router_lr": 0.01739433,
    "router_momentum": 0.929671,
    "router_weight_decay": 1e-05
  },
  "eval_metrics": {
    "accuracy": 90.71875,
    "dispatch_counts": [
      [
        5.0,
        0.0,
        117.0,
        109.0,
        267.0,
        167.0,
        24.0,
        140.0
      ],
      [
        248.0,
        15.0,
        58.0,
        236.0,
        27.0,
        3.0,
        173.0,
        19.0
      ],
      [
        59.0,
        110.0,
        193.0,
        108.0,
        235.0,
        82.0,
        25.0,
        1.0
      ],
      [
        1.0,
        135.0,
        36.0,
        41.0,
        151.0,
        0.0,
        229.0,
        186.0
      ]
    ],
    "entropy": 1.0173354148864746,
    "loss": 0.4060892164707184,
    "runtime_seconds": 0.008396679069846869,
    "split": "validation"
  },
  "fold_index": 3,
  "mode": "nonlinear",
  "seed": 20014,
  "setting": 2,
  "total_runtime_seconds": 17.262635061051697,
  "train_metrics": {
    "dispatch_counts": [
      [
        13.0,
        3.0,
        462.0,
        473.0,
        1048.0,
        587.0,
        70.0,
        658.0
      ],
      [
        974.0,
        85.0,
        257.0,
        864.0,
        105.0,
        6.0,
        771.0,
        56.0
      ],
      [
        213.0,
        397.0,
        771.0,
        530.0,
        950.0,
        267.0,
        114.0,
        7.0
      ],
      [
        2.0,
        489.0,
        139.0,
        177.0,
        601.0,
        0.0,
        921.0,
        790.0
      ]
    ],
    "entropy_record": [
      1.3852869272232056,
      1.3024704456329346,
      1.214194416999817,
      1.1536812782287598,
      1.1043142080307007,
      1.0674827098846436,
      1.022355079650879,
      0.9938681721687317,
      0.9590631723403931,
      0.936967670917511,
      0.9229527711868286,
      0.924059271812439,
      0.9215808510780334,
      0.9113231897354126,
      0.9102905988693237,
      0.9123431444168091,
      0.9146682024002075,
      0.9180073738098145,
      0.9189204573631287,
      0.9256360530853271,
      0.9194767475128174,
      0.9224193096160889,
      0.9219930171966553,
      0.927126407623291,
      0.9281665682792664,
      0.9297130107879639,
      0.9380260705947876,
      0.932313859462738,
      0.9358395934104919,
      0.9365922808647156,
      0.9385854005813599,
      0.9371593594551086,
      0.940970242023468,
      0.9419254064559937,
      0.9403698444366455,
      0.9464787244796753,
      0.9440985918045044,
      0.947647750377655,
      0.9479506611824036,
      0.9467649459838867,
      0.9469276666641235,
      0.9464966654777527,
      0.9459577798843384,
      0.9474575519561768,
      0.9474541544914246,
      0.9468575716018677,
      0.9489215016365051,
      0.9486725330352783,
      0.9479330778121948,
      0.9468029737472534,
      0.9469642639160156,
      0.9495482444763184,
      0.9525237679481506,
      0.9539613723754883,
      0.9479436278343201,
      0.9509630799293518,
      0.9520761966705322,
      0.9537274837493896,
      0.9540801048278809,
      0.9546865820884705,
      0.9529522657394409,
      0.9527823328971863,
      0.957930862903595,
      0.9557142853736877,
      0.9570242166519165,
      0.9589906334877014,
      0.9589618444442749,
      0.9597818851470947,
      0.9593991041183472,
      0.9600942730903625,
      0.9600049257278442,
      0.9595646262168884,
      0.9621219635009766,
      0.9628524780273438,
      0.9619215726852417,
      0.9611759781837463,
      0.9602300524711609,
      0.9613003730773926,
      0.9625088572502136,
      0.963508665561676,
      0.964256763458252,
      0.961967945098877,
      0.9656504392623901,
      0.9663144946098328,
      0.9671737551689148,
      0.9643662571907043,
      0.9681593179702759,
      0.9669119715690613,
      0.9693495631217957,
      0.971119225025177,
      0.9702903032302856,
      0.9710427522659302,
      0.9726828932762146,
      0.9735777378082275,
      0.9711202383041382,
      0.9731571674346924,
      0.9731741547584534,
      0.9736948609352112,
      0.974339485168457,
      0.9753734469413757,
      0.9742322564125061,
      0.9758036136627197,
      0.9766921401023865,
      0.9775022268295288,
      0.9764013886451721,
      0.9775099158287048,
      0.9795957207679749,
      0.9784915447235107,
      0.9774224162101746,
      0.9763674139976501,
      0.9771662354469299,
      0.9767531156539917,
      0.9799575805664062,
      0.9788451194763184,
      0.9791595935821533,
      0.9802641868591309,
      0.9794654846191406,
      0.9795361757278442,
      0.9777731895446777,
      0.9779288172721863,
      0.9788919687271118,
      0.9785346984863281,
      0.9794726967811584,
      0.9799420237541199,
      0.9794694185256958,
      0.9804476499557495,
      0.9791896343231201,
      0.979852020740509,
      0.9814777374267578,
      0.9814383387565613,
      0.9818300008773804,
      0.9823416471481323,
      0.983356773853302,
      0.9817751049995422,
      0.9826933741569519,
      0.9827105402946472,
      0.9837582111358643,
      0.9839143753051758,
      0.982712984085083,
      0.982785165309906,
      0.9829584360122681,
      0.9834791421890259,
      0.9841805100440979,
      0.9822644591331482,
      0.9821784496307373,
      0.9833863973617554,
      0.9820024371147156,
      0.982623815536499,
      0.9830329418182373,
      0.9832642078399658,
      0.9834917187690735,
      0.9830290079116821,
      0.9836553931236267,
      0.9829050302505493,
      0.9855097532272339,
      0.9848538041114807,
      0.9846463203430176,
      0.9878827929496765,
      0.98651123046875,
      0.9871333837509155,
      0.9886044263839722,
      0.9897782206535339,
      0.990464985370636,
      0.9898619651794434,
      0.9917550683021545,
      0.9927196502685547,
      0.9958711862564087,
      0.9970747828483582,
      0.9974461793899536,
      0.9982377290725708,
      0.9994310140609741,
      1.0002875328063965,
      1.0021400451660156,
      1.002593755722046,
      1.0039653778076172,
      1.003090262413025,
      1.0042908191680908,
      1.0040020942687988,
      1.0046892166137695,
      1.0042155981063843,
      1.005024790763855,
      1.005518913269043,
      1.0066763162612915,
      1.0060663223266602,
      1.0055668354034424,
      1.0064245462417603,
      1.005885124206543,
      1.006527066230774,
      1.0086100101470947,
      1.0091300010681152,
      1.0094351768493652,
      1.009995698928833,
      1.0108890533447266,
      1.0118427276611328,
      1.0142096281051636,
      1.0129528045654297,
      1.0146360397338867,
      1.0171425342559814,
      1.0188289880752563,
      1.0213181972503662,
      1.022915005683899
    ],
    "epochs_ran": 201,
    "final_entropy": 1.022915005683899,
    "final_loss": 0.3878701329231262,
    "plot_diagnostics": null,
    "runtime_seconds": 17.25423838198185
  }
}