{
  "config": {
    "early_stopping": true,
    "epochs": 601,
    "expert_lr": 0.00275264,
    "expert_momentum": 0.85294,
    "expert_num": 8,
    "expert_weight_decay": 0.0001,
    "load_balancing": false,
    "ns_steps": 10,
    "optimizer_family": "muon",
    "router_lr": 0.01739433,
    "router_momentum": 0.929671,
    "router_weight_decay": 1e-05
  },
  "eval_metrics": {
    "accuracy": 92.03125,
    "dispatch_counts": [
      [
        170.0,
        115.0,
        212.0,
        28.0,
        1.0,
        251.0,
        21.0,
        30.0
      ],
      [
        175.0,
        5.0,
        43.0,
        32.0,
        292.0,
        30.0,
        158.0,
        45.0
      ],
      [
        3.0,
        0.0,
        2.0,
        383.0,
        0.0,
        179.0,
        215.0,
        30.0
      ],
      [
        164.0,
        2.0,
        2.0,
        24.0,
        0.0,
        7.0,
        177.0,
        404.0
      ]
    ],
    "entropy": 0.8022688031196594,
    "loss": 0.39294901490211487,
    "runtime_seconds": 0.008551415987312794,
    "split": "validation"
  },
  "fold_index": 0,
  "mode": "nonlinear",
  "seed": 20011,
  "setting": 2,
  "total_runtime_seconds": 23.164161512162536,
  "train_metrics": {
    "dispatch_counts": [
      [
        658.0,
        485.0,
        852.0,
        103.0,
        2.0,
        968.0,
        129.0,
        118.0
      ],
      [
        695.0,
        9.0,
        159.0,
        165.0,
        1174.0,
        147.0,
        612.0,
        156.0
      ],
      [
        14.0,
        0.0,
        20.0,
        1534.0,
        0.0,
        660.0,
        891.0,
        131.0
      ],
      [
        630.0,
        3.0,
        9.0,
        100.0,
        2.0,
        36.0,
        691.0,
        1647.0
      ]
    ],
    "entropy_record": [
      1.3849024772644043,
      1.3001753091812134,
      1.1560002565383911,
      1.0616154670715332,
      1.0087673664093018,
      0.9379682540893555,
      0.9040641188621521,
      0.8834349513053894,
      0.8777569532394409,
      0.8656945824623108,
      0.8619564771652222,
      0.8527712821960449,
      0.8661700487136841,
      0.8672980666160583,
      0.8700103163719177,
      0.8679934740066528,
      0.8686817288398743,
      0.8702449798583984,
      0.8728459477424622,
      0.8699737191200256,
      0.8679844737052917,
      0.8747701644897461,
      0.8710060715675354,
      0.8729571104049683,
      0.8705289959907532,
      0.8733250498771667,
      0.8760294318199158,
      0.8747382164001465,
      0.8741686940193176,
      0.8748394250869751,
      0.8734346628189087,
      0.8780144453048706,
      0.8788315057754517,
      0.8758147954940796,
      0.8796834945678711,
      0.879657506942749,
      0.8769435286521912,
      0.8784714341163635,
      0.8784556984901428,
      0.873884379863739,
      0.8776633143424988,
      0.8812512159347534,
      0.8785252571105957,
      0.8791891932487488,
      0.8813153505325317,
      0.8807736039161682,
      0.8821663856506348,
      0.8804003000259399,
      0.879945695400238,
      0.8728523850440979,
      0.8774318099021912,
      0.8749575614929199,
      0.8732359409332275,
      0.873245120048523,
      0.8707884550094604,
      0.8699130415916443,
      0.869027853012085,
      0.8677799105644226,
      0.8695647716522217,
      0.8679294586181641,
      0.8673239946365356,
      0.8669363260269165,
      0.8688229918479919,
      0.8653034567832947,
      0.8653295636177063,
      0.8639349341392517,
      0.864801824092865,
      0.8669617176055908,
      0.8652205467224121,
      0.8648654818534851,
      0.8669365644454956,
      0.8677606582641602,
      0.868631899356842,
      0.8658037185668945,
      0.8632815480232239,
      0.8658964037895203,
      0.8673175573348999,
      0.8693645596504211,
      0.8644117116928101,
      0.8650169372558594,
      0.8655296564102173,
      0.8639642000198364,
      0.8625263571739197,
      0.862464189529419,
      0.8618459701538086,
      0.8595243692398071,
      0.8606907725334167,
      0.8588823676109314,
      0.8555528521537781,
      0.8544865846633911,
      0.8548761010169983,
      0.8539683222770691,
      0.8512380123138428,
      0.8509957790374756,
      0.8507992625236511,
      0.8465662598609924,
      0.8484829664230347,
      0.8475661277770996,
      0.8467402458190918,
      0.845914363861084,
      0.8482211828231812,
      0.8435856103897095,
      0.8428165316581726,
      0.840177595615387,
      0.8406487703323364,
      0.8361957669258118,
      0.8363395929336548,
      0.831769585609436,
      0.8328532576560974,
      0.8307713866233826,
      0.8276569247245789,
      0.8250704407691956,
      0.8207958936691284,
      0.8208305835723877,
      0.8194206953048706,
      0.8197961449623108,
      0.8172202110290527,
      0.8166741728782654,
      0.8152627944946289,
      0.8149939775466919,
      0.8150157332420349,
      0.8124434947967529,
      0.8126112222671509,
      0.810700535774231,
      0.8092368841171265,
      0.8100352883338928,
      0.8075742721557617,
      0.8080135583877563,
      0.8091624975204468,
      0.8049225807189941,
      0.8045623302459717,
      0.8055585622787476,
      0.8024718761444092,
      0.8031689524650574,
      0.8008110523223877,
      0.8003633618354797,
      0.7956522107124329,
      0.7956603765487671,
      0.7941480875015259,
      0.7898674011230469,
      0.789591372013092,
      0.7891476154327393,
      0.7875750064849854,
      0.7832775712013245,
      0.7836936116218567,
      0.780974805355072,
      0.7784567475318909,
      0.7791533470153809,
      0.778269350528717,
      0.777517557144165,
      0.7768058180809021,
      0.7760320901870728,
      0.7744396328926086,
      0.7741835713386536,
      0.7718377709388733,
      0.7748916149139404,
      0.7712976336479187,
      0.7691553235054016,
      0.7672561407089233,
      0.7663472890853882,
      0.7642112970352173,
      0.7640081644058228,
      0.7616758346557617,
      0.76286381483078,
      0.7593146562576294,
      0.7598506808280945,
      0.7596288919448853,
      0.759065568447113,
      0.7572733759880066,
      0.7595689296722412,
      0.7559694647789001,
      0.7581783533096313,
      0.7586416006088257,
      0.7567171454429626,
      0.7588154077529907,
      0.7603034973144531,
      0.763146698474884,
      0.7625772356987,
      0.7654874324798584,
      0.7689601182937622,
      0.7705063819885254,
      0.7707474827766418,
      0.7720995545387268,
      0.7749605178833008,
      0.7781591415405273,
      0.7783828973770142,
      0.7821859121322632,
      0.7834164500236511,
      0.7830221056938171,
      0.7827174663543701,
      0.7828022241592407,
      0.7838971018791199,
      0.7859602570533752,
      0.7856555581092834,
      0.7841030359268188,
      0.7844179272651672,
      0.7845373153686523,
      0.7845947742462158,
      0.7850287556648254,
      0.7851976156234741,
      0.7838481068611145,
      0.7842923998832703,
      0.7834327816963196,
      0.7877788543701172,
      0.7849729657173157,
      0.7847279906272888,
      0.7891393899917603,
      0.7870132327079773,
      0.7890693545341492,
      0.7896722555160522,
      0.7910227179527283,
      0.7921770811080933,
      0.7934044599533081,
      0.7955684661865234,
      0.7955081462860107,
      0.7966745495796204,
      0.8000385165214539,
      0.8006881475448608,
      0.8005313873291016,
      0.7998059391975403,
      0.799274206161499,
      0.8000086545944214,
      0.8010190725326538,
      0.799238920211792,
      0.8008807897567749,
      0.797264814376831,
      0.798735499382019,
      0.7985953092575073,
      0.7955837845802307,
      0.7970155477523804,
      0.7958406209945679,
      0.7942085862159729,
      0.7950252294540405,
      0.797242283821106,
      0.798810601234436,
      0.7981361150741577,
      0.7977648973464966,
      0.7995334267616272,
