{
  "config": {
    "early_stopping": true,
    "epochs": 601,
    "expert_lr": 0.00275264,
    "expert_momentum": 0.85294,
    "expert_num": 8,
    "expert_weight_decay": 0.0001,
    "load_balancing": false,
    "ns_steps": 10,
    "optimizer_family": "muon",
    "router_lr": 0.01739433,
    "router_momentum": 0.929671,
    "router_weight_decay": 1e-05
  },
  "eval_metrics": {
    "accuracy": 93.78125,
    "dispatch_counts": [
      [
        412.0,
        19.0,
        50.0,
        291.0,
        23.0,
        2.0,
        5.0,
        27.0
      ],
      [
        62.0,
        284.0,
        140.0,
        7.0,
        64.0,
        186.0,
        11.0,
        25.0
      ],
      [
        44.0,
        2.0,
        3.0,
        34.0,
        42.0,
        106.0,
        162.0,
        419.0
      ],
      [
        87.0,
        12.0,
        197.0,
        8.0,
        303.0,
        10.0,
        143.0,
        20.0
      ]
    ],
    "entropy": 0.7823596000671387,
    "loss": 0.3754484951496124,
    "runtime_seconds": 0.008418107870966196,
    "split": "validation"
  },
  "fold_index": 1,
  "mode": "nonlinear",
  "seed": 20012,
  "setting": 2,
  "total_runtime_seconds": 19.302695299964398,
  "train_metrics": {
    "dispatch_counts": [
      [
        1619.0,
        66.0,
        258.0,
        1139.0,
        71.0,
        15.0,
        16.0,
        130.0
      ],
      [
        272.0,
        1199.0,
        524.0,
        44.0,
        208.0,
        758.0,
        42.0,
        71.0
      ],
      [
        242.0,
        6.0,
        21.0,
        150.0,
        125.0,
        430.0,
        597.0,
        1679.0
      ],
      [
        358.0,
        33.0,
        743.0,
        26.0,
        1216.0,
        49.0,
        600.0,
        93.0
      ]
    ],
    "entropy_record": [
      1.3853356838226318,
      1.3053001165390015,
      1.1659369468688965,
      1.0030394792556763,
      0.9135640263557434,
      0.8755166530609131,
      0.8225043416023254,
      0.7888361811637878,
      0.7682475447654724,
      0.7537540793418884,
      0.7564223408699036,
      0.756344735622406,
      0.761782169342041,
      0.7596628069877625,
      0.7567726969718933,
      0.762848973274231,
      0.7680291533470154,
      0.7647868990898132,
      0.7676296234130859,
      0.7610809206962585,
      0.7619961500167847,
      0.764596164226532,
      0.7683455944061279,
      0.7657084465026855,
      0.7728643417358398,
      0.7704716324806213,
      0.7714085578918457,
      0.7677424550056458,
      0.7701054215431213,
      0.7706782817840576,
      0.7763647437095642,
      0.7732139229774475,
      0.775353193283081,
      0.7752358913421631,
      0.7765263915061951,
      0.7760483026504517,
      0.7743223309516907,
      0.7766408920288086,
      0.7772319316864014,
      0.7743067145347595,
      0.7783192992210388,
      0.774881899356842,
      0.7768886685371399,
      0.7717249989509583,
      0.7732014060020447,
      0.774491548538208,
      0.7739821672439575,
      0.7713041305541992,
      0.7695674300193787,
      0.7694664001464844,
      0.7711150050163269,
      0.7669658064842224,
      0.7681531310081482,
      0.7674937844276428,
      0.7648163437843323,
      0.7665620446205139,
      0.7635676860809326,
      0.7640642523765564,
      0.7633307576179504,
      0.7618016004562378,
      0.7643132209777832,
      0.7617191672325134,
      0.760550320148468,
      0.7587336301803589,
      0.7587593793869019,
      0.7612826824188232,
      0.7608183026313782,
      0.7592939138412476,
      0.7586840987205505,
      0.7580074667930603,
      0.7618833780288696,
      0.7575267553329468,
      0.7616115808486938,
      0.7591477632522583,
      0.7575711607933044,
      0.7592863440513611,
      0.7578640580177307,
      0.7570423483848572,
      0.7592863440513611,
      0.7598033547401428,
      0.7591089010238647,
      0.7583410143852234,
      0.7564685344696045,
      0.7574965357780457,
      0.7555834650993347,
      0.7582261562347412,
      0.7552455067634583,
      0.7556029558181763,
      0.7557345628738403,
      0.7561755776405334,
      0.7547538876533508,
      0.756247878074646,
      0.7556965947151184,
      0.7570130825042725,
      0.7542152404785156,
      0.7565827965736389,
      0.7541396021842957,
      0.7553377747535706,
      0.7563534379005432,
      0.7542805671691895,
      0.7559775114059448,
      0.7564423084259033,
      0.7545051574707031,
      0.7528994083404541,
      0.7531502842903137,
      0.7548072934150696,
      0.7560572624206543,
      0.755512535572052,
      0.7570514678955078,
      0.7547935843467712,
      0.7560611963272095,
      0.7541864514350891,
      0.7560468316078186,
      0.7567978501319885,
      0.7559261918067932,
      0.7568895220756531,
      0.7571495175361633,
      0.7558041214942932,
      0.7569850087165833,
      0.7564467787742615,
      0.7570977210998535,
      0.7577847838401794,
      0.756479799747467,
      0.7570117712020874,
      0.7564550638198853,
      0.7593305706977844,
      0.7593538761138916,
      0.7574270367622375,
      0.7578390836715698,
      0.7578331232070923,
      0.7596396803855896,
      0.7585981488227844,
      0.758937656879425,
      0.7585802674293518,
      0.7585534453392029,
      0.7595579624176025,
      0.7604854702949524,
      0.7607812881469727,
      0.7588861584663391,
      0.7589988708496094,
      0.7584790587425232,
      0.757442831993103,
      0.7561383247375488,
      0.7544589638710022,
      0.7543627619743347,
      0.7546463012695312,
      0.7526710033416748,
      0.7537160515785217,
      0.7515845894813538,
      0.7509999871253967,
      0.749901294708252,
      0.7490702271461487,
      0.7476324439048767,
      0.7469700574874878,
      0.7451268434524536,
      0.7444680333137512,
      0.7422993779182434,
      0.7430644035339355,
      0.7395387291908264,
      0.7379364371299744,
      0.7375272512435913,
      0.7367367744445801,
      0.737255871295929,
      0.7369380593299866,
      0.7334991693496704,
      0.7352191805839539,
      0.7326772212982178,
      0.732947051525116,
      0.7333567142486572,
      0.7347570657730103,
      0.7346246242523193,
      0.7366431951522827,
      0.734745442867279,
      0.7355208396911621,
      0.7373429536819458,
      0.7392370700836182,
      0.7407424449920654,
      0.7446558475494385,
      0.7438069581985474,
      0.7459104061126709,
      0.7467455863952637,
      0.7472283244132996,
      0.7485893368721008,
      0.7482738494873047,
      0.7474241256713867,
      0.7499901056289673,
      0.7500048279762268,
      0.7530772089958191,
      0.755342423915863,
      0.7576731443405151,
      0.7596862316131592,
      0.757095217704773,
      0.7571137547492981,
      0.7568567991256714,
      0.7582200169563293,
      0.7606791853904724,
      0.7593525052070618,
      0.7622643113136292,
      0.7659109830856323,
      0.7647746205329895,
      0.7655112743377686,
      0.7669271230697632,
      0.767740786075592,
      0.7686786651611328,
      0.7678106427192688,
      0.7705149054527283,
      0.7732528448104858,
      0.773015022277832,
      0.77654629945755,
      0.7777349352836609,
      0.7783790230751038,
      0.7801219820976257,
      0.7783733010292053,
      0.7777080535888672,
      0.7794731855392456,
      0.7782072424888611,
      0.7786244750022888,
      0.7795310020446777,
      0.7808523774147034,
      0.7832000851631165,
      0.7851771116256714,
      0.7839398980140686,
      0.7862138748168945,
      0.7862482666969299,
      0.7879326939582825
    ],
    "epochs_ran": 225,
    "final_entropy": 0.7879326939582825,
    "final_loss": 0.3752143085002899,
    "plot_diagnostics": null,
    "runtime_seconds": 19.294277192093432
  }
}