{
  "config": {
    "early_stopping": true,
    "epochs": 601,
    "expert_lr": 0.00197893,
    "expert_momentum": 0.884632,
    "expert_num": 8,
    "expert_weight_decay": 0.0001,
    "load_balancing": false,
    "ns_steps": 5,
    "optimizer_family": "muon",
    "router_lr": 0.04136362,
    "router_momentum": 0.900314,
    "router_weight_decay": 0.001
  },
  "eval_metrics": {
    "accuracy": 95.4375,
    "dispatch_counts": [
      [
        7.0,
        11.0,
        372.0,
        6.0,
        0.0,
        7.0,
        4.0,
        421.0
      ],
      [
        10.0,
        3.0,
        2.0,
        379.0,
        0.0,
        374.0,
        5.0,
        7.0
      ],
      [
        48.0,
        14.0,
        32.0,
        31.0,
        236.0,
        31.0,
        405.0,
        15.0
      ],
      [
        381.0,
        370.0,
        3.0,
        4.0,
        0.0,
        6.0,
        7.0,
        9.0
      ]
    ],
    "entropy": 0.3359384536743164,
    "loss": 0.3588865399360657,
    "runtime_seconds": 0.0077052307315170765,
    "split": "validation"
  },
  "fold_index": 0,
  "mode": "nonlinear",
  "seed": 40811,
  "setting": 4,
  "total_runtime_seconds": 24.156811505090445,
  "train_metrics": {
    "dispatch_counts": [
      [
        27.0,
        49.0,
        1472.0,
        31.0,
        0.0,
        44.0,
        27.0,
        1665.0
      ],
      [
        32.0,
        21.0,
        11.0,
        1519.0,
        1.0,
        1497.0,
        18.0,
        18.0
      ],
      [
        149.0,
        79.0,
        108.0,
        83.0,
        1044.0,
        105.0,
        1615.0,
        67.0
      ],
      [
        1546.0,
        1476.0,
        14.0,
        12.0,
        0.0,
        25.0,
        15.0,
        30.0
      ]
    ],
    "entropy_record": [
      1.385393500328064,
      1.0801982879638672,
      0.8057873249053955,
      0.6642469167709351,
      0.6097018718719482,
      0.5942719578742981,
      0.5655378699302673,
      0.5368474721908569,
      0.49621841311454773,
      0.4802953600883484,
      0.4599906802177429,
      0.43713825941085815,
      0.4059480130672455,
      0.3866223096847534,
      0.3673829734325409,
      0.3532659113407135,
      0.3405636250972748,
      0.32597482204437256,
      0.3203151226043701,
      0.31134873628616333,
      0.30362391471862793,
      0.2979590594768524,
      0.29212599992752075,
      0.28745120763778687,
      0.28262633085250854,
      0.2807210385799408,
      0.27805012464523315,
      0.27639177441596985,
      0.2760423719882965,
      0.2725678086280823,
      0.2712974548339844,
      0.2697141170501709,
      0.26865631341934204,
      0.2664182484149933,
      0.26433679461479187,
      0.26400327682495117,
      0.26285678148269653,
      0.2587587237358093,
      0.26175084710121155,
      0.2602674067020416,
      0.259716272354126,
      0.25882986187934875,
      0.2587912678718567,
      0.2585252523422241,
      0.25891634821891785,
      0.25761929154396057,
      0.2593470811843872,
      0.2583054006099701,
      0.2581717073917389,
      0.256632924079895,
      0.2572108507156372,
      0.2576989531517029,
      0.256833553314209,
      0.2552673816680908,
      0.2543365955352783,
      0.2558228373527527,
      0.2542222738265991,
      0.2535541355609894,
      0.25141286849975586,
      0.2534014582633972,
      0.2511115074157715,
      0.25364792346954346,
      0.2513914108276367,
      0.2515561878681183,
      0.250749796628952,
      0.252738893032074,
      0.24927088618278503,
      0.2507674992084503,
      0.251235693693161,
      0.2496507167816162,
      0.2521980106830597,
      0.25239208340644836,
      0.2504153549671173,
      0.252831369638443,
      0.25255221128463745,
      0.2516878843307495,
      0.2509150207042694,
      0.24953009188175201,
      0.25119057297706604,
      0.2517036497592926,
      0.25170648097991943,
      0.25090306997299194,
      0.24990151822566986,
      0.2535325586795807,
      0.250093549489975,
      0.25175943970680237,
      0.25331592559814453,
      0.2501465380191803,
      0.25324440002441406,
      0.25216999650001526,
      0.25287580490112305,
      0.25296106934547424,
      0.25256651639938354,
      0.25288814306259155,
      0.2526768445968628,
      0.25241929292678833,
      0.2513318657875061,
      0.25160449743270874,
      0.2515328824520111,
      0.25249049067497253,
      0.2535441517829895,
      0.2523342967033386,
      0.25035497546195984,
      0.25100991129875183,
      0.2531075179576874,
      0.252048134803772,
      0.2525254189968109,
      0.251691997051239,
      0.25214651226997375,
      0.252213716506958,
      0.25066468119621277,
      0.2522352933883667,
      0.251112163066864,
      0.2515154480934143,
      0.2529633939266205,
      0.253508985042572,
      0.2512008249759674,
      0.2522190511226654,
      0.2525988817214966,
      0.25228700041770935,
      0.2524133324623108,
      0.2517349421977997,
      0.2514279782772064,
      0.25147196650505066,
      0.25260478258132935,
      0.2515261173248291,
      0.25055909156799316,
      0.2516346573829651,
      0.2519814372062683,
      0.24907253682613373,
      0.25051990151405334,
      0.24945934116840363,
      0.2503962516784668,
      0.2481202781200409,
      0.24708077311515808,
      0.24696101248264313,
      0.24662277102470398,
      0.24414171278476715,
      0.2452956736087799,
      0.24371524155139923,
      0.24280144274234772,
      0.24244019389152527,
      0.2411954700946808,
      0.24033352732658386,
      0.23981083929538727,
      0.23817047476768494,
      0.23862868547439575,
      0.23720936477184296,
      0.23862847685813904,
      0.2380131185054779,
      0.23895195126533508,
      0.23759672045707703,
      0.2384657859802246,
      0.23925811052322388,
      0.24002529680728912,
      0.23989009857177734,
      0.24050232768058777,
      0.241357684135437,
      0.24049676954746246,
      0.24069544672966003,
      0.23947079479694366,
      0.2390325516462326,
      0.23834966123104095,
      0.23962977528572083,
      0.2395767718553543,
      0.24018138647079468,
      0.2388678640127182,
      0.23919248580932617,
      0.24067552387714386,
      0.24208401143550873,
      0.2435096800327301,
      0.24348723888397217,
      0.24197186529636383,
      0.2409925013780594,
      0.24303174018859863,
      0.24186226725578308,
      0.2438696026802063,
      0.24371743202209473,
      0.24297824501991272,
      0.24283325672149658,
      0.24139420688152313,
      0.24096789956092834,
      0.24087494611740112,
      0.24138784408569336,
      0.24157384037971497,
      0.24161556363105774,
      0.24280405044555664,
      0.24175003170967102,
      0.24231761693954468,
      0.24135662615299225,
      0.24092936515808105,
      0.24183344841003418,
      0.24019354581832886,
      0.2427612841129303,
      0.24226023256778717,
      0.24335484206676483,
      0.24382337927818298,
      0.2469440996646881,
      0.24806593358516693,
      0.2498553991317749,
      0.2503214478492737,
      0.25118961930274963,
      0.251975953578949,
      0.25292250514030457,
      0.2555825710296631,
      0.25597965717315674,
      0.25686562061309814,
      0.2586830258369446,
      0.26152822375297546,
      0.26090818643569946,
      0.26013344526290894,
      0.2612007260322571,
      0.2615654170513153,
      0.2633240222930908,
      0.26342833042144775,
      0.26421576738357544,
      0.26325708627700806,
      0.2636406421661377,
      0.2654402554035187,
      0.26629918813705444,
      0.26609885692596436,
      0.2675779461860657,
      0.26618093252182007,
      0.26783645153045654,
      0.2692627012729645,
      0.2679755687713623,
      0.26963430643081665,
      0.27006760239601135,
      0.27038225531578064,
      0.27056992053985596,
      0.27064692974090576,
      0.27265214920043945,
      0.2727930247783661,
