{
  "config": {
    "early_stopping": true,
    "epochs": 601,
    "expert_lr": 0.00197893,
    "expert_momentum": 0.884632,
    "expert_num": 8,
    "expert_weight_decay": 0.0001,
    "load_balancing": false,
    "ns_steps": 5,
    "optimizer_family": "muon",
    "router_lr": 0.04136362,
    "router_momentum": 0.900314,
    "router_weight_decay": 0.001
  },
  "eval_metrics": {
    "accuracy": 94.6875,
    "dispatch_counts": [
      [
        78.0,
        33.0,
        4.0,
        21.0,
        0.0,
        34.0,
        431.0,
        228.0
      ],
      [
        47.0,
        14.0,
        0.0,
        379.0,
        0.0,
        26.0,
        15.0,
        298.0
      ],
      [
        9.0,
        401.0,
        0.0,
        0.0,
        0.0,
        400.0,
        0.0,
        3.0
      ],
      [
        417.0,
        14.0,
        285.0,
        4.0,
        0.0,
        41.0,
        8.0,
        10.0
      ]
    ],
    "entropy": 0.5263106226921082,
    "loss": 0.36640143394470215,
    "runtime_seconds": 0.007536911405622959,
    "split": "validation"
  },
  "fold_index": 3,
  "mode": "nonlinear",
  "seed": 40814,
  "setting": 4,
  "total_runtime_seconds": 14.345229268074036,
  "train_metrics": {
    "dispatch_counts": [
      [
        280.0,
        128.0,
        0.0,
        87.0,
        0.0,
        161.0,
        1718.0,
        940.0
      ],
      [
        210.0,
        78.0,
        0.0,
        1473.0,
        0.0,
        77.0,
        61.0,
        1219.0
      ],
      [
        48.0,
        1580.0,
        0.0,
        2.0,
        0.0,
        1597.0,
        1.0,
        21.0
      ],
      [
        1623.0,
        71.0,
        1188.0,
        20.0,
        0.0,
        132.0,
        32.0,
        53.0
      ]
    ],
    "entropy_record": [
      1.385277509689331,
      1.1920379400253296,
      1.0003807544708252,
      0.8617584109306335,
      0.8053445219993591,
      0.7597206830978394,
      0.7239749431610107,
      0.6888905167579651,
      0.6684049367904663,
      0.650079607963562,
      0.6330337524414062,
      0.6141995191574097,
      0.5960789322853088,
      0.5828933715820312,
      0.565794050693512,
      0.5517255663871765,
      0.542372465133667,
      0.5335545539855957,
      0.5316016674041748,
      0.5249922275543213,
      0.5246299505233765,
      0.5197335481643677,
      0.5194674730300903,
      0.5195662975311279,
      0.5144753456115723,
      0.5160602927207947,
      0.5161272287368774,
      0.5177389979362488,
      0.5150446891784668,
      0.5143417119979858,
      0.5189845561981201,
      0.5180960893630981,
      0.5165162086486816,
      0.5241798162460327,
      0.521228551864624,
      0.5225400924682617,
      0.5212022066116333,
      0.5233098268508911,
      0.5241790413856506,
      0.5228461027145386,
      0.5262805223464966,
      0.5256922841072083,
      0.5239551663398743,
      0.5259995460510254,
      0.5282896757125854,
      0.5283432006835938,
      0.5268687009811401,
      0.5307062864303589,
      0.5307480692863464,
      0.5320475697517395,
      0.5312522053718567,
      0.5298562049865723,
      0.5316921472549438,
      0.5338425040245056,
      0.5332211256027222,
      0.5357292890548706,
      0.534060537815094,
      0.5341259241104126,
      0.5335900783538818,
      0.5349668264389038,
      0.5338013768196106,
      0.5325149297714233,
      0.5353186130523682,
      0.5338659286499023,
      0.5338020324707031,
      0.5333845019340515,
      0.5327513217926025,
      0.5315539240837097,
      0.5313906073570251,
      0.5339471101760864,
      0.5345360040664673,
      0.533595621585846,
      0.531917929649353,
      0.5326026082038879,
      0.5319263339042664,
      0.5300531387329102,
      0.5298524498939514,
      0.5251142382621765,
      0.5239729285240173,
      0.5209254622459412,
      0.5181861519813538,
      0.5185359120368958,
      0.5182175040245056,
      0.5168667435646057,
      0.5164309740066528,
      0.5159463882446289,
      0.5113666653633118,
      0.5136987566947937,
      0.5101432800292969,
      0.510506272315979,
      0.5066013932228088,
      0.5075352191925049,
      0.5057691931724548,
      0.5052103996276855,
      0.5039799213409424,
      0.5007596015930176,
      0.4999561011791229,
      0.49795961380004883,
      0.499424010515213,
      0.4972100257873535,
      0.49565184116363525,
      0.49372515082359314,
      0.49422919750213623,
      0.4935494065284729,
      0.49315929412841797,
      0.4937896132469177,
      0.49450910091400146,
      0.4938391447067261,
      0.49399399757385254,
      0.4929535388946533,
      0.490945428609848,
      0.493021160364151,
      0.4912513494491577,
      0.48757708072662354,
      0.4860873222351074,
      0.48459649085998535,
      0.4817925691604614,
      0.48105746507644653,
      0.4838309586048126,
      0.4838704466819763,
      0.48335617780685425,
      0.47986167669296265,
      0.4803576171398163,
      0.48012757301330566,
      0.48034054040908813,
      0.47922277450561523,
      0.4778696894645691,
      0.47563862800598145,
      0.47317278385162354,
      0.47245344519615173,
      0.47375065088272095,
      0.4762706756591797,
      0.47579795122146606,
      0.478127658367157,
      0.47604215145111084,
      0.4768611788749695,
      0.4762934446334839,
      0.4792255461215973,
      0.48119640350341797,
      0.48131778836250305,
      0.48254817724227905,
      0.4834897518157959,
      0.4845947027206421,
      0.4844393730163574,
      0.4863405227661133,
      0.4863670766353607,
      0.4868221879005432,
      0.48931437730789185,
      0.4902213513851166,
      0.493314653635025,
      0.494107723236084,
      0.4962007403373718,
      0.49763453006744385,
      0.5032305717468262,
      0.5052764415740967,
      0.5071051716804504,
      0.5092318058013916,
      0.5106727480888367,
      0.5152363777160645,
      0.5165542960166931,
      0.5179789066314697,
      0.5215698480606079,
      0.52324378490448,
      0.5261895656585693,
      0.529447078704834,
      0.5334142446517944,
      0.5368375182151794,
      0.535733699798584,
      0.5365910530090332
    ],
    "epochs_ran": 169,
    "final_entropy": 0.5365910530090332,
    "final_loss": 0.3617715537548065,
    "plot_diagnostics": null,
    "runtime_seconds": 14.337692356668413
  }
}