{
  "config": {
    "early_stopping": true,
    "epochs": 601,
    "expert_lr": 0.00197893,
    "expert_momentum": 0.884632,
    "expert_num": 8,
    "expert_weight_decay": 0.0001,
    "load_balancing": false,
    "ns_steps": 5,
    "optimizer_family": "muon",
    "router_lr": 0.04136362,
    "router_momentum": 0.900314,
    "router_weight_decay": 0.001
  },
  "eval_metrics": {
    "accuracy": 96.28125,
    "dispatch_counts": [
      [
        7.0,
        305.0,
        1.0,
        2.0,
        0.0,
        146.0,
        287.0,
        81.0
      ],
      [
        4.0,
        28.0,
        550.0,
        19.0,
        8.0,
        6.0,
        3.0,
        161.0
      ],
      [
        29.0,
        11.0,
        2.0,
        46.0,
        258.0,
        332.0,
        8.0,
        126.0
      ],
      [
        362.0,
        4.0,
        0.0,
        4.0,
        0.0,
        184.0,
        0.0,
        226.0
      ]
    ],
    "entropy": 0.626959502696991,
    "loss": 0.3504490554332733,
    "runtime_seconds": 0.007996545173227787,
    "split": "validation"
  },
  "fold_index": 1,
  "mode": "nonlinear",
  "seed": 40812,
  "setting": 4,
  "total_runtime_seconds": 15.048006276134402,
  "train_metrics": {
    "dispatch_counts": [
      [
        39.0,
        1232.0,
        2.0,
        1.0,
        6.0,
        579.0,
        1151.0,
        304.0
      ],
      [
        22.0,
        145.0,
        2195.0,
        74.0,
        35.0,
        27.0,
        11.0,
        609.0
      ],
      [
        108.0,
        63.0,
        13.0,
        187.0,
        1031.0,
        1295.0,
        26.0,
        527.0
      ],
      [
        1429.0,
        19.0,
        0.0,
        3.0,
        2.0,
        692.0,
        0.0,
        973.0
      ]
    ],
    "entropy_record": [
      1.385132074356079,
      1.153356671333313,
      1.0347239971160889,
      0.8922700881958008,
      0.8285592794418335,
      0.7736270427703857,
      0.7417061924934387,
      0.7143445611000061,
      0.6974189877510071,
      0.6868694424629211,
      0.6792131662368774,
      0.6726635098457336,
      0.6543338894844055,
      0.6470995545387268,
      0.6351213455200195,
      0.620071530342102,
      0.6022136807441711,
      0.5939818620681763,
      0.5873141288757324,
      0.5844353437423706,
      0.5828560590744019,
      0.5795120596885681,
      0.5747391581535339,
      0.565964937210083,
      0.5623095035552979,
      0.5535904169082642,
      0.5516306757926941,
      0.5421144962310791,
      0.5385787487030029,
      0.5325146913528442,
      0.5311685800552368,
      0.5292050242424011,
      0.5248751640319824,
      0.5225705504417419,
      0.5224613547325134,
      0.5162143111228943,
      0.5162122845649719,
      0.515992283821106,
      0.5139560699462891,
      0.5131739377975464,
      0.5123515129089355,
      0.5114531517028809,
      0.5158674120903015,
      0.5127270221710205,
      0.5151657462120056,
      0.5168539881706238,
      0.5172615051269531,
      0.5165395140647888,
      0.5159749984741211,
      0.5149286985397339,
      0.5179653167724609,
      0.5186153054237366,
      0.5170343518257141,
      0.5188469886779785,
      0.5202175974845886,
      0.5207629203796387,
      0.5219275951385498,
      0.5236998200416565,
      0.5232477188110352,
      0.5235180854797363,
      0.5258872509002686,
      0.5247271656990051,
      0.5263840556144714,
      0.5281422138214111,
      0.5266293287277222,
      0.5300952196121216,
      0.5296071767807007,
      0.5295911431312561,
      0.5298042893409729,
      0.5300353169441223,
      0.5312354564666748,
      0.5322278141975403,
      0.5299437046051025,
      0.5320067405700684,
      0.5323835015296936,
      0.5321009159088135,
      0.5319246053695679,
      0.534756064414978,
      0.5329635143280029,
      0.5312095880508423,
      0.5303547978401184,
      0.5356453061103821,
      0.5336210131645203,
      0.534422755241394,
      0.5333661437034607,
      0.5343656539916992,
      0.5358467102050781,
      0.5338929891586304,
      0.5363194942474365,
      0.5380894541740417,
      0.5367653369903564,
      0.5372735857963562,
      0.5379484295845032,
      0.5383310317993164,
      0.5413444638252258,
      0.5421510934829712,
      0.5429444909095764,
      0.5438192486763,
      0.5453007221221924,
      0.5460402369499207,
      0.5461199879646301,
      0.544429361820221,
      0.546076238155365,
      0.5452455282211304,
      0.542901337146759,
      0.543890655040741,
      0.5437864661216736,
      0.5438051819801331,
      0.5414126515388489,
      0.5382927656173706,
      0.5368732213973999,
      0.5375350713729858,
      0.5367763042449951,
      0.5375774502754211,
      0.5351263880729675,
      0.5318750739097595,
      0.5323162078857422,
      0.5299127697944641,
      0.5327123403549194,
      0.5296536684036255,
      0.531837522983551,
      0.5290610790252686,
      0.5290704369544983,
      0.5281010866165161,
      0.5276627540588379,
      0.5282832384109497,
      0.5284083485603333,
      0.5284827351570129,
      0.5294203162193298,
      0.5272438526153564,
      0.528321385383606,
      0.5271809101104736,
      0.5311620831489563,
      0.5277806520462036,
      0.5277515649795532,
      0.5281063318252563,
      0.5286394953727722,
      0.5310075283050537,
      0.531124472618103,
      0.5337746739387512,
      0.5356703400611877,
      0.5364518165588379,
      0.5399393439292908,
      0.5410558581352234,
      0.5427849888801575,
      0.5460466742515564,
      0.5462902784347534,
      0.5489420890808105,
      0.5519194006919861,
      0.5538655519485474,
      0.5553002953529358,
      0.5564440488815308,
      0.5582727789878845,
      0.5610496401786804,
      0.5622605085372925,
      0.5661340355873108,
      0.5681301355361938,
      0.5723249912261963,
      0.5761169195175171,
      0.5776342153549194,
      0.5808379054069519,
      0.5829955339431763,
      0.5873794555664062,
      0.5919147729873657,
      0.5941895246505737,
      0.6008639335632324,
      0.6025259494781494,
      0.6060934066772461,
      0.6128758192062378,
      0.6167649626731873,
      0.6170367002487183,
      0.6190755367279053,
      0.6218625903129578,
      0.6245512366294861,
      0.6262961030006409,
      0.6310163736343384,
      0.6358587145805359
    ],
    "epochs_ran": 177,
    "final_entropy": 0.6358587145805359,
    "final_loss": 0.35248035192489624,
    "plot_diagnostics": null,
    "runtime_seconds": 15.040009730961174
  }
}