{
  "config": {
    "early_stopping": true,
    "epochs": 601,
    "expert_lr": 0.00197893,
    "expert_momentum": 0.884632,
    "expert_num": 8,
    "expert_weight_decay": 0.0001,
    "load_balancing": false,
    "ns_steps": 5,
    "optimizer_family": "muon",
    "router_lr": 0.04136362,
    "router_momentum": 0.900314,
    "router_weight_decay": 0.001
  },
  "eval_metrics": {
    "accuracy": 94.875,
    "dispatch_counts": [
      [
        411.0,
        6.0,
        20.0,
        0.0,
        337.0,
        4.0,
        8.0,
        43.0
      ],
      [
        3.0,
        372.0,
        8.0,
        0.0,
        3.0,
        5.0,
        385.0,
        3.0
      ],
      [
        2.0,
        7.0,
        405.0,
        0.0,
        32.0,
        359.0,
        6.0,
        2.0
      ],
      [
        25.0,
        11.0,
        18.0,
        260.0,
        22.0,
        114.0,
        25.0,
        304.0
      ]
    ],
    "entropy": 0.40210747718811035,
    "loss": 0.36451151967048645,
    "runtime_seconds": 0.007746432907879353,
    "split": "validation"
  },
  "fold_index": 2,
  "mode": "nonlinear",
  "seed": 40813,
  "setting": 4,
  "total_runtime_seconds": 17.90093980403617,
  "train_metrics": {
    "dispatch_counts": [
      [
        1645.0,
        32.0,
        40.0,
        0.0,
        1321.0,
        19.0,
        51.0,
        206.0
      ],
      [
        31.0,
        1502.0,
        29.0,
        0.0,
        7.0,
        18.0,
        1527.0,
        4.0
      ],
      [
        12.0,
        35.0,
        1607.0,
        1.0,
        152.0,
        1413.0,
        24.0,
        5.0
      ],
      [
        104.0,
        45.0,
        78.0,
        1055.0,
        61.0,
        443.0,
        115.0,
        1218.0
      ]
    ],
    "entropy_record": [
      1.3850302696228027,
      1.0978344678878784,
      0.8528354167938232,
      0.7161973118782043,
      0.6395501494407654,
      0.5756232738494873,
      0.5488459467887878,
      0.5228496789932251,
      0.49960142374038696,
      0.48202550411224365,
      0.4633841812610626,
      0.4539165794849396,
      0.4474923014640808,
      0.43482255935668945,
      0.42808955907821655,
      0.42333757877349854,
      0.41563406586647034,
      0.4098205268383026,
      0.405825138092041,
      0.4009377360343933,
      0.39722901582717896,
      0.395282119512558,
      0.39015519618988037,
      0.38321301341056824,
      0.3877212107181549,
      0.37959617376327515,
      0.37736546993255615,
      0.3761223256587982,
      0.3753644824028015,
      0.3700404763221741,
      0.3681546151638031,
      0.3703087270259857,
      0.3677385449409485,
      0.3675552308559418,
      0.3655855655670166,
      0.36242029070854187,
      0.36290010809898376,
      0.3644806444644928,
      0.3611759543418884,
      0.358293741941452,
      0.35941413044929504,
      0.3607107400894165,
      0.3587247133255005,
      0.35816189646720886,
      0.3580346703529358,
      0.35609114170074463,
      0.3555891215801239,
      0.35365715622901917,
      0.3538059592247009,
      0.35311636328697205,
      0.3536258339881897,
      0.3531186282634735,
      0.3515695035457611,
      0.3520621955394745,
      0.35090550780296326,
      0.3505556881427765,
      0.3487730622291565,
      0.3481638729572296,
      0.3497600257396698,
      0.3490850329399109,
      0.34704461693763733,
      0.3474457859992981,
      0.3457932472229004,
      0.3474328815937042,
      0.3475286364555359,
      0.3489767909049988,
      0.3475976586341858,
      0.34425806999206543,
      0.3455028235912323,
      0.344826340675354,
      0.34424278140068054,
      0.34438496828079224,
      0.3443084955215454,
      0.343606173992157,
      0.3429558277130127,
      0.3451615869998932,
      0.3446999788284302,
      0.34436285495758057,
      0.3430338203907013,
      0.34086689352989197,
      0.3413233757019043,
      0.34143176674842834,
      0.3411267399787903,
      0.34117260575294495,
      0.34132954478263855,
      0.34105923771858215,
      0.3391260504722595,
      0.3411991596221924,
      0.3419187366962433,
      0.3387463092803955,
      0.33935704827308655,
      0.33974021673202515,
      0.3382914662361145,
      0.3400961756706238,
      0.33829227089881897,
      0.3379458487033844,
      0.3385463356971741,
      0.33864492177963257,
      0.3380393981933594,
      0.33877894282341003,
      0.33787864446640015,
      0.3371780812740326,
      0.33752214908599854,
      0.3382948637008667,
      0.33750495314598083,
      0.3374893069267273,
      0.3385942876338959,
      0.33636274933815,
      0.3364972770214081,
      0.3367537558078766,
      0.33649742603302,
      0.33568355441093445,
      0.3367897570133209,
      0.33734625577926636,
      0.3361944556236267,
      0.3358505666255951,
      0.33635997772216797,
      0.3361626863479614,
      0.33675500750541687,
      0.3357399106025696,
      0.33626145124435425,
      0.3349565863609314,
      0.33679914474487305,
      0.33693239092826843,
      0.336180716753006,
      0.33631432056427,
      0.33511608839035034,
      0.33617207407951355,
      0.3358500301837921,
      0.33564332127571106,
      0.3371780514717102,
      0.33663085103034973,
      0.33637160062789917,
      0.33664777874946594,
      0.33655864000320435,
      0.3368056118488312,
      0.336045503616333,
      0.3363254964351654,
      0.33794426918029785,
      0.33657896518707275,
      0.3370474576950073,
      0.33785659074783325,
      0.3380073606967926,
      0.3374331593513489,
      0.3382125496864319,
      0.3389528691768646,
      0.33880096673965454,
      0.3391762375831604,
      0.3387870192527771,
      0.33883363008499146,
      0.3389681577682495,
      0.3389337658882141,
      0.338506281375885,
      0.33923834562301636,
      0.3394719958305359,
      0.34038472175598145,
      0.34008124470710754,
      0.3412613868713379,
      0.3395724296569824,
      0.33959686756134033,
      0.3386279344558716,
      0.3398644030094147,
      0.3398638367652893,
      0.3392515778541565,
      0.33790409564971924,
      0.3392568826675415,
      0.3385944366455078,
      0.338031142950058,
      0.3379639685153961,
      0.33854541182518005,
      0.33884721994400024,
      0.3405790328979492,
      0.341546893119812,
      0.34077024459838867,
      0.3438069820404053,
      0.3461894392967224,
      0.3469499945640564,
      0.34927237033843994,
      0.3487703204154968,
      0.35130664706230164,
      0.354216068983078,
      0.3549186587333679,
      0.356621652841568,
      0.35962775349617004,
      0.35983529686927795,
      0.3615596890449524,
      0.36308446526527405,
      0.36577069759368896,
      0.3680568039417267,
      0.3724149465560913,
      0.37535104155540466,
      0.3754032254219055,
      0.37767305970191956,
      0.37824657559394836,
      0.3809632360935211,
      0.38269510865211487,
      0.384406715631485,
      0.3854796290397644,
      0.3892732262611389,
      0.391332745552063,
      0.3938116133213043,
      0.3963390290737152,
      0.3977656066417694,
      0.3987662196159363,
      0.40036046504974365,
      0.4014599323272705,
      0.4027005136013031,
      0.40321922302246094,
      0.40494033694267273,
      0.40630316734313965,
      0.4103388488292694
    ],
    "epochs_ran": 211,
    "final_entropy": 0.4103388488292694,
    "final_loss": 0.3625584542751312,
    "plot_diagnostics": null,
    "runtime_seconds": 17.89319337112829
  }
}