{
  "config": {
    "early_stopping": true,
    "epochs": 601,
    "expert_lr": 0.00201705,
    "expert_momentum": 0.976348,
    "expert_num": 4,
    "expert_weight_decay": 1e-05,
    "load_balancing": false,
    "ns_steps": 7,
    "optimizer_family": "muon",
    "router_lr": 0.03636273,
    "router_momentum": 0.949932,
    "router_weight_decay": 0.0
  },
  "eval_metrics": {
    "accuracy": 83.15625,
    "dispatch_counts": [
      [
        73.0,
        121.0,
        341.0,
        294.0
      ],
      [
        179.0,
        305.0,
        68.0,
        227.0
      ],
      [
        289.0,
        124.0,
        266.0,
        134.0
      ],
      [
        90.0,
        299.0,
        122.0,
        268.0
      ]
    ],
    "entropy": 1.2828155755996704,
    "loss": 0.48169901967048645,
    "runtime_seconds": 0.004341868218034506,
    "split": "validation"
  },
  "fold_index": 3,
  "mode": "nonlinear",
  "seed": 20214,
  "setting": 2,
  "total_runtime_seconds": 20.61008321121335,
  "train_metrics": {
    "dispatch_counts": [
      [
        314.0,
        479.0,
        1361.0,
        1160.0
      ],
      [
        770.0,
        1177.0,
        245.0,
        926.0
      ],
      [
        1108.0,
        436.0,
        1174.0,
        531.0
      ],
      [
        340.0,
        1187.0,
        507.0,
        1085.0
      ]
    ],
    "entropy_record": [
      1.3849831819534302,
      1.3056108951568604,
      1.2047119140625,
      1.1608490943908691,
      1.1601310968399048,
      1.1598329544067383,
      1.1613075733184814,
      1.1645923852920532,
      1.1569217443466187,
      1.15187668800354,
      1.1437259912490845,
      1.144237995147705,
      1.1439040899276733,
      1.147636890411377,
      1.1445221900939941,
      1.1477978229522705,
      1.1456893682479858,
      1.149949312210083,
      1.1540197134017944,
      1.1594362258911133,
      1.1665633916854858,
      1.174433708190918,
      1.1830005645751953,
      1.188323974609375,
      1.1984577178955078,
      1.2051507234573364,
      1.2121052742004395,
      1.216378927230835,
      1.2212445735931396,
      1.2282371520996094,
      1.2348146438598633,
      1.239144206047058,
      1.2427268028259277,
      1.2473474740982056,
      1.2503901720046997,
      1.2529233694076538,
      1.2551125288009644,
      1.2567628622055054,
      1.2578619718551636,
      1.260362148284912,
      1.2613459825515747,
      1.2616956233978271,
      1.2643067836761475,
      1.2639355659484863,
      1.2655857801437378,
      1.2661099433898926,
      1.2687146663665771,
      1.2686457633972168,
      1.2692625522613525,
      1.269555926322937,
      1.2722665071487427,
      1.2727546691894531,
      1.273259162902832,
      1.2740540504455566,
      1.2746895551681519,
      1.2758393287658691,
      1.2769216299057007,
      1.2760915756225586,
      1.2761664390563965,
      1.278843641281128,
      1.278454065322876,
      1.2785890102386475,
      1.2789075374603271,
      1.2796316146850586,
      1.2783468961715698,
      1.2791337966918945,
      1.2796989679336548,
      1.2810792922973633,
      1.2809267044067383,
      1.2814984321594238,
      1.2817490100860596,
      1.2818775177001953,
      1.282711386680603,
      1.2830455303192139,
      1.2833291292190552,
      1.2837798595428467,
      1.2841413021087646,
      1.2849574089050293,
      1.2849128246307373,
      1.285478949546814,
      1.2853317260742188,
      1.2861313819885254,
      1.2857534885406494,
      1.2864927053451538,
      1.2861273288726807,
      1.2860500812530518,
      1.2865667343139648,
      1.2863755226135254,
      1.2866308689117432,
      1.2866721153259277,
      1.287495493888855,
      1.2872627973556519,
      1.2887678146362305,
      1.2882143259048462,
      1.288628101348877,
      1.288060188293457,
      1.2887550592422485,
      1.2886035442352295,
      1.2889288663864136,
      1.2893613576889038,
      1.288611650466919,
      1.289303183555603,
      1.2891849279403687,
      1.2889049053192139,
      1.289364218711853,
      1.2896203994750977,
      1.2899645566940308,
      1.2896151542663574,
      1.2897799015045166,
      1.2894787788391113,
      1.2895982265472412,
      1.2892755270004272,
      1.2895874977111816,
      1.2891147136688232,
      1.2890233993530273,
      1.2892897129058838,
      1.2895185947418213,
      1.2898831367492676,
      1.2892813682556152,
      1.2895045280456543,
      1.2896846532821655,
      1.2897396087646484,
      1.289531946182251,
      1.2894095182418823,
      1.2893012762069702,
      1.289705514907837,
      1.2901719808578491,
      1.2895021438598633,
      1.2902475595474243,
      1.2901650667190552,
      1.2902027368545532,
      1.2907086610794067,
      1.2908943891525269,
      1.2899787425994873,
      1.2910113334655762,
      1.2909595966339111,
      1.290945053100586,
      1.2909420728683472,
      1.290844202041626,
      1.2911347150802612,
      1.2908647060394287,
      1.2911133766174316,
      1.2912518978118896,
      1.2915425300598145,
      1.2917288541793823,
      1.2915300130844116,
      1.2917035818099976,
      1.2914056777954102,
      1.2918310165405273,
      1.2914255857467651,
      1.292361855506897,
      1.2925689220428467,
      1.2924835681915283,
      1.292656660079956,
      1.2929761409759521,
      1.293025016784668,
      1.2936209440231323,
      1.293618083000183,
      1.293578028678894,
      1.2937418222427368,
      1.2941701412200928,
      1.2941906452178955,
      1.2939083576202393,
      1.2943967580795288,
      1.2947907447814941,
      1.2939388751983643,
      1.293544054031372,
      1.293976068496704,
      1.2938083410263062,
      1.2946332693099976,
      1.2947087287902832,
      1.294689416885376,
      1.2947624921798706,
      1.294987678527832,
      1.2944705486297607,
      1.2946019172668457,
      1.294470191001892,
      1.2946449518203735,
      1.2946149110794067,
      1.294206976890564,
      1.2946386337280273,
      1.294410228729248,
      1.2941560745239258,
      1.2947007417678833,
      1.2943127155303955,
      1.2946906089782715,
      1.2946478128433228,
      1.2951655387878418,
      1.2950040102005005,
      1.2950820922851562,
      1.295287013053894,
      1.2952640056610107,
      1.2954024076461792,
      1.2953433990478516,
      1.2956209182739258,
      1.2955929040908813,
      1.295449137687683,
      1.2957295179367065,
      1.2959367036819458,
      1.2958101034164429,
      1.296011209487915,
      1.2959171533584595,
      1.2958054542541504,
      1.2958686351776123,
      1.2950968742370605,
      1.2949669361114502,
      1.294075608253479,
      1.2943115234375,
      1.293497085571289,
      1.2935022115707397,
      1.2932825088500977,
      1.2930712699890137,
      1.2923718690872192,
      1.291898488998413,
      1.291445016860962,
      1.2907967567443848,
      1.290350079536438,
      1.2894365787506104,
      1.2892403602600098,
      1.2889623641967773,
      1.2887952327728271,
      1.288276195526123,
      1.287752389907837,
      1.2874151468276978,
      1.2871063947677612,
      1.2861279249191284,
      1.285712718963623,
      1.2854194641113281,
      1.2850854396820068,
      1.2847380638122559,
      1.2852084636688232,
      1.285193920135498,
      1.2843581438064575,
      1.2838894128799438,
      1.2842580080032349,
      1.2829300165176392,
      1.2830556631088257,
      1.2822459936141968,
      1.2818363904953003,
      1.2813750505447388,
      1.2810258865356445,
      1.280789852142334,
      1.2810068130493164,
      1.2803651094436646,
      1.2805237770080566,
      1.2803809642791748,
      1.2798829078674316,
      1.2796549797058105,
      1.2797209024429321,
      1.2794156074523926,
      1.2791697978973389,
      1.2787994146347046,
      1.2782279253005981,
      1.2778198719024658,
      1.2770639657974243,
      1.276179552078247,
