{
  "config": {
    "early_stopping": true,
    "epochs": 601,
    "expert_lr": 0.00092859,
    "expert_momentum": 0.935165,
    "expert_num": 8,
    "expert_weight_decay": 1e-05,
    "load_balancing": false,
    "ns_steps": 3,
    "optimizer_family": "muon",
    "router_lr": 0.07253858,
    "router_momentum": 0.968384,
    "router_weight_decay": 0.0001
  },
  "eval_metrics": {
    "accuracy": 87.84375,
    "dispatch_counts": [
      [
        0.0,
        16.0,
        0.0,
        0.0,
        6.0,
        210.0,
        392.0,
        183.0
      ],
      [
        19.0,
        327.0,
        0.0,
        0.0,
        74.0,
        274.0,
        0.0,
        105.0
      ],
      [
        351.0,
        55.0,
        26.0,
        0.0,
        54.0,
        293.0,
        0.0,
        23.0
      ],
      [
        0.0,
        29.0,
        0.0,
        323.0,
        223.0,
        216.0,
        0.0,
        1.0
      ]
    ],
    "entropy": 0.7491278648376465,
    "loss": 0.4348355233669281,
    "runtime_seconds": 0.008594511076807976,
    "split": "validation"
  },
  "fold_index": 2,
  "mode": "nonlinear",
  "seed": 11513,
  "setting": 1,
  "total_runtime_seconds": 5.037253229878843,
  "train_metrics": {
    "dispatch_counts": [
      [
        1.0,
        64.0,
        0.0,
        0.0,
        10.0,
        823.0,
        1599.0,
        731.0
      ],
      [
        74.0,
        1351.0,
        0.0,
        0.0,
        349.0,
        1077.0,
        0.0,
        349.0
      ],
      [
        1371.0,
        188.0,
        118.0,
        0.0,
        234.0,
        1155.0,
        0.0,
        138.0
      ],
      [
        0.0,
        124.0,
        0.0,
        1314.0,
        904.0,
        816.0,
        0.0,
        10.0
      ]
    ],
    "entropy_record": [
      1.385545253753662,
      0.9849767088890076,
      0.719277024269104,
      0.8249804377555847,
      0.7911975979804993,
      0.8054445385932922,
      0.8107537627220154,
      0.8130170106887817,
      0.8087774515151978,
      0.8066042065620422,
      0.8060106635093689,
      0.8097451329231262,
      0.8121312260627747,
      0.8170276880264282,
      0.8135305643081665,
      0.8111218810081482,
      0.8066653609275818,
      0.7992761731147766,
      0.789757251739502,
      0.7809364199638367,
      0.7737979888916016,
      0.7669069170951843,
      0.7600017786026001,
      0.7512018084526062,
      0.7477592825889587,
      0.7420598864555359,
      0.7378318309783936,
      0.7294235825538635,
      0.7262321710586548,
      0.7232115864753723,
      0.7169045805931091,
      0.7114549875259399,
      0.7085398435592651,
      0.7053458094596863,
      0.7052135467529297,
      0.7011487483978271,
      0.6997688412666321,
      0.6980569362640381,
      0.6999624371528625,
      0.7038009762763977,
      0.7057560682296753,
      0.7085291147232056,
      0.711502730846405,
      0.7095359563827515,
      0.7094716429710388,
      0.7111509442329407,
      0.7090179324150085,
      0.7089388370513916,
      0.7096290588378906,
      0.7134500741958618,
      0.7191088199615479,
      0.7202627658843994,
      0.7238377332687378,
      0.7270992398262024,
      0.7293304800987244,
      0.7304812669754028,
      0.7342078685760498,
      0.736933708190918,
      0.740990161895752,
      0.7439313530921936
    ],
    "epochs_ran": 60,
    "final_entropy": 0.7439313530921936,
    "final_loss": 0.4288906753063202,
    "plot_diagnostics": null,
    "runtime_seconds": 5.028658718802035
  }
}