{
  "config": {
    "early_stopping": true,
    "epochs": 601,
    "expert_lr": 0.00092859,
    "expert_momentum": 0.935165,
    "expert_num": 8,
    "expert_weight_decay": 1e-05,
    "load_balancing": false,
    "ns_steps": 3,
    "optimizer_family": "muon",
    "router_lr": 0.07253858,
    "router_momentum": 0.968384,
    "router_weight_decay": 0.0001
  },
  "eval_metrics": {
    "accuracy": 92.125,
    "dispatch_counts": [
      [
        0.0,
        149.0,
        23.0,
        59.0,
        0.0,
        217.0,
        0.0,
        359.0
      ],
      [
        1.0,
        0.0,
        395.0,
        27.0,
        0.0,
        188.0,
        185.0,
        4.0
      ],
      [
        218.0,
        0.0,
        81.0,
        329.0,
        0.0,
        164.0,
        3.0,
        6.0
      ],
      [
        90.0,
        286.0,
        38.0,
        227.0,
        0.0,
        52.0,
        88.0,
        11.0
      ]
    ],
    "entropy": 0.8415951132774353,
    "loss": 0.39201152324676514,
    "runtime_seconds": 0.012083818204700947,
    "split": "validation"
  },
  "fold_index": 3,
  "mode": "nonlinear",
  "seed": 11514,
  "setting": 1,
  "total_runtime_seconds": 50.789948852267116,
  "train_metrics": {
    "dispatch_counts": [
      [
        10.0,
        545.0,
        94.0,
        274.0,
        0.0,
        854.0,
        1.0,
        1450.0
      ],
      [
        16.0,
        0.0,
        1568.0,
        109.0,
        0.0,
        729.0,
        766.0,
        11.0
      ],
      [
        881.0,
        0.0,
        318.0,
        1308.0,
        0.0,
        662.0,
        14.0,
        22.0
      ],
      [
        321.0,
        1116.0,
        124.0,
        1051.0,
        0.0,
        137.0,
        380.0,
        39.0
      ]
    ],
    "entropy_record": [
      1.3856176137924194,
      1.0201386213302612,
      0.8882720470428467,
      0.9415131211280823,
      0.9335266351699829,
      0.9273989796638489,
      0.9292404651641846,
      0.9347835183143616,
      0.9358674883842468,
      0.933388888835907,
      0.9324499368667603,
      0.9297388792037964,
      0.9218762516975403,
      0.9132509231567383,
      0.9052252173423767,
      0.8978959321975708,
      0.8874049782752991,
      0.8813003301620483,
      0.8751175403594971,
      0.8720296025276184,
      0.866340160369873,
      0.8632499575614929,
      0.8572015762329102,
      0.8535591959953308,
      0.8498042821884155,
      0.8463409543037415,
      0.8432294726371765,
      0.8379610776901245,
      0.8382140398025513,
      0.8341822624206543,
      0.8313084244728088,
      0.8305187225341797,
      0.8267892599105835,
      0.8256386518478394,
      0.8242852091789246,
      0.8207368850708008,
      0.8205492496490479,
      0.8169978857040405,
      0.8184310793876648,
      0.8174502849578857,
      0.8149851560592651,
      0.8128029108047485,
      0.8109477162361145,
      0.809160053730011,
      0.8073729872703552,
      0.8079487085342407,
      0.8075416684150696,
      0.8053932189941406,
      0.8053735494613647,
      0.8057640790939331,
      0.8051432967185974,
      0.8058392405509949,
      0.8054580688476562,
      0.8057608604431152,
      0.8064574599266052,
      0.8052987456321716,
      0.8059009909629822,
      0.8047361969947815,
      0.8061186075210571,
      0.8053101301193237,
      0.8044678568840027,
      0.807289719581604,
      0.8053329586982727,
      0.8062644600868225,
      0.8047763705253601,
      0.8053009510040283,
      0.8070786595344543,
      0.8074526786804199,
      0.8066653609275818,
      0.8071244359016418,
      0.8083594441413879,
      0.8076136112213135,
      0.8074308633804321,
      0.8060650825500488,
      0.8058711886405945,
      0.8052288293838501,
      0.8070068359375,
      0.8056918978691101,
      0.8059619665145874,
      0.8054630756378174,
      0.8059595823287964,
      0.804036021232605,
      0.8053883910179138,
      0.8051229119300842,
      0.8070815801620483,
      0.8054285049438477,
      0.8052893280982971,
      0.804512083530426,
      0.8051583170890808,
      0.8045394420623779,
      0.8047233819961548,
      0.8038413524627686,
      0.8044577836990356,
      0.8044446110725403,
      0.804408073425293,
      0.8041664361953735,
      0.8040364980697632,
      0.8044368624687195,
      0.8029993176460266,
      0.8045017123222351,
      0.8056114315986633,
      0.8059172034263611,
      0.8051393628120422,
      0.8057910203933716,
      0.8055590391159058,
      0.8055731058120728,
      0.8046929240226746,
      0.8058221936225891,
      0.8066981434822083,
      0.8061459064483643,
      0.8060314059257507,
      0.8072179555892944,
      0.8067235946655273,
      0.8052895665168762,
      0.8062040209770203,
      0.8073787093162537,
      0.8072258234024048,
      0.8064256310462952,
      0.8071720600128174,
      0.8063582181930542,
      0.8056744337081909,
      0.8050097227096558,
      0.8055857419967651,
      0.8055248260498047,
      0.8059670925140381,
      0.8056758642196655,
      0.8061047792434692,
      0.8063187599182129,
      0.8057200312614441,
      0.8058732151985168,
      0.8061436414718628,
      0.8067679405212402,
      0.8063190579414368,
      0.8062191605567932,
      0.8064882755279541,
      0.8071020841598511,
      0.8061113953590393,
      0.8068031072616577,
      0.8069398999214172,
      0.806509256362915,
      0.8073320984840393,
      0.8068671226501465,
      0.80680251121521,
      0.8067812919616699,
      0.8072172999382019,
      0.8064479231834412,
      0.8065065741539001,
      0.8061100244522095,
      0.8067016005516052,
      0.807252824306488,
      0.807068407535553,
      0.8063589334487915,
      0.8060116767883301,
      0.8064340353012085,
      0.8067079186439514,
      0.806064248085022,
      0.806297779083252,
      0.8062135577201843,
      0.8065742254257202,
      0.8062254786491394,
      0.8070984482765198,
      0.8079387545585632,
      0.8061890602111816,
      0.8077905774116516,
      0.8080852627754211,
      0.8072018623352051,
      0.8076959252357483,
      0.8081054091453552,
      0.8081265687942505,
      0.8072236776351929,
      0.8087044954299927,
      0.8084936141967773,
      0.8091226816177368,
      0.8097394704818726,
      0.808957040309906,
      0.8092699646949768,
      0.8099385499954224,
      0.80897456407547,
      0.8095559477806091,
      0.8097891807556152,
      0.8100801110267639,
      0.810117244720459,
      0.8101639747619629,
      0.8094142079353333,
      0.8102630972862244,
      0.8108071684837341,
      0.809529185295105,
      0.8094817996025085,
      0.8100747466087341,
      0.8089120984077454,
      0.8095190525054932,
      0.8100093603134155,
      0.809165894985199,
      0.8102318644523621,
      0.8104139566421509,
      0.8103058934211731,
      0.80955570936203,
      0.8100243806838989,
      0.8095582127571106,
      0.8106452822685242,
      0.8105148673057556,
      0.8103544116020203,
      0.8095321655273438,
      0.81019127368927,
      0.8116139769554138,
      0.8105981945991516,
      0.8100208640098572,
      0.8106403350830078,
      0.8110358715057373,
      0.8112514615058899,
      0.811272382736206,
      0.8109516501426697,
      0.8108205199241638,
      0.8100010752677917,
      0.8115357160568237,
      0.8113001585006714,
      0.8111263513565063,
      0.8107898235321045,
      0.8113649487495422,
      0.8115115761756897,
      0.8120208978652954,
      0.8118839263916016,
      0.8118886351585388,
      0.8113325834274292,
      0.8118754625320435,
      0.8113276958465576,
      0.8118277788162231,
      0.811839759349823,
      0.8120748996734619,
      0.8118933439254761,
      0.8121356964111328,
      0.8126498460769653,
      0.8131246566772461,
      0.811927855014801,
      0.8120805025100708,
      0.8127020597457886,
      0.8124340176582336,
      0.8134167194366455,
