{
  "config": {
    "early_stopping": true,
    "epochs": 601,
    "expert_lr": 0.00414491,
    "expert_momentum": 0.941339,
    "expert_num": 4,
    "expert_weight_decay": 0.0,
    "load_balancing": false,
    "optimizer_family": "original",
    "router_lr": 0.01913036,
    "router_momentum": 0.881505,
    "router_weight_decay": 1e-05
  },
  "eval_metrics": {
    "accuracy": 94.53125,
    "dispatch_counts": [
      [
        799.0,
        10.0,
        19.0,
        1.0
      ],
      [
        49.0,
        132.0,
        592.0,
        6.0
      ],
      [
        220.0,
        2.0,
        1.0,
        589.0
      ],
      [
        7.0,
        592.0,
        175.0,
        6.0
      ]
    ],
    "entropy": 0.5521324276924133,
    "loss": 0.3680731952190399,
    "runtime_seconds": 0.004586020950227976,
    "split": "validation"
  },
  "fold_index": 1,
  "mode": "nonlinear",
  "seed": 41912,
  "setting": 4,
  "total_runtime_seconds": 27.273438768927008,
  "train_metrics": {
    "dispatch_counts": [
      [
        3185.0,
        28.0,
        87.0,
        14.0
      ],
      [
        212.0,
        554.0,
        2314.0,
        38.0
      ],
      [
        858.0,
        12.0,
        12.0,
        2368.0
      ],
      [
        28.0,
        2382.0,
        693.0,
        15.0
      ]
    ],
    "entropy_record": [
      1.385819673538208,
      1.3857288360595703,
      1.3856244087219238,
      1.3854639530181885,
      1.385474443435669,
      1.3855860233306885,
      1.3849295377731323,
      1.376987099647522,
      1.3525904417037964,
      1.2990013360977173,
      1.2091782093048096,
      1.11070716381073,
      1.0116573572158813,
      0.9136536121368408,
      0.8228805065155029,
      0.7653365135192871,
      0.7208130359649658,
      0.6733208894729614,
      0.636002242565155,
      0.6243499517440796,
      0.608531653881073,
      0.5858595967292786,
      0.5641169548034668,
      0.5614965558052063,
      0.5564435720443726,
      0.5468082427978516,
      0.5471429228782654,
      0.5481162071228027,
      0.5404661297798157,
      0.5364186763763428,
      0.5312577486038208,
      0.5252161026000977,
      0.5226166248321533,
      0.5342352986335754,
      0.5252699851989746,
      0.527849555015564,
      0.505124568939209,
      0.5146765112876892,
      0.515286922454834,
      0.5192874073982239,
      0.5235801339149475,
      0.5155438780784607,
      0.5117796659469604,
      0.5228070616722107,
      0.5115068554878235,
      0.5229043960571289,
      0.5169678926467896,
      0.5160045623779297,
      0.5195802450180054,
      0.5107108354568481,
      0.5149242281913757,
      0.5184395909309387,
      0.5151464343070984,
      0.5224047899246216,
      0.5096172094345093,
      0.5221009254455566,
      0.5165311694145203,
      0.5244086980819702,
      0.5226629972457886,
      0.5184704065322876,
      0.5306304097175598,
      0.5094870924949646,
      0.5199761390686035,
      0.5217769145965576,
      0.5220314860343933,
      0.5262851715087891,
      0.5183606743812561,
      0.5103832483291626,
      0.5208315849304199,
      0.519435465335846,
      0.5174990892410278,
      0.5191745758056641,
      0.5209170579910278,
      0.5245116353034973,
      0.5293477773666382,
      0.5247394442558289,
      0.5235958695411682,
      0.5209814310073853,
      0.521713376045227,
      0.5217386484146118,
      0.5322914719581604,
      0.5209851264953613,
      0.5204251408576965,
      0.5202114582061768,
      0.5267893075942993,
      0.5260464549064636,
      0.5250574946403503,
      0.5310139656066895,
      0.530246913433075,
      0.5304118394851685,
      0.5138906836509705,
      0.5283538699150085,
      0.5193827152252197,
      0.530081033706665,
      0.530593991279602,
      0.5280845761299133,
      0.5246104001998901,
      0.5172938108444214,
      0.5345444679260254,
      0.5338541269302368,
      0.5258631110191345,
      0.5232781171798706,
      0.5242136716842651,
      0.5132534503936768,
      0.5234207510948181,
      0.5311098694801331,
      0.5316474437713623,
      0.5175871849060059,
      0.5251544713973999,
      0.5406814813613892,
      0.5181806087493896,
      0.5214008688926697,
      0.520180344581604,
      0.5233903527259827,
      0.5290047526359558,
      0.5327403545379639,
      0.5407419800758362,
      0.5360147356987,
      0.5274849534034729,
      0.5317943096160889,
      0.5220404267311096,
      0.5258886218070984,
      0.5241252183914185,
      0.5338727235794067,
      0.5314080119132996,
      0.5217093825340271,
      0.5300663113594055,
      0.5193543434143066,
      0.5211260318756104,
      0.5359097123146057,
      0.5334382653236389,
      0.5280187726020813,
      0.5313053727149963,
      0.5342908501625061,
      0.5170924663543701,
      0.534168004989624,
      0.5311874747276306,
      0.5307804346084595,
      0.5247136354446411,
      0.5286635160446167,
      0.5285696387290955,
      0.5319624543190002,
      0.5318065285682678,
      0.5344541072845459,
      0.5300465226173401,
      0.5226766467094421,
      0.5321405529975891,
      0.5240355730056763,
      0.5294186472892761,
      0.535768985748291,
      0.5241954922676086,
      0.5252114534378052,
      0.5417439937591553,
      0.5346744656562805,
      0.5266493558883667,
      0.5324997305870056,
      0.535470724105835,
      0.5422990918159485,
      0.5376110076904297,
      0.5400588512420654,
      0.534005343914032,
      0.5362845659255981,
      0.534624457359314,
      0.5309987664222717,
      0.5323666930198669,
      0.528114378452301,
      0.5312303304672241,
      0.5381097793579102,
      0.536278486251831,
      0.5337698459625244,
      0.5249062180519104,
      0.5363065004348755,
      0.5349448323249817,
      0.54405277967453,
      0.5347464680671692,
      0.534138023853302,
      0.5333865284919739,
      0.5326109528541565,
      0.529215931892395,
      0.5360584855079651,
      0.5355821847915649,
      0.529782235622406,
      0.539059579372406,
      0.5389595031738281,
      0.5228793621063232,
      0.5467165112495422,
      0.5335451364517212,
      0.5363411903381348,
      0.5290967226028442,
      0.5408483743667603,
      0.5410444736480713,
      0.5375118851661682,
      0.5314160585403442,
      0.5353822112083435,
      0.5384159088134766,
      0.5365539193153381,
      0.5273503661155701,
      0.5352554321289062,
      0.5324270129203796,
      0.5339973568916321,
      0.5372461676597595,
      0.528266966342926,
      0.5282039046287537,
      0.540496289730072,
      0.537987470626831,
      0.5463401079177856,
      0.5460311770439148,
      0.5390830039978027,
      0.5324759483337402,
      0.540481686592102,
      0.5424515008926392,
      0.53694087266922,
      0.5476438403129578,
      0.5335361957550049,
      0.5439579486846924,
      0.5321958661079407,
      0.5318233370780945,
      0.531114399433136,
      0.5431383848190308,
      0.530692458152771,
      0.5441328287124634,
      0.5424359440803528,
      0.531391441822052,
      0.5408511161804199,
      0.5364452600479126,
      0.5389520525932312,
      0.5345826745033264,
      0.5394077301025391,
      0.5445265173912048,
      0.5378786325454712,
      0.5430825352668762,
      0.5348409414291382,
      0.5351808071136475,
      0.5423187613487244,
      0.523617684841156,
      0.5419940948486328,
      0.536088228225708,
      0.5391390919685364,
      0.5385470390319824,
      0.53725665807724,
      0.5472122430801392,
      0.5431958436965942,
      0.5432093143463135,
      0.5449179410934448,
      0.5489804744720459,
      0.5386210680007935,
      0.5430293083190918,
      0.5454050302505493,
      0.538220226764679,
      0.5418255925178528,
      0.5345163345336914,
      0.5421600341796875,
      0.5353034734725952,
      0.5449868440628052,
      0.5463243126869202,
      0.5321915745735168,
      0.5430970788002014,
