{
  "config": {
    "early_stopping": true,
    "epochs": 601,
    "expert_lr": 0.00414491,
    "expert_momentum": 0.941339,
    "expert_num": 4,
    "expert_weight_decay": 0.0,
    "load_balancing": false,
    "optimizer_family": "original",
    "router_lr": 0.01913036,
    "router_momentum": 0.881505,
    "router_weight_decay": 1e-05
  },
  "eval_metrics": {
    "accuracy": 92.65625,
    "dispatch_counts": [
      [
        239.0,
        567.0,
        16.0,
        7.0
      ],
      [
        2.0,
        4.0,
        625.0,
        148.0
      ],
      [
        100.0,
        7.0,
        700.0,
        6.0
      ],
      [
        64.0,
        11.0,
        2.0,
        702.0
      ]
    ],
    "entropy": 0.624526858329773,
    "loss": 0.3866944909095764,
    "runtime_seconds": 0.00433768704533577,
    "split": "validation"
  },
  "fold_index": 3,
  "mode": "nonlinear",
  "seed": 41914,
  "setting": 4,
  "total_runtime_seconds": 27.26385193504393,
  "train_metrics": {
    "dispatch_counts": [
      [
        943.0,
        2295.0,
        53.0,
        23.0
      ],
      [
        6.0,
        10.0,
        2532.0,
        570.0
      ],
      [
        421.0,
        22.0,
        2786.0,
        20.0
      ],
      [
        229.0,
        46.0,
        9.0,
        2835.0
      ]
    ],
    "entropy_record": [
      1.3854748010635376,
      1.3856970071792603,
      1.385599136352539,
      1.3852767944335938,
      1.385491967201233,
      1.3855746984481812,
      1.3851394653320312,
      1.3810858726501465,
      1.3615347146987915,
      1.313730001449585,
      1.2511582374572754,
      1.1602164506912231,
      1.059854507446289,
      0.9742909073829651,
      0.8892264366149902,
      0.8276956677436829,
      0.7838699817657471,
      0.7496051788330078,
      0.7121700048446655,
      0.6915000081062317,
      0.6728399991989136,
      0.6484806537628174,
      0.650459349155426,
      0.6363921165466309,
      0.6298942565917969,
      0.6224077939987183,
      0.6156123876571655,
      0.6111217737197876,
      0.622491717338562,
      0.6104666590690613,
      0.6079384684562683,
      0.603835940361023,
      0.5979479551315308,
      0.5940578579902649,
      0.5980466604232788,
      0.6007343530654907,
      0.5988399982452393,
      0.5936048030853271,
      0.5952391624450684,
      0.5965157747268677,
      0.5943344831466675,
      0.5918987393379211,
      0.5884896516799927,
      0.5933192372322083,
      0.5913710594177246,
      0.5945521593093872,
      0.5958091616630554,
      0.5935271382331848,
      0.5921450853347778,
      0.5949918031692505,
      0.5904797315597534,
      0.593690812587738,
      0.5868666172027588,
      0.5975054502487183,
      0.5988544225692749,
      0.602009654045105,
      0.5927646160125732,
      0.5872218012809753,
      0.5948466062545776,
      0.6003487706184387,
      0.5882779359817505,
      0.5914222002029419,
      0.5917075872421265,
      0.5922847390174866,
      0.5961759090423584,
      0.5925875306129456,
      0.5868335962295532,
      0.5960525274276733,
      0.5966723561286926,
      0.5886832475662231,
      0.5955638885498047,
      0.6050277352333069,
      0.5985383987426758,
      0.5949090719223022,
      0.5883802175521851,
      0.5941125750541687,
      0.5964837670326233,
      0.5937944650650024,
      0.5956805944442749,
      0.601706862449646,
      0.5941716432571411,
      0.5911716222763062,
      0.5948911309242249,
      0.5918141603469849,
      0.599202573299408,
      0.5921379923820496,
      0.5988203287124634,
      0.5948218107223511,
      0.601273238658905,
      0.586592435836792,
      0.5953105688095093,
      0.6042048335075378,
      0.6011478900909424,
      0.599518895149231,
      0.5950425863265991,
      0.5962575674057007,
      0.6056225299835205,
      0.596092939376831,
      0.6022669672966003,
      0.596838116645813,
      0.595671534538269,
      0.6020607948303223,
      0.5986915230751038,
      0.5889505743980408,
      0.599039614200592,
      0.5963190197944641,
      0.602972149848938,
      0.6048730611801147,
      0.6004918813705444,
      0.597186267375946,
      0.5996090173721313,
      0.5916844010353088,
      0.6017488837242126,
      0.6084229350090027,
      0.5956451892852783,
      0.6059966087341309,
      0.5959147214889526,
      0.601888120174408,
      0.599480152130127,
      0.5962998867034912,
      0.5961341857910156,
      0.5991696119308472,
      0.5998924970626831,
      0.5965520143508911,
      0.6062605977058411,
      0.5949124097824097,
      0.5983420014381409,
      0.5902764201164246,
      0.5969024896621704,
      0.6000374555587769,
      0.5973377823829651,
      0.5949519872665405,
      0.5950230360031128,
      0.6099390983581543,
      0.602709174156189,
      0.6032314300537109,
      0.5995055437088013,
      0.5978273153305054,
      0.5977620482444763,
      0.6046592593193054,
      0.5983241200447083,
      0.5980770587921143,
      0.6005996465682983,
      0.6033443212509155,
      0.6022138595581055,
      0.6027519106864929,
      0.6089480519294739,
      0.6021000146865845,
      0.5982835292816162,
      0.5988906621932983,
      0.6013670563697815,
      0.5941838622093201,
      0.6010708808898926,
      0.5924503803253174,
      0.6001327037811279,
      0.6011012196540833,
      0.6023958325386047,
      0.6067233681678772,
      0.5960274934768677,
      0.6008830070495605,
      0.6101008653640747,
      0.5970746278762817,
      0.6003119945526123,
      0.5998893976211548,
      0.603441059589386,
      0.5993626117706299,
      0.6055165529251099,
      0.5952210426330566,
      0.6005598306655884,
      0.6005789041519165,
      0.6015850901603699,
      0.6001746654510498,
      0.6042781472206116,
      0.5986819863319397,
      0.6000441312789917,
      0.611212968826294,
      0.6156483888626099,
      0.5953342914581299,
      0.5901099443435669,
      0.6043877601623535,
      0.6003292202949524,
      0.6037411689758301,
      0.5978464484214783,
      0.6023352146148682,
      0.5970896482467651,
      0.6082782745361328,
      0.599768340587616,
      0.6050608158111572,
      0.6109651327133179,
      0.6016886234283447,
      0.6029050350189209,
      0.600916862487793,
      0.59345543384552,
      0.6000849008560181,
      0.6023383140563965,
      0.6006030440330505,
      0.6041079163551331,
      0.6036540865898132,
      0.6089732646942139,
      0.5983573794364929,
      0.5982421040534973,
      0.6086790561676025,
      0.606901228427887,
      0.6027383208274841,
      0.6080223917961121,
      0.6072121262550354,
      0.6051493287086487,
      0.5949268341064453,
      0.6019925475120544,
      0.6115632057189941,
      0.5960480570793152,
      0.6009731888771057,
      0.6033881902694702,
      0.6097770929336548,
      0.6036131381988525,
      0.6086938381195068,
      0.6054394245147705,
      0.5974665880203247,
      0.6027296781539917,
      0.5992403626441956,
      0.611070990562439,
      0.6055817604064941,
      0.5947014689445496,
      0.6061517000198364,
      0.6073772311210632,
      0.6081727743148804,
      0.6059979200363159,
      0.6032492518424988,
      0.6044362783432007,
      0.6042290329933167,
      0.597271203994751,
      0.6054208874702454,
      0.6095707416534424,
      0.6116067171096802,
      0.5964346528053284,
      0.6082332134246826,
      0.6105020642280579,
      0.611727774143219,
      0.6127619743347168,
      0.6143932342529297,
      0.5986218452453613,
      0.6052950620651245,
      0.601872980594635,
      0.6089265942573547,
      0.6126308441162109,
      0.6125367879867554,
      0.6019425988197327,
      0.6132781505584717,
      0.6102368235588074,
      0.6143672466278076,
      0.6120767593383789,
      0.6059394478797913,
      0.6108843088150024,
      0.6130409240722656,
      0.6070882081985474,
      0.6064661145210266,
      0.6113401651382446,
