{
  "config": {
    "early_stopping": true,
    "epochs": 601,
    "expert_lr": 0.00414491,
    "expert_momentum": 0.941339,
    "expert_num": 4,
    "expert_weight_decay": 0.0,
    "load_balancing": false,
    "optimizer_family": "original",
    "router_lr": 0.01913036,
    "router_momentum": 0.881505,
    "router_weight_decay": 1e-05
  },
  "eval_metrics": {
    "accuracy": 93.84375,
    "dispatch_counts": [
      [
        63.0,
        2.0,
        1.0,
        762.0
      ],
      [
        4.0,
        771.0,
        3.0,
        2.0
      ],
      [
        68.0,
        4.0,
        738.0,
        2.0
      ],
      [
        1.0,
        374.0,
        202.0,
        203.0
      ]
    ],
    "entropy": 0.6005475521087646,
    "loss": 0.37482696771621704,
    "runtime_seconds": 0.004483827389776707,
    "split": "validation"
  },
  "fold_index": 0,
  "mode": "nonlinear",
  "seed": 41911,
  "setting": 4,
  "total_runtime_seconds": 27.2854724037461,
  "train_metrics": {
    "dispatch_counts": [
      [
        230.0,
        22.0,
        3.0,
        3060.0
      ],
      [
        18.0,
        3073.0,
        12.0,
        14.0
      ],
      [
        286.0,
        10.0,
        2945.0,
        9.0
      ],
      [
        6.0,
        1547.0,
        798.0,
        767.0
      ]
    ],
    "entropy_record": [
      1.3853732347488403,
      1.3853816986083984,
      1.3856029510498047,
      1.3857234716415405,
      1.385642409324646,
      1.3855035305023193,
      1.3837072849273682,
      1.372518539428711,
      1.3365346193313599,
      1.2570184469223022,
      1.137940526008606,
      1.0031852722167969,
      0.8982889652252197,
      0.8154553174972534,
      0.7680339813232422,
      0.7245001196861267,
      0.6988566517829895,
      0.6748977899551392,
      0.6643960475921631,
      0.6572575569152832,
      0.6455287933349609,
      0.636489987373352,
      0.631730318069458,
      0.628716230392456,
      0.6231388449668884,
      0.6284886598587036,
      0.6133714914321899,
      0.6137794852256775,
      0.6107509732246399,
      0.6107820868492126,
      0.6131827235221863,
      0.6152598857879639,
      0.6081565022468567,
      0.6107356548309326,
      0.60895836353302,
      0.6039402484893799,
      0.6025661826133728,
      0.6092144250869751,
      0.6064350605010986,
      0.6072741746902466,
      0.6026761531829834,
      0.6035957336425781,
      0.6093822717666626,
      0.6068947315216064,
      0.6018041372299194,
      0.6068476438522339,
      0.6023669838905334,
      0.6036365032196045,
      0.6066655516624451,
      0.6073923110961914,
      0.6061452627182007,
      0.6023683547973633,
      0.6051968932151794,
      0.6052607297897339,
      0.6030546426773071,
      0.6099616289138794,
      0.6030374765396118,
      0.605299711227417,
      0.6101146340370178,
      0.6049110293388367,
      0.6108095645904541,
      0.6077028512954712,
      0.6042999029159546,
      0.6030318737030029,
      0.6016194820404053,
      0.5996140241622925,
      0.6002840995788574,
      0.6020664572715759,
      0.6031116843223572,
      0.606107771396637,
      0.6052817106246948,
      0.6052440404891968,
      0.6058840751647949,
      0.6046433448791504,
      0.6034967303276062,
      0.6040501594543457,
      0.6026039719581604,
      0.6047701835632324,
      0.6068002581596375,
      0.6051875352859497,
      0.6034585237503052,
      0.6133551001548767,
      0.6056065559387207,
      0.6022573709487915,
      0.6069183945655823,
      0.598070502281189,
      0.6027395129203796,
      0.6056438088417053,
      0.6100033521652222,
      0.6041317582130432,
      0.6100857257843018,
      0.60071861743927,
      0.598095715045929,
      0.6005539894104004,
      0.6020909547805786,
      0.606095552444458,
      0.6099694967269897,
      0.6047943830490112,
      0.6041045188903809,
      0.605078399181366,
      0.6014166474342346,
      0.6048948764801025,
      0.6079747676849365,
      0.6020517945289612,
      0.6071678400039673,
      0.6010842323303223,
      0.6065680980682373,
      0.6023064851760864,
      0.6027116775512695,
      0.6009207367897034,
      0.6026486754417419,
      0.6037226915359497,
      0.5980995297431946,
      0.6009553670883179,
      0.612529993057251,
      0.6091344356536865,
      0.6079080104827881,
      0.6102932691574097,
      0.6020746827125549,
      0.6013283729553223,
      0.6058622002601624,
      0.606610894203186,
      0.6051331758499146,
      0.6020663976669312,
      0.6016191840171814,
      0.6096354722976685,
      0.6062033772468567,
      0.6115050315856934,
      0.6048864126205444,
      0.6092563271522522,
      0.5993116497993469,
      0.602973222732544,
      0.6141766309738159,
      0.6084886789321899,
      0.6062999367713928,
      0.6135536432266235,
      0.602710485458374,
      0.6076443195343018,
      0.6085116863250732,
      0.6035325527191162,
      0.6117898225784302,
      0.5998979210853577,
      0.6075575351715088,
      0.6053885817527771,
      0.604233980178833,
      0.6040125489234924,
      0.6122311353683472,
      0.6030063033103943,
      0.6001079082489014,
      0.6057878732681274,
      0.6026734709739685,
      0.6060260534286499,
      0.6009464263916016,
      0.5996091961860657,
      0.6052780151367188,
      0.6047683358192444,
      0.6068435907363892,
      0.6039778590202332,
      0.6091615557670593,
      0.6016391515731812,
      0.6044893264770508,
      0.6050875782966614,
      0.6030753254890442,
      0.6066146492958069,
      0.6030112504959106,
      0.6075659990310669,
      0.602601170539856,
      0.6057397127151489,
      0.6030304431915283,
      0.5979360938072205,
      0.6054665446281433,
      0.6062596440315247,
      0.6056238412857056,
      0.6039142608642578,
      0.6027745008468628,
      0.6076433658599854,
      0.610458493232727,
      0.6090784072875977,
      0.603872537612915,
      0.608762800693512,
      0.6089876890182495,
      0.6100361347198486,
      0.6034947037696838,
      0.6029893755912781,
      0.6029666662216187,
      0.6104776859283447,
      0.602908194065094,
      0.6052794456481934,
      0.6064073443412781,
      0.6019942760467529,
      0.6038467884063721,
      0.6019563674926758,
      0.6080576181411743,
      0.6054258346557617,
      0.6071794629096985,
      0.6083060503005981,
      0.6072937846183777,
      0.6101890802383423,
      0.6021979451179504,
      0.6063860654830933,
      0.6014499664306641,
      0.6022530794143677,
      0.6036211252212524,
      0.6105918884277344,
      0.6110764145851135,
      0.6052780747413635,
      0.6075263023376465,
      0.5953992009162903,
      0.6010087132453918,
      0.5987552404403687,
      0.6094938516616821,
      0.6058017015457153,
      0.6045078039169312,
      0.6047532558441162,
      0.6034989953041077,
      0.6027447581291199,
      0.6031700372695923,
      0.6086204648017883,
      0.6036407351493835,
      0.6032347083091736,
      0.6105267405509949,
      0.6070998311042786,
      0.6080935001373291,
      0.6065384149551392,
      0.6078301668167114,
      0.5962952375411987,
      0.602393627166748,
      0.60700523853302,
      0.6103429794311523,
      0.606855571269989,
      0.6017886400222778,
      0.6044036746025085,
      0.6006108522415161,
      0.6040931344032288,
      0.6056782603263855,
      0.6052277088165283,
      0.6036015152931213,
      0.6107293367385864,
      0.611456036567688,
      0.6001185178756714,
      0.6123501658439636,
      0.604461669921875,
      0.6081112027168274,
      0.6078588962554932,
      0.6008344888687134,
      0.6019946336746216,
      0.6060687899589539,
      0.6033538579940796,
      0.6045224666595459,
      0.603547990322113,
      0.6062766909599304,
      0.6049047112464905,
      0.607294499874115,
      0.6015057563781738,
      0.6137580275535583,
      0.6092479228973389,
      0.6075968146324158,
