{
  "config": {
    "early_stopping": true,
    "epochs": 601,
    "expert_lr": 0.00057838,
    "expert_momentum": 0.884351,
    "expert_num": 4,
    "expert_weight_decay": 0.001,
    "load_balancing": false,
    "optimizer_family": "original",
    "router_lr": 0.09119435,
    "router_momentum": 0.982748,
    "router_weight_decay": 0.0001
  },
  "eval_metrics": {
    "accuracy": 91.09375,
    "dispatch_counts": [
      [
        214.0,
        1.0,
        10.0,
        582.0
      ],
      [
        241.0,
        5.0,
        554.0,
        0.0
      ],
      [
        394.0,
        101.0,
        282.0,
        24.0
      ],
      [
        572.0,
        3.0,
        215.0,
        2.0
      ]
    ],
    "entropy": 0.9800609350204468,
    "loss": 0.3999265432357788,
    "runtime_seconds": 0.004375231917947531,
    "split": "validation"
  },
  "fold_index": 1,
  "mode": "nonlinear",
  "seed": 10412,
  "setting": 1,
  "total_runtime_seconds": 10.884264138992876,
  "train_metrics": {
    "dispatch_counts": [
      [
        753.0,
        5.0,
        53.0,
        2417.0
      ],
      [
        987.0,
        20.0,
        2192.0,
        0.0
      ],
      [
        1597.0,
        461.0,
        1087.0,
        60.0
      ],
      [
        2234.0,
        9.0,
        901.0,
        24.0
      ]
    ],
    "entropy_record": [
      1.3856728076934814,
      1.385854721069336,
      1.3858323097229004,
      1.3861404657363892,
      1.385794758796692,
      1.3861091136932373,
      1.3860024213790894,
      1.386000633239746,
      1.385953664779663,
      1.3852853775024414,
      1.385318636894226,
      1.38429594039917,
      1.382912516593933,
      1.375120759010315,
      1.353367567062378,
      1.2876451015472412,
      1.174716591835022,
      1.0110068321228027,
      0.8957463502883911,
      0.8436067700386047,
      0.7770882844924927,
      0.7228035926818848,
      0.6638308167457581,
      0.6257269978523254,
      0.592269778251648,
      0.5668675303459167,
      0.5459849834442139,
      0.5333594083786011,
      0.5249068737030029,
      0.5169544816017151,
      0.5157417058944702,
      0.5105907917022705,
      0.5116283297538757,
      0.5088278651237488,
      0.5207419991493225,
      0.5302085280418396,
      0.5406451225280762,
      0.5523759722709656,
      0.5653238296508789,
      0.5809023976325989,
      0.5926211476325989,
      0.6070265769958496,
      0.6181758642196655,
      0.6333479881286621,
      0.6459296941757202,
      0.655912458896637,
      0.6663966178894043,
      0.6813182234764099,
      0.689337432384491,
      0.6997482180595398,
      0.7097737789154053,
      0.7198923826217651,
      0.7258543968200684,
      0.7346521019935608,
      0.7428095936775208,
      0.7502758502960205,
      0.7557312250137329,
      0.7605515718460083,
      0.7650096416473389,
      0.7706522345542908,
      0.7761537432670593,
      0.7800602912902832,
      0.7856151461601257,
      0.7886239290237427,
      0.7939106225967407,
      0.7974904775619507,
      0.7978464365005493,
      0.8031904101371765,
      0.8067543506622314,
      0.8103422522544861,
      0.8133809566497803,
      0.8172267079353333,
      0.8196524977684021,
      0.8225603699684143,
      0.8268368244171143,
      0.8291456699371338,
      0.8345332741737366,
      0.8363339900970459,
      0.8404569029808044,
      0.8437505960464478,
      0.8458070755004883,
      0.847152590751648,
      0.851720929145813,
      0.8550722599029541,
      0.8583421111106873,
      0.8633188605308533,
      0.8638200163841248,
      0.868708610534668,
      0.869617223739624,
      0.8729540109634399,
      0.8743234872817993,
      0.8768907785415649,
      0.8803174495697021,
      0.8810068368911743,
      0.883825421333313,
      0.8863497376441956,
      0.88874751329422,
      0.8901220560073853,
      0.8900964260101318,
      0.894166886806488,
      0.8963108062744141,
      0.8987076878547668,
      0.8988675475120544,
      0.9004788398742676,
      0.8996965885162354,
      0.9019244313240051,
      0.9032926559448242,
      0.9040336012840271,
      0.905719518661499,
      0.907296895980835,
      0.9076312184333801,
      0.9083401560783386,
      0.9099876284599304,
      0.9103238582611084,
      0.9112704396247864,
      0.9118186235427856,
      0.9140043258666992,
      0.9132930040359497,
      0.9138007760047913,
      0.9142220616340637,
      0.9153039455413818,
      0.9156572222709656,
      0.9151374697685242,
      0.9153557419776917,
      0.9174361228942871,
      0.9154982566833496,
      0.9168845415115356,
      0.9187673926353455,
      0.9186650514602661,
      0.9201640486717224,
      0.9193350076675415,
      0.9200891256332397,
      0.9215110540390015,
      0.9219645857810974,
      0.9209359288215637,
      0.9233063459396362,
      0.9236895442008972,
      0.9253813028335571,
      0.9247676730155945,
      0.9263916015625,
      0.9253898859024048,
      0.9255695343017578,
      0.9267808794975281,
      0.9260085225105286,
      0.9269884824752808,
      0.9269574880599976,
      0.9256970882415771,
      0.9283984899520874,
      0.9268757700920105,
      0.9281834363937378,
      0.9294890761375427,
      0.9276286959648132,
      0.9283294677734375,
      0.9289238452911377,
      0.9275580048561096,
      0.9298701286315918,
      0.9278740286827087,
      0.929398775100708,
      0.9281193017959595,
      0.9288311004638672,
      0.9277408123016357,
      0.9294248223304749,
      0.9274876117706299,
      0.9286013841629028,
      0.9282108545303345,
      0.9273591637611389,
      0.9302050471305847,
      0.9285236597061157,
      0.9311950206756592,
      0.9297983646392822,
      0.9302132725715637,
      0.929730236530304,
      0.9313773512840271,
      0.9323410391807556,
      0.9324005842208862,
      0.9335734844207764,
      0.9333929419517517,
      0.9330042004585266,
      0.9346634745597839,
      0.9364315271377563,
      0.9357244372367859,
      0.9359287023544312,
      0.9372488260269165,
      0.9385778307914734,
      0.939042866230011,
      0.9373193979263306,
      0.9395757913589478,
      0.9394503831863403,
      0.9413174390792847,
      0.9422628879547119,
      0.9416088461875916,
      0.9416412115097046,
      0.9436566829681396,
      0.9434775710105896,
      0.9449400305747986,
      0.9448679685592651,
      0.945185661315918,
      0.9457862377166748,
      0.9457665085792542,
      0.9463280439376831,
      0.9446272850036621,
      0.945349395275116,
      0.9463679194450378,
      0.9452622532844543,
      0.9477556347846985,
      0.9465426802635193,
      0.9468415379524231,
      0.9459746479988098,
      0.946831226348877,
      0.9480313062667847,
      0.948172390460968,
      0.9483540654182434,
      0.9492785334587097,
      0.9501683712005615,
      0.9480589628219604,
      0.9493887424468994,
      0.9487767219543457,
      0.949730396270752,
      0.9492173194885254,
      0.9498042464256287,
      0.9486532807350159,
      0.950947642326355,
      0.9516456723213196,
      0.9541210532188416,
      0.9521309733390808,
      0.9532919526100159,
      0.9567001461982727,
      0.9565155506134033,
      0.9571858644485474,
      0.9577049016952515,
      0.9594300389289856,
      0.9603528380393982,
      0.9607921838760376,
      0.961127758026123,
      0.9637364745140076,
      0.9628341794013977,
      0.9641903042793274,
      0.964449942111969,
      0.9640156030654907,
      0.9665818214416504
    ],
    "epochs_ran": 240,
    "final_entropy": 0.9665818214416504,
    "final_loss": 0.39346107840538025,
    "plot_diagnostics": null,
    "runtime_seconds": 10.879888907074928
  }
}