{
  "config": {
    "early_stopping": true,
    "epochs": 601,
    "expert_lr": 0.00187798,
    "expert_momentum": 0.86947,
    "expert_num": 4,
    "expert_weight_decay": 1e-05,
    "load_balancing": false,
    "ns_steps": 10,
    "optimizer_family": "muon",
    "router_lr": 0.0326279,
    "router_momentum": 0.915068,
    "router_weight_decay": 0.0
  },
  "eval_metrics": {
    "accuracy": 91.875,
    "dispatch_counts": [
      [
        73.0,
        74.0,
        391.0,
        291.0
      ],
      [
        464.0,
        39.0,
        225.0,
        51.0
      ],
      [
        19.0,
        499.0,
        40.0,
        255.0
      ],
      [
        63.0,
        117.0,
        250.0,
        349.0
      ]
    ],
    "entropy": 1.0780037641525269,
    "loss": 0.39450234174728394,
    "runtime_seconds": 0.004321509972214699,
    "split": "validation"
  },
  "fold_index": 2,
  "mode": "nonlinear",
  "seed": 21613,
  "setting": 2,
  "total_runtime_seconds": 10.675625876989216,
  "train_metrics": {
    "dispatch_counts": [
      [
        309.0,
        298.0,
        1495.0,
        1212.0
      ],
      [
        1783.0,
        151.0,
        981.0,
        203.0
      ],
      [
        82.0,
        1913.0,
        198.0,
        1056.0
      ],
      [
        228.0,
        450.0,
        1031.0,
        1410.0
      ]
    ],
    "entropy_record": [
      1.3852968215942383,
      1.253249168395996,
      1.1223392486572266,
      1.1350959539413452,
      1.1170881986618042,
      1.1261487007141113,
      1.137749433517456,
      1.141075611114502,
      1.135300636291504,
      1.127177119255066,
      1.110657811164856,
      1.0953314304351807,
      1.0871832370758057,
      1.0796557664871216,
      1.0731251239776611,
      1.0650708675384521,
      1.060457706451416,
      1.0575772523880005,
      1.0585031509399414,
      1.0487350225448608,
      1.052935242652893,
      1.041908860206604,
      1.0402956008911133,
      1.0343023538589478,
      1.030523657798767,
      1.0231132507324219,
      1.0171844959259033,
      1.0146090984344482,
      1.0085809230804443,
      1.006662368774414,
      0.9993795156478882,
      0.9927074313163757,
      0.9884700775146484,
      0.9837765693664551,
      0.9815079569816589,
      0.9736056327819824,
      0.9709109663963318,
      0.9673941731452942,
      0.9663213491439819,
      0.9652194976806641,
      0.9649292230606079,
      0.9613797664642334,
      0.9578133821487427,
      0.9556888341903687,
      0.9524945616722107,
      0.9544677734375,
      0.9515743255615234,
      0.9533636569976807,
      0.9456814527511597,
      0.9405595064163208,
      0.9367976188659668,
      0.9336016774177551,
      0.9294905662536621,
      0.9240696430206299,
      0.9202603101730347,
      0.9191915988922119,
      0.9150880575180054,
      0.911970853805542,
      0.9056271314620972,
      0.900813102722168,
      0.894801139831543,
      0.8914393186569214,
      0.883486270904541,
      0.8811741471290588,
      0.8718208074569702,
      0.8666824102401733,
      0.8609619140625,
      0.853284478187561,
      0.849573016166687,
      0.8475393652915955,
      0.8432337641716003,
      0.8401838541030884,
      0.8342355489730835,
      0.8324161767959595,
      0.830720067024231,
      0.8266076445579529,
      0.8273475766181946,
      0.8291782140731812,
      0.826400101184845,
      0.8262379169464111,
      0.8253405690193176,
      0.8279626369476318,
      0.8276430368423462,
      0.8285971879959106,
      0.8298234939575195,
      0.8308491706848145,
      0.8304003477096558,
      0.8314844369888306,
      0.8335492610931396,
      0.8331420421600342,
      0.8350033760070801,
      0.83917236328125,
      0.837227463722229,
      0.8415472507476807,
      0.8443477153778076,
      0.8441479206085205,
      0.8461228609085083,
      0.8488613963127136,
      0.8526034355163574,
      0.8539614081382751,
      0.857597827911377,
      0.8581793308258057,
      0.8627638816833496,
      0.8665069341659546,
      0.8715871572494507,
      0.875417172908783,
      0.8783281445503235,
      0.8816604018211365,
      0.8851525783538818,
      0.882872998714447,
      0.8799961805343628,
      0.8795104026794434,
      0.8800510764122009,
      0.8790063858032227,
      0.8791776299476624,
      0.8780825138092041,
      0.875956654548645,
      0.87758868932724,
      0.8788307905197144,
      0.8802123665809631,
      0.881159245967865,
      0.8826565146446228,
      0.883527398109436,
      0.8852300643920898,
      0.889315664768219,
      0.8873987793922424,
      0.8900381922721863,
      0.892216682434082,
      0.8947148323059082,
      0.897264838218689,
      0.8986454606056213,
      0.9005118608474731,
      0.9053088426589966,
      0.9082996845245361,
      0.9119832515716553,
      0.9164165258407593,
      0.9214345216751099,
      0.9225001335144043,
      0.9254733920097351,
      0.9292841553688049,
      0.931610107421875,
      0.935505747795105,
      0.939329981803894,
      0.9413502812385559,
      0.9442475438117981,
      0.9503400325775146,
      0.9529491066932678,
      0.9582382440567017,
      0.9601259231567383,
      0.9631541967391968,
      0.9616179466247559,
      0.9605308771133423,
      0.962304413318634,
      0.9614523649215698,
      0.9621807336807251,
      0.964508593082428,
      0.9639066457748413,
      0.963442325592041,
      0.9658334851264954,
      0.9663741588592529,
      0.9676967859268188,
      0.9675040245056152,
      0.9680122137069702,
      0.9680718183517456,
      0.9683128595352173,
      0.9679055213928223,
      0.9674166440963745,
      0.9693474769592285,
      0.9687279462814331,
      0.9693081974983215,
      0.9715304374694824,
      0.9719213247299194,
      0.972562313079834,
      0.9748417735099792,
      0.9766125679016113,
      0.9778209924697876,
      0.9797641038894653,
      0.9822028875350952,
      0.982296347618103,
      0.9863642454147339,
      0.989006519317627,
      0.9912042617797852,
      0.9938411712646484,
      0.9950536489486694,
      0.996218204498291,
      0.9990323781967163,
      1.001539945602417,
      1.0070545673370361,
      1.0094324350357056,
      1.0100054740905762,
      1.0147745609283447,
      1.0158562660217285,
      1.0197274684906006,
      1.0241076946258545,
      1.0275437831878662,
      1.0310982465744019,
      1.0347156524658203,
      1.0347890853881836,
      1.0384230613708496,
      1.0426232814788818,
      1.0451184511184692,
      1.0476527214050293,
      1.0495058298110962,
      1.0524828433990479,
      1.05503249168396,
      1.0588812828063965,
      1.060826063156128,
      1.063978910446167,
      1.066645622253418,
      1.0699553489685059,
      1.072052240371704,
      1.0748791694641113,
      1.0782570838928223,
      1.0812634229660034,
      1.08293616771698,
      1.0844042301177979,
      1.0843586921691895,
      1.0863157510757446,
      1.0878829956054688,
      1.0909175872802734,
      1.0917047262191772,
      1.0954418182373047
    ],
    "epochs_ran": 222,
    "final_entropy": 1.0954418182373047,
    "final_loss": 0.3853786885738373,
    "plot_diagnostics": null,
    "runtime_seconds": 10.671304367017001
  }
}