{
  "config": {
    "early_stopping": true,
    "epochs": 601,
    "expert_lr": 0.00187798,
    "expert_momentum": 0.86947,
    "expert_num": 4,
    "expert_weight_decay": 1e-05,
    "load_balancing": false,
    "ns_steps": 10,
    "optimizer_family": "muon",
    "router_lr": 0.0326279,
    "router_momentum": 0.915068,
    "router_weight_decay": 0.0
  },
  "eval_metrics": {
    "accuracy": 84.4375,
    "dispatch_counts": [
      [
        115.0,
        242.0,
        374.0,
        98.0
      ],
      [
        283.0,
        80.0,
        354.0,
        62.0
      ],
      [
        470.0,
        240.0,
        81.0,
        22.0
      ],
      [
        22.0,
        215.0,
        60.0,
        482.0
      ]
    ],
    "entropy": 1.0978463888168335,
    "loss": 0.4657043218612671,
    "runtime_seconds": 0.004297172650694847,
    "split": "validation"
  },
  "fold_index": 3,
  "mode": "nonlinear",
  "seed": 21614,
  "setting": 2,
  "total_runtime_seconds": 2.9606203958392143,
  "train_metrics": {
    "dispatch_counts": [
      [
        508.0,
        912.0,
        1537.0,
        357.0
      ],
      [
        1091.0,
        375.0,
        1397.0,
        255.0
      ],
      [
        1876.0,
        885.0,
        404.0,
        84.0
      ],
      [
        95.0,
        837.0,
        286.0,
        1901.0
      ]
    ],
    "entropy_record": [
      1.3854730129241943,
      1.2690684795379639,
      1.1827192306518555,
      1.179072618484497,
      1.2114028930664062,
      1.2436102628707886,
      1.2626798152923584,
      1.275343894958496,
      1.2835218906402588,
      1.2884666919708252,
      1.2885466814041138,
      1.2855292558670044,
      1.282334327697754,
      1.2780683040618896,
      1.2757771015167236,
      1.2684831619262695,
      1.267333984375,
      1.2667800188064575,
      1.2672173976898193,
      1.2643795013427734,
      1.2621657848358154,
      1.2623531818389893,
      1.2630643844604492,
      1.2643733024597168,
      1.2651363611221313,
      1.2672204971313477,
      1.2692443132400513,
      1.2719610929489136,
      1.2705063819885254,
      1.270290732383728,
      1.2703807353973389,
      1.2693536281585693,
      1.2681766748428345,
      1.2651957273483276,
      1.2626357078552246,
      1.2628164291381836,
      1.2582401037216187,
      1.257117509841919,
      1.2518160343170166,
      1.2462525367736816,
      1.242568850517273,
      1.237099528312683,
      1.2294096946716309,
      1.224683403968811,
      1.2168523073196411,
      1.209900140762329,
      1.2000479698181152,
      1.192110300064087,
      1.1866414546966553,
      1.1823407411575317,
      1.1748982667922974,
      1.1729010343551636,
      1.1669397354125977,
      1.161094307899475,
      1.1538397073745728,
      1.1500115394592285,
      1.145587682723999,
      1.1396257877349854,
      1.1358840465545654,
      1.1310499906539917,
      1.1273553371429443,
      1.1214816570281982,
      1.1174395084381104
    ],
    "epochs_ran": 63,
    "final_entropy": 1.1174395084381104,
    "final_loss": 0.45622575283050537,
    "plot_diagnostics": null,
    "runtime_seconds": 2.9563232231885195
  }
}