{
  "config": {
    "early_stopping": true,
    "epochs": 601,
    "expert_lr": 0.00187798,
    "expert_momentum": 0.86947,
    "expert_num": 4,
    "expert_weight_decay": 1e-05,
    "load_balancing": false,
    "ns_steps": 10,
    "optimizer_family": "muon",
    "router_lr": 0.0326279,
    "router_momentum": 0.915068,
    "router_weight_decay": 0.0
  },
  "eval_metrics": {
    "accuracy": 88.5,
    "dispatch_counts": [
      [
        92.0,
        627.0,
        35.0,
        75.0
      ],
      [
        131.0,
        10.0,
        602.0,
        36.0
      ],
      [
        228.0,
        5.0,
        27.0,
        552.0
      ],
      [
        409.0,
        6.0,
        61.0,
        304.0
      ]
    ],
    "entropy": 0.8134058117866516,
    "loss": 0.42792895436286926,
    "runtime_seconds": 0.004532353021204472,
    "split": "validation"
  },
  "fold_index": 1,
  "mode": "nonlinear",
  "seed": 21612,
  "setting": 2,
  "total_runtime_seconds": 11.14558207290247,
  "train_metrics": {
    "dispatch_counts": [
      [
        427.0,
        2437.0,
        117.0,
        333.0
      ],
      [
        519.0,
        41.0,
        2394.0,
        164.0
      ],
      [
        927.0,
        22.0,
        87.0,
        2214.0
      ],
      [
        1745.0,
        23.0,
        210.0,
        1140.0
      ]
    ],
    "entropy_record": [
      1.3853343725204468,
      1.2423789501190186,
      1.102798581123352,
      1.0888057947158813,
      1.120603084564209,
      1.1526814699172974,
      1.1684845685958862,
      1.1800813674926758,
      1.1820785999298096,
      1.182879090309143,
      1.1763594150543213,
      1.1710375547409058,
      1.1671568155288696,
      1.1553727388381958,
      1.143125295639038,
      1.1314988136291504,
      1.1244930028915405,
      1.1206570863723755,
      1.112498164176941,
      1.1066455841064453,
      1.1062312126159668,
      1.1033753156661987,
      1.0949811935424805,
      1.0902169942855835,
      1.083797812461853,
      1.0787250995635986,
      1.0733680725097656,
      1.0712639093399048,
      1.0585975646972656,
      1.0501959323883057,
      1.0436607599258423,
      1.033620834350586,
      1.0290300846099854,
      1.0206108093261719,
      1.014162302017212,
      1.0123094320297241,
      1.0022575855255127,
      0.9991604685783386,
      0.992301881313324,
      0.9874438643455505,
      0.9832161664962769,
      0.978181779384613,
      0.9746082425117493,
      0.9720470905303955,
      0.965240478515625,
      0.9606143832206726,
      0.9542704224586487,
      0.947478711605072,
      0.9431611895561218,
      0.9311379194259644,
      0.9233935475349426,
      0.917857825756073,
      0.9107316136360168,
      0.9078983068466187,
      0.9039328098297119,
      0.900442898273468,
      0.8961121439933777,
      0.8918820023536682,
      0.8893536329269409,
      0.8853832483291626,
      0.8816355466842651,
      0.8847110867500305,
      0.8828457593917847,
      0.8817108869552612,
      0.8815101385116577,
      0.8803253769874573,
      0.8796737790107727,
      0.8810039162635803,
      0.87874835729599,
      0.8811107277870178,
      0.8800913095474243,
      0.8814104795455933,
      0.8839707970619202,
      0.8848555684089661,
      0.8879646062850952,
      0.8856950402259827,
      0.8861064314842224,
      0.8856722116470337,
      0.8855068683624268,
      0.8854472637176514,
      0.884033739566803,
      0.8828064203262329,
      0.8829211592674255,
      0.8819554448127747,
      0.8797942399978638,
      0.8799283504486084,
      0.879223108291626,
      0.878602921962738,
      0.8789207935333252,
      0.878800094127655,
      0.8806285858154297,
      0.8807718753814697,
      0.8794944286346436,
      0.8795537352561951,
      0.878205418586731,
      0.8766464591026306,
      0.8761773109436035,
      0.8764771819114685,
      0.873595118522644,
      0.8719971179962158,
      0.8691717386245728,
      0.8685323596000671,
      0.8675119876861572,
      0.867942214012146,
      0.864690899848938,
      0.866621732711792,
      0.8659031391143799,
      0.8644891381263733,
      0.8643077611923218,
      0.8650712966918945,
      0.8652328252792358,
      0.8636907339096069,
      0.8650937676429749,
      0.8657919764518738,
      0.8652092218399048,
      0.8635178804397583,
      0.864944338798523,
      0.8626782298088074,
      0.8647379875183105,
      0.8653254508972168,
      0.865348219871521,
      0.8645050525665283,
      0.8669635057449341,
      0.8672091364860535,
      0.8680756092071533,
      0.8693640232086182,
      0.8683395385742188,
      0.8675363063812256,
      0.8677522540092468,
      0.8678704500198364,
      0.8670240640640259,
      0.867041826248169,
      0.8667421340942383,
      0.8677006363868713,
      0.8671687841415405,
      0.8684378862380981,
      0.8676854372024536,
      0.8681572675704956,
      0.8685783743858337,
      0.8691062927246094,
      0.8693842887878418,
      0.8709672093391418,
      0.8728642463684082,
      0.872663140296936,
      0.8742923736572266,
      0.8779038190841675,
      0.8783968687057495,
      0.8782072067260742,
      0.8802438378334045,
      0.8820285797119141,
      0.8814301490783691,
      0.8819892406463623,
      0.8804613351821899,
      0.8791747093200684,
      0.8785583972930908,
      0.8798773884773254,
      0.8779852390289307,
      0.878039538860321,
      0.8766443729400635,
      0.874817430973053,
      0.8725556135177612,
      0.8736332058906555,
      0.8734056353569031,
      0.8712661862373352,
      0.8724699020385742,
      0.8723353147506714,
      0.8708493709564209,
      0.8700935244560242,
      0.8690024018287659,
      0.868453860282898,
      0.868754506111145,
      0.8672043681144714,
      0.8672413229942322,
      0.8637692332267761,
      0.8632229566574097,
      0.862319827079773,
      0.8607598543167114,
      0.8581054210662842,
      0.8576399087905884,
      0.8577220439910889,
      0.8579914569854736,
      0.8560037612915039,
      0.8546656966209412,
      0.8552358746528625,
      0.8528358340263367,
      0.8525964021682739,
      0.8492501378059387,
      0.846773624420166,
      0.8444428443908691,
      0.8421257734298706,
      0.8379592299461365,
      0.8349342346191406,
      0.8329593539237976,
      0.8301054239273071,
      0.8308818936347961,
      0.8278346061706543,
      0.8254520893096924,
      0.8237677812576294,
      0.8228619694709778,
      0.8205287456512451,
      0.8189926147460938,
      0.8159782886505127,
      0.8160725831985474,
      0.8134262561798096,
      0.8141040802001953,
      0.8115919828414917,
      0.8105409145355225,
      0.8073116540908813,
      0.8071730732917786,
      0.8043158054351807,
      0.805918276309967,
      0.8051527738571167,
      0.8047230243682861,
      0.8074799180030823,
      0.8067458868026733,
      0.8090134859085083,
      0.8080285787582397,
      0.8093096017837524,
      0.8090035319328308,
      0.8130818605422974,
      0.8130228519439697,
      0.8144882917404175,
      0.8123204708099365,
      0.8134528398513794,
      0.8135529160499573,
      0.8141709566116333,
      0.8133407831192017,
      0.8159545660018921,
      0.8136929273605347,
      0.8157391548156738,
      0.8177570104598999
    ],
    "epochs_ran": 231,
    "final_entropy": 0.8177570104598999,
    "final_loss": 0.40601688623428345,
    "plot_diagnostics": null,
    "runtime_seconds": 11.141049719881266
  }
}