{
  "config": {
    "early_stopping": true,
    "epochs": 601,
    "expert_lr": 0.00187798,
    "expert_momentum": 0.86947,
    "expert_num": 4,
    "expert_weight_decay": 1e-05,
    "load_balancing": false,
    "ns_steps": 10,
    "optimizer_family": "muon",
    "router_lr": 0.0326279,
    "router_momentum": 0.915068,
    "router_weight_decay": 0.0
  },
  "eval_metrics": {
    "accuracy": 87.53125,
    "dispatch_counts": [
      [
        348.0,
        337.0,
        79.0,
        64.0
      ],
      [
        278.0,
        251.0,
        176.0,
        75.0
      ],
      [
        99.0,
        108.0,
        502.0,
        103.0
      ],
      [
        355.0,
        145.0,
        36.0,
        244.0
      ]
    ],
    "entropy": 1.2115598917007446,
    "loss": 0.4371030032634735,
    "runtime_seconds": 0.004327431786805391,
    "split": "validation"
  },
  "fold_index": 0,
  "mode": "nonlinear",
  "seed": 21611,
  "setting": 2,
  "total_runtime_seconds": 13.432616787496954,
  "train_metrics": {
    "dispatch_counts": [
      [
        1310.0,
        1441.0,
        296.0,
        268.0
      ],
      [
        1138.0,
        1034.0,
        688.0,
        257.0
      ],
      [
        405.0,
        455.0,
        2014.0,
        376.0
      ],
      [
        1426.0,
        614.0,
        169.0,
        909.0
      ]
    ],
    "entropy_record": [
      1.3858296871185303,
      1.2732586860656738,
      1.2959485054016113,
      1.3180694580078125,
      1.3127548694610596,
      1.2925862073898315,
      1.2609126567840576,
      1.2532403469085693,
      1.2434923648834229,
      1.2381610870361328,
      1.2374273538589478,
      1.2384520769119263,
      1.236822247505188,
      1.2346506118774414,
      1.2247810363769531,
      1.2089773416519165,
      1.2031269073486328,
      1.1879538297653198,
      1.1725810766220093,
      1.1675119400024414,
      1.158774495124817,
      1.155483603477478,
      1.1591352224349976,
      1.171994924545288,
      1.1820906400680542,
      1.186267375946045,
      1.1933107376098633,
      1.1975078582763672,
      1.2004075050354004,
      1.1958544254302979,
      1.194687843322754,
      1.1919022798538208,
      1.1930696964263916,
      1.192685604095459,
      1.1917753219604492,
      1.1914223432540894,
      1.1924800872802734,
      1.1923671960830688,
      1.1922308206558228,
      1.1900650262832642,
      1.1931202411651611,
      1.1918158531188965,
      1.193824291229248,
      1.191924810409546,
      1.1895486116409302,
      1.1899242401123047,
      1.1895445585250854,
      1.1897071599960327,
      1.1864500045776367,
      1.1847935914993286,
      1.1815580129623413,
      1.1799042224884033,
      1.178823471069336,
      1.176936149597168,
      1.174988031387329,
      1.1753756999969482,
      1.1725199222564697,
      1.1719895601272583,
      1.1687978506088257,
      1.1677693128585815,
      1.1680890321731567,
      1.168041467666626,
      1.1666842699050903,
      1.1658459901809692,
      1.1657724380493164,
      1.1670353412628174,
      1.1670665740966797,
      1.1666598320007324,
      1.1665925979614258,
      1.165196180343628,
      1.1687148809432983,
      1.1690597534179688,
      1.1707074642181396,
      1.1713857650756836,
      1.1694700717926025,
      1.1688352823257446,
      1.168185830116272,
      1.1676591634750366,
      1.1688345670700073,
      1.1709198951721191,
      1.170879602432251,
      1.17220139503479,
      1.1726834774017334,
      1.1738053560256958,
      1.174540638923645,
      1.1733909845352173,
      1.1768871545791626,
      1.17694890499115,
      1.1790175437927246,
      1.1796647310256958,
      1.1820170879364014,
      1.1816354990005493,
      1.181381344795227,
      1.1825463771820068,
      1.1835697889328003,
      1.18195378780365,
      1.1804307699203491,
      1.181382656097412,
      1.1810781955718994,
      1.1843127012252808,
      1.1814531087875366,
      1.180537462234497,
      1.1819602251052856,
      1.1793428659439087,
      1.1802713871002197,
      1.18186354637146,
      1.181942343711853,
      1.18071448802948,
      1.179159164428711,
      1.1823945045471191,
      1.1835756301879883,
      1.1853843927383423,
      1.187245488166809,
      1.1893397569656372,
      1.1883299350738525,
      1.1896342039108276,
      1.1892633438110352,
      1.1915900707244873,
      1.1928999423980713,
      1.1908982992172241,
      1.1897833347320557,
      1.1914396286010742,
      1.1927688121795654,
      1.194223165512085,
      1.1940473318099976,
      1.1945767402648926,
      1.194753885269165,
      1.1950721740722656,
      1.1942205429077148,
      1.195412039756775,
      1.194395899772644,
      1.1949387788772583,
      1.1932373046875,
      1.1902843713760376,
      1.1875137090682983,
      1.1858274936676025,
      1.184740662574768,
      1.1815840005874634,
      1.1799951791763306,
      1.1784424781799316,
      1.1782137155532837,
      1.1768221855163574,
      1.1758289337158203,
      1.1758562326431274,
      1.17582368850708,
      1.1740167140960693,
      1.172464370727539,
      1.1729222536087036,
      1.1731106042861938,
      1.171241044998169,
      1.170699954032898,
      1.170000433921814,
      1.1700316667556763,
      1.173265814781189,
      1.1743143796920776,
      1.1742829084396362,
      1.1742991209030151,
      1.175208568572998,
      1.1757252216339111,
      1.1782091856002808,
      1.1759063005447388,
      1.1757781505584717,
      1.1755800247192383,
      1.174509048461914,
      1.1742345094680786,
      1.1750022172927856,
      1.1748288869857788,
      1.1754413843154907,
      1.1783475875854492,
      1.1806185245513916,
      1.1821730136871338,
      1.1838202476501465,
      1.1880570650100708,
      1.189943790435791,
      1.1918823719024658,
      1.1954046487808228,
      1.1961218118667603,
      1.196323275566101,
      1.1935957670211792,
      1.1944760084152222,
      1.193173885345459,
      1.1919426918029785,
      1.1916654109954834,
      1.1925370693206787,
      1.1936496496200562,
      1.192711591720581,
      1.1951438188552856,
      1.194429636001587,
      1.1953622102737427,
      1.1946407556533813,
      1.1961348056793213,
      1.1956110000610352,
      1.1941938400268555,
      1.1942532062530518,
      1.1938858032226562,
      1.1948521137237549,
      1.193067193031311,
      1.192926049232483,
      1.19088613986969,
      1.1910967826843262,
      1.1908398866653442,
      1.1897379159927368,
      1.1889089345932007,
      1.1894103288650513,
      1.190010905265808,
      1.1904950141906738,
      1.1893794536590576,
      1.1874991655349731,
      1.1874077320098877,
      1.188003659248352,
      1.1842378377914429,
      1.1835726499557495,
      1.182300329208374,
      1.1808358430862427,
      1.1805684566497803,
      1.1828134059906006,
      1.1851284503936768,
      1.1837290525436401,
      1.1848375797271729,
      1.185165286064148,
      1.185268759727478,
      1.1854832172393799,
      1.185781717300415,
      1.1856181621551514,
      1.1866035461425781,
      1.1852400302886963,
      1.1871575117111206,
      1.1863919496536255,
      1.1864956617355347,
      1.1859782934188843,
      1.185994029045105,
      1.1862437725067139,
      1.185192346572876,
      1.1861679553985596,
      1.1855549812316895,
      1.1861145496368408,
      1.187995433807373,
      1.189254641532898,
      1.18939208984375,
      1.1919173002243042,
      1.192295789718628,
      1.1916602849960327,
      1.1915273666381836,
      1.1916900873184204,
      1.1929357051849365,
      1.1918405294418335,
      1.1919397115707397,
      1.1907765865325928,
      1.1922643184661865,
      1.1933456659317017,
      1.1949814558029175,
      1.1968796253204346,
      1.1962440013885498,
      1.1988290548324585,
      1.2007935047149658,
      1.1999298334121704,
      1.2028908729553223,
