{
  "config": {
    "early_stopping": true,
    "epochs": 601,
    "expert_lr": 0.00187798,
    "expert_momentum": 0.86947,
    "expert_num": 4,
    "expert_weight_decay": 1e-05,
    "load_balancing": false,
    "ns_steps": 10,
    "optimizer_family": "muon",
    "router_lr": 0.0326279,
    "router_momentum": 0.915068,
    "router_weight_decay": 0.0
  },
  "eval_metrics": {
    "accuracy": 88.25,
    "dispatch_counts": [
      [
        414.0,
        175.0,
        185.0,
        54.0
      ],
      [
        210.0,
        43.0,
        489.0,
        38.0
      ],
      [
        93.0,
        12.0,
        298.0,
        409.0
      ],
      [
        48.0,
        431.0,
        16.0,
        285.0
      ]
    ],
    "entropy": 1.040649652481079,
    "loss": 0.4307246804237366,
    "runtime_seconds": 0.004315083846449852,
    "split": "validation"
  },
  "fold_index": 4,
  "mode": "nonlinear",
  "seed": 21615,
  "setting": 2,
  "total_runtime_seconds": 28.485546228010207,
  "train_metrics": {
    "dispatch_counts": [
      [
        1623.0,
        757.0,
        724.0,
        211.0
      ],
      [
        914.0,
        157.0,
        1885.0,
        161.0
      ],
      [
        252.0,
        55.0,
        1095.0,
        1848.0
      ],
      [
        213.0,
        1683.0,
        61.0,
        1161.0
      ]
    ],
    "entropy_record": [
      1.385697841644287,
      1.3291934728622437,
      1.2828723192214966,
      1.2479697465896606,
      1.2267963886260986,
      1.192407250404358,
      1.1757245063781738,
      1.1627197265625,
      1.1575857400894165,
      1.1613179445266724,
      1.152700662612915,
      1.15296471118927,
      1.151968240737915,
      1.1511027812957764,
      1.1530001163482666,
      1.155229926109314,
      1.156680941581726,
      1.158874273300171,
      1.157169222831726,
      1.1587388515472412,
      1.157228946685791,
      1.1585330963134766,
      1.1598719358444214,
      1.1641137599945068,
      1.1643011569976807,
      1.1705152988433838,
      1.1695404052734375,
      1.1720906496047974,
      1.1730656623840332,
      1.1710402965545654,
      1.171696662902832,
      1.173861026763916,
      1.1736751794815063,
      1.1755141019821167,
      1.1742444038391113,
      1.1731421947479248,
      1.173584222793579,
      1.1727641820907593,
      1.1718506813049316,
      1.1701945066452026,
      1.1691018342971802,
      1.169243335723877,
      1.1664378643035889,
      1.1660845279693604,
      1.1649047136306763,
      1.164077877998352,
      1.165808916091919,
      1.1662644147872925,
      1.1679455041885376,
      1.1679975986480713,
      1.1670924425125122,
      1.1660964488983154,
      1.1668723821640015,
      1.1655346155166626,
      1.1637228727340698,
      1.1622371673583984,
      1.1626076698303223,
      1.162085771560669,
      1.1611995697021484,
      1.1608752012252808,
      1.162736177444458,
      1.1637777090072632,
      1.1640318632125854,
      1.1647850275039673,
      1.1667875051498413,
      1.1681333780288696,
      1.1707532405853271,
      1.1725237369537354,
      1.174984335899353,
      1.1751506328582764,
      1.1766539812088013,
      1.1775805950164795,
      1.1795262098312378,
      1.1810352802276611,
      1.180708646774292,
      1.182084560394287,
      1.1850872039794922,
      1.1875907182693481,
      1.1878018379211426,
      1.18906569480896,
      1.191454529762268,
      1.1937496662139893,
      1.195770025253296,
      1.198244333267212,
      1.1985061168670654,
      1.1985132694244385,
      1.1973685026168823,
      1.1974691152572632,
      1.1977189779281616,
      1.1960973739624023,
      1.1959292888641357,
      1.1953778266906738,
      1.1951451301574707,
      1.1956264972686768,
      1.1961643695831299,
      1.195319414138794,
      1.19490647315979,
      1.193536400794983,
      1.1936007738113403,
      1.1925930976867676,
      1.1919572353363037,
      1.1921838521957397,
      1.1899898052215576,
      1.1887503862380981,
      1.1875252723693848,
      1.1841875314712524,
      1.1843855381011963,
      1.183777928352356,
      1.180519700050354,
      1.1799681186676025,
      1.1783560514450073,
      1.1767147779464722,
      1.174875020980835,
      1.1733717918395996,
      1.1731265783309937,
      1.1706358194351196,
      1.1707571744918823,
      1.168129563331604,
      1.169013261795044,
      1.1666665077209473,
      1.1661312580108643,
      1.1657872200012207,
      1.1649973392486572,
      1.164183259010315,
      1.1629102230072021,
      1.1633481979370117,
      1.1626036167144775,
      1.1601765155792236,
      1.1577842235565186,
      1.1569910049438477,
      1.154395341873169,
      1.1530203819274902,
      1.152034878730774,
      1.1503962278366089,
      1.148754596710205,
      1.1484417915344238,
      1.1477155685424805,
      1.1468627452850342,
      1.1430704593658447,
      1.1414005756378174,
      1.1396114826202393,
      1.137223243713379,
      1.1348466873168945,
      1.134223222732544,
      1.132483959197998,
      1.1309058666229248,
      1.1299524307250977,
      1.1301379203796387,
      1.1269677877426147,
      1.1256961822509766,
      1.1230392456054688,
      1.1216561794281006,
      1.1203906536102295,
      1.1196982860565186,
      1.1175743341445923,
      1.117018222808838,
      1.1153411865234375,
      1.1134989261627197,
      1.1124566793441772,
      1.1113407611846924,
      1.1125210523605347,
      1.1107890605926514,
      1.1109235286712646,
      1.1101049184799194,
      1.1094192266464233,
      1.1079771518707275,
      1.107102632522583,
      1.1067731380462646,
      1.1060658693313599,
      1.1055570840835571,
      1.106209397315979,
      1.1056522130966187,
      1.1044340133666992,
      1.103973150253296,
      1.1045154333114624,
      1.1028897762298584,
      1.1019079685211182,
      1.1016132831573486,
      1.100752830505371,
      1.0994542837142944,
      1.099650263786316,
      1.0994724035263062,
      1.0998424291610718,
      1.1003624200820923,
      1.1007602214813232,
      1.1012547016143799,
      1.1008731126785278,
      1.1005202531814575,
      1.1005058288574219,
      1.1017985343933105,
      1.1030770540237427,
      1.1030747890472412,
      1.1027476787567139,
      1.1036198139190674,
      1.1040352582931519,
      1.1049134731292725,
      1.1040581464767456,
      1.1051571369171143,
      1.1049633026123047,
      1.1051734685897827,
      1.1048005819320679,
      1.1059985160827637,
      1.1045036315917969,
      1.104830026626587,
      1.1050174236297607,
      1.1038321256637573,
      1.1040623188018799,
      1.1038731336593628,
      1.1026690006256104,
      1.1022956371307373,
      1.1030429601669312,
      1.1027432680130005,
      1.1017342805862427,
      1.101578950881958,
      1.1020203828811646,
      1.1022967100143433,
      1.10287344455719,
      1.1026674509048462,
      1.1024023294448853,
      1.1020123958587646,
      1.099893569946289,
      1.101410150527954,
      1.101406455039978,
      1.1013294458389282,
      1.1017512083053589,
      1.1018600463867188,
      1.1027393341064453,
      1.1022260189056396,
      1.1033995151519775,
      1.1050461530685425,
      1.1061928272247314,
      1.1063346862792969,
      1.1071619987487793,
      1.1067485809326172,
      1.1072299480438232,
      1.1065983772277832,
      1.1059839725494385,
      1.105788230895996,
      1.1050546169281006,
      1.1060888767242432,
      1.1061069965362549,
      1.1058841943740845,
      1.1058677434921265,
      1.1065864562988281,
      1.1046087741851807,
      1.1061487197875977,
      1.1041278839111328,
      1.105146050453186,
      1.1052415370941162,
      1.1040924787521362,
      1.104231357574463,
      1.1031644344329834,
      1.1049634218215942,
      1.1038334369659424,
      1.1037057638168335,
      1.1026780605316162,
      1.1009609699249268,
