{
  "config": {
    "early_stopping": true,
    "epochs": 601,
    "expert_lr": 0.00081019,
    "expert_momentum": 0.916308,
    "expert_num": 4,
    "expert_weight_decay": 0.0001,
    "load_balancing": false,
    "optimizer_family": "original",
    "router_lr": 0.01357813,
    "router_momentum": 0.934881,
    "router_weight_decay": 0.0001
  },
  "eval_metrics": {
    "accuracy": 97.03125,
    "dispatch_counts": [
      [
        1.0,
        0.0,
        3.0,
        824.0
      ],
      [
        1.0,
        779.0,
        0.0,
        0.0
      ],
      [
        802.0,
        3.0,
        0.0,
        7.0
      ],
      [
        436.0,
        5.0,
        339.0,
        0.0
      ]
    ],
    "entropy": 0.28968948125839233,
    "loss": 0.3429272770881653,
    "runtime_seconds": 0.004499985836446285,
    "split": "validation"
  },
  "fold_index": 0,
  "mode": "nonlinear",
  "seed": 41411,
  "setting": 4,
  "total_runtime_seconds": 27.478334641549736,
  "train_metrics": {
    "dispatch_counts": [
      [
        3.0,
        1.0,
        3.0,
        3308.0
      ],
      [
        12.0,
        3098.0,
        0.0,
        7.0
      ],
      [
        3218.0,
        15.0,
        0.0,
        17.0
      ],
      [
        1821.0,
        14.0,
        1277.0,
        6.0
      ]
    ],
    "entropy_record": [
      1.3850631713867188,
      1.3856356143951416,
      1.3857519626617432,
      1.3850667476654053,
      1.3858039379119873,
      1.3856277465820312,
      1.3856314420700073,
      1.3857160806655884,
      1.3856940269470215,
      1.3853992223739624,
      1.3853795528411865,
      1.385350227355957,
      1.3852730989456177,
      1.3837088346481323,
      1.3792979717254639,
      1.3741304874420166,
      1.3583250045776367,
      1.3199565410614014,
      1.25123929977417,
      1.1291112899780273,
      0.9880591034889221,
      0.8400437831878662,
      0.7030461430549622,
      0.5902986526489258,
      0.47939008474349976,
      0.4201723337173462,
      0.37436652183532715,
      0.3480615019798279,
      0.3233574330806732,
      0.31075751781463623,
      0.2893051207065582,
      0.2789303660392761,
      0.27762070298194885,
      0.2778586447238922,
      0.27269965410232544,
      0.26717692613601685,
      0.2674006223678589,
      0.2629859745502472,
      0.2583920359611511,
      0.25887569785118103,
      0.2522370219230652,
      0.250679612159729,
      0.2547382712364197,
      0.24825698137283325,
      0.25155654549598694,
      0.2534129321575165,
      0.25114238262176514,
      0.2585524916648865,
      0.25555309653282166,
      0.25511452555656433,
      0.2530337870121002,
      0.24809445440769196,
      0.24891535937786102,
      0.2529723346233368,
      0.25445130467414856,
      0.26037082076072693,
      0.25626856088638306,
      0.2543807029724121,
      0.2554326057434082,
      0.24991460144519806,
      0.25727081298828125,
      0.2543947100639343,
      0.25491684675216675,
      0.25804638862609863,
      0.26184824109077454,
      0.2565973401069641,
      0.2541425824165344,
      0.2521488070487976,
      0.2532338798046112,
      0.26081645488739014,
      0.2598782777786255,
      0.25612756609916687,
      0.26136958599090576,
      0.2549159824848175,
      0.2569825053215027,
      0.2591587007045746,
      0.26369109749794006,
      0.2656513452529907,
      0.2566523551940918,
      0.26129722595214844,
      0.2577947676181793,
      0.26317164301872253,
      0.26167118549346924,
      0.26464709639549255,
      0.25952833890914917,
      0.2672218978404999,
      0.26154735684394836,
      0.2646081745624542,
      0.26485228538513184,
      0.2616215944290161,
      0.2670263648033142,
      0.26411309838294983,
      0.26526325941085815,
      0.26051652431488037,
      0.26332539319992065,
      0.2582671344280243,
      0.2648319602012634,
      0.263357937335968,
      0.2658160924911499,
      0.26630455255508423,
      0.2640247046947479,
      0.26387935876846313,
      0.26615485548973083,
      0.2697306275367737,
      0.26245301961898804,
      0.2666171193122864,
      0.26996520161628723,
      0.26852405071258545,
      0.26544317603111267,
      0.2636188566684723,
      0.26995033025741577,
      0.2654004693031311,
      0.268211305141449,
      0.26588839292526245,
      0.26467856764793396,
      0.26822832226753235,
      0.2669469118118286,
      0.266626238822937,
      0.2720399498939514,
      0.2745421826839447,
      0.26717618107795715,
      0.270619660615921,
      0.26962265372276306,
      0.26690900325775146,
      0.27343305945396423,
      0.27597180008888245,
      0.26757538318634033,
      0.2757246494293213,
      0.27206066250801086,
      0.27113035321235657,
      0.2719697654247284,
      0.27034759521484375,
      0.27528947591781616,
      0.27120840549468994,
      0.26719537377357483,
      0.2713213562965393,
      0.26853641867637634,
      0.27450820803642273,
      0.271543949842453,
      0.2705647647380829,
      0.2712072730064392,
      0.2726936936378479,
      0.26957574486732483,
      0.27361664175987244,
      0.270384818315506,
      0.2698064148426056,
      0.27303940057754517,
      0.2706548571586609,
      0.2784975469112396,
      0.2749050557613373,
      0.27547577023506165,
      0.27963125705718994,
      0.2773336172103882,
      0.27444687485694885,
      0.27605271339416504,
      0.27539679408073425,
      0.27420201897621155,
      0.27795809507369995,
      0.27157342433929443,
      0.2718626856803894,
      0.27590933442115784,
      0.2769477665424347,
      0.27736523747444153,
      0.27652329206466675,
      0.2731555700302124,
      0.2733370065689087,
      0.2753904461860657,
      0.2775460183620453,
      0.2780301570892334,
      0.27050766348838806,
      0.2767692506313324,
      0.2746858298778534,
      0.2735542356967926,
      0.2764725685119629,
      0.27922487258911133,
      0.27640968561172485,
      0.27968692779541016,
      0.2758377194404602,
      0.28005287051200867,
      0.2767883539199829,
      0.27646204829216003,
      0.2801802456378937,
      0.27707457542419434,
      0.276845246553421,
      0.27439892292022705,
      0.27742600440979004,
      0.2845154106616974,
      0.278730571269989,
      0.2784132957458496,
      0.27814531326293945,
      0.27971476316452026,
      0.2772696614265442,
      0.2808184027671814,
      0.28174465894699097,
      0.2787092924118042,
      0.2785212993621826,
      0.2809441387653351,
      0.27312836050987244,
      0.28187164664268494,
      0.27954140305519104,
      0.28307050466537476,
      0.28243041038513184,
      0.2822716236114502,
      0.28011399507522583,
      0.2800612151622772,
      0.2809881865978241,
      0.27533984184265137,
      0.27532967925071716,
      0.2816753089427948,
      0.27926090359687805,
      0.28023064136505127,
      0.27956631779670715,
      0.28214552998542786,
      0.27986976504325867,
      0.28171369433403015,
      0.28289109468460083,
      0.2842039465904236,
      0.28133541345596313,
      0.2791862487792969,
      0.28022992610931396,
      0.287058025598526,
      0.28321418166160583,
      0.27928757667541504,
      0.28183016180992126,
      0.28363826870918274,
      0.28378525376319885,
      0.2784469723701477,
      0.27788227796554565,
      0.2833195924758911,
      0.2834330201148987,
      0.2823578119277954,
      0.28250211477279663,
      0.2842733860015869,
      0.28181231021881104,
      0.28299441933631897,
      0.28225019574165344,
      0.28138846158981323,
      0.2808333933353424,
      0.28156283497810364,
      0.2829788327217102,
      0.28436750173568726,
      0.28512704372406006,
      0.28642377257347107,
      0.2881512939929962,
      0.28750666975975037,
      0.2864438593387604,
      0.2902170717716217,
      0.28637513518333435,
      0.28581687808036804,
      0.28606781363487244,
      0.28372257947921753,
