{
  "config": {
    "early_stopping": true,
    "epochs": 601,
    "expert_lr": 0.00436735,
    "expert_momentum": 0.863072,
    "expert_num": 4,
    "expert_weight_decay": 0.0001,
    "load_balancing": false,
    "optimizer_family": "original",
    "router_lr": 0.01929648,
    "router_momentum": 0.958763,
    "router_weight_decay": 1e-05
  },
  "eval_metrics": {
    "accuracy": 99.875,
    "dispatch_counts": [
      [
        0.0,
        15.0,
        814.0,
        0.0
      ],
      [
        0.0,
        0.0,
        0.0,
        779.0
      ],
      [
        0.0,
        812.0,
        0.0,
        0.0
      ],
      [
        780.0,
        0.0,
        0.0,
        0.0
      ]
    ],
    "entropy": 0.023440463468432426,
    "loss": 0.31450948119163513,
    "runtime_seconds": 0.004270734265446663,
    "split": "validation"
  },
  "fold_index": 1,
  "mode": "nonlinear",
  "seed": 30912,
  "setting": 3,
  "total_runtime_seconds": 2.022361653391272,
  "train_metrics": {
    "dispatch_counts": [
      [
        0.0,
        50.0,
        3264.0,
        0.0
      ],
      [
        0.0,
        0.0,
        0.0,
        3118.0
      ],
      [
        0.0,
        3250.0,
        0.0,
        0.0
      ],
      [
        3118.0,
        0.0,
        0.0,
        0.0
      ]
    ],
    "entropy_record": [
      1.3855798244476318,
      1.3857897520065308,
      1.3853867053985596,
      1.3857918977737427,
      1.3853235244750977,
      1.3856139183044434,
      1.3843679428100586,
      1.3752684593200684,
      1.33941650390625,
      1.235137939453125,
      1.0614707469940186,
      0.8158808350563049,
      0.5859842896461487,
      0.4195746183395386,
      0.3181922733783722,
      0.22301867604255676,
      0.1667453944683075,
      0.12902437150478363,
      0.09566134959459305,
      0.08563105762004852,
      0.07397149503231049,
      0.06716544926166534,
      0.05221772938966751,
      0.045017462223768234,
      0.044765498489141464,
      0.041510626673698425,
      0.0370309054851532,
      0.035402633249759674,
      0.0367613360285759,
      0.03880883380770683,
      0.030059421434998512,
      0.030059421434998512,
      0.025300895795226097,
      0.02741548977792263,
      0.0221796166151762,
      0.0221796166151762,
      0.0234433151781559,
      0.0234433151781559,
      0.0221796166151762,
      0.024686548858880997,
      0.019584588706493378,
      0.021860310807824135,
      0.023129355162382126,
      0.018920419737696648,
      0.020242342725396156
    ],
    "epochs_ran": 45,
    "final_entropy": 0.020242342725396156,
    "final_loss": 0.31377020478248596,
    "plot_diagnostics": null,
    "runtime_seconds": 2.018090919125825
  }
}