{
  "config": {
    "early_stopping": true,
    "epochs": 601,
    "expert_lr": 0.00079349,
    "expert_momentum": 0.980409,
    "expert_num": 8,
    "expert_weight_decay": 0.0001,
    "load_balancing": false,
    "ns_steps": 5,
    "optimizer_family": "muon",
    "router_lr": 0.04722493,
    "router_momentum": 0.860892,
    "router_weight_decay": 0.0
  },
  "eval_metrics": {
    "accuracy": 97.0,
    "dispatch_counts": [
      [
        411.0,
        7.0,
        32.0,
        10.0,
        50.0,
        4.0,
        7.0,
        307.0
      ],
      [
        5.0,
        0.0,
        379.0,
        1.0,
        0.0,
        11.0,
        384.0,
        0.0
      ],
      [
        11.0,
        397.0,
        61.0,
        333.0,
        0.0,
        10.0,
        0.0,
        0.0
      ],
      [
        32.0,
        1.0,
        51.0,
        130.0,
        167.0,
        398.0,
        1.0,
        0.0
      ]
    ],
    "entropy": 0.40875500440597534,
    "loss": 0.34326156973838806,
    "runtime_seconds": 0.007514104247093201,
    "split": "validation"
  },
  "fold_index": 4,
  "mode": "nonlinear",
  "seed": 31315,
  "setting": 3,
  "total_runtime_seconds": 48.97975962655619,
  "train_metrics": {
    "dispatch_counts": [
      [
        1633.0,
        22.0,
        123.0,
        32.0,
        261.0,
        32.0,
        39.0,
        1173.0
      ],
      [
        9.0,
        3.0,
        1536.0,
        4.0,
        0.0,
        43.0,
        1522.0,
        0.0
      ],
      [
        49.0,
        1585.0,
        196.0,
        1373.0,
        0.0,
        46.0,
        1.0,
        0.0
      ],
      [
        156.0,
        3.0,
        224.0,
        502.0,
        674.0,
        1553.0,
        6.0,
        0.0
      ]
    ],
    "entropy_record": [
      1.3850195407867432,
      1.0545793771743774,
      0.7227323651313782,
      0.6304929852485657,
      0.564919114112854,
      0.5087308287620544,
      0.4872998595237732,
      0.47250890731811523,
      0.46066656708717346,
      0.44060683250427246,
      0.4270075559616089,
      0.41380229592323303,
      0.408896267414093,
      0.39922159910202026,
      0.3935948312282562,
      0.3908774256706238,
      0.3876546025276184,
      0.38595670461654663,
      0.37828537821769714,
      0.37634673714637756,
      0.3677501380443573,
      0.36486297845840454,
      0.3558003902435303,
      0.3523678183555603,
      0.3490919768810272,
      0.34246188402175903,
      0.3371676206588745,
      0.33233848214149475,
      0.33285701274871826,
      0.3251933753490448,
      0.3205004930496216,
      0.318196177482605,
      0.31543952226638794,
      0.311018705368042,
      0.30800384283065796,
      0.3046664297580719,
      0.3021078407764435,
      0.29651767015457153,
      0.29323700070381165,
      0.28815820813179016,
      0.28510913252830505,
      0.2817528247833252,
      0.2776516377925873,
      0.27496880292892456,
      0.2717154026031494,
      0.26952964067459106,
      0.266314297914505,
      0.2658942639827728,
      0.26308882236480713,
      0.2596723437309265,
      0.25912776589393616,
      0.2578650116920471,
      0.25342079997062683,
      0.251422256231308,
      0.24980637431144714,
      0.24871769547462463,
      0.24738244712352753,
      0.2455894947052002,
      0.24256139993667603,
      0.24294054508209229,
      0.23834095895290375,
      0.236469566822052,
      0.23573751747608185,
      0.23500926792621613,
      0.23274771869182587,
      0.23398615419864655,
      0.2346191257238388,
      0.23282842338085175,
      0.23106779158115387,
      0.22992677986621857,
      0.23110148310661316,
      0.22988255321979523,
      0.2305920571088791,
      0.22908452153205872,
      0.22669717669487,
      0.2300397902727127,
      0.2284747213125229,
      0.22984682023525238,
      0.22981949150562286,
      0.22995831072330475,
      0.23146866261959076,
      0.2326539009809494,
      0.23264983296394348,
      0.23300017416477203,
      0.23396626114845276,
      0.23352526128292084,
      0.2332422435283661,
      0.23259635269641876,
      0.23378944396972656,
      0.23569023609161377,
      0.23759189248085022,
      0.24215999245643616,
      0.24234341084957123,
      0.2442617267370224,
      0.24627061188220978,
      0.24754825234413147,
      0.2470884472131729,
      0.25104624032974243,
      0.25042590498924255,
      0.2515731453895569,
      0.25207018852233887,
      0.2539323568344116,
      0.254055917263031,
      0.25408172607421875,
      0.25490862131118774,
      0.25701552629470825,
      0.256701797246933,
      0.25941404700279236,
      0.26136651635169983,
      0.26103922724723816,
      0.2617945969104767,
      0.2616204023361206,
      0.2628127634525299,
      0.26434728503227234,
      0.26589855551719666,
      0.26771461963653564,
      0.26907777786254883,
      0.27021610736846924,
      0.2707531452178955,
      0.2718731760978699,
      0.27158525586128235,
      0.2723635733127594,
      0.2741680145263672,
      0.27418747544288635,
      0.27478426694869995,
      0.27512815594673157,
      0.27554377913475037,
      0.27673080563545227,
      0.27592235803604126,
      0.27717095613479614,
      0.2770375609397888,
      0.27606987953186035,
      0.27762341499328613,
      0.277369886636734,
      0.27544838190078735,
      0.2755878269672394,
      0.27207592129707336,
      0.27034425735473633,
      0.26817581057548523,
      0.2677161991596222,
      0.2648182213306427,
      0.26497387886047363,
      0.26257777214050293,
      0.2615949213504791,
      0.2597046494483948,
      0.25904756784439087,
      0.25767484307289124,
      0.25847792625427246,
      0.2568410634994507,
      0.25634583830833435,
      0.2566379904747009,
      0.25504180788993835,
      0.2548944354057312,
      0.25515642762184143,
      0.2543591260910034,
      0.25298282504081726,
      0.25274431705474854,
      0.25270259380340576,
      0.25286129117012024,
      0.2520841062068939,
      0.2512451708316803,
      0.2529740035533905,
      0.25228700041770935,
      0.2513915002346039,
      0.25210100412368774,
      0.2520900070667267,
      0.2519579231739044,
      0.2528137266635895,
      0.25008776783943176,
      0.249426931142807,
      0.24918125569820404,
      0.2519775331020355,
      0.2522479295730591,
      0.25566554069519043,
      0.25705474615097046,
      0.2606218457221985,
      0.26410871744155884,
      0.26659315824508667,
      0.2697499692440033,
      0.2747565507888794,
      0.2768581807613373,
      0.2800256013870239,
      0.2832937240600586,
      0.28640955686569214,
      0.2895248234272003,
      0.292717307806015,
      0.2947060763835907,
      0.2981211245059967,
      0.29918041825294495,
      0.3023165762424469,
      0.30491337180137634,
      0.3081859350204468,
      0.3111162781715393,
      0.3131110966205597,
      0.31514236330986023,
      0.31574147939682007,
      0.31807056069374084,
      0.31947049498558044,
      0.3244037628173828,
      0.3280942738056183,
      0.33074522018432617,
      0.33376145362854004,
      0.33647680282592773,
      0.34028178453445435,
      0.3423631191253662,
      0.34436362981796265,
      0.3464987277984619,
      0.3487883508205414,
      0.35229358077049255,
      0.3529837727546692,
      0.3547224998474121,
      0.3565627634525299,
      0.35684147477149963,
      0.3589201867580414,
      0.359916627407074,
      0.3598971366882324,
      0.3619499206542969,
      0.3608725368976593,
      0.3617871403694153,
      0.3610984683036804,
      0.36308297514915466,
      0.3643597960472107,
      0.36460018157958984,
      0.3651748299598694,
      0.3646158277988434,
      0.3649991750717163,
      0.36517617106437683,
      0.36716243624687195,
      0.3669009208679199,
      0.3689448833465576,
      0.3697841167449951,
      0.37047243118286133,
      0.37216365337371826,
      0.37349116802215576,
