{
  "config": {
    "early_stopping": true,
    "epochs": 601,
    "expert_lr": 0.00131414,
    "expert_momentum": 0.908119,
    "expert_num": 8,
    "expert_weight_decay": 0.0,
    "load_balancing": false,
    "optimizer_family": "original",
    "router_lr": 0.01294599,
    "router_momentum": 0.900513,
    "router_weight_decay": 0.0
  },
  "eval_metrics": {
    "accuracy": 99.9375,
    "dispatch_counts": [
      [
        0.0,
        2.0,
        826.0,
        0.0,
        0.0,
        0.0,
        0.0,
        0.0
      ],
      [
        0.0,
        780.0,
        0.0,
        0.0,
        0.0,
        0.0,
        0.0,
        0.0
      ],
      [
        0.0,
        1.0,
        0.0,
        60.0,
        10.0,
        739.0,
        0.0,
        2.0
      ],
      [
        608.0,
        1.0,
        0.0,
        0.0,
        2.0,
        0.0,
        163.0,
        6.0
      ]
    ],
    "entropy": 0.012239542789757252,
    "loss": 0.31381624937057495,
    "runtime_seconds": 0.007520256098359823,
    "split": "validation"
  },
  "fold_index": 4,
  "mode": "nonlinear",
  "seed": 30715,
  "setting": 3,
  "total_runtime_seconds": 4.084937666077167,
  "train_metrics": {
    "dispatch_counts": [
      [
        0.0,
        12.0,
        3303.0,
        0.0,
        0.0,
        0.0,
        0.0,
        0.0
      ],
      [
        0.0,
        3117.0,
        0.0,
        0.0,
        0.0,
        0.0,
        0.0,
        0.0
      ],
      [
        1.0,
        1.0,
        0.0,
        227.0,
        53.0,
        2950.0,
        0.0,
        18.0
      ],
      [
        2357.0,
        3.0,
        4.0,
        1.0,
        6.0,
        0.0,
        729.0,
        18.0
      ]
    ],
    "entropy_record": [
      1.3855161666870117,
      1.3844068050384521,
      1.3851910829544067,
      1.3848836421966553,
      1.3850734233856201,
      1.384850263595581,
      1.385062336921692,
      1.3852338790893555,
      1.3853142261505127,
      1.3852571249008179,
      1.3851287364959717,
      1.383665680885315,
      1.3796319961547852,
      1.369588851928711,
      1.344577431678772,
      1.3011916875839233,
      1.2495349645614624,
      1.1595284938812256,
      1.0381531715393066,
      0.9244899749755859,
      0.7752739787101746,
      0.6204923987388611,
      0.49537017941474915,
      0.354611873626709,
      0.2604105472564697,
      0.19778402149677277,
      0.13860680162906647,
      0.10348200798034668,
      0.08626645803451538,
      0.06825458258390427,
      0.05240177363157272,
      0.049846552312374115,
      0.03784952312707901,
      0.030804695561528206,
      0.032892487943172455,
      0.024344636127352715,
      0.021650059148669243,
      0.02030109241604805,
      0.020583609119057655,
      0.025207648053765297,
      0.018273262307047844,
      0.013199027627706528,
      0.018054161220788956,
      0.016566643491387367,
      0.014190138317644596,
      0.01598491705954075,
      0.015142061747610569,
      0.015827374532818794,
      0.011253288015723228,
      0.01578534208238125
    ],
    "epochs_ran": 50,
    "final_entropy": 0.01578534208238125,
    "final_loss": 0.3139573335647583,
    "plot_diagnostics": null,
    "runtime_seconds": 4.077417409978807
  }
}