{
  "config": {
    "early_stopping": true,
    "epochs": 601,
    "expert_lr": 0.00131414,
    "expert_momentum": 0.908119,
    "expert_num": 8,
    "expert_weight_decay": 0.0,
    "load_balancing": false,
    "optimizer_family": "original",
    "router_lr": 0.01294599,
    "router_momentum": 0.900513,
    "router_weight_decay": 0.0
  },
  "eval_metrics": {
    "accuracy": 99.96875,
    "dispatch_counts": [
      [
        829.0,
        0.0,
        0.0,
        0.0,
        0.0,
        0.0,
        0.0,
        0.0
      ],
      [
        0.0,
        451.0,
        48.0,
        1.0,
        278.0,
        0.0,
        1.0,
        0.0
      ],
      [
        0.0,
        0.0,
        0.0,
        353.0,
        0.0,
        20.0,
        0.0,
        440.0
      ],
      [
        0.0,
        0.0,
        0.0,
        0.0,
        0.0,
        0.0,
        779.0,
        0.0
      ]
    ],
    "entropy": 0.004539537243545055,
    "loss": 0.31357795000076294,
    "runtime_seconds": 0.007516832090914249,
    "split": "validation"
  },
  "fold_index": 3,
  "mode": "nonlinear",
  "seed": 30714,
  "setting": 3,
  "total_runtime_seconds": 3.087665031198412,
  "train_metrics": {
    "dispatch_counts": [
      [
        3313.0,
        0.0,
        0.0,
        0.0,
        0.0,
        0.0,
        1.0,
        0.0
      ],
      [
        3.0,
        1812.0,
        192.0,
        2.0,
        1106.0,
        1.0,
        2.0,
        0.0
      ],
      [
        4.0,
        0.0,
        0.0,
        1390.0,
        1.0,
        74.0,
        1.0,
        1779.0
      ],
      [
        0.0,
        0.0,
        0.0,
        0.0,
        0.0,
        0.0,
        3119.0,
        0.0
      ]
    ],
    "entropy_record": [
      1.3849090337753296,
      1.385258436203003,
      1.3850878477096558,
      1.3850221633911133,
      1.3852906227111816,
      1.3852018117904663,
      1.384737491607666,
      1.3850185871124268,
      1.3850679397583008,
      1.3850598335266113,
      1.3846988677978516,
      1.382187843322754,
      1.376448154449463,
      1.356165885925293,
      1.320359468460083,
      1.2701926231384277,
      1.1580983400344849,
      1.0481147766113281,
      0.9159730076789856,
      0.7384671568870544,
      0.5806117057800293,
      0.4278121888637543,
      0.26813358068466187,
      0.1946350634098053,
      0.12003849446773529,
      0.08512663096189499,
      0.05277212709188461,
      0.04410979896783829,
      0.030942179262638092,
      0.017201708629727364,
      0.01948290690779686,
      0.01656864583492279,
      0.01328372023999691,
      0.011216588318347931,
      0.0126288291066885,
      0.009408479556441307,
      0.006035606376826763,
      0.00922751147300005
    ],
    "epochs_ran": 38,
    "final_entropy": 0.00922751147300005,
    "final_loss": 0.31358784437179565,
    "plot_diagnostics": null,
    "runtime_seconds": 3.080148199107498
  }
}