{
  "config": {
    "early_stopping": true,
    "epochs": 601,
    "expert_lr": 0.00131414,
    "expert_momentum": 0.908119,
    "expert_num": 8,
    "expert_weight_decay": 0.0,
    "load_balancing": false,
    "optimizer_family": "original",
    "router_lr": 0.01294599,
    "router_momentum": 0.900513,
    "router_weight_decay": 0.0
  },
  "eval_metrics": {
    "accuracy": 97.53125,
    "dispatch_counts": [
      [
        0.0,
        0.0,
        829.0,
        0.0,
        0.0,
        0.0,
        0.0,
        0.0
      ],
      [
        0.0,
        355.0,
        0.0,
        5.0,
        0.0,
        419.0,
        0.0,
        0.0
      ],
      [
        462.0,
        0.0,
        3.0,
        1.0,
        183.0,
        0.0,
        12.0,
        151.0
      ],
      [
        773.0,
        3.0,
        0.0,
        0.0,
        0.0,
        0.0,
        4.0,
        0.0
      ]
    ],
    "entropy": 0.27042433619499207,
    "loss": 0.3383960425853729,
    "runtime_seconds": 0.007430170197039843,
    "split": "validation"
  },
  "fold_index": 1,
  "mode": "nonlinear",
  "seed": 30712,
  "setting": 3,
  "total_runtime_seconds": 9.88494140887633,
  "train_metrics": {
    "dispatch_counts": [
      [
        1.0,
        0.0,
        3313.0,
        0.0,
        0.0,
        0.0,
        0.0,
        0.0
      ],
      [
        4.0,
        1410.0,
        2.0,
        19.0,
        1.0,
        1682.0,
        0.0,
        0.0
      ],
      [
        1856.0,
        0.0,
        27.0,
        1.0,
        675.0,
        0.0,
        40.0,
        651.0
      ],
      [
        3094.0,
        17.0,
        2.0,
        1.0,
        0.0,
        0.0,
        4.0,
        0.0
      ]
    ],
    "entropy_record": [
      1.3849655389785767,
      1.3849132061004639,
      1.3855583667755127,
      1.3848159313201904,
      1.385041356086731,
      1.3852778673171997,
      1.3851364850997925,
      1.3850523233413696,
      1.3852955102920532,
      1.3853479623794556,
      1.3850057125091553,
      1.3843860626220703,
      1.3806127309799194,
      1.3700971603393555,
      1.3541259765625,
      1.32930588722229,
      1.2905107736587524,
      1.2288455963134766,
      1.158117651939392,
      1.0841610431671143,
      0.9947472810745239,
      0.9022983312606812,
      0.798078715801239,
      0.7013003826141357,
      0.570780336856842,
      0.4775994122028351,
      0.3985179364681244,
      0.32580381631851196,
      0.28378602862358093,
      0.22915209829807281,
      0.20089824497699738,
      0.17447498440742493,
      0.16500811278820038,
      0.13448579609394073,
      0.1271127462387085,
      0.1172633171081543,
      0.11047342419624329,
      0.10105240345001221,
      0.09685980528593063,
      0.0952647477388382,
      0.09390290081501007,
      0.08842139691114426,
      0.08992576599121094,
      0.09910714626312256,
      0.08923965692520142,
      0.08768881857395172,
      0.08545336127281189,
      0.09422028809785843,
      0.09853284806013107,
      0.09137868881225586,
      0.10067817568778992,
      0.08821200579404831,
      0.09679827094078064,
      0.09155786782503128,
      0.099276602268219,
      0.10785225033760071,
      0.11041595041751862,
      0.10910715162754059,
      0.10682365298271179,
      0.11371560394763947,
      0.11627278476953506,
      0.11992950737476349,
      0.11416268348693848,
      0.12626056373119354,
      0.11864252388477325,
      0.12902796268463135,
      0.13297444581985474,
      0.13068652153015137,
      0.13452130556106567,
      0.13983586430549622,
      0.14089898765087128,
      0.14776474237442017,
      0.14350061118602753,
      0.15067660808563232,
      0.1568988412618637,
      0.15098965167999268,
      0.15992675721645355,
      0.161532461643219,
      0.15993887186050415,
      0.16970111429691315,
      0.16591203212738037,
      0.17473532259464264,
      0.1758042275905609,
      0.18119268119335175,
      0.17810428142547607,
      0.18780672550201416,
      0.19184428453445435,
      0.19646447896957397,
      0.19559863209724426,
      0.19927623867988586,
      0.2006097286939621,
      0.20098064839839935,
      0.20749177038669586,
      0.21042408049106598,
      0.21522364020347595,
      0.217112198472023,
      0.2168005257844925,
      0.21763500571250916,
      0.22565357387065887,
      0.23277825117111206,
      0.2313588410615921,
      0.23573940992355347,
      0.2369234412908554,
      0.23606012761592865,
      0.23992808163166046,
      0.2494807243347168,
      0.24906939268112183,
      0.25874626636505127,
      0.2543118894100189,
      0.2532045245170593,
      0.2613556981086731,
      0.26477429270744324,
      0.26651906967163086,
      0.2700342833995819,
      0.27228257060050964,
      0.2701629400253296,
      0.2681710422039032,
      0.2750265896320343,
      0.2785489857196808,
      0.2834673523902893
    ],
    "epochs_ran": 120,
    "final_entropy": 0.2834673523902893,
    "final_loss": 0.3396865427494049,
    "plot_diagnostics": null,
    "runtime_seconds": 9.87751123867929
  }
}