{
  "config": {
    "early_stopping": true,
    "epochs": 601,
    "expert_lr": 0.00131414,
    "expert_momentum": 0.908119,
    "expert_num": 8,
    "expert_weight_decay": 0.0,
    "load_balancing": false,
    "optimizer_family": "original",
    "router_lr": 0.01294599,
    "router_momentum": 0.900513,
    "router_weight_decay": 0.0
  },
  "eval_metrics": {
    "accuracy": 98.625,
    "dispatch_counts": [
      [
        316.0,
        0.0,
        248.0,
        0.0,
        0.0,
        0.0,
        0.0,
        264.0
      ],
      [
        0.0,
        0.0,
        0.0,
        0.0,
        777.0,
        1.0,
        2.0,
        0.0
      ],
      [
        0.0,
        222.0,
        0.0,
        307.0,
        0.0,
        282.0,
        1.0,
        0.0
      ],
      [
        0.0,
        0.0,
        0.0,
        0.0,
        0.0,
        780.0,
        0.0,
        0.0
      ]
    ],
    "entropy": 0.195165753364563,
    "loss": 0.32701244950294495,
    "runtime_seconds": 0.007501420099288225,
    "split": "validation"
  },
  "fold_index": 0,
  "mode": "nonlinear",
  "seed": 30711,
  "setting": 3,
  "total_runtime_seconds": 49.516265322919935,
  "train_metrics": {
    "dispatch_counts": [
      [
        1291.0,
        0.0,
        909.0,
        0.0,
        0.0,
        0.0,
        0.0,
        1115.0
      ],
      [
        0.0,
        0.0,
        0.0,
        0.0,
        3106.0,
        0.0,
        11.0,
        0.0
      ],
      [
        1.0,
        746.0,
        0.0,
        1307.0,
        0.0,
        1194.0,
        2.0,
        0.0
      ],
      [
        0.0,
        0.0,
        0.0,
        0.0,
        0.0,
        3118.0,
        0.0,
        0.0
      ]
    ],
    "entropy_record": [
      1.3852291107177734,
      1.3850429058074951,
      1.3851280212402344,
      1.385186791419983,
      1.3849809169769287,
      1.385217547416687,
      1.3852006196975708,
      1.3853108882904053,
      1.3853522539138794,
      1.3854283094406128,
      1.3847649097442627,
      1.3827691078186035,
      1.373525857925415,
      1.3588769435882568,
      1.3271580934524536,
      1.2759064435958862,
      1.191853642463684,
      1.0956348180770874,
      0.9731705188751221,
      0.8515996932983398,
      0.730732262134552,
      0.6124312877655029,
      0.5162810683250427,
      0.40494340658187866,
      0.33408430218696594,
      0.24129188060760498,
      0.17677031457424164,
      0.132773756980896,
      0.10521786659955978,
      0.08982352167367935,
      0.06532980501651764,
      0.06655360013246536,
      0.05858086794614792,
      0.05632784962654114,
      0.0485246405005455,
      0.04509130120277405,
      0.04702199250459671,
      0.04603969305753708,
      0.04151589423418045,
      0.039976928383111954,
      0.039565179497003555,
      0.04260597378015518,
      0.03917711228132248,
      0.03575330972671509,
      0.040177326649427414,
      0.04319717735052109,
      0.04520217701792717,
      0.03710126131772995,
      0.039146099239587784,
      0.04467465728521347,
      0.04351472854614258,
      0.038972169160842896,
      0.0459766648709774,
      0.043019894510507584,
      0.043355368077754974,
      0.04167068377137184,
      0.04658987373113632,
      0.05233220010995865,
      0.05181233212351799,
      0.04748886823654175,
      0.048155345022678375,
      0.052493903785943985,
      0.047597140073776245,
      0.04857205972075462,
      0.04887811467051506,
      0.05619994178414345,
      0.04878022521734238,
      0.05275566875934601,
      0.056277282536029816,
      0.06037669628858566,
      0.05094845965504646,
      0.052052900195121765,
      0.05983257293701172,
      0.05719664692878723,
      0.05402136221528053,
      0.0571502186357975,
      0.058670803904533386,
      0.05159666761755943,
      0.0587189756333828,
      0.05912598967552185,
      0.065880186855793,
      0.05686529725790024,
      0.06472040712833405,
      0.06615722924470901,
      0.0647030845284462,
      0.068763867020607,
      0.06931942701339722,
      0.06736592948436737,
      0.06614193320274353,
      0.068668894469738,
      0.07040318846702576,
      0.06591030210256577,
      0.07230547070503235,
      0.07415841519832611,
      0.07125814259052277,
      0.07203973829746246,
      0.0755232647061348,
      0.07957445085048676,
      0.07705580443143845,
      0.07654230296611786,
      0.08181450515985489,
      0.08222490549087524,
      0.08421938866376877,
      0.07786693423986435,
      0.08199571073055267,
      0.08198942989110947,
      0.083902508020401,
      0.08926568925380707,
      0.09108810126781464,
      0.0870378240942955,
      0.08017119765281677,
      0.09110400080680847,
      0.0930696502327919,
      0.08735925704240799,
      0.09077096730470657,
      0.0892319306731224,
      0.0944070965051651,
      0.09221259504556656,
      0.09573425352573395,
      0.09256253391504288,
      0.09482000768184662,
      0.09746242314577103,
      0.09113183617591858,
      0.09569773077964783,
      0.09815335273742676,
      0.10162357240915298,
      0.09982726722955704,
      0.09984856098890305,
      0.10478027164936066,
      0.09951923787593842,
      0.10655669122934341,
      0.10635680705308914,
      0.10228154063224792,
      0.10706231743097305,
      0.11013010889291763,
      0.1072530448436737,
      0.1103019192814827,
      0.11314705014228821,
      0.11024535447359085,
      0.1089896559715271,
      0.11771519482135773,
      0.11894773691892624,
      0.12073200941085815,
      0.11400017142295837,
      0.11875944584608078,
      0.12369617074728012,
      0.12444588541984558,
      0.11857758462429047,
      0.12231267988681793,
      0.11702729761600494,
      0.12167517095804214,
      0.12513741850852966,
      0.12321736663579941,
      0.12341200560331345,
      0.12709251046180725,
      0.12335336208343506,
      0.12392532825469971,
      0.12936897575855255,
      0.1343183070421219,
      0.1233922615647316,
      0.1350705921649933,
      0.1283978819847107,
      0.12776289880275726,
      0.13223868608474731,
      0.1335316300392151,
      0.12857477366924286,
      0.12797030806541443,
      0.1312132328748703,
      0.135436549782753,
      0.1343083530664444,
      0.13047398626804352,
      0.12973110377788544,
      0.13355335593223572,
      0.1353834718465805,
      0.13545659184455872,
      0.1391013115644455,
      0.13687428832054138,
      0.1383499950170517,
      0.13738876581192017,
      0.1372682899236679,
      0.1397123783826828,
      0.13739077746868134,
      0.13244885206222534,
      0.14252537488937378,
      0.14125709235668182,
      0.14373904466629028,
      0.14055253565311432,
      0.14175058901309967,
      0.1399361789226532,
      0.14024153351783752,
      0.13722555339336395,
      0.13963115215301514,
      0.13908784091472626,
      0.1489984691143036,
      0.14973174035549164,
      0.1428038775920868,
      0.14163325726985931,
      0.1469782143831253,
      0.14519865810871124,
      0.1415383666753769,
      0.14942316710948944,
      0.150462344288826,
      0.14278379082679749,
      0.1530037671327591,
      0.15329204499721527,
      0.1455480307340622,
      0.15201015770435333,
      0.14326269924640656,
      0.1532251387834549,
      0.14710302650928497,
      0.15363460779190063,
      0.1499532014131546,
      0.1489465832710266,
      0.15339183807373047,
      0.1513284593820572,
      0.15457282960414886,
      0.14840129017829895,
      0.14520619809627533,
      0.1494443416595459,
      0.15352167189121246,
      0.1532069742679596,
      0.148778036236763,
      0.1509867012500763,
      0.1489832103252411,
      0.14812764525413513,
      0.15515729784965515,
      0.15470167994499207,
      0.15242084860801697,
      0.15563614666461945,
      0.15882860124111176,
      0.16039563715457916,
      0.15309786796569824,
      0.15903973579406738,
