{
  "config": {
    "early_stopping": true,
    "epochs": 601,
    "expert_lr": 0.00108751,
    "expert_momentum": 0.90103,
    "expert_num": 8,
    "expert_weight_decay": 0.0001,
    "load_balancing": false,
    "ns_steps": 3,
    "optimizer_family": "muon",
    "router_lr": 0.03288154,
    "router_momentum": 0.963569,
    "router_weight_decay": 0.0001
  },
  "eval_metrics": {
    "accuracy": 89.34375,
    "dispatch_counts": [
      [
        313.0,
        134.0,
        0.0,
        288.0,
        8.0,
        22.0,
        60.0,
        4.0
      ],
      [
        50.0,
        29.0,
        0.0,
        138.0,
        46.0,
        281.0,
        235.0,
        0.0
      ],
      [
        17.0,
        109.0,
        0.0,
        9.0,
        371.0,
        13.0,
        292.0,
        1.0
      ],
      [
        75.0,
        154.0,
        0.0,
        156.0,
        67.0,
        15.0,
        13.0,
        300.0
      ]
    ],
    "entropy": 0.8846771121025085,
    "loss": 0.4197910726070404,
    "runtime_seconds": 0.008550653699785471,
    "split": "validation"
  },
  "fold_index": 1,
  "mode": "nonlinear",
  "seed": 21112,
  "setting": 2,
  "total_runtime_seconds": 31.714221114758402,
  "train_metrics": {
    "dispatch_counts": [
      [
        1270.0,
        466.0,
        0.0,
        1173.0,
        36.0,
        84.0,
        272.0,
        13.0
      ],
      [
        218.0,
        108.0,
        0.0,
        494.0,
        179.0,
        1097.0,
        1019.0,
        3.0
      ],
      [
        126.0,
        366.0,
        0.0,
        35.0,
        1466.0,
        59.0,
        1194.0,
        4.0
      ],
      [
        261.0,
        605.0,
        0.0,
        617.0,
        257.0,
        63.0,
        74.0,
        1241.0
      ]
    ],
    "entropy_record": [
      1.385101318359375,
      1.1887648105621338,
      1.0139491558074951,
      0.9998728632926941,
      0.9878984093666077,
      0.9801051616668701,
      0.9800095558166504,
      0.9823284149169922,
      0.9806625843048096,
      0.9801378846168518,
      0.9828530550003052,
      0.9796044826507568,
      0.9792265892028809,
      0.97565758228302,
      0.9752049446105957,
      0.9705214500427246,
      0.9637142419815063,
      0.9590818881988525,
      0.9579564332962036,
      0.9526941776275635,
      0.9477405548095703,
      0.9420466423034668,
      0.9360134601593018,
      0.9320416450500488,
      0.9296091198921204,
      0.9262979626655579,
      0.9253436923027039,
      0.9230539798736572,
      0.9203813076019287,
      0.9173283576965332,
      0.9160323143005371,
      0.9124686121940613,
      0.9125826954841614,
      0.911689281463623,
      0.9139112234115601,
      0.9087405204772949,
      0.9110082387924194,
      0.9109288454055786,
      0.9092726111412048,
      0.9089584350585938,
      0.9076417088508606,
      0.9095523357391357,
      0.9086768627166748,
      0.9064431190490723,
      0.9084205627441406,
      0.9097747206687927,
      0.9087575674057007,
      0.9084665775299072,
      0.9106339812278748,
      0.9081462025642395,
      0.9090660810470581,
      0.9077526926994324,
      0.907320499420166,
      0.9062811136245728,
      0.9081600308418274,
      0.9089536666870117,
      0.9074941873550415,
      0.9088000059127808,
      0.9068763852119446,
      0.9074269533157349,
      0.9070091247558594,
      0.9081022143363953,
      0.9092977643013,
      0.9080780744552612,
      0.9076197147369385,
      0.9074958562850952,
      0.909306526184082,
      0.906912088394165,
      0.9074088931083679,
      0.9095771312713623,
      0.9068195819854736,
      0.9076008200645447,
      0.9091397523880005,
      0.9087372422218323,
      0.9082667827606201,
      0.9057213068008423,
      0.9056306481361389,
      0.9057453870773315,
      0.9070801734924316,
      0.9043854475021362,
      0.9038088917732239,
      0.9035267233848572,
      0.9045607447624207,
      0.9013457894325256,
      0.9013457894325256,
      0.8998750448226929,
      0.9010173678398132,
      0.9008147120475769,
      0.9003385305404663,
      0.8983703851699829,
      0.8999097347259521,
      0.8976579904556274,
      0.8972984552383423,
      0.8969259262084961,
      0.8960740566253662,
      0.8959617614746094,
      0.8959473967552185,
      0.8964858651161194,
      0.8979034423828125,
      0.8970450758934021,
      0.8952060341835022,
      0.8955666422843933,
      0.8958487510681152,
      0.8952872157096863,
      0.8955485820770264,
      0.8949896693229675,
      0.8924964070320129,
      0.8942787647247314,
      0.8929141163825989,
      0.8944323658943176,
      0.894315779209137,
      0.8924127817153931,
      0.8917210698127747,
      0.8916829228401184,
      0.8917571902275085,
      0.8924922347068787,
      0.8911965489387512,
      0.8925959467887878,
      0.8909763693809509,
      0.8904634714126587,
      0.8911000490188599,
      0.8903569579124451,
      0.890342652797699,
      0.8909499049186707,
      0.8910859227180481,
      0.8906943798065186,
      0.8886497020721436,
      0.8885129690170288,
      0.888913094997406,
      0.8894566297531128,
      0.8879539370536804,
      0.888695478439331,
      0.8886213898658752,
      0.8887958526611328,
      0.8869237303733826,
      0.8866417407989502,
      0.8879831433296204,
      0.8870911002159119,
      0.8870751857757568,
      0.8865123391151428,
      0.8852059841156006,
      0.8861934542655945,
      0.8859596252441406,
      0.8854125738143921,
      0.88498854637146,
      0.8853090405464172,
      0.8859639167785645,
      0.8852792978286743,
      0.8857864737510681,
      0.884284257888794,
      0.8850893974304199,
      0.883631706237793,
      0.8853367567062378,
      0.8846731185913086,
      0.8840444087982178,
      0.8830684423446655,
      0.8847141861915588,
      0.8840417861938477,
      0.883618175983429,
      0.8839447498321533,
      0.8826590776443481,
      0.8842251300811768,
      0.8818572759628296,
      0.8819629549980164,
      0.8820342421531677,
      0.8838915824890137,
      0.8816800713539124,
      0.8811686635017395,
      0.8820932507514954,
      0.8811377286911011,
      0.88191819190979,
      0.8811753988265991,
      0.88152676820755,
      0.8811770081520081,
      0.880226194858551,
      0.8808701634407043,
      0.8807538747787476,
      0.8808093667030334,
      0.8800347447395325,
      0.8791031837463379,
      0.8808189034461975,
      0.8801724314689636,
      0.8800832629203796,
      0.8805437088012695,
      0.8796547055244446,
      0.8803259134292603,
      0.8801100850105286,
      0.8789743185043335,
      0.8786745071411133,
      0.8799670338630676,
      0.8783928155899048,
      0.8790720701217651,
      0.8798509240150452,
      0.88007652759552,
      0.8795391321182251,
      0.8791418075561523,
      0.8791810274124146,
      0.8789886832237244,
      0.8789100050926208,
      0.8783029913902283,
      0.8780544996261597,
      0.8783685564994812,
      0.8790960907936096,
      0.8779956698417664,
      0.8776537179946899,
      0.8778409361839294,
      0.8776891231536865,
      0.8781164884567261,
      0.877077579498291,
      0.8778473138809204,
      0.8768571019172668,
      0.8773213624954224,
      0.8768405318260193,
      0.8770003914833069,
      0.8763167262077332,
      0.87639981508255,
      0.8759166598320007,
      0.8770413994789124,
      0.8760809898376465,
      0.8762640357017517,
      0.8761220574378967,
      0.8753892779350281,
      0.8758775591850281,
      0.875231921672821,
      0.8754292726516724,
      0.8759195804595947,
      0.8757080435752869,
      0.8756374716758728,
      0.8752397894859314,
      0.8763763308525085,
      0.8751996159553528,
      0.8753963112831116,
      0.8759924173355103,
      0.8767439723014832,
      0.8765698075294495,
      0.8769819140434265,
      0.8772047758102417,
      0.8770380616188049,
