{
  "config": {
    "early_stopping": true,
    "epochs": 601,
    "expert_lr": 0.00108751,
    "expert_momentum": 0.90103,
    "expert_num": 8,
    "expert_weight_decay": 0.0001,
    "load_balancing": false,
    "ns_steps": 3,
    "optimizer_family": "muon",
    "router_lr": 0.03288154,
    "router_momentum": 0.963569,
    "router_weight_decay": 0.0001
  },
  "eval_metrics": {
    "accuracy": 90.78125,
    "dispatch_counts": [
      [
        60.0,
        0.0,
        325.0,
        21.0,
        114.0,
        49.0,
        58.0,
        201.0
      ],
      [
        9.0,
        0.0,
        3.0,
        260.0,
        119.0,
        341.0,
        43.0,
        5.0
      ],
      [
        1.0,
        0.0,
        11.0,
        36.0,
        131.0,
        5.0,
        402.0,
        226.0
      ],
      [
        331.0,
        1.0,
        0.0,
        191.0,
        7.0,
        1.0,
        46.0,
        203.0
      ]
    ],
    "entropy": 0.8191486597061157,
    "loss": 0.4055003225803375,
    "runtime_seconds": 0.008619895204901695,
    "split": "validation"
  },
  "fold_index": 0,
  "mode": "nonlinear",
  "seed": 21111,
  "setting": 2,
  "total_runtime_seconds": 42.38241811702028,
  "train_metrics": {
    "dispatch_counts": [
      [
        278.0,
        0.0,
        1302.0,
        65.0,
        432.0,
        185.0,
        216.0,
        837.0
      ],
      [
        24.0,
        2.0,
        10.0,
        1057.0,
        458.0,
        1384.0,
        156.0,
        26.0
      ],
      [
        1.0,
        3.0,
        58.0,
        165.0,
        485.0,
        17.0,
        1579.0,
        942.0
      ],
      [
        1279.0,
        8.0,
        2.0,
        796.0,
        18.0,
        3.0,
        201.0,
        811.0
      ]
    ],
    "entropy_record": [
      1.3850411176681519,
      1.2429224252700806,
      1.1053979396820068,
      1.0986969470977783,
      1.05514395236969,
      1.0324643850326538,
      1.0201725959777832,
      1.004480004310608,
      0.9939830899238586,
      0.9865836501121521,
      0.9791386127471924,
      0.9668048620223999,
      0.9595080614089966,
      0.9536181688308716,
      0.951657235622406,
      0.9513030052185059,
      0.9514208436012268,
      0.9523258209228516,
      0.9512171149253845,
      0.9540793895721436,
      0.9551093578338623,
      0.9560301303863525,
      0.9534907341003418,
      0.9527836441993713,
      0.9536198973655701,
      0.9480682015419006,
      0.9500728845596313,
      0.9466392397880554,
      0.9475611448287964,
      0.9469788074493408,
      0.9462601542472839,
      0.9424099922180176,
      0.9421749711036682,
      0.9421182870864868,
      0.9407141208648682,
      0.9353471398353577,
      0.9384480118751526,
      0.936507523059845,
      0.9356681704521179,
      0.9354609251022339,
      0.9344577789306641,
      0.9346587061882019,
      0.9318041205406189,
      0.933559238910675,
      0.9286436438560486,
      0.929580569267273,
      0.9296872019767761,
      0.9260387420654297,
      0.9263960719108582,
      0.9265576601028442,
      0.9238231182098389,
      0.924278974533081,
      0.9251571893692017,
      0.9250202178955078,
      0.9214089512825012,
      0.9189884066581726,
      0.9201666116714478,
      0.9178154468536377,
      0.9186309576034546,
      0.9177981019020081,
      0.916919469833374,
      0.9151095151901245,
      0.9135671854019165,
      0.9150981903076172,
      0.9141413569450378,
      0.9142600297927856,
      0.9114810228347778,
      0.9098789691925049,
      0.9113824963569641,
      0.9068329930305481,
      0.9091607928276062,
      0.9075625538825989,
      0.9054758548736572,
      0.9070538878440857,
      0.9040161371231079,
      0.9015286564826965,
      0.9013025164604187,
      0.9006672501564026,
      0.8978818655014038,
      0.8963969349861145,
      0.8949581384658813,
      0.8945386409759521,
      0.8928815126419067,
      0.8929873108863831,
      0.8914090394973755,
      0.8913564085960388,
      0.8917036652565002,
      0.8902867436408997,
      0.8886240720748901,
      0.8863186836242676,
      0.8873979449272156,
      0.8869069218635559,
      0.8847183585166931,
      0.8849564790725708,
      0.8839216828346252,
      0.8847933411598206,
      0.8859572410583496,
      0.884345531463623,
      0.8838884830474854,
      0.8825596570968628,
      0.8831445574760437,
      0.8829450607299805,
      0.881817102432251,
      0.884304404258728,
      0.8819705843925476,
      0.8822635412216187,
      0.88218092918396,
      0.8826948404312134,
      0.8819742798805237,
      0.8808215856552124,
      0.8820465803146362,
      0.8812368512153625,
      0.8809991478919983,
      0.8807521462440491,
      0.8800936937332153,
      0.8813468813896179,
      0.8815595507621765,
      0.8799801468849182,
      0.8803788423538208,
      0.8813343048095703,
      0.8790091276168823,
      0.8798549175262451,
      0.8797491788864136,
      0.8807034492492676,
      0.8799017071723938,
      0.8797746896743774,
      0.8802605867385864,
      0.8808286190032959,
      0.8804370164871216,
      0.8801088333129883,
      0.8806930780410767,
      0.880096971988678,
      0.8772571086883545,
      0.8796772956848145,
      0.879051923751831,
      0.8806241154670715,
      0.8799074292182922,
      0.8804353475570679,
      0.8788833618164062,
      0.8779603838920593,
      0.8790985345840454,
      0.8781131505966187,
      0.8786543011665344,
      0.8775111436843872,
      0.8782079815864563,
      0.8773900270462036,
      0.8790411949157715,
      0.8787504434585571,
      0.8771594762802124,
      0.8781012296676636,
      0.8772578239440918,
      0.8786073923110962,
      0.8776938915252686,
      0.8780313730239868,
      0.8782946467399597,
      0.8767803907394409,
      0.8792107701301575,
      0.8786911964416504,
      0.8780515193939209,
      0.8793955445289612,
      0.8774223327636719,
      0.8775558471679688,
      0.879343569278717,
      0.879680871963501,
      0.8795971870422363,
      0.8777716159820557,
      0.8784711360931396,
      0.8787592649459839,
      0.8783544301986694,
      0.8784438371658325,
      0.8772034049034119,
      0.8783060908317566,
      0.8779351115226746,
      0.8778576254844666,
      0.8780109882354736,
      0.8787805438041687,
      0.8788336515426636,
      0.8794182538986206,
      0.8791303634643555,
      0.8795081377029419,
      0.8791911602020264,
      0.8792226314544678,
      0.8794550895690918,
      0.8781786561012268,
      0.8789805769920349,
      0.8788014650344849,
      0.8788573741912842,
      0.8790364861488342,
      0.8793577551841736,
      0.8790435194969177,
      0.8788913488388062,
      0.8799977898597717,
      0.8804479837417603,
      0.8797433972358704,
      0.879700779914856,
      0.879939079284668,
      0.8780977725982666,
      0.8795763254165649,
      0.8810871839523315,
      0.8797913193702698,
      0.8796474933624268,
      0.8791698813438416,
      0.8808119297027588,
      0.8808721303939819,
      0.8806888461112976,
      0.8790949583053589,
      0.8792959451675415,
      0.8805028796195984,
      0.8790029287338257,
      0.8811385631561279,
      0.8807875514030457,
      0.8805147409439087,
      0.879921555519104,
      0.881264328956604,
      0.8800976872444153,
      0.8803238868713379,
      0.8810522556304932,
      0.8795050382614136,
      0.8809505701065063,
      0.8806555867195129,
      0.8799237012863159,
      0.8800718784332275,
      0.8791463375091553,
      0.8791656494140625,
      0.8797848224639893,
      0.880246639251709,
      0.8796811699867249,
      0.8793090581893921,
      0.8798478841781616,
      0.8790416121482849,
      0.8789857625961304,
      0.8794302344322205,
      0.8796145915985107,
      0.878848671913147,
      0.8791861534118652,
      0.8794964551925659,
      0.8791968822479248,
      0.8789618015289307,
