{
  "config": {
    "early_stopping": true,
    "epochs": 601,
    "expert_lr": 0.00108751,
    "expert_momentum": 0.90103,
    "expert_num": 8,
    "expert_weight_decay": 0.0001,
    "load_balancing": false,
    "ns_steps": 3,
    "optimizer_family": "muon",
    "router_lr": 0.03288154,
    "router_momentum": 0.963569,
    "router_weight_decay": 0.0001
  },
  "eval_metrics": {
    "accuracy": 89.625,
    "dispatch_counts": [
      [
        273.0,
        67.0,
        16.0,
        203.0,
        0.0,
        87.0,
        51.0,
        132.0
      ],
      [
        0.0,
        13.0,
        343.0,
        77.0,
        0.0,
        73.0,
        244.0,
        29.0
      ],
      [
        209.0,
        7.0,
        16.0,
        261.0,
        0.0,
        2.0,
        243.0,
        75.0
      ],
      [
        8.0,
        292.0,
        51.0,
        7.0,
        0.0,
        1.0,
        112.0,
        308.0
      ]
    ],
    "entropy": 0.9459333419799805,
    "loss": 0.4168914556503296,
    "runtime_seconds": 0.0085806786082685,
    "split": "validation"
  },
  "fold_index": 2,
  "mode": "nonlinear",
  "seed": 21113,
  "setting": 2,
  "total_runtime_seconds": 36.54803114477545,
  "train_metrics": {
    "dispatch_counts": [
      [
        1086.0,
        275.0,
        63.0,
        849.0,
        0.0,
        348.0,
        165.0,
        528.0
      ],
      [
        4.0,
        66.0,
        1309.0,
        353.0,
        0.0,
        256.0,
        1053.0,
        77.0
      ],
      [
        753.0,
        33.0,
        56.0,
        1063.0,
        0.0,
        9.0,
        1008.0,
        327.0
      ],
      [
        30.0,
        1156.0,
        203.0,
        11.0,
        0.0,
        8.0,
        488.0,
        1223.0
      ]
    ],
    "entropy_record": [
      1.385043978691101,
      1.2641997337341309,
      1.1167105436325073,
      1.0656126737594604,
      1.0383667945861816,
      1.037679672241211,
      1.0286755561828613,
      1.0374274253845215,
      1.0263252258300781,
      1.0294663906097412,
      1.0269025564193726,
      1.0281215906143188,
      1.0289533138275146,
      1.0255165100097656,
      1.0208046436309814,
      1.0224138498306274,
      1.017909288406372,
      1.0114988088607788,
      1.0109838247299194,
      1.0095560550689697,
      1.002813696861267,
      1.0043598413467407,
      0.9995337724685669,
      0.995661735534668,
      0.9916790127754211,
      0.9923126697540283,
      0.9916454553604126,
      0.9896423816680908,
      0.9868938326835632,
      0.9872779250144958,
      0.9865363240242004,
      0.9855365753173828,
      0.9819932579994202,
      0.980016827583313,
      0.9790435433387756,
      0.9778586626052856,
      0.9761106967926025,
      0.9731765389442444,
      0.9743371605873108,
      0.972808837890625,
      0.9747045040130615,
      0.9717905521392822,
      0.9718982577323914,
      0.968584418296814,
      0.9685157537460327,
      0.9677865505218506,
      0.9665493369102478,
      0.9674283266067505,
      0.9652330875396729,
      0.9631627798080444,
      0.963188886642456,
      0.9626638293266296,
      0.9643035531044006,
      0.9634723663330078,
      0.9602748155593872,
      0.9607603549957275,
      0.9604889154434204,
      0.9599849581718445,
      0.9605460166931152,
      0.9605368375778198,
      0.9588502645492554,
      0.9581204652786255,
      0.9598461389541626,
      0.9600585699081421,
      0.9575700163841248,
      0.9586371779441833,
      0.9607035517692566,
      0.9586794376373291,
      0.9573839902877808,
      0.9583829641342163,
      0.9589422941207886,
      0.9588904976844788,
      0.9584484696388245,
      0.9592249393463135,
      0.9575856924057007,
      0.956550657749176,
      0.9571592807769775,
      0.9579315185546875,
      0.9577141404151917,
      0.9572011232376099,
      0.9560012817382812,
      0.9542139768600464,
      0.9561998844146729,
      0.9561198949813843,
      0.9557086229324341,
      0.955837607383728,
      0.9566440582275391,
      0.9565638899803162,
      0.9547120928764343,
      0.9555155634880066,
      0.9545314908027649,
      0.9552200436592102,
      0.9562797546386719,
      0.955199122428894,
      0.9556670188903809,
      0.9568565487861633,
      0.9557721018791199,
      0.9564809799194336,
      0.9549266695976257,
      0.9550323486328125,
      0.956272304058075,
      0.9527682065963745,
      0.9545354843139648,
      0.9541804790496826,
      0.9542088508605957,
      0.9551023244857788,
      0.9530718326568604,
      0.95401930809021,
      0.9526554346084595,
      0.9549967050552368,
      0.9550541043281555,
      0.9536303877830505,
      0.9538989067077637,
      0.9545190930366516,
      0.9546664953231812,
      0.9540258646011353,
      0.953291654586792,
      0.9534925222396851,
      0.9545299410820007,
      0.9540941715240479,
      0.9545249938964844,
      0.9546648263931274,
      0.9548208713531494,
      0.9539844393730164,
      0.9536784291267395,
      0.9538092613220215,
      0.9539152383804321,
      0.9562793970108032,
      0.9536527991294861,
      0.9544484615325928,
      0.9534915685653687,
      0.9529569745063782,
      0.9521759748458862,
      0.9534049034118652,
      0.952980637550354,
      0.9525797963142395,
      0.952858567237854,
      0.9542399048805237,
      0.9545035362243652,
      0.9544939398765564,
      0.9528321027755737,
      0.953668475151062,
      0.9531464576721191,
      0.9522021412849426,
      0.9539495706558228,
      0.9530708193778992,
      0.9540660381317139,
      0.9527888894081116,
      0.9544456005096436,
      0.9547105431556702,
      0.9535844326019287,
      0.9534569978713989,
      0.9538338780403137,
      0.9540494084358215,
      0.9537962675094604,
      0.9529431462287903,
      0.9533844590187073,
      0.9550400376319885,
      0.9545876383781433,
      0.9535958766937256,
      0.9539193511009216,
      0.954687237739563,
      0.9545008540153503,
      0.9542272090911865,
      0.9549279808998108,
      0.9541240930557251,
      0.9540047645568848,
      0.955313503742218,
      0.9543520212173462,
      0.9552714824676514,
      0.9550538659095764,
      0.9548496603965759,
      0.9549468755722046,
      0.955602765083313,
      0.9544495344161987,
      0.9557095766067505,
      0.9553841352462769,
      0.954918384552002,
      0.9538246393203735,
      0.9542173147201538,
      0.9544819593429565,
      0.9546274542808533,
      0.955004096031189,
      0.9544514417648315,
      0.9550480842590332,
      0.9547716379165649,
      0.9549412727355957,
      0.9548919200897217,
      0.9538793563842773,
      0.9551724791526794,
      0.9555147886276245,
      0.9546078443527222,
      0.9554654955863953,
      0.9542626142501831,
      0.9540300965309143,
      0.953412652015686,
      0.9531458616256714,
      0.954637348651886,
      0.9531848430633545,
      0.9539743661880493,
      0.9536318182945251,
      0.9524569511413574,
      0.9538900852203369,
      0.9529544115066528,
      0.9523130655288696,
      0.9525620937347412,
      0.9528384208679199,
      0.95172119140625,
      0.9524068236351013,
      0.9517416954040527,
      0.9511691331863403,
      0.9523661732673645,
      0.9524011611938477,
      0.9523357152938843,
      0.9518954753875732,
      0.9518959522247314,
      0.9514297246932983,
      0.9522918462753296,
      0.9513416886329651,
      0.9519150853157043,
      0.9512908458709717,
      0.9511814117431641,
      0.9517745971679688,
      0.9520215392112732,
      0.9515602588653564,
      0.9510906934738159,
      0.9525823593139648,
      0.9519416093826294,
      0.9514926671981812,
      0.9516703486442566,
      0.9523499011993408,
      0.9518230557441711,
      0.9524780511856079,
      0.9518610239028931,
      0.952057421207428,
      0.9510996341705322,
      0.9517647624015808,
      0.9512174725532532,
