{
  "config": {
    "early_stopping": true,
    "epochs": 601,
    "expert_lr": 0.00108751,
    "expert_momentum": 0.90103,
    "expert_num": 8,
    "expert_weight_decay": 0.0001,
    "load_balancing": false,
    "ns_steps": 3,
    "optimizer_family": "muon",
    "router_lr": 0.03288154,
    "router_momentum": 0.963569,
    "router_weight_decay": 0.0001
  },
  "eval_metrics": {
    "accuracy": 91.90625,
    "dispatch_counts": [
      [
        4.0,
        19.0,
        60.0,
        54.0,
        0.0,
        164.0,
        149.0,
        378.0
      ],
      [
        166.0,
        26.0,
        1.0,
        228.0,
        0.0,
        111.0,
        235.0,
        13.0
      ],
      [
        110.0,
        389.0,
        176.0,
        13.0,
        0.0,
        89.0,
        17.0,
        18.0
      ],
      [
        171.0,
        50.0,
        115.0,
        302.0,
        0.0,
        9.0,
        117.0,
        16.0
      ]
    ],
    "entropy": 0.9507102370262146,
    "loss": 0.3941575586795807,
    "runtime_seconds": 0.0085234260186553,
    "split": "validation"
  },
  "fold_index": 4,
  "mode": "nonlinear",
  "seed": 21115,
  "setting": 2,
  "total_runtime_seconds": 41.90699596935883,
  "train_metrics": {
    "dispatch_counts": [
      [
        12.0,
        59.0,
        244.0,
        221.0,
        0.0,
        682.0,
        588.0,
        1509.0
      ],
      [
        680.0,
        88.0,
        0.0,
        931.0,
        0.0,
        414.0,
        938.0,
        66.0
      ],
      [
        577.0,
        1601.0,
        624.0,
        41.0,
        0.0,
        319.0,
        46.0,
        42.0
      ],
      [
        738.0,
        202.0,
        438.0,
        1170.0,
        0.0,
        27.0,
        463.0,
        80.0
      ]
    ],
    "entropy_record": [
      1.3851436376571655,
      1.2054667472839355,
      1.0753304958343506,
      1.047405481338501,
      1.0428168773651123,
      1.0386332273483276,
      1.0271862745285034,
      1.0272594690322876,
      1.0166462659835815,
      1.0089377164840698,
      1.0069725513458252,
      1.0015500783920288,
      0.9994303584098816,
      1.000867486000061,
      0.9960787296295166,
      0.9924078583717346,
      0.996459424495697,
      0.9930111765861511,
      0.9920812845230103,
      0.9938235878944397,
      0.9889758229255676,
      0.989628255367279,
      0.9782129526138306,
      0.9759029746055603,
      0.9733855128288269,
      0.9697017073631287,
      0.9656398296356201,
      0.966058611869812,
      0.959575891494751,
      0.9590288400650024,
      0.9566625952720642,
      0.9540773034095764,
      0.9523494243621826,
      0.950147807598114,
      0.948464572429657,
      0.9473327398300171,
      0.9463561773300171,
      0.9476181268692017,
      0.9476203918457031,
      0.944546639919281,
      0.9458472728729248,
      0.9453154802322388,
      0.9450974464416504,
      0.9423084259033203,
      0.9412175416946411,
      0.94255530834198,
      0.9419564604759216,
      0.9389290809631348,
      0.9404856562614441,
      0.9395651817321777,
      0.942037045955658,
      0.9411745667457581,
      0.9410452842712402,
      0.9414200782775879,
      0.9415218234062195,
      0.93919837474823,
      0.9403316974639893,
      0.941100001335144,
      0.9396456480026245,
      0.940759539604187,
      0.940557599067688,
      0.9410951733589172,
      0.9394561052322388,
      0.9406578540802002,
      0.9425230026245117,
      0.9403189420700073,
      0.9410573840141296,
      0.9427471160888672,
      0.9413185715675354,
      0.9414476156234741,
      0.9423792362213135,
      0.9438121318817139,
      0.9419071078300476,
      0.9425607323646545,
      0.9420379400253296,
      0.9430763721466064,
      0.9424752593040466,
      0.9419902563095093,
      0.9455143213272095,
      0.9429306387901306,
      0.9436951279640198,
      0.9439136385917664,
      0.9452962279319763,
      0.9434640407562256,
      0.9434709548950195,
      0.9430902004241943,
      0.9439979791641235,
      0.9455506801605225,
      0.9450886249542236,
      0.9439218044281006,
      0.9438853859901428,
      0.9442034959793091,
      0.9436483383178711,
      0.943661093711853,
      0.9457916021347046,
      0.9439108967781067,
      0.9430984258651733,
      0.9419830441474915,
      0.9416450262069702,
      0.9424316883087158,
      0.941220223903656,
      0.9433022737503052,
      0.9405056238174438,
      0.9426782727241516,
      0.9416853189468384,
      0.941380500793457,
      0.9415876865386963,
      0.9414265155792236,
      0.9425249695777893,
      0.9412161111831665,
      0.940439760684967,
      0.9413039684295654,
      0.9404219388961792,
      0.9420574903488159,
      0.941080629825592,
      0.9392286539077759,
      0.941034197807312,
      0.9411207437515259,
      0.9413822293281555,
      0.9412702918052673,
      0.9419527053833008,
      0.9419993162155151,
      0.9416494369506836,
      0.941128134727478,
      0.9416265487670898,
      0.9416927099227905,
      0.9416975378990173,
      0.9411312341690063,
      0.9424067735671997,
      0.9428010582923889,
      0.9425131678581238,
      0.9440350532531738,
      0.943993866443634,
      0.9443468451499939,
      0.9432759284973145,
      0.9437468647956848,
      0.9432002305984497,
      0.9441389441490173,
      0.9433810710906982,
      0.9443457722663879,
      0.9432603716850281,
      0.9447557926177979,
      0.9447041749954224,
      0.9458140134811401,
      0.9451051354408264,
      0.9451115727424622,
      0.9458410143852234,
      0.9468310475349426,
      0.9461003541946411,
      0.9472993016242981,
      0.9457653164863586,
      0.9474263787269592,
      0.9472172856330872,
      0.9481736421585083,
      0.9491744637489319,
      0.9485639333724976,
      0.9482877850532532,
      0.9498223066329956,
      0.9497960805892944,
      0.9506206512451172,
      0.9496362805366516,
      0.9503284096717834,
      0.9502145648002625,
      0.950514554977417,
      0.9502597451210022,
      0.9506613612174988,
      0.951078474521637,
      0.9522318243980408,
      0.9513680934906006,
      0.9502627849578857,
      0.9507956504821777,
      0.9511550068855286,
      0.9516947269439697,
      0.9511476159095764,
      0.951444685459137,
      0.9510965943336487,
      0.9524804949760437,
      0.9523921012878418,
      0.9521896243095398,
      0.9522861838340759,
      0.9527519941329956,
      0.9527398347854614,
      0.95209139585495,
      0.9523255228996277,
      0.9524013996124268,
      0.9523483514785767,
      0.9532431364059448,
      0.9533722996711731,
      0.9522494077682495,
      0.9527970552444458,
      0.9525498151779175,
      0.9534912109375,
      0.9529565572738647,
      0.9527000188827515,
      0.9528415203094482,
      0.9530178308486938,
      0.9526772499084473,
      0.9533779621124268,
      0.9521527886390686,
      0.9532236456871033,
      0.9528045654296875,
      0.9524869918823242,
      0.9526262283325195,
      0.9532786011695862,
      0.9525517225265503,
      0.9523903727531433,
      0.9518834352493286,
      0.9531335830688477,
      0.9527029991149902,
      0.950721800327301,
      0.9516924619674683,
      0.9513934850692749,
      0.9519506692886353,
      0.9511045813560486,
      0.9511184096336365,
      0.9515735507011414,
      0.9512037038803101,
      0.9502995610237122,
      0.950657308101654,
      0.9509409070014954,
      0.9514514207839966,
      0.9511864185333252,
      0.951388955116272,
      0.9499651789665222,
      0.9506412744522095,
      0.9511516690254211,
      0.9510919451713562,
      0.9502817392349243,
      0.9501381516456604,
      0.9497755765914917,
      0.9507524967193604,
      0.9505223631858826,
      0.9486550688743591,
      0.9510834217071533,
      0.9499955773353577,
      0.9505805373191833,
      0.9484915137290955,
      0.9504435062408447,
