{
  "config": {
    "early_stopping": true,
    "epochs": 601,
    "expert_lr": 0.00091895,
    "expert_momentum": 0.963182,
    "expert_num": 8,
    "expert_weight_decay": 1e-05,
    "load_balancing": false,
    "ns_steps": 10,
    "optimizer_family": "muon",
    "router_lr": 0.01125438,
    "router_momentum": 0.898442,
    "router_weight_decay": 1e-05
  },
  "eval_metrics": {
    "accuracy": 96.65625,
    "dispatch_counts": [
      [
        208.0,
        185.0,
        18.0,
        75.0,
        0.0,
        311.0,
        0.0,
        31.0
      ],
      [
        249.0,
        1.0,
        0.0,
        215.0,
        0.0,
        0.0,
        3.0,
        312.0
      ],
      [
        106.0,
        40.0,
        1.0,
        338.0,
        292.0,
        11.0,
        0.0,
        24.0
      ],
      [
        14.0,
        12.0,
        43.0,
        75.0,
        0.0,
        1.0,
        473.0,
        162.0
      ]
    ],
    "entropy": 0.7137466669082642,
    "loss": 0.3466495871543884,
    "runtime_seconds": 0.007514385040849447,
    "split": "validation"
  },
  "fold_index": 4,
  "mode": "nonlinear",
  "seed": 30815,
  "setting": 3,
  "total_runtime_seconds": 28.57297148788348,
  "train_metrics": {
    "dispatch_counts": [
      [
        907.0,
        633.0,
        85.0,
        345.0,
        0.0,
        1190.0,
        0.0,
        155.0
      ],
      [
        935.0,
        21.0,
        0.0,
        918.0,
        2.0,
        1.0,
        3.0,
        1237.0
      ],
      [
        398.0,
        148.0,
        6.0,
        1353.0,
        1194.0,
        37.0,
        1.0,
        113.0
      ],
      [
        60.0,
        44.0,
        161.0,
        291.0,
        0.0,
        10.0,
        1952.0,
        600.0
      ]
    ],
    "entropy_record": [
      1.3849067687988281,
      1.3224360942840576,
      1.2383701801300049,
      1.141099214553833,
      1.0589324235916138,
      0.9851574301719666,
      0.9254336953163147,
      0.8846210241317749,
      0.8443537950515747,
      0.8103968501091003,
      0.7904380559921265,
      0.7625901699066162,
      0.7547359466552734,
      0.735242486000061,
      0.7143476605415344,
      0.6909417510032654,
      0.688135027885437,
      0.6602427363395691,
      0.6485849022865295,
      0.6388611793518066,
      0.6258501410484314,
      0.608004629611969,
      0.6061188578605652,
      0.5942787528038025,
      0.5789844393730164,
      0.5730261206626892,
      0.5620116591453552,
      0.5562400817871094,
      0.5511307120323181,
      0.5456281900405884,
      0.5405152440071106,
      0.5300503969192505,
      0.5291153192520142,
      0.5284635424613953,
      0.5260295867919922,
      0.5178171992301941,
      0.5150845050811768,
      0.5123125314712524,
      0.5044372081756592,
      0.49890628457069397,
      0.4935877323150635,
      0.49463900923728943,
      0.4868520498275757,
      0.47906196117401123,
      0.4768376350402832,
      0.4734433591365814,
      0.46569547057151794,
      0.46255797147750854,
      0.46095114946365356,
      0.4556363821029663,
      0.4461112916469574,
      0.44797998666763306,
      0.43790432810783386,
      0.4303846061229706,
      0.42813563346862793,
      0.4166577458381653,
      0.4162721037864685,
      0.4172489047050476,
      0.4126703143119812,
      0.40973061323165894,
      0.404829740524292,
      0.4094665050506592,
      0.4057983160018921,
      0.4030608832836151,
      0.4049699008464813,
      0.40720880031585693,
      0.4044479429721832,
      0.40105879306793213,
      0.3985815644264221,
      0.4007090628147125,
      0.40072113275527954,
      0.39435049891471863,
      0.40079230070114136,
      0.40000876784324646,
      0.3948506712913513,
      0.3961073160171509,
      0.3940742313861847,
      0.3938273787498474,
      0.387162983417511,
      0.3876701891422272,
      0.38622474670410156,
      0.38341906666755676,
      0.3834330439567566,
      0.3799482583999634,
      0.37409135699272156,
      0.3747005760669708,
      0.37744012475013733,
      0.3731916844844818,
      0.37187862396240234,
      0.3712364137172699,
      0.3650394678115845,
      0.3679877817630768,
      0.3640691041946411,
      0.36440083384513855,
      0.36394545435905457,
      0.3616520166397095,
      0.3627074658870697,
      0.3665597140789032,
      0.36097124218940735,
      0.35828524827957153,
      0.35801053047180176,
      0.3595641851425171,
      0.36001652479171753,
      0.3601517081260681,
      0.3588181138038635,
      0.3600061237812042,
      0.3573687672615051,
      0.35845616459846497,
      0.3592446744441986,
      0.3603561222553253,
      0.36105915904045105,
      0.36233460903167725,
      0.3602004647254944,
      0.3606145679950714,
      0.36419764161109924,
      0.36232638359069824,
      0.3634190559387207,
      0.3633278012275696,
      0.3644067645072937,
      0.36271336674690247,
      0.3665388822555542,
      0.3651818335056305,
      0.3647465705871582,
      0.36490821838378906,
      0.36778610944747925,
      0.37052446603775024,
      0.37356069684028625,
      0.3734285533428192,
      0.37682491540908813,
      0.3772936463356018,
      0.37918344140052795,
      0.38250991702079773,
      0.38333141803741455,
      0.38052019476890564,
      0.38719862699508667,
      0.38912278413772583,
      0.39019250869750977,
      0.39183545112609863,
      0.3908778429031372,
      0.39259767532348633,
      0.394917368888855,
      0.3941773772239685,
      0.3962550759315491,
      0.39814433455467224,
      0.40079277753829956,
      0.40149739384651184,
      0.4010384678840637,
      0.40271010994911194,
      0.40463364124298096,
      0.4093603789806366,
      0.40791869163513184,
      0.4085433781147003,
      0.40951284766197205,
      0.4113881587982178,
      0.4127946197986603,
      0.4142882823944092,
      0.4158753752708435,
      0.4177941679954529,
      0.4195307493209839,
      0.419673353433609,
      0.42159268260002136,
      0.42195355892181396,
      0.42592427134513855,
      0.42574355006217957,
      0.42656421661376953,
      0.4261668920516968,
      0.4284366965293884,
      0.4280942976474762,
      0.43084460496902466,
      0.42968112230300903,
      0.4324522018432617,
      0.4382650852203369,
      0.4381405711174011,
      0.44074922800064087,
      0.44197702407836914,
      0.44260120391845703,
      0.4470321238040924,
      0.44954901933670044,
      0.4517228901386261,
      0.45138663053512573,
      0.45145660638809204,
      0.4543578624725342,
      0.4581749439239502,
      0.4578462839126587,
      0.4612077474594116,
      0.4620664119720459,
      0.4645041227340698,
      0.4687451720237732,
      0.4681113362312317,
      0.469708114862442,
      0.4722377359867096,
      0.47510120272636414,
      0.47941750288009644,
      0.4787041246891022,
      0.48181694746017456,
      0.4837716519832611,
      0.4853396415710449,
      0.4903497099876404,
      0.4902329444885254,
      0.4893344044685364,
      0.49078455567359924,
      0.4917030930519104,
      0.4908682703971863,
      0.4939352869987488,
      0.49455177783966064,
      0.49395596981048584,
      0.4928446412086487,
      0.4945358335971832,
      0.4979701638221741,
      0.49920618534088135,
      0.5022244453430176,
      0.4998460114002228,
      0.5043411254882812,
      0.5048284530639648,
      0.504649817943573,
      0.5064271092414856,
      0.5079691410064697,
      0.5096243023872375,
      0.5123531818389893,
      0.5120981335639954,
      0.5142055153846741,
      0.5156356692314148,
      0.5148661136627197,
      0.5195720791816711,
      0.5169247388839722,
      0.5198360681533813,
      0.5210727453231812,
      0.5189450979232788,
      0.520183265209198,
      0.5184000134468079,
      0.5212411880493164,
      0.5195769667625427,
      0.5208235383033752,
      0.5208351612091064,
      0.5196842551231384,
