{
  "config": {
    "early_stopping": true,
    "epochs": 601,
    "expert_lr": 0.00091895,
    "expert_momentum": 0.963182,
    "expert_num": 8,
    "expert_weight_decay": 1e-05,
    "load_balancing": false,
    "ns_steps": 10,
    "optimizer_family": "muon",
    "router_lr": 0.01125438,
    "router_momentum": 0.898442,
    "router_weight_decay": 1e-05
  },
  "eval_metrics": {
    "accuracy": 96.4375,
    "dispatch_counts": [
      [
        0.0,
        0.0,
        1.0,
        9.0,
        404.0,
        414.0,
        0.0,
        1.0
      ],
      [
        0.0,
        8.0,
        6.0,
        365.0,
        7.0,
        9.0,
        369.0,
        15.0
      ],
      [
        0.0,
        1.0,
        370.0,
        31.0,
        2.0,
        8.0,
        0.0,
        401.0
      ],
      [
        214.0,
        347.0,
        28.0,
        44.0,
        21.0,
        48.0,
        15.0,
        62.0
      ]
    ],
    "entropy": 0.3660961389541626,
    "loss": 0.3488865792751312,
    "runtime_seconds": 0.007510810159146786,
    "split": "validation"
  },
  "fold_index": 2,
  "mode": "nonlinear",
  "seed": 30813,
  "setting": 3,
  "total_runtime_seconds": 20.72324571851641,
  "train_metrics": {
    "dispatch_counts": [
      [
        0.0,
        0.0,
        3.0,
        36.0,
        1607.0,
        1659.0,
        0.0,
        9.0
      ],
      [
        0.0,
        15.0,
        28.0,
        1470.0,
        18.0,
        27.0,
        1501.0,
        59.0
      ],
      [
        0.0,
        0.0,
        1502.0,
        114.0,
        1.0,
        31.0,
        0.0,
        1601.0
      ],
      [
        911.0,
        1405.0,
        103.0,
        192.0,
        92.0,
        169.0,
        41.0,
        206.0
      ]
    ],
    "entropy_record": [
      1.3854355812072754,
      1.3122098445892334,
      1.2073646783828735,
      1.0297152996063232,
      0.8571411371231079,
      0.729790210723877,
      0.6106902360916138,
      0.5290751457214355,
      0.47356778383255005,
      0.429388165473938,
      0.38006681203842163,
      0.37061381340026855,
      0.3517411947250366,
      0.3387354612350464,
      0.3358795642852783,
      0.3146253526210785,
      0.303745836019516,
      0.29668107628822327,
      0.30030566453933716,
      0.292758047580719,
      0.2900242805480957,
      0.28763142228126526,
      0.2811834514141083,
      0.2745518386363983,
      0.2741899788379669,
      0.2629474699497223,
      0.27442166209220886,
      0.2672557234764099,
      0.26877060532569885,
      0.2627938389778137,
      0.2675524652004242,
      0.2557973563671112,
      0.25875499844551086,
      0.2594148814678192,
      0.25492092967033386,
      0.2531041204929352,
      0.252530038356781,
      0.25205978751182556,
      0.25699102878570557,
      0.2581886649131775,
      0.2505551874637604,
      0.25391528010368347,
      0.2531810998916626,
      0.25131914019584656,
      0.24904651939868927,
      0.24857591092586517,
      0.24145059287548065,
      0.24793283641338348,
      0.24231557548046112,
      0.24747397005558014,
      0.2455831617116928,
      0.2419411838054657,
      0.24130362272262573,
      0.2386792004108429,
      0.23856808245182037,
      0.23056189715862274,
      0.23553551733493805,
      0.23181451857089996,
      0.23475384712219238,
      0.2238328456878662,
      0.22400371730327606,
      0.22761988639831543,
      0.2232983559370041,
      0.2242712825536728,
      0.22628819942474365,
      0.22593343257904053,
      0.2237057089805603,
      0.22438910603523254,
      0.22053036093711853,
      0.21701738238334656,
      0.21609710156917572,
      0.21651676297187805,
      0.21992127597332,
      0.21482591331005096,
      0.21130973100662231,
      0.21216259896755219,
      0.21278393268585205,
      0.21468482911586761,
      0.20781783759593964,
      0.21331116557121277,
      0.2116692066192627,
      0.2086624950170517,
      0.20711323618888855,
      0.21067039668560028,
      0.20974747836589813,
      0.20859253406524658,
      0.20892785489559174,
      0.20975467562675476,
      0.2071593850851059,
      0.20564299821853638,
      0.20425203442573547,
      0.20632719993591309,
      0.20473824441432953,
      0.21081294119358063,
      0.2076525241136551,
      0.20748376846313477,
      0.20146530866622925,
      0.20409627258777618,
      0.20588409900665283,
      0.20569148659706116,
      0.20014193654060364,
      0.19672070443630219,
      0.20126543939113617,
      0.20219777524471283,
      0.19977445900440216,
      0.2008669078350067,
      0.199667289853096,
      0.20020000636577606,
      0.19775845110416412,
      0.2003423273563385,
      0.19572563469409943,
      0.19588430225849152,
      0.19501884281635284,
      0.19769027829170227,
      0.19584831595420837,
      0.19765834510326385,
      0.1985396146774292,
      0.19667230546474457,
      0.19611337780952454,
      0.19880947470664978,
      0.195754736661911,
      0.19445422291755676,
      0.19430428743362427,
      0.19577492773532867,
      0.19785144925117493,
      0.19431129097938538,
      0.18978039920330048,
      0.19333724677562714,
      0.19247497618198395,
      0.19324827194213867,
      0.19199016690254211,
      0.18750956654548645,
      0.18628408014774323,
      0.18794472515583038,
      0.18250931799411774,
      0.18245139718055725,
      0.18136551976203918,
      0.17849834263324738,
      0.17391204833984375,
      0.17435172200202942,
      0.17298650741577148,
      0.17136713862419128,
      0.1733657568693161,
      0.17153963446617126,
      0.17461100220680237,
      0.17056316137313843,
      0.17329776287078857,
      0.17715680599212646,
      0.17424708604812622,
      0.1754368543624878,
      0.1742388904094696,
      0.17602698504924774,
      0.17711591720581055,
      0.18051975965499878,
      0.18022863566875458,
      0.1799166351556778,
      0.18047715723514557,
      0.18205395340919495,
      0.1817396879196167,
      0.1855815201997757,
      0.18459445238113403,
      0.18810994923114777,
      0.18752993643283844,
      0.18990665674209595,
      0.18900656700134277,
      0.19301997125148773,
      0.1928890198469162,
      0.1969643384218216,
      0.19757720828056335,
      0.20429480075836182,
      0.20125389099121094,
      0.20028860867023468,
      0.20588162541389465,
      0.20525336265563965,
      0.20646274089813232,
      0.21096192300319672,
      0.21095377206802368,
      0.20969101786613464,
      0.2131272852420807,
      0.21430489420890808,
      0.21798552572727203,
      0.219955712556839,
      0.22209873795509338,
      0.2310837060213089,
      0.22922424972057343,
      0.2306113839149475,
      0.2348651885986328,
      0.23384803533554077,
      0.24060729146003723,
      0.2385382354259491,
      0.2427043616771698,
      0.24548615515232086,
      0.24917741119861603,
      0.25057244300842285,
      0.25290238857269287,
      0.25313800573349,
      0.25402483344078064,
      0.25540146231651306,
      0.25654348731040955,
      0.25714826583862305,
      0.25954338908195496,
      0.25703227519989014,
      0.2602381408214569,
      0.258073091506958,
      0.2621489465236664,
      0.26345762610435486,
      0.2665037512779236,
      0.26701802015304565,
      0.2723774015903473,
      0.27175256609916687,
      0.2763120234012604,
      0.2748596966266632,
      0.27485400438308716,
      0.2754807472229004,
      0.2792343199253082,
      0.2803916335105896,
      0.28084343671798706,
      0.2839210033416748,
      0.2854423522949219,
      0.2877844572067261,
      0.28949999809265137,
      0.2929970324039459,
      0.2916855812072754,
      0.2951408326625824,
      0.295845627784729,
      0.29690995812416077,
      0.2983146905899048,
      0.301472544670105,
      0.30336034297943115,
      0.3083397150039673,
      0.3100055158138275,
      0.3124472498893738,
      0.31765085458755493,
