{
  "config": {
    "early_stopping": true,
    "epochs": 601,
    "expert_lr": 0.00091895,
    "expert_momentum": 0.963182,
    "expert_num": 8,
    "expert_weight_decay": 1e-05,
    "load_balancing": false,
    "ns_steps": 10,
    "optimizer_family": "muon",
    "router_lr": 0.01125438,
    "router_momentum": 0.898442,
    "router_weight_decay": 1e-05
  },
  "eval_metrics": {
    "accuracy": 96.28125,
    "dispatch_counts": [
      [
        9.0,
        0.0,
        4.0,
        0.0,
        377.0,
        34.0,
        398.0,
        7.0
      ],
      [
        4.0,
        1.0,
        362.0,
        356.0,
        0.0,
        12.0,
        6.0,
        38.0
      ],
      [
        13.0,
        390.0,
        5.0,
        0.0,
        9.0,
        385.0,
        1.0,
        9.0
      ],
      [
        386.0,
        2.0,
        0.0,
        2.0,
        0.0,
        0.0,
        12.0,
        378.0
      ]
    ],
    "entropy": 0.2244204580783844,
    "loss": 0.3504490554332733,
    "runtime_seconds": 0.0075078196823596954,
    "split": "validation"
  },
  "fold_index": 1,
  "mode": "nonlinear",
  "seed": 30812,
  "setting": 3,
  "total_runtime_seconds": 33.41428983071819,
  "train_metrics": {
    "dispatch_counts": [
      [
        29.0,
        1.0,
        12.0,
        2.0,
        1550.0,
        122.0,
        1562.0,
        36.0
      ],
      [
        20.0,
        1.0,
        1476.0,
        1377.0,
        6.0,
        55.0,
        40.0,
        143.0
      ],
      [
        28.0,
        1532.0,
        15.0,
        2.0,
        42.0,
        1568.0,
        21.0,
        42.0
      ],
      [
        1522.0,
        10.0,
        21.0,
        2.0,
        0.0,
        3.0,
        38.0,
        1522.0
      ]
    ],
    "entropy_record": [
      1.384801983833313,
      1.2994149923324585,
      1.1180399656295776,
      0.9525710344314575,
      0.7632107734680176,
      0.6425605416297913,
      0.5646676421165466,
      0.5122442841529846,
      0.45771774649620056,
      0.4366777241230011,
      0.4153391718864441,
      0.3952379822731018,
      0.36882057785987854,
      0.3537385165691376,
      0.3355090916156769,
      0.31696662306785583,
      0.3095747232437134,
      0.31685522198677063,
      0.30281898379325867,
      0.2843172550201416,
      0.282108336687088,
      0.2760526239871979,
      0.2731527090072632,
      0.2828012704849243,
      0.2774893343448639,
      0.27153176069259644,
      0.2707720696926117,
      0.267616868019104,
      0.2688067555427551,
      0.2657340466976166,
      0.26417604088783264,
      0.25721070170402527,
      0.2563161253929138,
      0.2668093144893646,
      0.2700614929199219,
      0.27058175206184387,
      0.26221537590026855,
      0.2559519410133362,
      0.26604852080345154,
      0.2610676884651184,
      0.25534194707870483,
      0.2560652494430542,
      0.2553918957710266,
      0.2535458207130432,
      0.25470292568206787,
      0.2541286051273346,
      0.2579439580440521,
      0.2594985365867615,
      0.2552441954612732,
      0.25185859203338623,
      0.25277936458587646,
      0.2556876838207245,
      0.256623774766922,
      0.25594034790992737,
      0.25136619806289673,
      0.25744542479515076,
      0.2504684329032898,
      0.251753568649292,
      0.24803249537944794,
      0.24690096080303192,
      0.24483516812324524,
      0.24571487307548523,
      0.24058213829994202,
      0.2430742383003235,
      0.23860426247119904,
      0.24121995270252228,
      0.2373938113451004,
      0.2340201437473297,
      0.2307511270046234,
      0.2345816195011139,
      0.23568347096443176,
      0.23255202174186707,
      0.23193970322608948,
      0.22702521085739136,
      0.2280890792608261,
      0.23114605247974396,
      0.22478845715522766,
      0.22670647501945496,
      0.22734642028808594,
      0.22905999422073364,
      0.22555230557918549,
      0.22640258073806763,
      0.2255702018737793,
      0.22200645506381989,
      0.22466911375522614,
      0.2219361513853073,
      0.22533375024795532,
      0.21975433826446533,
      0.22126688063144684,
      0.2259335070848465,
      0.22640559077262878,
      0.2268349975347519,
      0.2277352511882782,
      0.2260928601026535,
      0.22568589448928833,
      0.22376632690429688,
      0.22606614232063293,
      0.2285155951976776,
      0.22508272528648376,
      0.225702702999115,
      0.22309474647045135,
      0.22610729932785034,
      0.22345775365829468,
      0.2207414209842682,
      0.22101718187332153,
      0.22362565994262695,
      0.22133798897266388,
      0.22104066610336304,
      0.22275227308273315,
      0.22059541940689087,
      0.22099004685878754,
      0.22198595106601715,
      0.22302861511707306,
      0.22144055366516113,
      0.2225257158279419,
      0.22217807173728943,
      0.22103647887706757,
      0.22110475599765778,
      0.22260619699954987,
      0.22128412127494812,
      0.22313033044338226,
      0.2229134887456894,
      0.21885016560554504,
      0.2189730554819107,
      0.22482359409332275,
      0.2218976616859436,
      0.22284483909606934,
      0.22340306639671326,
      0.22299501299858093,
      0.22495600581169128,
      0.22647537291049957,
      0.22467097640037537,
      0.22289791703224182,
      0.22299382090568542,
      0.22258810698986053,
      0.22071443498134613,
      0.22589494287967682,
      0.22320595383644104,
      0.22697307169437408,
      0.22663354873657227,
      0.2239953577518463,
      0.22812539339065552,
      0.2273103892803192,
      0.22698873281478882,
      0.22579067945480347,
      0.22665069997310638,
      0.22842545807361603,
      0.22727668285369873,
      0.22563832998275757,
      0.2286689281463623,
      0.23003362119197845,
      0.22891615331172943,
      0.23143881559371948,
      0.23132264614105225,
      0.2314937561750412,
      0.23076894879341125,
      0.2327105551958084,
      0.23476733267307281,
      0.23526765406131744,
      0.23649083077907562,
      0.2363421618938446,
      0.23671752214431763,
      0.236580491065979,
      0.23723894357681274,
      0.23784847557544708,
      0.2355041652917862,
      0.23790764808654785,
      0.23883727192878723,
      0.23919926583766937,
      0.24084901809692383,
      0.23982635140419006,
      0.23937049508094788,
      0.24153269827365875,
      0.24035903811454773,
      0.24482974410057068,
      0.24142256379127502,
      0.24413572251796722,
      0.24672117829322815,
      0.24323835968971252,
      0.2409607172012329,
      0.2404017150402069,
      0.24020634591579437,
      0.23961441218852997,
      0.2411082684993744,
      0.240207701921463,
      0.23873008787631989,
      0.23842868208885193,
      0.23696067929267883,
      0.23822829127311707,
      0.23913002014160156,
      0.2402237355709076,
      0.23767773807048798,
      0.23925617337226868,
      0.23555348813533783,
      0.2389020472764969,
      0.23558954894542694,
      0.23739281296730042,
      0.23809471726417542,
      0.23436176776885986,
      0.2356509268283844,
      0.23347844183444977,
      0.2357291281223297,
      0.23499667644500732,
      0.23596766591072083,
      0.23130126297473907,
      0.233255997300148,
      0.2325882911682129,
      0.2327926605939865,
      0.23597651720046997,
      0.23000332713127136,
      0.23238001763820648,
      0.23513104021549225,
      0.23486289381980896,
      0.2332962155342102,
      0.23290859162807465,
      0.2336251437664032,
      0.23169754445552826,
      0.23104378581047058,
      0.2306128591299057,
      0.23040536046028137,
      0.22951900959014893,
      0.22977447509765625,
      0.22958877682685852,
      0.22990299761295319,
      0.22819344699382782,
      0.22849291563034058,
      0.22380730509757996,
      0.22608314454555511,
      0.22472983598709106,
      0.22671082615852356,
      0.22843658924102783,
      0.22876092791557312,
