{
  "config": {
    "early_stopping": true,
    "epochs": 601,
    "expert_lr": 0.00091895,
    "expert_momentum": 0.963182,
    "expert_num": 8,
    "expert_weight_decay": 1e-05,
    "load_balancing": false,
    "ns_steps": 10,
    "optimizer_family": "muon",
    "router_lr": 0.01125438,
    "router_momentum": 0.898442,
    "router_weight_decay": 1e-05
  },
  "eval_metrics": {
    "accuracy": 97.09375,
    "dispatch_counts": [
      [
        4.0,
        0.0,
        399.0,
        2.0,
        8.0,
        415.0,
        1.0,
        0.0
      ],
      [
        379.0,
        374.0,
        10.0,
        4.0,
        4.0,
        5.0,
        3.0,
        0.0
      ],
      [
        13.0,
        4.0,
        27.0,
        397.0,
        16.0,
        19.0,
        18.0,
        319.0
      ],
      [
        4.0,
        0.0,
        6.0,
        1.0,
        390.0,
        3.0,
        375.0,
        0.0
      ]
    ],
    "entropy": 0.2176705300807953,
    "loss": 0.3423246741294861,
    "runtime_seconds": 0.00764461001381278,
    "split": "validation"
  },
  "fold_index": 3,
  "mode": "nonlinear",
  "seed": 30814,
  "setting": 3,
  "total_runtime_seconds": 13.39394827792421,
  "train_metrics": {
    "dispatch_counts": [
      [
        10.0,
        1.0,
        1600.0,
        8.0,
        47.0,
        1644.0,
        4.0,
        0.0
      ],
      [
        1531.0,
        1475.0,
        59.0,
        11.0,
        10.0,
        18.0,
        14.0,
        0.0
      ],
      [
        66.0,
        6.0,
        127.0,
        1576.0,
        81.0,
        53.0,
        64.0,
        1276.0
      ],
      [
        12.0,
        3.0,
        22.0,
        3.0,
        1566.0,
        10.0,
        1503.0,
        0.0
      ]
    ],
    "entropy_record": [
      1.3850816488265991,
      1.3150395154953003,
      1.1923635005950928,
      1.0593242645263672,
      0.9071313142776489,
      0.8000632524490356,
      0.7195143699645996,
      0.6567476391792297,
      0.6047171950340271,
      0.5725269317626953,
      0.5332797765731812,
      0.5190674662590027,
      0.49084794521331787,
      0.4782494902610779,
      0.4552132189273834,
      0.43744510412216187,
      0.4395689368247986,
      0.4219672381877899,
      0.4103684723377228,
      0.4045798182487488,
      0.39365097880363464,
      0.38735800981521606,
      0.37394317984580994,
      0.3763866424560547,
      0.3686109185218811,
      0.3484172821044922,
      0.35222357511520386,
      0.34742796421051025,
      0.3362254202365875,
      0.3316420614719391,
      0.32836246490478516,
      0.3208949565887451,
      0.31439822912216187,
      0.3100820481777191,
      0.3089013695716858,
      0.3087899386882782,
      0.29869264364242554,
      0.2997714877128601,
      0.30214065313339233,
      0.2959027886390686,
      0.2943841516971588,
      0.28918400406837463,
      0.28275078535079956,
      0.28462594747543335,
      0.27789944410324097,
      0.2805505394935608,
      0.2761639654636383,
      0.27886292338371277,
      0.2734019458293915,
      0.27249231934547424,
      0.2715395390987396,
      0.270028293132782,
      0.2656928598880768,
      0.27122992277145386,
      0.26730090379714966,
      0.2688118517398834,
      0.26658573746681213,
      0.26048558950424194,
      0.26353684067726135,
      0.2571862041950226,
      0.25396403670310974,
      0.2508286237716675,
      0.24819344282150269,
      0.2479552924633026,
      0.24370193481445312,
      0.2486424744129181,
      0.2455681711435318,
      0.24645663797855377,
      0.23915565013885498,
      0.24293097853660583,
      0.2429526448249817,
      0.24067765474319458,
      0.23458856344223022,
      0.2373286783695221,
      0.23527094721794128,
      0.23761215806007385,
      0.23027607798576355,
      0.232791930437088,
      0.23543667793273926,
      0.23438918590545654,
      0.23017555475234985,
      0.2307954728603363,
      0.2343631088733673,
      0.22988177835941315,
      0.22980308532714844,
      0.22218850255012512,
      0.22345080971717834,
      0.22699178755283356,
      0.22002579271793365,
      0.22472895681858063,
      0.22097834944725037,
      0.21485576033592224,
      0.21192467212677002,
      0.21374180912971497,
      0.20394308865070343,
      0.20013903081417084,
      0.19365066289901733,
      0.19119291007518768,
      0.18658998608589172,
      0.18286672234535217,
      0.181161567568779,
      0.17730484902858734,
      0.18003800511360168,
      0.17867937684059143,
      0.17444732785224915,
      0.17074133455753326,
      0.16637901961803436,
      0.16281217336654663,
      0.16112934052944183,
      0.1594037562608719,
      0.15926361083984375,
      0.162821963429451,
      0.16033835709095,
      0.15956614911556244,
      0.1636846363544464,
      0.1587134748697281,
      0.16507773101329803,
      0.1661182940006256,
      0.1709894835948944,
      0.17080911993980408,
      0.17599450051784515,
      0.1794057935476303,
      0.17960482835769653,
      0.1798216849565506,
      0.18177346885204315,
      0.19013503193855286,
      0.19050368666648865,
      0.19318729639053345,
      0.19241134822368622,
      0.19780394434928894,
      0.19826506078243256,
      0.20465004444122314,
      0.20739874243736267,
      0.20804037153720856,
      0.2121601402759552,
      0.21259012818336487,
      0.21466390788555145,
      0.21931195259094238,
      0.22012010216712952,
      0.22002889215946198,
      0.2237686961889267,
      0.22574587166309357,
      0.22370634973049164,
      0.22132804989814758,
      0.21726453304290771,
      0.21757714450359344,
      0.21259547770023346,
      0.21562199294567108,
      0.21542313694953918,
      0.21711492538452148,
      0.21798759698867798,
      0.21757149696350098,
      0.22079920768737793,
      0.22006411850452423
    ],
    "epochs_ran": 154,
    "final_entropy": 0.22006411850452423,
    "final_loss": 0.3462303578853607,
    "plot_diagnostics": null,
    "runtime_seconds": 13.386303667910397
  }
}