{
  "config": {
    "early_stopping": true,
    "epochs": 601,
    "expert_lr": 0.00270636,
    "expert_momentum": 0.963453,
    "expert_num": 4,
    "expert_weight_decay": 0.0001,
    "load_balancing": false,
    "ns_steps": 7,
    "optimizer_family": "muon",
    "router_lr": 0.02668787,
    "router_momentum": 0.949453,
    "router_weight_decay": 1e-05
  },
  "eval_metrics": {
    "accuracy": 90.40625,
    "dispatch_counts": [
      [
        42.0,
        474.0,
        72.0,
        241.0
      ],
      [
        260.0,
        35.0,
        360.0,
        124.0
      ],
      [
        266.0,
        96.0,
        143.0,
        308.0
      ],
      [
        174.0,
        347.0,
        67.0,
        191.0
      ]
    ],
    "entropy": 1.1942012310028076,
    "loss": 0.4091990292072296,
    "runtime_seconds": 0.004366477020084858,
    "split": "validation"
  },
  "fold_index": 2,
  "mode": "nonlinear",
  "seed": 41713,
  "setting": 4,
  "total_runtime_seconds": 11.61269167996943,
  "train_metrics": {
    "dispatch_counts": [
      [
        172.0,
        1873.0,
        270.0,
        999.0
      ],
      [
        1016.0,
        137.0,
        1454.0,
        511.0
      ],
      [
        1034.0,
        413.0,
        606.0,
        1196.0
      ],
      [
        695.0,
        1469.0,
        223.0,
        732.0
      ]
    ],
    "entropy_record": [
      1.385709285736084,
      1.2942347526550293,
      1.2498111724853516,
      1.258766770362854,
      1.2654757499694824,
      1.2695058584213257,
      1.2700042724609375,
      1.2636922597885132,
      1.2608726024627686,
      1.2567601203918457,
      1.2430994510650635,
      1.2388907670974731,
      1.2325834035873413,
      1.2264518737792969,
      1.2233740091323853,
      1.2163779735565186,
      1.2162268161773682,
      1.2117494344711304,
      1.2115857601165771,
      1.2086340188980103,
      1.2098114490509033,
      1.2092218399047852,
      1.2073251008987427,
      1.208682656288147,
      1.2058857679367065,
      1.2067556381225586,
      1.2067720890045166,
      1.2082792520523071,
      1.2062612771987915,
      1.2056944370269775,
      1.2080795764923096,
      1.2070564031600952,
      1.2074780464172363,
      1.2053149938583374,
      1.2074570655822754,
      1.2053240537643433,
      1.205644130706787,
      1.206214427947998,
      1.2047038078308105,
      1.2059091329574585,
      1.2055072784423828,
      1.2046152353286743,
      1.2053005695343018,
      1.2045679092407227,
      1.2034951448440552,
      1.2043802738189697,
      1.204017162322998,
      1.2045656442642212,
      1.2032530307769775,
      1.2039169073104858,
      1.2034350633621216,
      1.2030766010284424,
      1.2014178037643433,
      1.20326828956604,
      1.2030010223388672,
      1.2013788223266602,
      1.202378749847412,
      1.203413486480713,
      1.2037605047225952,
      1.2028203010559082,
      1.2041051387786865,
      1.2026503086090088,
      1.20291006565094,
      1.203582525253296,
      1.2033329010009766,
      1.2013685703277588,
      1.203181266784668,
      1.2035592794418335,
      1.203157901763916,
      1.2020699977874756,
      1.2030690908432007,
      1.2024623155593872,
      1.201647162437439,
      1.2024779319763184,
      1.2021552324295044,
      1.2017488479614258,
      1.202573299407959,
      1.2027606964111328,
      1.2024760246276855,
      1.2025278806686401,
      1.202599048614502,
      1.203160285949707,
      1.2018516063690186,
      1.2025468349456787,
      1.2020405530929565,
      1.2016466856002808,
      1.2022960186004639,
      1.2025136947631836,
      1.2028378248214722,
      1.2019013166427612,
      1.2022747993469238,
      1.2022525072097778,
      1.2015917301177979,
      1.201878547668457,
      1.2020015716552734,
      1.2011367082595825,
      1.2020506858825684,
      1.202365756034851,
      1.2014247179031372,
      1.2016799449920654,
      1.2010974884033203,
      1.202432632446289,
      1.201399803161621,
      1.2027966976165771,
      1.201233983039856,
      1.2014896869659424,
      1.201612949371338,
      1.2012690305709839,
      1.2010647058486938,
      1.2021598815917969,
      1.2018914222717285,
      1.2013695240020752,
      1.2010819911956787,
      1.201106309890747,
      1.201552391052246,
      1.201063632965088,
      1.2009387016296387,
      1.201041579246521,
      1.2005257606506348,
      1.201113224029541,
      1.2018228769302368,
      1.1996842622756958,
      1.2010576725006104,
      1.2004859447479248,
      1.2004523277282715,
      1.199399709701538,
      1.2011709213256836,
      1.1999855041503906,
      1.2004204988479614,
      1.2005558013916016,
      1.1999118328094482,
      1.2003302574157715,
      1.200934886932373,
      1.199751853942871,
      1.1994290351867676,
      1.199936032295227,
      1.199634313583374,
      1.199517846107483,
      1.2001556158065796,
      1.2000701427459717,
      1.1994988918304443,
      1.2001761198043823,
      1.1994457244873047,
      1.1993992328643799,
      1.2006675004959106,
      1.1996304988861084,
      1.1988393068313599,
      1.1985441446304321,
      1.1997729539871216,
      1.2000318765640259,
      1.2004281282424927,
      1.1990023851394653,
      1.1996415853500366,
      1.1988728046417236,
      1.1994967460632324,
      1.1996731758117676,
      1.1994203329086304,
      1.199749231338501,
      1.1990859508514404,
      1.1996859312057495,
      1.2001276016235352,
      1.1998125314712524,
      1.1996089220046997,
      1.1986732482910156,
      1.1997296810150146,
      1.1995313167572021,
      1.1997743844985962,
      1.1995670795440674,
      1.1990725994110107,
      1.199157953262329,
      1.199570894241333,
      1.1988859176635742,
      1.1999859809875488,
      1.199836254119873,
      1.1994835138320923,
      1.1996750831604004,
      1.1996465921401978,
      1.1992220878601074,
      1.1991833448410034,
      1.1994818449020386,
      1.1997877359390259,
      1.1999764442443848,
      1.1999993324279785,
      1.1991088390350342,
      1.199497103691101,
      1.1990277767181396,
      1.1994705200195312,
      1.19984769821167,
      1.1998066902160645,
      1.200046420097351,
      1.2000868320465088,
      1.2000586986541748,
      1.199813961982727,
      1.200276255607605,
      1.2005889415740967,
      1.1999671459197998,
      1.2002298831939697,
      1.2003124952316284,
      1.200361967086792,
      1.2000685930252075,
      1.2010364532470703,
      1.2006072998046875,
      1.2005664110183716,
      1.200075626373291,
      1.200947642326355,
      1.2017767429351807,
      1.201075792312622,
      1.2011981010437012,
      1.2012791633605957,
      1.2018001079559326,
      1.2014967203140259,
      1.201568841934204,
      1.2017803192138672,
      1.20234215259552,
      1.2009333372116089,
      1.2016538381576538,
      1.2014639377593994,
      1.201228141784668,
      1.201230764389038,
      1.2007241249084473,
      1.2013888359069824,
      1.20114004611969,
      1.201404333114624,
      1.2006094455718994,
      1.1998692750930786,
      1.2000032663345337,
      1.1998018026351929,
      1.198930025100708,
      1.1982746124267578,
      1.1971391439437866,
      1.1971347332000732,
      1.1970158815383911,
      1.1966112852096558,
      1.1958625316619873,
      1.1954940557479858,
      1.1952089071273804,
      1.194912314414978,
      1.1940248012542725,
      1.1939977407455444,
      1.1935920715332031,
      1.1935169696807861,
      1.1932759284973145,
      1.193076252937317,
      1.1923679113388062,
      1.1923468112945557,
      1.1923768520355225,
      1.1926183700561523,
      1.1920380592346191
    ],
    "epochs_ran": 248,
    "final_entropy": 1.1920380592346191,
    "final_loss": 0.3999020755290985,
    "plot_diagnostics": null,
    "runtime_seconds": 11.608325202949345
  }
}