{
  "config": {
    "early_stopping": true,
    "epochs": 601,
    "expert_lr": 0.00270636,
    "expert_momentum": 0.963453,
    "expert_num": 4,
    "expert_weight_decay": 0.0001,
    "load_balancing": false,
    "ns_steps": 7,
    "optimizer_family": "muon",
    "router_lr": 0.02668787,
    "router_momentum": 0.949453,
    "router_weight_decay": 1e-05
  },
  "eval_metrics": {
    "accuracy": 87.875,
    "dispatch_counts": [
      [
        42.0,
        48.0,
        331.0,
        408.0
      ],
      [
        364.0,
        411.0,
        1.0,
        3.0
      ],
      [
        300.0,
        65.0,
        176.0,
        271.0
      ],
      [
        361.0,
        370.0,
        40.0,
        9.0
      ]
    ],
    "entropy": 1.0179890394210815,
    "loss": 0.43451154232025146,
    "runtime_seconds": 0.004356710240244865,
    "split": "validation"
  },
  "fold_index": 1,
  "mode": "nonlinear",
  "seed": 41712,
  "setting": 4,
  "total_runtime_seconds": 16.23097470542416,
  "train_metrics": {
    "dispatch_counts": [
      [
        147.0,
        160.0,
        1379.0,
        1628.0
      ],
      [
        1456.0,
        1638.0,
        5.0,
        19.0
      ],
      [
        1220.0,
        230.0,
        702.0,
        1098.0
      ],
      [
        1439.0,
        1482.0,
        151.0,
        46.0
      ]
    ],
    "entropy_record": [
      1.3855994939804077,
      1.3392467498779297,
      1.2618255615234375,
      1.208764910697937,
      1.163354516029358,
      1.1473127603530884,
      1.1321392059326172,
      1.1193301677703857,
      1.1086108684539795,
      1.100435495376587,
      1.0878098011016846,
      1.0836291313171387,
      1.0737669467926025,
      1.0682159662246704,
      1.0600976943969727,
      1.0590773820877075,
      1.054236650466919,
      1.048122763633728,
      1.045496940612793,
      1.0429238080978394,
      1.0384752750396729,
      1.0366556644439697,
      1.0354429483413696,
      1.0308446884155273,
      1.0292869806289673,
      1.030630350112915,
      1.0272583961486816,
      1.0281167030334473,
      1.0247877836227417,
      1.0267637968063354,
      1.0244606733322144,
      1.0223063230514526,
      1.0219143629074097,
      1.0207113027572632,
      1.0182931423187256,
      1.0193777084350586,
      1.0194190740585327,
      1.0181429386138916,
      1.0166594982147217,
      1.0157008171081543,
      1.0171903371810913,
      1.0142219066619873,
      1.0134882926940918,
      1.0142521858215332,
      1.0161170959472656,
      1.0127012729644775,
      1.0130382776260376,
      1.0132490396499634,
      1.0115349292755127,
      1.0128036737442017,
      1.0110340118408203,
      1.0121779441833496,
      1.0124027729034424,
      1.0109760761260986,
      1.011415958404541,
      1.009947657585144,
      1.010009527206421,
      1.0098322629928589,
      1.0095231533050537,
      1.0096876621246338,
      1.0103099346160889,
      1.0091392993927002,
      1.009246826171875,
      1.009352445602417,
      1.0096452236175537,
      1.0094451904296875,
      1.009617567062378,
      1.0072154998779297,
      1.007709264755249,
      1.006868600845337,
      1.0073421001434326,
      1.00750732421875,
      1.0068280696868896,
      1.0075653791427612,
      1.0063645839691162,
      1.008901834487915,
      1.0072226524353027,
      1.007885217666626,
      1.0070902109146118,
      1.0064356327056885,
      1.0073555707931519,
      1.0060203075408936,
      1.0063925981521606,
      1.0068694353103638,
      1.007940649986267,
      1.0069390535354614,
      1.0067253112792969,
      1.0072330236434937,
      1.0068359375,
      1.0054538249969482,
      1.007013201713562,
      1.006002426147461,
      1.0060979127883911,
      1.0054713487625122,
      1.007737398147583,
      1.005608320236206,
      1.0068109035491943,
      1.00678288936615,
      1.0051376819610596,
      1.005452036857605,
      1.0061564445495605,
      1.0048781633377075,
      1.005803108215332,
      1.0055577754974365,
      1.004685640335083,
      1.0036723613739014,
      1.0046162605285645,
      1.004394292831421,
      1.0051183700561523,
      1.0043394565582275,
      1.004033088684082,
      1.0044684410095215,
      1.004144310951233,
      1.0043948888778687,
      1.0038610696792603,
      1.0042381286621094,
      1.003541350364685,
      1.0032492876052856,
      1.0038636922836304,
      1.004112958908081,
      1.0043094158172607,
      1.0024410486221313,
      1.003303050994873,
      1.0052446126937866,
      1.0038186311721802,
      1.004669427871704,
      1.0047533512115479,
      1.004098892211914,
      1.0042998790740967,
      1.0049445629119873,
      1.0061540603637695,
      1.0055598020553589,
      1.0042855739593506,
      1.0051937103271484,
      1.0048539638519287,
      1.0059971809387207,
      1.0063364505767822,
      1.0064202547073364,
      1.0067470073699951,
      1.0064767599105835,
      1.006842017173767,
      1.0075337886810303,
      1.0075141191482544,
      1.0067362785339355,
      1.0089788436889648,
      1.0082626342773438,
      1.0097942352294922,
      1.008592128753662,
      1.0099385976791382,
      1.0105690956115723,
      1.009738564491272,
      1.0102665424346924,
      1.0112833976745605,
      1.011374831199646,
      1.0114978551864624,
      1.0119470357894897,
      1.0112926959991455,
      1.0118567943572998,
      1.0123469829559326,
      1.011763334274292,
      1.0120444297790527,
      1.0128872394561768,
      1.0130386352539062,
      1.0122997760772705,
      1.012568473815918,
      1.012704610824585,
      1.013606309890747,
      1.0132676362991333,
      1.0130068063735962,
      1.0132187604904175,
      1.0135568380355835,
      1.0141240358352661,
      1.0141301155090332,
      1.0141398906707764,
      1.0141091346740723,
      1.0142593383789062,
      1.0134989023208618,
      1.0136905908584595,
      1.0127685070037842,
      1.0134819746017456,
      1.0130796432495117,
      1.0129334926605225,
      1.0135884284973145,
      1.0127445459365845,
      1.0118533372879028,
      1.0110706090927124,
      1.0119304656982422,
      1.011898398399353,
      1.012212872505188,
      1.0114898681640625,
      1.0113725662231445,
      1.010403037071228,
      1.010884404182434,
      1.0101805925369263,
      1.0104660987854004,
      1.009758472442627,
      1.0092849731445312,
      1.0095436573028564,
      1.0083229541778564,
      1.0096311569213867,
      1.0080138444900513,
      1.008399248123169,
      1.008144736289978,
      1.0074361562728882,
      1.0064330101013184,
      1.0072762966156006,
      1.0066756010055542,
      1.0074223279953003,
      1.0070624351501465,
      1.0066368579864502,
      1.0060725212097168,
      1.0051724910736084,
      1.0060136318206787,
      1.0050565004348755,
      1.0051813125610352,
      1.0041557550430298,
      1.0030771493911743,
      1.0021775960922241,
      1.001997470855713,
      1.0017050504684448,
      1.0014710426330566,
      1.000213384628296,
      1.0017037391662598,
      0.999781608581543,
      1.0006016492843628,
      1.000183343887329,
      1.0015672445297241,
      1.000702977180481,
      1.001602292060852,
      1.0018835067749023,
      1.0028893947601318,
      1.0016095638275146,
      1.002078652381897,
      1.0023915767669678,
      1.00236976146698,
      1.0027434825897217,
      1.0024807453155518,
      1.0011297464370728,
      1.0006989240646362,
      0.999612033367157,
      0.9996883869171143,
      0.9997959136962891,
      0.9993133544921875,
      1.0011802911758423,
      1.001179814338684,
      1.00058913230896,
      0.9999439120292664,
      1.0000879764556885,
      0.999284029006958,
      1.0001660585403442,
      1.0002228021621704,
      1.0004557371139526,
      1.0001057386398315,
      0.9995161294937134,
      0.9999540448188782,
      0.9995554685592651,
      1.0000474452972412,
