{
  "config": {
    "early_stopping": true,
    "epochs": 601,
    "expert_lr": 0.00184089,
    "expert_momentum": 0.956187,
    "expert_num": 8,
    "expert_weight_decay": 0.001,
    "load_balancing": false,
    "ns_steps": 5,
    "optimizer_family": "muon",
    "router_lr": 0.04897663,
    "router_momentum": 0.938371,
    "router_weight_decay": 0.001
  },
  "eval_metrics": {
    "accuracy": 91.09375,
    "dispatch_counts": [
      [
        68.0,
        16.0,
        180.0,
        5.0,
        312.0,
        12.0,
        159.0,
        55.0
      ],
      [
        392.0,
        2.0,
        2.0,
        3.0,
        31.0,
        28.0,
        33.0,
        309.0
      ],
      [
        69.0,
        269.0,
        70.0,
        14.0,
        12.0,
        259.0,
        21.0,
        87.0
      ],
      [
        55.0,
        1.0,
        34.0,
        353.0,
        0.0,
        252.0,
        86.0,
        11.0
      ]
    ],
    "entropy": 0.7718690037727356,
    "loss": 0.40232402086257935,
    "runtime_seconds": 0.008455774281173944,
    "split": "validation"
  },
  "fold_index": 1,
  "mode": "nonlinear",
  "seed": 12212,
  "setting": 1,
  "total_runtime_seconds": 21.294932750985026,
  "train_metrics": {
    "dispatch_counts": [
      [
        295.0,
        50.0,
        720.0,
        17.0,
        1219.0,
        39.0,
        665.0,
        223.0
      ],
      [
        1559.0,
        8.0,
        11.0,
        8.0,
        86.0,
        98.0,
        153.0,
        1276.0
      ],
      [
        262.0,
        1107.0,
        258.0,
        54.0,
        41.0,
        1053.0,
        92.0,
        338.0
      ],
      [
        217.0,
        4.0,
        183.0,
        1336.0,
        0.0,
        1079.0,
        279.0,
        70.0
      ]
    ],
    "entropy_record": [
      1.3854738473892212,
      1.086777687072754,
      0.8757063150405884,
      0.8862268328666687,
      0.8776941895484924,
      0.9074923992156982,
      0.9051077365875244,
      0.9083846807479858,
      0.903207004070282,
      0.8850216865539551,
      0.8745230436325073,
      0.866362452507019,
      0.8561396598815918,
      0.847583532333374,
      0.8471593856811523,
      0.8350874185562134,
      0.8292258977890015,
      0.8188920617103577,
      0.8154953718185425,
      0.8085160851478577,
      0.8045876026153564,
      0.7996745109558105,
      0.8009862899780273,
      0.7981231808662415,
      0.79787677526474,
      0.7952019572257996,
      0.7922653555870056,
      0.7921812534332275,
      0.7897388935089111,
      0.7874821424484253,
      0.7886928915977478,
      0.7880880832672119,
      0.7866376638412476,
      0.7839375138282776,
      0.7837043404579163,
      0.7848681211471558,
      0.7838625907897949,
      0.7827416658401489,
      0.7821189761161804,
      0.7818191051483154,
      0.7827203273773193,
      0.7816277742385864,
      0.782414972782135,
      0.7819121479988098,
      0.7809286713600159,
      0.7802168726921082,
      0.7798140048980713,
      0.7793036103248596,
      0.7785016298294067,
      0.779158353805542,
      0.7773497700691223,
      0.7787531018257141,
      0.7777948379516602,
      0.7771891951560974,
      0.7758974432945251,
      0.7758349776268005,
      0.7755918502807617,
      0.773688018321991,
      0.7742199897766113,
      0.7722228765487671,
      0.7724772691726685,
      0.77167809009552,
      0.7714899778366089,
      0.7711318135261536,
      0.7702960968017578,
      0.77126145362854,
      0.7706391215324402,
      0.7686655521392822,
      0.7708100080490112,
      0.7692575454711914,
      0.769447922706604,
      0.7699851989746094,
      0.7690638303756714,
      0.7692395448684692,
      0.7681509256362915,
      0.7662044167518616,
      0.7684940695762634,
      0.7653663158416748,
      0.7676699161529541,
      0.7660514116287231,
      0.7653298377990723,
      0.7653893232345581,
      0.7635847926139832,
      0.7649721503257751,
      0.7613620162010193,
      0.7638578414916992,
      0.7623011469841003,
      0.7623648643493652,
      0.7645875215530396,
      0.7610964775085449,
      0.7613924145698547,
      0.7612137794494629,
      0.7617566585540771,
      0.7603200078010559,
      0.7603535652160645,
      0.7605064511299133,
      0.7602657079696655,
      0.7582927942276001,
      0.7601976990699768,
      0.7586142420768738,
      0.7594016790390015,
      0.7570984363555908,
      0.7577124834060669,
      0.7592724561691284,
      0.76070636510849,
      0.7589744925498962,
      0.7601028084754944,
      0.7590082287788391,
      0.7576807737350464,
      0.7578713297843933,
      0.7583138346672058,
      0.757038414478302,
      0.7594576478004456,
      0.758161723613739,
      0.7582412958145142,
      0.7585833668708801,
      0.7584251165390015,
      0.7598676681518555,
      0.7583190202713013,
      0.7585201263427734,
      0.7588523626327515,
      0.759438157081604,
      0.7588711380958557,
      0.7589617967605591,
      0.7599419355392456,
      0.75894695520401,
      0.7590569257736206,
      0.7593337893486023,
      0.758785605430603,
      0.7587059140205383,
      0.7578747272491455,
      0.7600550651550293,
      0.7589538097381592,
      0.7586707472801208,
      0.7588523030281067,
      0.7589784860610962,
      0.7600159645080566,
      0.7595146894454956,
      0.7595382928848267,
      0.7591689229011536,
      0.7597655653953552,
      0.7604109644889832,
      0.7595812678337097,
      0.7608051896095276,
      0.7610285878181458,
      0.760438084602356,
      0.7601547837257385,
      0.7595027089118958,
      0.7605139017105103,
      0.7605804204940796,
      0.7596597671508789,
      0.7598093748092651,
      0.7607475519180298,
      0.7601284384727478,
      0.7615561485290527,
      0.7619945406913757,
      0.7612529993057251,
      0.7626835703849792,
      0.7625732421875,
      0.762593686580658,
      0.7642173767089844,
      0.7627369165420532,
      0.7635011672973633,
      0.764714241027832,
      0.7653741836547852,
      0.7661623358726501,
      0.7666628956794739,
      0.768049418926239,
      0.768296480178833,
      0.7696484923362732,
      0.7708650231361389,
      0.7699753046035767,
      0.770699143409729,
      0.770528256893158,
      0.7700417041778564,
      0.7691934108734131,
      0.7697528600692749,
      0.7704018354415894,
      0.7719345688819885,
      0.7719309329986572,
      0.7721368670463562,
      0.7724002003669739,
      0.772973895072937,
      0.7731546759605408,
      0.7746030688285828,
      0.774697482585907,
      0.774330735206604,
      0.775664210319519,
      0.7755891680717468,
      0.7752794623374939,
      0.7754701375961304,
      0.7779165506362915,
      0.7786033153533936,
      0.7778624296188354,
      0.7773628830909729,
      0.7777526378631592,
      0.7765434980392456,
      0.7772936224937439,
      0.7754340171813965,
      0.7762012481689453,
      0.7757660150527954,
      0.7768623232841492,
      0.7762430906295776,
      0.7771686315536499,
      0.7765274047851562,
      0.7765922546386719,
      0.7761348485946655,
      0.7763992547988892,
      0.7767962217330933,
      0.7759047746658325,
      0.7758777141571045,
      0.7763899564743042,
      0.7758335471153259,
      0.7751728892326355,
      0.7758675813674927,
      0.7763129472732544,
      0.7753715515136719,
      0.775999903678894,
      0.7747323513031006,
      0.7738693356513977,
      0.7742658257484436,
      0.7738309502601624,
      0.7741700410842896,
      0.7748316526412964,
      0.7741987705230713,
      0.7738232016563416,
      0.7753673791885376,
      0.7768285274505615,
      0.7769368886947632,
      0.7782854437828064,
      0.7782148122787476,
      0.779124915599823,
      0.7788102030754089,
      0.779085636138916,
      0.7797476053237915,
      0.7786073088645935,
      0.7775925993919373,
      0.7766507863998413,
