{
  "config": {
    "early_stopping": true,
    "epochs": 601,
    "expert_lr": 0.00184089,
    "expert_momentum": 0.956187,
    "expert_num": 8,
    "expert_weight_decay": 0.001,
    "load_balancing": false,
    "ns_steps": 5,
    "optimizer_family": "muon",
    "router_lr": 0.04897663,
    "router_momentum": 0.938371,
    "router_weight_decay": 0.001
  },
  "eval_metrics": {
    "accuracy": 86.09375,
    "dispatch_counts": [
      [
        67.0,
        265.0,
        14.0,
        23.0,
        339.0,
        21.0,
        66.0,
        12.0
      ],
      [
        198.0,
        0.0,
        20.0,
        266.0,
        0.0,
        1.0,
        290.0,
        24.0
      ],
      [
        372.0,
        1.0,
        308.0,
        0.0,
        5.0,
        11.0,
        105.0,
        0.0
      ],
      [
        248.0,
        374.0,
        1.0,
        0.0,
        1.0,
        0.0,
        82.0,
        86.0
      ]
    ],
    "entropy": 0.803970217704773,
    "loss": 0.45227253437042236,
    "runtime_seconds": 0.008526135236024857,
    "split": "validation"
  },
  "fold_index": 2,
  "mode": "nonlinear",
  "seed": 12213,
  "setting": 1,
  "total_runtime_seconds": 10.005942699033767,
  "train_metrics": {
    "dispatch_counts": [
      [
        249.0,
        1135.0,
        51.0,
        97.0,
        1314.0,
        80.0,
        229.0,
        73.0
      ],
      [
        724.0,
        0.0,
        96.0,
        1142.0,
        0.0,
        0.0,
        1154.0,
        84.0
      ],
      [
        1474.0,
        7.0,
        1266.0,
        0.0,
        25.0,
        57.0,
        374.0,
        1.0
      ],
      [
        1008.0,
        1602.0,
        2.0,
        0.0,
        6.0,
        2.0,
        243.0,
        305.0
      ]
    ],
    "entropy_record": [
      1.3857531547546387,
      1.025808572769165,
      0.9013798236846924,
      0.9336563944816589,
      0.9592387676239014,
      0.9650489687919617,
      0.9584949016571045,
      0.9582577347755432,
      0.956016480922699,
      0.9477654695510864,
      0.9463945031166077,
      0.9343240261077881,
      0.9283502697944641,
      0.924250066280365,
      0.9181742072105408,
      0.9136044979095459,
      0.9104360342025757,
      0.9047552347183228,
      0.9042696952819824,
      0.9053726196289062,
      0.8994247317314148,
      0.9001255631446838,
      0.8958351016044617,
      0.8961864709854126,
      0.8944470882415771,
      0.8875640630722046,
      0.883281946182251,
      0.8744704723358154,
      0.8663197755813599,
      0.8551567792892456,
      0.8396797776222229,
      0.8300504088401794,
      0.8177878260612488,
      0.8050005435943604,
      0.7982600331306458,
      0.7842453718185425,
      0.7737712860107422,
      0.7601395845413208,
      0.7504457235336304,
      0.746275007724762,
      0.7404557466506958,
      0.7377333045005798,
      0.7345202565193176,
      0.7289167642593384,
      0.7258400917053223,
      0.7222977876663208,
      0.7193627953529358,
      0.7148616909980774,
      0.7163158059120178,
      0.7159005999565125,
      0.7205939292907715,
      0.7181380391120911,
      0.7195950746536255,
      0.7235586643218994,
      0.7265505790710449,
      0.727546215057373,
      0.7298814058303833,
      0.7321284413337708,
      0.7344791889190674,
      0.7383765578269958,
      0.7402793765068054,
      0.7403129935264587,
      0.7408034205436707,
      0.7405266165733337,
      0.7448028922080994,
      0.7455346584320068,
      0.7474955916404724,
      0.7451223134994507,
      0.7478274703025818,
      0.7475209832191467,
      0.7458215951919556,
      0.7488176226615906,
      0.7499754428863525,
      0.750363290309906,
      0.7518743872642517,
      0.7518730163574219,
      0.7552062273025513,
      0.757282018661499,
      0.7562954425811768,
      0.7569315433502197,
      0.7585030794143677,
      0.7567102909088135,
      0.7592070698738098,
      0.7591902017593384,
      0.7615651488304138,
      0.7641394138336182,
      0.7630504965782166,
      0.7641081213951111,
      0.7636450529098511,
      0.7656128406524658,
      0.7683790922164917,
      0.7702470421791077,
      0.7714872360229492,
      0.7733472585678101,
      0.7738744020462036,
      0.7722304463386536,
      0.7729739546775818,
      0.7732363343238831,
      0.7754136323928833,
      0.7768635749816895,
      0.7765294909477234,
      0.7778139710426331,
      0.7785087823867798,
      0.7789736390113831,
      0.7795141935348511,
      0.7791969180107117,
      0.780718982219696,
      0.7809547185897827,
      0.7811805605888367,
      0.7824159264564514,
      0.7846630811691284,
      0.7837120890617371,
      0.7836306095123291,
      0.7834869027137756,
      0.7837896347045898,
      0.7855126857757568,
      0.7859062552452087
    ],
    "epochs_ran": 117,
    "final_entropy": 0.7859062552452087,
    "final_loss": 0.44911301136016846,
    "plot_diagnostics": null,
    "runtime_seconds": 9.997416563797742
  }
}