{
  "config": {
    "early_stopping": true,
    "epochs": 601,
    "expert_lr": 0.00184089,
    "expert_momentum": 0.956187,
    "expert_num": 8,
    "expert_weight_decay": 0.001,
    "load_balancing": false,
    "ns_steps": 5,
    "optimizer_family": "muon",
    "router_lr": 0.04897663,
    "router_momentum": 0.938371,
    "router_weight_decay": 0.001
  },
  "eval_metrics": {
    "accuracy": 93.28125,
    "dispatch_counts": [
      [
        5.0,
        379.0,
        0.0,
        19.0,
        0.0,
        314.0,
        62.0,
        28.0
      ],
      [
        0.0,
        0.0,
        0.0,
        167.0,
        362.0,
        59.0,
        187.0,
        25.0
      ],
      [
        371.0,
        17.0,
        0.0,
        323.0,
        7.0,
        72.0,
        0.0,
        11.0
      ],
      [
        3.0,
        36.0,
        0.0,
        153.0,
        61.0,
        1.0,
        231.0,
        307.0
      ]
    ],
    "entropy": 0.7117049098014832,
    "loss": 0.3804490268230438,
    "runtime_seconds": 0.007537260185927153,
    "split": "validation"
  },
  "fold_index": 4,
  "mode": "nonlinear",
  "seed": 12215,
  "setting": 1,
  "total_runtime_seconds": 20.34979316778481,
  "train_metrics": {
    "dispatch_counts": [
      [
        30.0,
        1520.0,
        0.0,
        127.0,
        1.0,
        1205.0,
        244.0,
        101.0
      ],
      [
        0.0,
        4.0,
        0.0,
        644.0,
        1462.0,
        217.0,
        747.0,
        125.0
      ],
      [
        1470.0,
        88.0,
        0.0,
        1261.0,
        53.0,
        279.0,
        0.0,
        54.0
      ],
      [
        6.0,
        112.0,
        0.0,
        620.0,
        303.0,
        10.0,
        900.0,
        1217.0
      ]
    ],
    "entropy_record": [
      1.3853318691253662,
      0.9765069484710693,
      0.9313042163848877,
      1.0109097957611084,
      1.0034799575805664,
      0.9809291362762451,
      0.9786804914474487,
      0.9858740568161011,
      0.9662483334541321,
      0.9531747102737427,
      0.9564381241798401,
      0.9563759565353394,
      0.9493362307548523,
      0.9395641088485718,
      0.931835412979126,
      0.9199395179748535,
      0.9143819212913513,
      0.9088740944862366,
      0.9041326642036438,
      0.8982590436935425,
      0.8904812335968018,
      0.8888386487960815,
      0.8876397609710693,
      0.8827699422836304,
      0.8813114762306213,
      0.8770659565925598,
      0.8769485950469971,
      0.8711411356925964,
      0.8717254400253296,
      0.8706080913543701,
      0.868966281414032,
      0.8660266995429993,
      0.8663626909255981,
      0.8626449108123779,
      0.858935534954071,
      0.859790027141571,
      0.860602617263794,
      0.8579459190368652,
      0.8549216985702515,
      0.85367351770401,
      0.8506039381027222,
      0.8518088459968567,
      0.8488426804542542,
      0.8476369976997375,
      0.8448292016983032,
      0.8432821035385132,
      0.8417645692825317,
      0.839972972869873,
      0.8370777368545532,
      0.8381631970405579,
      0.8362072110176086,
      0.8351923227310181,
      0.8344281315803528,
      0.8329173922538757,
      0.8341079950332642,
      0.8330193161964417,
      0.8322763442993164,
      0.8294912576675415,
      0.8307461738586426,
      0.8287721872329712,
      0.8298971652984619,
      0.8281229138374329,
      0.8275932669639587,
      0.8255295157432556,
      0.824867844581604,
      0.825070321559906,
      0.8223551511764526,
      0.822990357875824,
      0.8217088580131531,
      0.8205615878105164,
      0.8190138936042786,
      0.818210780620575,
      0.8161355257034302,
      0.8168014287948608,
      0.8166321516036987,
      0.8148912191390991,
      0.8152570128440857,
      0.8143632411956787,
      0.8148690462112427,
      0.812900185585022,
      0.8112982511520386,
      0.8125006556510925,
      0.81074059009552,
      0.8101637959480286,
      0.8104009628295898,
      0.8094130754470825,
      0.8082832098007202,
      0.8074740767478943,
      0.8076876401901245,
      0.8070173263549805,
      0.806268036365509,
      0.805976390838623,
      0.8054766058921814,
      0.8047501444816589,
      0.8044688701629639,
      0.8011897802352905,
      0.8009271621704102,
      0.7999995946884155,
      0.800640344619751,
      0.8009237051010132,
      0.800017237663269,
      0.7990371584892273,
      0.798977792263031,
      0.7976077795028687,
      0.7987844944000244,
      0.7982857823371887,
      0.7995387315750122,
      0.7980765104293823,
      0.7984786033630371,
      0.7979526519775391,
      0.7973507642745972,
      0.7977274060249329,
      0.7970061898231506,
      0.7967668175697327,
      0.7959486842155457,
      0.7964207530021667,
      0.7956569194793701,
      0.7962492108345032,
      0.7955552339553833,
      0.7949693202972412,
      0.7947800159454346,
      0.7953982949256897,
      0.7949093580245972,
      0.7942587733268738,
      0.7938528060913086,
      0.7937301397323608,
      0.7929900884628296,
      0.7937327027320862,
      0.792988121509552,
      0.7922900319099426,
      0.7924376726150513,
      0.7903016209602356,
      0.7903293371200562,
      0.7909046411514282,
      0.7889633178710938,
      0.7890322208404541,
      0.7887936234474182,
      0.7882500886917114,
      0.7872755527496338,
      0.7876236438751221,
      0.7863439917564392,
      0.7869817018508911,
      0.7864342927932739,
      0.7859451174736023,
      0.7858157753944397,
      0.7862416505813599,
      0.7861191034317017,
      0.7851736545562744,
      0.7871841192245483,
      0.786063015460968,
      0.7854491472244263,
      0.7839264869689941,
      0.7844405174255371,
      0.7830298542976379,
      0.7819409966468811,
      0.7808183431625366,
      0.7802064418792725,
      0.7793437242507935,
      0.777777910232544,
      0.7783045172691345,
      0.7793582677841187,
      0.7772611379623413,
      0.778468668460846,
      0.7781879305839539,
      0.7771180272102356,
      0.7761824131011963,
      0.7756670713424683,
      0.7758142948150635,
      0.7751388549804688,
      0.7749150991439819,
      0.7734673619270325,
      0.7737338542938232,
      0.7727880477905273,
      0.7728517651557922,
      0.7737464904785156,
      0.7713830471038818,
      0.7723592519760132,
      0.77204829454422,
      0.7717225551605225,
      0.772197961807251,
      0.7722554206848145,
      0.771081805229187,
      0.7699722647666931,
      0.7692297697067261,
      0.7687209844589233,
      0.7676206827163696,
      0.7679256796836853,
      0.7665836811065674,
      0.7674543857574463,
      0.766520082950592,
      0.765139102935791,
      0.7653454542160034,
      0.7669231295585632,
      0.7653706073760986,
      0.7654107809066772,
      0.7665241956710815,
      0.7651419639587402,
      0.7651327252388,
      0.7644048929214478,
      0.7648033499717712,
      0.7644246816635132,
      0.765243411064148,
      0.7657358646392822,
      0.7668899893760681,
      0.7656497359275818,
      0.7629289627075195,
      0.7628293037414551,
      0.7603209018707275,
      0.7581038475036621,
      0.7582576274871826,
      0.7568186521530151,
      0.7563469409942627,
      0.7552868127822876,
      0.7538564801216125,
      0.7520387172698975,
      0.7508139610290527,
      0.7511747479438782,
      0.7497103214263916,
      0.7493475079536438,
      0.7494450211524963,
      0.7502703070640564,
      0.7493475675582886,
      0.7502363324165344,
      0.7491459846496582,
      0.7483874559402466,
      0.7467688322067261,
      0.7460451722145081,
      0.7445647716522217,
      0.7441997528076172,
      0.744053840637207,
      0.7410587668418884,
      0.7409220337867737,
      0.7415286898612976,
      0.7402450442314148,
      0.7390878200531006,
      0.7406392097473145,
      0.7405375242233276,
      0.7396067380905151
    ],
    "epochs_ran": 238,