{
  "config": {
    "early_stopping": true,
    "epochs": 601,
    "expert_lr": 0.00184089,
    "expert_momentum": 0.956187,
    "expert_num": 8,
    "expert_weight_decay": 0.001,
    "load_balancing": false,
    "ns_steps": 5,
    "optimizer_family": "muon",
    "router_lr": 0.04897663,
    "router_momentum": 0.938371,
    "router_weight_decay": 0.001
  },
  "eval_metrics": {
    "accuracy": 91.59375,
    "dispatch_counts": [
      [
        379.0,
        5.0,
        24.0,
        13.0,
        342.0,
        30.0,
        13.0,
        1.0
      ],
      [
        18.0,
        19.0,
        305.0,
        0.0,
        57.0,
        90.0,
        37.0,
        274.0
      ],
      [
        18.0,
        351.0,
        29.0,
        45.0,
        13.0,
        315.0,
        17.0,
        13.0
      ],
      [
        17.0,
        2.0,
        2.0,
        227.0,
        20.0,
        31.0,
        364.0,
        129.0
      ]
    ],
    "entropy": 0.6303611993789673,
    "loss": 0.3973240256309509,
    "runtime_seconds": 0.008507694583386183,
    "split": "validation"
  },
  "fold_index": 0,
  "mode": "nonlinear",
  "seed": 12211,
  "setting": 1,
  "total_runtime_seconds": 42.22942654462531,
  "train_metrics": {
    "dispatch_counts": [
      [
        1482.0,
        44.0,
        97.0,
        40.0,
        1381.0,
        134.0,
        45.0,
        5.0
      ],
      [
        103.0,
        74.0,
        1211.0,
        0.0,
        174.0,
        333.0,
        183.0,
        1121.0
      ],
      [
        62.0,
        1332.0,
        112.0,
        202.0,
        88.0,
        1281.0,
        73.0,
        55.0
      ],
      [
        67.0,
        5.0,
        9.0,
        894.0,
        73.0,
        99.0,
        1488.0,
        533.0
      ]
    ],
    "entropy_record": [
      1.3850054740905762,
      1.0428467988967896,
      0.9463703036308289,
      0.8992874026298523,
      0.9023157358169556,
      0.9064726233482361,
      0.9101927280426025,
      0.8893532156944275,
      0.8778002262115479,
      0.8593577742576599,
      0.8395020365715027,
      0.8214907646179199,
      0.8034589290618896,
      0.7900199294090271,
      0.7810890078544617,
      0.7667073011398315,
      0.7578098773956299,
      0.7471302151679993,
      0.7355886697769165,
      0.7262487411499023,
      0.7200125455856323,
      0.7129619717597961,
      0.706359326839447,
      0.7029973864555359,
      0.6950275897979736,
      0.6878379583358765,
      0.6857429146766663,
      0.684538722038269,
      0.6788636445999146,
      0.6767482161521912,
      0.670123279094696,
      0.6709255576133728,
      0.6688318848609924,
      0.6639795303344727,
      0.6629837155342102,
      0.6620708703994751,
      0.6584091186523438,
      0.6576147079467773,
      0.6559908986091614,
      0.6533735990524292,
      0.6502511501312256,
      0.6485453248023987,
      0.6483986973762512,
      0.6489578485488892,
      0.6453921794891357,
      0.6458384394645691,
      0.6457265019416809,
      0.6449315547943115,
      0.6435858011245728,
      0.6422669887542725,
      0.642804741859436,
      0.6441061496734619,
      0.640415370464325,
      0.6408218741416931,
      0.6391699910163879,
      0.6381208896636963,
      0.6380152702331543,
      0.6385905146598816,
      0.6377518773078918,
      0.6367456912994385,
      0.6354576945304871,
      0.6361486315727234,
      0.6356824636459351,
      0.6365491151809692,
      0.6335724592208862,
      0.6324867606163025,
      0.6301568746566772,
      0.6327958106994629,
      0.6316192746162415,
      0.631749153137207,
      0.6306400895118713,
      0.6283242106437683,
      0.6294153332710266,
      0.6290072202682495,
      0.6262091398239136,
      0.6278886198997498,
      0.6256535053253174,
      0.6253790259361267,
      0.6266276240348816,
      0.6240395307540894,
      0.6260902881622314,
      0.6231719255447388,
      0.6243667602539062,
      0.6237423419952393,
      0.6231798529624939,
      0.6223031878471375,
      0.6227512955665588,
      0.6226157546043396,
      0.623095691204071,
      0.6209769248962402,
      0.6207183003425598,
      0.6196498870849609,
      0.6207967400550842,
      0.6200159788131714,
      0.6220687627792358,
      0.618818998336792,
      0.6194921135902405,
      0.6190369725227356,
      0.6192243099212646,
      0.6194599866867065,
      0.6190356612205505,
      0.6176280975341797,
      0.6187741160392761,
      0.6182070374488831,
      0.6182560920715332,
      0.6178836822509766,
      0.6179651618003845,
      0.619559109210968,
      0.6176111698150635,
      0.6170302033424377,
      0.617247462272644,
      0.6174231171607971,
      0.6181691288948059,
      0.6181643009185791,
      0.6167461276054382,
      0.6170633435249329,
      0.6163468360900879,
      0.6164156198501587,
      0.6164475679397583,
      0.6175782084465027,
      0.6152982115745544,
      0.6148126125335693,
      0.6153112649917603,
      0.616146445274353,
      0.6148204803466797,
      0.6149812936782837,
      0.6155189275741577,
      0.6140609979629517,
      0.6146351099014282,
      0.6131775975227356,
      0.6143541932106018,
      0.6136941313743591,
      0.6133663058280945,
      0.6134117245674133,
      0.6137497425079346,
      0.6130406260490417,
      0.6131266355514526,
      0.6131846904754639,
      0.6134893894195557,
      0.6120526194572449,
      0.6143684387207031,
      0.6135725378990173,
      0.6126675009727478,
      0.6124234199523926,
      0.6124123334884644,
      0.6127006411552429,
      0.6133243441581726,
      0.6129601001739502,
      0.61138516664505,
      0.6127363443374634,
      0.6109302639961243,
      0.6114869713783264,
      0.6125577092170715,
      0.6113134026527405,
      0.6110111474990845,
      0.6121184825897217,
      0.6112909317016602,
      0.6111853718757629,
      0.6111361980438232,
      0.6120185852050781,
      0.6114721894264221,
      0.6112610101699829,
      0.6112583875656128,
      0.6110932230949402,
      0.6107309460639954,
      0.6103090047836304,
      0.6093313694000244,
      0.6096358895301819,
      0.6095203757286072,
      0.6109084486961365,
      0.6095626354217529,
      0.6099593043327332,
      0.6095388531684875,
      0.6085675954818726,
      0.6088823080062866,
      0.6093565821647644,
      0.6091130375862122,
      0.6093429327011108,
      0.6088170409202576,
      0.6097931861877441,
      0.6085251569747925,
      0.6081885695457458,
      0.6097604036331177,
      0.6084554195404053,
      0.6089695692062378,
      0.608777642250061,
      0.6083791255950928,
      0.6073485016822815,
      0.6073259711265564,
      0.6077633500099182,
      0.6074355244636536,
      0.6080929636955261,
      0.6075023412704468,
      0.6073338389396667,
      0.6075702905654907,
      0.6073346734046936,
      0.6071405410766602,
      0.6076895594596863,
      0.6072914600372314,
      0.6078193187713623,
      0.6081224083900452,
      0.6073823571205139,
      0.6070465445518494,
      0.6083800196647644,
      0.6080580949783325,
      0.6072778701782227,
      0.6074556112289429,
      0.6073852181434631,
      0.6078341603279114,
      0.608232319355011,
      0.6084756255149841,
      0.6090583801269531,
      0.6096869111061096,
      0.6087757349014282,
      0.6088712811470032,
      0.6085840463638306,
      0.6092543601989746,
      0.6087549924850464,
      0.6096431016921997,
      0.6086733937263489,
      0.6091671586036682,
      0.6096460223197937,
      0.6102687120437622,
      0.6096113920211792,
      0.6104110479354858,
      0.6100291013717651,
      0.6100733280181885,
      0.6101201772689819,
      0.6116677522659302,
      0.6109384298324585,
      0.6104101538658142,
      0.6110628843307495,
      0.6110222339630127,
      0.613418459892273,
      0.6126812696456909,
      0.6127334833145142,
      0.6132431030273438,
      0.6152920126914978,
