{
  "config": {
    "early_stopping": true,
    "epochs": 601,
    "expert_lr": 0.00057008,
    "expert_momentum": 0.863259,
    "expert_num": 8,
    "expert_weight_decay": 0.001,
    "load_balancing": false,
    "optimizer_family": "original",
    "router_lr": 0.0189678,
    "router_momentum": 0.973495,
    "router_weight_decay": 1e-05
  },
  "eval_metrics": {
    "accuracy": 98.5,
    "dispatch_counts": [
      [
        2.0,
        0.0,
        545.0,
        0.0,
        0.0,
        279.0,
        2.0,
        1.0
      ],
      [
        584.0,
        0.0,
        164.0,
        0.0,
        0.0,
        0.0,
        14.0,
        17.0
      ],
      [
        18.0,
        0.0,
        2.0,
        0.0,
        0.0,
        2.0,
        0.0,
        791.0
      ],
      [
        7.0,
        0.0,
        6.0,
        0.0,
        0.0,
        1.0,
        764.0,
        1.0
      ]
    ],
    "entropy": 0.23902568221092224,
    "loss": 0.3283909261226654,
    "runtime_seconds": 0.012054539751261473,
    "split": "validation"
  },
  "fold_index": 3,
  "mode": "nonlinear",
  "seed": 22114,
  "setting": 2,
  "total_runtime_seconds": 49.6018152507022,
  "train_metrics": {
    "dispatch_counts": [
      [
        18.0,
        0.0,
        2171.0,
        0.0,
        0.0,
        1116.0,
        6.0,
        3.0
      ],
      [
        2367.0,
        0.0,
        617.0,
        0.0,
        0.0,
        1.0,
        54.0,
        79.0
      ],
      [
        48.0,
        0.0,
        15.0,
        2.0,
        0.0,
        4.0,
        3.0,
        3177.0
      ],
      [
        19.0,
        0.0,
        23.0,
        5.0,
        0.0,
        2.0,
        3066.0,
        4.0
      ]
    ],
    "entropy_record": [
      1.385107398033142,
      1.3851240873336792,
      1.385046362876892,
      1.385328769683838,
      1.3852077722549438,
      1.3854014873504639,
      1.3850154876708984,
      1.3849080801010132,
      1.385072112083435,
      1.385310173034668,
      1.3851964473724365,
      1.3849891424179077,
      1.3850092887878418,
      1.3845257759094238,
      1.3850831985473633,
      1.3838459253311157,
      1.3783944845199585,
      1.3721892833709717,
      1.3524740934371948,
      1.3238614797592163,
      1.2777988910675049,
      1.1959238052368164,
      1.0830358266830444,
      0.9383939504623413,
      0.7988024950027466,
      0.6626246571540833,
      0.5792400240898132,
      0.5280320644378662,
      0.48412880301475525,
      0.46696317195892334,
      0.46191710233688354,
      0.4521005153656006,
      0.44740527868270874,
      0.44453486800193787,
      0.4468800127506256,
      0.4467098116874695,
      0.4481833577156067,
      0.449199914932251,
      0.43871548771858215,
      0.4403412342071533,
      0.43117618560791016,
      0.42369306087493896,
      0.4142933487892151,
      0.408940851688385,
      0.3953137695789337,
      0.38942086696624756,
      0.3830188810825348,
      0.3721676468849182,
      0.37164491415023804,
      0.3600810468196869,
      0.3534820079803467,
      0.352937787771225,
      0.34883421659469604,
      0.34672969579696655,
      0.3326803147792816,
      0.33251798152923584,
      0.32747843861579895,
      0.32235169410705566,
      0.3158227801322937,
      0.3082997798919678,
      0.31109869480133057,
      0.2978194057941437,
      0.2934671640396118,
      0.2915108799934387,
      0.2818284332752228,
      0.2779557704925537,
      0.2759520709514618,
      0.2695125341415405,
      0.26265454292297363,
      0.2625998258590698,
      0.2605810761451721,
      0.2572035789489746,
      0.2569672167301178,
      0.24817699193954468,
      0.24638354778289795,
      0.24615442752838135,
      0.246616393327713,
      0.24408167600631714,
      0.24137750267982483,
      0.24142958223819733,
      0.2367115467786789,
      0.23531806468963623,
      0.23799461126327515,
      0.2374601662158966,
      0.23315903544425964,
      0.23508384823799133,
      0.2349804937839508,
      0.22873307764530182,
      0.23180080950260162,
      0.2329624593257904,
      0.22861318290233612,
      0.23164424300193787,
      0.23079249262809753,
      0.23261669278144836,
      0.22816738486289978,
      0.2285449057817459,
      0.22648078203201294,
      0.23034411668777466,
      0.2296290397644043,
      0.22521096467971802,
      0.22582972049713135,
      0.2255997359752655,
      0.22613625228405,
      0.22558528184890747,
      0.22712913155555725,
      0.22560927271842957,
      0.22635433077812195,
      0.22537226974964142,
      0.2263931781053543,
      0.22268304228782654,
      0.2228955626487732,
      0.2211807668209076,
      0.22155249118804932,
      0.22601370513439178,
      0.22055959701538086,
      0.2241290658712387,
      0.22391946613788605,
      0.22281506657600403,
      0.2242867648601532,
      0.22472114861011505,
      0.22368158400058746,
      0.22277525067329407,
      0.22377803921699524,
      0.22263632714748383,
      0.2238466441631317,
      0.22602957487106323,
      0.22130300104618073,
      0.21934887766838074,
      0.22364988923072815,
      0.22426621615886688,
      0.22137318551540375,
      0.2239186018705368,
      0.22418564558029175,
      0.22284284234046936,
      0.22173480689525604,
      0.2234194278717041,
      0.22291681170463562,
      0.22113683819770813,
      0.2212032973766327,
      0.2251054346561432,
      0.22566115856170654,
      0.2258945107460022,
      0.2204487919807434,
      0.22408488392829895,
      0.21945790946483612,
      0.22250346839427948,
      0.22384798526763916,
      0.22486889362335205,
      0.22003614902496338,
      0.2236383557319641,
      0.22343388199806213,
      0.22231675684452057,
      0.22529363632202148,
      0.22402621805667877,
      0.21875986456871033,
      0.221955806016922,
      0.2235543131828308,
      0.2268814891576767,
      0.2235971987247467,
      0.22663366794586182,
      0.22223292291164398,
      0.22632497549057007,
      0.22453856468200684,
      0.2223231941461563,
      0.22162683308124542,
      0.22537289559841156,
      0.2216935157775879,
      0.22346505522727966,
      0.22431601583957672,
      0.22597670555114746,
      0.22668199241161346,
      0.2224607914686203,
      0.22289493680000305,
      0.22348962724208832,
      0.22442610561847687,
      0.22480063140392303,
      0.22594167292118073,
      0.21793702244758606,
      0.2230459302663803,
      0.22205016016960144,
      0.22682110965251923,
      0.22531728446483612,
      0.22486147284507751,
      0.22428640723228455,
      0.22984904050827026,
      0.22129352390766144,
      0.22412946820259094,
      0.2267189621925354,
      0.22531834244728088,
      0.22764572501182556,
      0.22750183939933777,
      0.22749361395835876,
      0.22203154861927032,
      0.22331127524375916,
      0.22628355026245117,
      0.22658561170101166,
      0.2245483696460724,
      0.22745631635189056,
      0.22611060738563538,
      0.2295413464307785,
      0.22538208961486816,
      0.22495339810848236,
      0.22692492604255676,
      0.22514620423316956,
      0.22724145650863647,
      0.2266393005847931,
      0.22370946407318115,
      0.22983711957931519,
      0.22717881202697754,
      0.22429756820201874,
      0.22468620538711548,
      0.22487278282642365,
      0.22636885941028595,
      0.22867722809314728,
      0.22726616263389587,
      0.2233051210641861,
      0.22689247131347656,
      0.22704365849494934,
      0.22833594679832458,
      0.22489407658576965,
      0.22488132119178772,
      0.22704188525676727,
      0.22752851247787476,
      0.22351595759391785,
      0.22502294182777405,
      0.22659796476364136,
      0.22675231099128723,
      0.22720575332641602,
      0.22944581508636475,
      0.2269212305545807,
      0.2283589094877243,
      0.22604912519454956,
      0.22835978865623474,
      0.2233675867319107,
      0.2293369024991989,
