{
  "config": {
    "early_stopping": true,
    "epochs": 601,
    "expert_lr": 0.00057008,
    "expert_momentum": 0.863259,
    "expert_num": 8,
    "expert_weight_decay": 0.001,
    "load_balancing": false,
    "optimizer_family": "original",
    "router_lr": 0.0189678,
    "router_momentum": 0.973495,
    "router_weight_decay": 1e-05
  },
  "eval_metrics": {
    "accuracy": 99.09375,
    "dispatch_counts": [
      [
        0.0,
        1.0,
        0.0,
        0.0,
        0.0,
        0.0,
        828.0,
        0.0
      ],
      [
        0.0,
        775.0,
        0.0,
        0.0,
        0.0,
        0.0,
        4.0,
        0.0
      ],
      [
        812.0,
        0.0,
        0.0,
        0.0,
        1.0,
        0.0,
        0.0,
        0.0
      ],
      [
        1.0,
        3.0,
        0.0,
        0.0,
        773.0,
        0.0,
        2.0,
        0.0
      ]
    ],
    "entropy": 0.025650378316640854,
    "loss": 0.3223259747028351,
    "runtime_seconds": 0.012139705009758472,
    "split": "validation"
  },
  "fold_index": 2,
  "mode": "nonlinear",
  "seed": 22113,
  "setting": 2,
  "total_runtime_seconds": 49.539380790200084,
  "train_metrics": {
    "dispatch_counts": [
      [
        1.0,
        1.0,
        0.0,
        0.0,
        0.0,
        0.0,
        3312.0,
        0.0
      ],
      [
        3.0,
        3110.0,
        0.0,
        0.0,
        1.0,
        0.0,
        4.0,
        0.0
      ],
      [
        3239.0,
        4.0,
        0.0,
        0.0,
        1.0,
        0.0,
        5.0,
        0.0
      ],
      [
        7.0,
        8.0,
        0.0,
        0.0,
        3093.0,
        0.0,
        11.0,
        0.0
      ]
    ],
    "entropy_record": [
      1.385412573814392,
      1.3853574991226196,
      1.3852450847625732,
      1.3853284120559692,
      1.385514259338379,
      1.385301947593689,
      1.38499116897583,
      1.384835958480835,
      1.3852295875549316,
      1.3855595588684082,
      1.3847097158432007,
      1.3851656913757324,
      1.385011911392212,
      1.384944200515747,
      1.3844010829925537,
      1.382706642150879,
      1.3786154985427856,
      1.37201988697052,
      1.3546717166900635,
      1.3280433416366577,
      1.2710601091384888,
      1.1602529287338257,
      1.0256359577178955,
      0.8241302371025085,
      0.5503783226013184,
      0.3397711217403412,
      0.20992082357406616,
      0.15066923201084137,
      0.10912546515464783,
      0.09119591116905212,
      0.07665565609931946,
      0.06595975905656815,
      0.053849924355745316,
      0.05332781374454498,
      0.04940779507160187,
      0.04634518548846245,
      0.047564901411533356,
      0.0398862324655056,
      0.0404764823615551,
      0.03704526647925377,
      0.03806526958942413,
      0.03564639762043953,
      0.03571571782231331,
      0.03253583610057831,
      0.029581207782030106,
      0.031311120837926865,
      0.03380827605724335,
      0.0375446155667305,
      0.03172812610864639,
      0.03427731990814209,
      0.030679425224661827,
      0.034409888088703156,
      0.028299663215875626,
      0.030058283358812332,
      0.027115248143672943,
      0.031106989830732346,
      0.02796173468232155,
      0.030165696516633034,
      0.030885837972164154,
      0.027947289869189262,
      0.03002055361866951,
      0.02987600304186344,
      0.0324971079826355,
      0.02835104428231716,
      0.02770482562482357,
      0.026856690645217896,
      0.02909797802567482,
      0.026890408247709274,
      0.02581677958369255,
      0.026908203959465027,
      0.027658957988023758,
      0.02894807979464531,
      0.030157070606946945,
      0.02551431581377983,
      0.03036646731197834,
      0.029597006738185883,
      0.025855552405118942,
      0.027448337525129318,
      0.0258297361433506,
      0.026675600558519363,
      0.025491997599601746,
      0.02634429931640625,
      0.02762886881828308,
      0.02523595094680786,
      0.02640966698527336,
      0.025721199810504913,
      0.02814638987183571,
      0.027905423194169998,
      0.027172328904271126,
      0.026920832693576813,
      0.026835277676582336,
      0.02607320249080658,
      0.027293497696518898,
      0.026168232783675194,
      0.025483760982751846,
      0.023783117532730103,
      0.02679399773478508,
      0.0269657913595438,
      0.02847221866250038,
      0.02556426078081131,
      0.02552429586648941,
      0.02543981745839119,
      0.025790734216570854,
      0.02646324224770069,
      0.025713831186294556,
      0.026297826319932938,
      0.02596135437488556,
      0.027591511607170105,
      0.027652742341160774,
      0.026548732072114944,
      0.02574239671230316,
      0.027045924216508865,
      0.0277336947619915,
      0.025648510083556175,
      0.025959767401218414,
      0.0261651910841465,
      0.02928353287279606,
      0.02709636092185974,
      0.028260771185159683,
      0.02577119506895542,
      0.027153203263878822,
      0.02593676559627056,
      0.02513558231294155,
      0.028413811698555946,
      0.02668137103319168,
      0.025648072361946106,
      0.02602199651300907,
      0.027996622025966644,
      0.0266310703009367,
      0.02558904141187668,
      0.027000855654478073,
      0.024828024208545685,
      0.025621753185987473,
      0.026287786662578583,
      0.02640002965927124,
      0.028429873287677765,
      0.02421766147017479,
      0.027492627501487732,
      0.02490982599556446,
      0.02870325557887554,
      0.02533276565372944,
      0.023340854793787003,
      0.026065196841955185,
      0.02874932438135147,
      0.027944620698690414,
      0.023008471354842186,
      0.026907924562692642,
      0.024559028446674347,
      0.0270150825381279,
      0.026840128004550934,
      0.024500355124473572,
      0.026420079171657562,
      0.02437242865562439,
      0.025722242891788483,
      0.02560056746006012,
      0.025507934391498566,
      0.025551557540893555,
      0.02348768711090088,
      0.026642335578799248,
      0.024294288828969002,
      0.027898132801055908,
      0.02415628917515278,
      0.027861883863806725,
      0.026069004088640213,
      0.025624223053455353,
      0.02496623992919922,
      0.026193823665380478,
      0.028021549805998802,
      0.022992199286818504,
      0.026548005640506744,
      0.02668696641921997,
      0.02674737200140953,
      0.026833830401301384,
      0.026700105518102646,
      0.0253775492310524,
      0.0262431800365448,
      0.026684163138270378,
      0.026586052030324936,
      0.02641252428293228,
      0.024963494390249252,
      0.024975962936878204,
      0.026018934324383736,
      0.02929910644888878,
      0.025091106072068214,
      0.027104182168841362,
      0.027687378227710724,
      0.025442752987146378,
      0.02552540972828865,
      0.02448497712612152,
      0.026122525334358215,
      0.026820335537195206,
      0.02500702068209648,
      0.02381782978773117,
      0.02575979009270668,
      0.025510273873806,
      0.025073159486055374,
      0.026075996458530426,
      0.02772362343966961,
      0.02505212277173996,
      0.022392258048057556,
      0.025429248809814453,
      0.025813519954681396,
      0.026554305106401443,
      0.025341875851154327,
      0.0254097580909729,
      0.026495149359107018,
      0.024977078661322594,
      0.026468589901924133,
      0.025215327739715576,
      0.027088023722171783,
      0.02606087177991867,
      0.024389859288930893,
      0.027269961312413216,
      0.02606978639960289,
      0.02719896100461483,
      0.026840142905712128,
      0.026007167994976044,
      0.027710188180208206,
      0.026499612256884575,
      0.02780945971608162,
      0.025839420035481453,
      0.026252340525388718,
      0.02643905207514763,
      0.027336569502949715,
      0.026072992011904716,
      0.028059568256139755,
      0.0265951044857502,
      0.026478469371795654,
      0.026084978133440018,
