{
  "config": {
    "early_stopping": true,
    "epochs": 601,
    "expert_lr": 0.00057008,
    "expert_momentum": 0.863259,
    "expert_num": 8,
    "expert_weight_decay": 0.001,
    "load_balancing": false,
    "optimizer_family": "original",
    "router_lr": 0.0189678,
    "router_momentum": 0.973495,
    "router_weight_decay": 1e-05
  },
  "eval_metrics": {
    "accuracy": 99.46875,
    "dispatch_counts": [
      [
        7.0,
        1.0,
        0.0,
        0.0,
        0.0,
        1.0,
        819.0,
        0.0
      ],
      [
        0.0,
        776.0,
        0.0,
        0.0,
        0.0,
        1.0,
        2.0,
        1.0
      ],
      [
        0.0,
        1.0,
        0.0,
        0.0,
        0.0,
        809.0,
        1.0,
        1.0
      ],
      [
        1.0,
        0.0,
        0.0,
        0.0,
        0.0,
        0.0,
        0.0,
        779.0
      ]
    ],
    "entropy": 0.022119101136922836,
    "loss": 0.3186183273792267,
    "runtime_seconds": 0.012320579029619694,
    "split": "validation"
  },
  "fold_index": 4,
  "mode": "nonlinear",
  "seed": 22115,
  "setting": 2,
  "total_runtime_seconds": 49.72699826210737,
  "train_metrics": {
    "dispatch_counts": [
      [
        31.0,
        3.0,
        0.0,
        0.0,
        0.0,
        3.0,
        3269.0,
        9.0
      ],
      [
        1.0,
        3106.0,
        0.0,
        0.0,
        0.0,
        2.0,
        4.0,
        4.0
      ],
      [
        0.0,
        5.0,
        0.0,
        0.0,
        0.0,
        3242.0,
        1.0,
        2.0
      ],
      [
        0.0,
        2.0,
        0.0,
        0.0,
        0.0,
        3.0,
        1.0,
        3112.0
      ]
    ],
    "entropy_record": [
      1.3854888677597046,
      1.3854888677597046,
      1.3849668502807617,
      1.384027123451233,
      1.3851385116577148,
      1.3849576711654663,
      1.384948968887329,
      1.3850444555282593,
      1.3850821256637573,
      1.3847777843475342,
      1.3848813772201538,
      1.38498055934906,
      1.385451316833496,
      1.3849302530288696,
      1.3840181827545166,
      1.3837430477142334,
      1.381536602973938,
      1.3743112087249756,
      1.3657841682434082,
      1.345332145690918,
      1.30403733253479,
      1.2449434995651245,
      1.1626917123794556,
      1.0316523313522339,
      0.8708550930023193,
      0.690920889377594,
      0.5198891162872314,
      0.38222697377204895,
      0.27316924929618835,
      0.1853460669517517,
      0.13593456149101257,
      0.09991873800754547,
      0.08065015077590942,
      0.06518685072660446,
      0.06147652864456177,
      0.052698977291584015,
      0.03965277597308159,
      0.04164300858974457,
      0.038547173142433167,
      0.03257770091295242,
      0.03694961965084076,
      0.03619793429970741,
      0.03253772854804993,
      0.0287649966776371,
      0.030707035213708878,
      0.027485763654112816,
      0.029201414436101913,
      0.027646837756037712,
      0.027630211785435677,
      0.028196606785058975,
      0.023760758340358734,
      0.02458716556429863,
      0.027339264750480652,
      0.027102075517177582,
      0.02489146776497364,
      0.02750413864850998,
      0.02605234459042549,
      0.028290502727031708,
      0.026890132576227188,
      0.0288628451526165,
      0.024638280272483826,
      0.02570982463657856,
      0.025261323899030685,
      0.025568751618266106,
      0.026079565286636353,
      0.02775014564394951,
      0.024561310186982155,
      0.025038883090019226,
      0.024098433554172516,
      0.025964096188545227,
      0.022777793928980827,
      0.023823048919439316,
      0.025864241644740105,
      0.02438640221953392,
      0.02424376830458641,
      0.024904511868953705,
      0.02810436300933361,
      0.02684866264462471,
      0.02357480674982071,
      0.027038946747779846,
      0.02373262122273445,
      0.02578122727572918,
      0.02453840896487236,
      0.02585965022444725,
      0.02531273104250431,
      0.024652715772390366,
      0.02374928444623947,
      0.024014141410589218,
      0.02536478266119957,
      0.02606245130300522,
      0.025809798389673233,
      0.024878762662410736,
      0.02321767434477806,
      0.0234728641808033,
      0.026456313207745552,
      0.02644444815814495,
      0.02637503109872341,
      0.023904036730527878,
      0.02389940246939659,
      0.023779118433594704,
      0.0242337454110384,
      0.025670722126960754,
      0.025776635855436325,
      0.026026513427495956,
      0.0242812130600214,
      0.024117689579725266,
      0.023567691445350647,
      0.02571694180369377,
      0.02507052756845951,
      0.02262078784406185,
      0.024032380431890488,
      0.024431489408016205,
      0.024859774857759476,
      0.022489577531814575,
      0.022706255316734314,
      0.023743653669953346,
      0.02356046997010708,
      0.02544066682457924,
      0.02444896101951599,
      0.02291657030582428,
      0.024879075586795807,
      0.026650456711649895,
      0.02482270821928978,
      0.022814076393842697,
      0.025229433551430702,
      0.022217687219381332,
      0.023240258917212486,
      0.025634314864873886,
      0.02461422234773636,
      0.02375379204750061,
      0.023732684552669525,
      0.023022089153528214,
      0.02477661892771721,
      0.026363689452409744,
      0.024235934019088745,
      0.024799909442663193,
      0.02571108192205429,
      0.02386416867375374,
      0.023673485964536667,
      0.024495210498571396,
      0.024562910199165344,
      0.02427474781870842,
      0.02345944195985794,
      0.025533098727464676,
      0.02530289627611637,
      0.0216478630900383,
      0.024289896711707115,
      0.02575639635324478,
      0.022953499108552933,
      0.024633686989545822,
      0.02383747696876526,
      0.02364608645439148,
      0.02388044260442257,
      0.026472700759768486,
      0.024673402309417725,
      0.02736980840563774,
      0.024307508021593094,
      0.022801203653216362,
      0.024644358083605766,
      0.024099189788103104,
      0.02592438831925392,
      0.02723541483283043,
      0.025309167802333832,
      0.02384325861930847,
      0.02288578823208809,
      0.02255973219871521,
      0.022961977869272232,
      0.0242573581635952,
      0.02643638849258423,
      0.02423255331814289,
      0.02539416030049324,
      0.020686054602265358,
      0.02427881956100464,
      0.02445041760802269,
      0.02425662986934185,
      0.02482594922184944,
      0.024135082960128784,
      0.023264002054929733,
      0.025985069572925568,
      0.02355029433965683,
      0.02198898419737816,
      0.025559265166521072,
      0.022335398942232132,
      0.02528037317097187,
      0.025305498391389847,
      0.025119543075561523,
      0.023451024666428566,
      0.025538615882396698,
      0.02582785114645958,
      0.024403631687164307,
      0.024111580103635788,
      0.02438667044043541,
      0.023041006177663803,
      0.02326938509941101,
      0.023625526577234268,
      0.024422548711299896,
      0.026412738487124443,
      0.024386823177337646,
      0.0226457342505455,
      0.02444284036755562,
      0.025433743372559547,
      0.020793035626411438,
      0.024309344589710236,
      0.025738408789038658,
      0.022203072905540466,
      0.02369014173746109,
      0.02791653387248516,
      0.02541404217481613,
      0.025700293481349945,
      0.023932069540023804,
      0.024762388318777084,
      0.023389356210827827,
      0.022832104936242104,
      0.026572223752737045,
      0.025432799011468887,
      0.022775568068027496,
      0.02180800959467888,
      0.026431694626808167,
      0.023435255512595177,
      0.024797696620225906,
      0.024712741374969482,
      0.02718861773610115,
      0.025441959500312805,
      0.025834698230028152,
      0.023258421570062637,
      0.02460717223584652,
      0.02287973091006279,
      0.02258075773715973,
      0.023649046197533607,
