{
  "config": {
    "early_stopping": true,
    "epochs": 601,
    "expert_lr": 0.00233567,
    "expert_momentum": 0.970961,
    "expert_num": 4,
    "expert_weight_decay": 0.0,
    "load_balancing": false,
    "optimizer_family": "original",
    "router_lr": 0.13584184,
    "router_momentum": 0.961193,
    "router_weight_decay": 1e-05
  },
  "eval_metrics": {
    "accuracy": 93.28125,
    "dispatch_counts": [
      [
        636.0,
        21.0,
        149.0,
        1.0
      ],
      [
        44.0,
        44.0,
        13.0,
        699.0
      ],
      [
        83.0,
        131.0,
        586.0,
        1.0
      ],
      [
        349.0,
        85.0,
        353.0,
        5.0
      ]
    ],
    "entropy": 0.8208098411560059,
    "loss": 0.3804195821285248,
    "runtime_seconds": 0.004474489949643612,
    "split": "validation"
  },
  "fold_index": 4,
  "mode": "nonlinear",
  "seed": 11015,
  "setting": 1,
  "total_runtime_seconds": 1.9219530601985753,
  "train_metrics": {
    "dispatch_counts": [
      [
        2558.0,
        111.0,
        557.0,
        2.0
      ],
      [
        168.0,
        114.0,
        59.0,
        2858.0
      ],
      [
        344.0,
        566.0,
        2290.0,
        5.0
      ],
      [
        1487.0,
        271.0,
        1374.0,
        36.0
      ]
    ],
    "entropy_record": [
      1.3861801624298096,
      1.3859950304031372,
      1.3859412670135498,
      1.3859903812408447,
      1.3861229419708252,
      1.3853601217269897,
      1.381553292274475,
      1.340991497039795,
      1.0363953113555908,
      0.519458532333374,
      0.4839244484901428,
      0.5189304351806641,
      0.5333319902420044,
      0.5371475219726562,
      0.5192192196846008,
      0.48550403118133545,
      0.4574880003929138,
      0.4428796172142029,
      0.4582725763320923,
      0.48229220509529114,
      0.5119776725769043,
      0.5428531169891357,
      0.5692194104194641,
      0.5903245210647583,
      0.6154729723930359,
      0.6341497898101807,
      0.6466716527938843,
      0.6575896143913269,
      0.6683548092842102,
      0.6842523217201233,
      0.694909930229187,
      0.7037054896354675,
      0.7156773805618286,
      0.7282875776290894,
      0.7382014393806458,
      0.7543153166770935,
      0.7639529705047607,
      0.777260422706604,
      0.783248782157898,
      0.7955273389816284,
      0.802891731262207,
      0.8089090585708618,
      0.8161001205444336
    ],
    "epochs_ran": 43,
    "final_entropy": 0.8161001205444336,
    "final_loss": 0.38966095447540283,
    "plot_diagnostics": null,
    "runtime_seconds": 1.9174785702489316
  }
}