{
  "config": {
    "early_stopping": true,
    "epochs": 601,
    "expert_lr": 0.00233567,
    "expert_momentum": 0.970961,
    "expert_num": 4,
    "expert_weight_decay": 0.0,
    "load_balancing": false,
    "optimizer_family": "original",
    "router_lr": 0.13584184,
    "router_momentum": 0.961193,
    "router_weight_decay": 1e-05
  },
  "eval_metrics": {
    "accuracy": 93.125,
    "dispatch_counts": [
      [
        62.0,
        152.0,
        513.0,
        80.0
      ],
      [
        198.0,
        29.0,
        0.0,
        573.0
      ],
      [
        92.0,
        675.0,
        0.0,
        34.0
      ],
      [
        449.0,
        47.0,
        0.0,
        296.0
      ]
    ],
    "entropy": 0.8062069416046143,
    "loss": 0.3820003569126129,
    "runtime_seconds": 0.004395553842186928,
    "split": "validation"
  },
  "fold_index": 3,
  "mode": "nonlinear",
  "seed": 11014,
  "setting": 1,
  "total_runtime_seconds": 2.239322510547936,
  "train_metrics": {
    "dispatch_counts": [
      [
        257.0,
        597.0,
        2095.0,
        279.0
      ],
      [
        804.0,
        127.0,
        0.0,
        2268.0
      ],
      [
        331.0,
        2752.0,
        0.0,
        122.0
      ],
      [
        1781.0,
        253.0,
        0.0,
        1134.0
      ]
    ],
    "entropy_record": [
      1.3858840465545654,
      1.3859890699386597,
      1.3857126235961914,
      1.3861826658248901,
      1.385954737663269,
      1.3858295679092407,
      1.3832861185073853,
      1.354576826095581,
      1.2177941799163818,
      0.9298948049545288,
      0.7540079355239868,
      0.7113308310508728,
      0.7248061895370483,
      0.7235757112503052,
      0.7399333715438843,
      0.7415194511413574,
      0.7070255875587463,
      0.6706846952438354,
      0.6235487461090088,
      0.6042569875717163,
      0.5940225124359131,
      0.5904709100723267,
      0.5848173499107361,
      0.5848578214645386,
      0.5872148275375366,
      0.5944393873214722,
      0.6124007105827332,
      0.6244582533836365,
      0.6365029215812683,
      0.6448513865470886,
      0.6565847396850586,
      0.6702152490615845,
      0.6864210367202759,
      0.7025202512741089,
      0.713909924030304,
      0.731008768081665,
      0.7446138858795166,
      0.7566269040107727,
      0.7654997110366821,
      0.7774184346199036,
      0.782761812210083,
      0.7884253263473511,
      0.7936097383499146,
      0.7973582148551941,
      0.8024218082427979,
      0.8038239479064941,
      0.8044622540473938,
      0.8040841817855835,
      0.8053604364395142,
      0.8014881610870361
    ],
    "epochs_ran": 50,
    "final_entropy": 0.8014881610870361,
    "final_loss": 0.38728028535842896,
    "plot_diagnostics": null,
    "runtime_seconds": 2.234926956705749
  }
}