{
  "config": {
    "early_stopping": true,
    "epochs": 601,
    "expert_lr": 0.00233567,
    "expert_momentum": 0.970961,
    "expert_num": 4,
    "expert_weight_decay": 0.0,
    "load_balancing": false,
    "optimizer_family": "original",
    "router_lr": 0.13584184,
    "router_momentum": 0.961193,
    "router_weight_decay": 1e-05
  },
  "eval_metrics": {
    "accuracy": 91.28125,
    "dispatch_counts": [
      [
        210.0,
        511.0,
        40.0,
        46.0
      ],
      [
        373.0,
        347.0,
        80.0,
        0.0
      ],
      [
        205.0,
        43.0,
        553.0,
        0.0
      ],
      [
        33.0,
        173.0,
        51.0,
        535.0
      ]
    ],
    "entropy": 0.9169038534164429,
    "loss": 0.40008315443992615,
    "runtime_seconds": 0.004375962074846029,
    "split": "validation"
  },
  "fold_index": 0,
  "mode": "nonlinear",
  "seed": 11011,
  "setting": 1,
  "total_runtime_seconds": 2.28344598878175,
  "train_metrics": {
    "dispatch_counts": [
      [
        799.0,
        2091.0,
        161.0,
        177.0
      ],
      [
        1507.0,
        1352.0,
        340.0,
        0.0
      ],
      [
        845.0,
        157.0,
        2203.0,
        0.0
      ],
      [
        147.0,
        748.0,
        200.0,
        2073.0
      ]
    ],
    "entropy_record": [
      1.3858643770217896,
      1.3855794668197632,
      1.3858964443206787,
      1.3861634731292725,
      1.3859983682632446,
      1.3860200643539429,
      1.3832988739013672,
      1.3500070571899414,
      1.1889386177062988,
      0.9246971011161804,
      0.8556679487228394,
      0.8293861746788025,
      0.8016149401664734,
      0.7713842391967773,
      0.726889431476593,
      0.6962428092956543,
      0.6860129833221436,
      0.6774726510047913,
      0.6911425590515137,
      0.7036980986595154,
      0.7211602330207825,
      0.7381724119186401,
      0.749600350856781,
      0.7615874409675598,
      0.7713623642921448,
      0.7796955108642578,
      0.791703462600708,
      0.7999544739723206,
      0.8038982152938843,
      0.8121002912521362,
      0.8231845498085022,
      0.8372076749801636,
      0.8500332832336426,
      0.8588564395904541,
      0.8673372268676758,
      0.8783193826675415,
      0.8663477301597595,
      0.8581715226173401,
      0.8472334146499634,
      0.8402796387672424,
      0.8338807821273804,
      0.8258737921714783,
      0.8155026435852051,
      0.8114997148513794,
      0.809077262878418,
      0.8099647164344788,
      0.811708390712738,
      0.8119664788246155,
      0.8189892172813416,
      0.8206995129585266,
      0.9240273833274841
    ],
    "epochs_ran": 51,
    "final_entropy": 0.9240273833274841,
    "final_loss": 0.39548054337501526,
    "plot_diagnostics": null,
    "runtime_seconds": 2.279070026706904
  }
}