{
  "config": {
    "early_stopping": true,
    "epochs": 601,
    "expert_lr": 0.00066988,
    "expert_momentum": 0.968627,
    "expert_num": 4,
    "expert_weight_decay": 0.001,
    "load_balancing": false,
    "optimizer_family": "original",
    "router_lr": 0.01445849,
    "router_momentum": 0.961033,
    "router_weight_decay": 0.001
  },
  "eval_metrics": {
    "accuracy": 97.125,
    "dispatch_counts": [
      [
        19.0,
        810.0,
        0.0,
        0.0
      ],
      [
        388.0,
        391.0,
        0.0,
        0.0
      ],
      [
        83.0,
        1.0,
        729.0,
        0.0
      ],
      [
        1.0,
        2.0,
        0.0,
        776.0
      ]
    ],
    "entropy": 0.33987075090408325,
    "loss": 0.3417290449142456,
    "runtime_seconds": 0.00446592690423131,
    "split": "validation"
  },
  "fold_index": 3,
  "mode": "nonlinear",
  "seed": 32214,
  "setting": 3,
  "total_runtime_seconds": 27.194195928052068,
  "train_metrics": {
    "dispatch_counts": [
      [
        74.0,
        3237.0,
        0.0,
        3.0
      ],
      [
        1560.0,
        1558.0,
        0.0,
        0.0
      ],
      [
        336.0,
        5.0,
        2908.0,
        0.0
      ],
      [
        3.0,
        6.0,
        0.0,
        3110.0
      ]
    ],
    "entropy_record": [
      1.3855266571044922,
      1.385643720626831,
      1.3855654001235962,
      1.3855416774749756,
      1.3857848644256592,
      1.3855304718017578,
      1.3856600522994995,
      1.3856751918792725,
      1.3856730461120605,
      1.3853533267974854,
      1.3856884241104126,
      1.385695457458496,
      1.3848698139190674,
      1.3837528228759766,
      1.3808847665786743,
      1.3690894842147827,
      1.346726655960083,
      1.2914783954620361,
      1.2016657590866089,
      1.0645235776901245,
      0.915640115737915,
      0.7618795037269592,
      0.644687294960022,
      0.5713361501693726,
      0.5311761498451233,
      0.5023647546768188,
      0.4880981147289276,
      0.47544628381729126,
      0.4719645082950592,
      0.4592190682888031,
      0.4486091434955597,
      0.4331836700439453,
      0.419179230928421,
      0.40997904539108276,
      0.39194658398628235,
      0.3733009397983551,
      0.34911254048347473,
      0.3277737498283386,
      0.3120262026786804,
      0.2986123859882355,
      0.29230761528015137,
      0.28461703658103943,
      0.28246602416038513,
      0.28223392367362976,
      0.28039976954460144,
      0.2815147042274475,
      0.2822670042514801,
      0.2800091505050659,
      0.2871759533882141,
      0.2917436361312866,
      0.2935643494129181,
      0.2943103015422821,
      0.2922890782356262,
      0.2997574508190155,
      0.30163395404815674,
      0.29989179968833923,
      0.3032374680042267,
      0.3048439621925354,
      0.3099483847618103,
      0.31129297614097595,
      0.31202200055122375,
      0.31355592608451843,
      0.31248366832733154,
      0.3146354854106903,
      0.31463393568992615,
      0.31950098276138306,
      0.31931206583976746,
      0.3209434449672699,
      0.3192386031150818,
      0.3239547908306122,
      0.3217812180519104,
      0.3214137554168701,
      0.32150599360466003,
      0.3250272572040558,
      0.3248400092124939,
      0.3272603154182434,
      0.3267374336719513,
      0.3276571035385132,
      0.3283799886703491,
      0.33020827174186707,
      0.32646554708480835,
      0.32856568694114685,
      0.33205801248550415,
      0.3306203782558441,
      0.3305360972881317,
      0.33274924755096436,
      0.33007943630218506,
      0.3351936936378479,
      0.33495503664016724,
      0.33290156722068787,
      0.3365289568901062,
      0.334412544965744,
      0.3324708640575409,
      0.3338448703289032,
      0.3343709707260132,
      0.332817405462265,
      0.3355482816696167,
      0.3310242295265198,
      0.33820316195487976,
      0.33828872442245483,
      0.3369535207748413,
      0.3353462815284729,
      0.335612416267395,
      0.3362939655780792,
      0.33604395389556885,
      0.33714213967323303,
      0.33536502718925476,
      0.33564233779907227,
      0.336032897233963,
      0.3364447355270386,
      0.33746156096458435,
      0.3385794460773468,
      0.3377373218536377,
      0.3390284776687622,
      0.34086841344833374,
      0.338288813829422,
      0.33779045939445496,
      0.33761829137802124,
      0.337032288312912,
      0.3372800052165985,
      0.3370943069458008,
      0.33677008748054504,
      0.3402253985404968,
      0.3394257724285126,
      0.3387202322483063,
      0.3398291766643524,
      0.34014636278152466,
      0.3400002419948578,
      0.3423125445842743,
      0.337260901927948,
      0.33997559547424316,
      0.3426492512226105,
      0.3375231623649597,
      0.3391132354736328,
      0.34037911891937256,
      0.33935514092445374,
      0.3412928879261017,
      0.33872029185295105,
      0.33925408124923706,
      0.3371512293815613,
      0.3390543758869171,
      0.3403847813606262,
      0.3402775526046753,
      0.34172871708869934,
      0.33993008732795715,
      0.33963772654533386,
      0.34164369106292725,
      0.3408091962337494,
      0.3399650454521179,
      0.3427315950393677,
      0.3414098918437958,
      0.33923211693763733,
      0.34149760007858276,
      0.3393822908401489,
      0.33786848187446594,
      0.3368036150932312,
      0.33982396125793457,
      0.33997559547424316,
      0.3391123116016388,
      0.3407132029533386,
      0.34436145424842834,
      0.34072256088256836,
      0.3388931155204773,
      0.3405735492706299,
      0.3401111960411072,
      0.3386494517326355,
      0.3401225805282593,
      0.3393743336200714,
      0.34402984380722046,
      0.34114500880241394,
      0.3395967185497284,
      0.339959979057312,
      0.3411113917827606,
      0.3417820930480957,
      0.340299129486084,
      0.34124839305877686,
      0.3410651385784149,
      0.34058770537376404,
      0.3408910930156708,
      0.3419789969921112,
      0.34143558144569397,
      0.3405529260635376,
      0.34176114201545715,
      0.3400825560092926,
      0.34139639139175415,
      0.3401902914047241,
      0.3436286449432373,
      0.3400532603263855,
      0.34157150983810425,
      0.34062302112579346,
      0.34061017632484436,
      0.34076645970344543,
      0.34398964047431946,
      0.34099000692367554,
      0.3408026397228241,
      0.34492212533950806,
      0.341946542263031,
      0.34252631664276123,
      0.3424282670021057,
      0.3400815427303314,
      0.34251976013183594,
      0.33841222524642944,
      0.3382675349712372,
      0.3427468538284302,
      0.3426499366760254,
      0.342825710773468,
      0.34110358357429504,
      0.341621994972229,
      0.3385898768901825,
      0.34234488010406494,
      0.3397112488746643,
      0.3401896059513092,
      0.34025654196739197,
      0.3398205041885376,
      0.3417132496833801,
      0.34147706627845764,
      0.3384353518486023,
      0.33919697999954224,
      0.3378464877605438,
      0.33878079056739807,
      0.34137779474258423,
      0.34157684445381165,
      0.3398665487766266,
      0.34266287088394165,
      0.34317684173583984,
      0.3416876196861267,
      0.3424682021141052,
      0.3425551652908325,
      0.34302493929862976,
      0.3374701142311096,
      0.3413410484790802,
      0.33961889147758484,
      0.3412382900714874,
      0.3404872715473175,
      0.3409336805343628,
      0.34073907136917114,
      0.3426356613636017,
      0.3391056954860687,
      0.3393011689186096,
      0.34154942631721497,
      0.3401643931865692,
      0.33814701437950134,
      0.3406199812889099,
      0.3407478928565979,
      0.34263065457344055,
      0.3422977328300476,
      0.34141629934310913,
      0.3389400243759155,
      0.3399994969367981,
      0.3414205312728882,
      0.34222376346588135,
      0.3432117700576782,
      0.3424135148525238,
