{
  "config": {
    "early_stopping": true,
    "epochs": 601,
    "expert_lr": 0.00066988,
    "expert_momentum": 0.968627,
    "expert_num": 4,
    "expert_weight_decay": 0.001,
    "load_balancing": false,
    "optimizer_family": "original",
    "router_lr": 0.01445849,
    "router_momentum": 0.961033,
    "router_weight_decay": 0.001
  },
  "eval_metrics": {
    "accuracy": 94.21875,
    "dispatch_counts": [
      [
        0.0,
        19.0,
        661.0,
        148.0
      ],
      [
        0.0,
        460.0,
        320.0,
        0.0
      ],
      [
        795.0,
        16.0,
        0.0,
        1.0
      ],
      [
        24.0,
        736.0,
        20.0,
        0.0
      ]
    ],
    "entropy": 0.5662460327148438,
    "loss": 0.37113597989082336,
    "runtime_seconds": 0.004495789296925068,
    "split": "validation"
  },
  "fold_index": 0,
  "mode": "nonlinear",
  "seed": 32211,
  "setting": 3,
  "total_runtime_seconds": 27.165160707198083,
  "train_metrics": {
    "dispatch_counts": [
      [
        0.0,
        33.0,
        2657.0,
        625.0
      ],
      [
        0.0,
        1810.0,
        1307.0,
        0.0
      ],
      [
        3178.0,
        68.0,
        1.0,
        3.0
      ],
      [
        85.0,
        2935.0,
        98.0,
        0.0
      ]
    ],
    "entropy_record": [
      1.3856401443481445,
      1.3857014179229736,
      1.3857078552246094,
      1.385633111000061,
      1.385737419128418,
      1.3857183456420898,
      1.3857933282852173,
      1.3856245279312134,
      1.3855910301208496,
      1.3858156204223633,
      1.3851747512817383,
      1.3852778673171997,
      1.3850067853927612,
      1.3819936513900757,
      1.3741976022720337,
      1.3560150861740112,
      1.321791648864746,
      1.2559490203857422,
      1.158867359161377,
      1.0632550716400146,
      0.9665774703025818,
      0.9036684036254883,
      0.8509336709976196,
      0.8003435134887695,
      0.7566693425178528,
      0.6897248029708862,
      0.6388446688652039,
      0.5905211567878723,
      0.5564053654670715,
      0.5361533164978027,
      0.5271878242492676,
      0.5165516138076782,
      0.5096854567527771,
      0.5085778832435608,
      0.511088490486145,
      0.5111839771270752,
      0.5123408436775208,
      0.5154645442962646,
      0.5101630687713623,
      0.5138382911682129,
      0.5085670948028564,
      0.49768733978271484,
      0.48888683319091797,
      0.4819762706756592,
      0.4776376187801361,
      0.47464409470558167,
      0.4731852114200592,
      0.47724464535713196,
      0.47736963629722595,
      0.47407418489456177,
      0.4806264638900757,
      0.48333778977394104,
      0.4830551743507385,
      0.4859996438026428,
      0.4891318380832672,
      0.49400216341018677,
      0.49378257989883423,
      0.4945467710494995,
      0.4966006577014923,
      0.4997643828392029,
      0.4986799359321594,
      0.5048596262931824,
      0.5083712935447693,
      0.5087432265281677,
      0.5113887190818787,
      0.5084437131881714,
      0.5145140886306763,
      0.5164665579795837,
      0.5172062516212463,
      0.520304262638092,
      0.5220946073532104,
      0.5222501754760742,
      0.5254647731781006,
      0.519400417804718,
      0.5261762738227844,
      0.5266488790512085,
      0.5283930897712708,
      0.5296373963356018,
      0.5285115242004395,
      0.5318713784217834,
      0.5351693630218506,
      0.5303652286529541,
      0.5317236185073853,
      0.5351208448410034,
      0.5343378782272339,
      0.5323113799095154,
      0.5369542837142944,
      0.5367476344108582,
      0.537740170955658,
      0.5356109738349915,
      0.536318302154541,
      0.5398740172386169,
      0.5403480529785156,
      0.5378690361976624,
      0.539357602596283,
      0.5410035848617554,
      0.5432310104370117,
      0.5423706769943237,
      0.5432398915290833,
      0.5433250069618225,
      0.5420770049095154,
      0.5437173843383789,
      0.5460353493690491,
      0.543344259262085,
      0.5438736081123352,
      0.5459603667259216,
      0.5455833673477173,
      0.5487505197525024,
      0.549305260181427,
      0.5527181625366211,
      0.5472139716148376,
      0.5482397079467773,
      0.5513452887535095,
      0.5492247343063354,
      0.5485914349555969,
      0.5465430021286011,
      0.5483664870262146,
      0.5500257611274719,
      0.5469856858253479,
      0.5505233407020569,
      0.5482248663902283,
      0.5498751401901245,
      0.5452959537506104,
      0.5501368045806885,
      0.551652729511261,
      0.5523329377174377,
      0.5518478751182556,
      0.548120379447937,
      0.5470796823501587,
      0.5482012033462524,
      0.550083339214325,
      0.5503476858139038,
      0.5523769855499268,
      0.5519187450408936,
      0.5516296625137329,
      0.55488121509552,
      0.5532664656639099,
      0.5525451302528381,
      0.552460789680481,
      0.5538138747215271,
      0.5558136701583862,
      0.5529078841209412,
      0.5518040060997009,
      0.5546119809150696,
      0.5536782741546631,
      0.5518146753311157,
      0.5529320240020752,
      0.5532994270324707,
      0.5588631629943848,
      0.5538965463638306,
      0.5522552728652954,
      0.5542718768119812,
      0.5516852736473083,
      0.5540066957473755,
      0.5537359118461609,
      0.5542987585067749,
      0.5564162731170654,
      0.5531514883041382,
      0.5527083873748779,
      0.5534077286720276,
      0.5530145168304443,
      0.5575602650642395,
      0.5533046126365662,
      0.5552335977554321,
      0.5551481246948242,
      0.555120587348938,
      0.5500397682189941,
      0.5558822154998779,
      0.5551854372024536,
      0.5516533255577087,
      0.5559155941009521,
      0.554951012134552,
      0.5543845295906067,
      0.5529319047927856,
      0.5562834739685059,
      0.556695818901062,
      0.5553562045097351,
      0.5548861026763916,
      0.5517565608024597,
      0.5562607049942017,
      0.5523009300231934,
      0.5531847476959229,
      0.5521948337554932,
      0.5620020627975464,
      0.5589088201522827,
      0.5551999807357788,
      0.5562576651573181,
      0.5552611351013184,
      0.5532537698745728,
      0.5568464994430542,
      0.55307936668396,
      0.5567718744277954,
      0.5542805194854736,
      0.5529457330703735,
      0.5543397665023804,
      0.5510872602462769,
      0.5583657622337341,
      0.5542114973068237,
      0.5563017725944519,
      0.5523194074630737,
      0.5556063055992126,
      0.5538018941879272,
      0.5505446195602417,
      0.5523822903633118,
      0.5554208159446716,
      0.5520191192626953,
      0.5561286807060242,
      0.5568135976791382,
      0.5556843280792236,
      0.5552228093147278,
      0.5524594187736511,
      0.5564402937889099,
      0.557131826877594,
      0.554147481918335,
      0.556037187576294,
      0.5584132075309753,
      0.5525658130645752,
      0.553425133228302,
      0.5525621771812439,
      0.5546034574508667,
      0.5595710277557373,
      0.555086076259613,
      0.5565451979637146,
      0.5540298223495483,
      0.5528340339660645,
      0.5533546209335327,
      0.5567460060119629,
      0.5549943447113037,
      0.5531463623046875,
      0.5566989779472351,
      0.5560101270675659,
      0.5551264882087708,
      0.5573815703392029,
      0.5580564737319946,
      0.5557498931884766,
      0.5563272833824158,
      0.5570515990257263,
      0.5556877255439758,
      0.5559902787208557,
      0.557037889957428,
      0.5551542639732361,
      0.5535471439361572,
      0.5537109375,
      0.558122456073761,
      0.5590295791625977,
      0.5549513101577759,
      0.5559215545654297,
      0.5568839311599731,
      0.5566296577453613,
      0.5569846034049988,
      0.5571544170379639,
      0.5560517907142639,
      0.5556730628013611,
      0.5566326379776001,
      0.5577041506767273,
      0.5567827224731445,
      0.5531864762306213,
