{
  "config": {
    "early_stopping": true,
    "epochs": 601,
    "expert_lr": 0.00245893,
    "expert_momentum": 0.919266,
    "expert_num": 4,
    "expert_weight_decay": 0.0,
    "load_balancing": false,
    "optimizer_family": "original",
    "router_lr": 0.02056517,
    "router_momentum": 0.956238,
    "router_weight_decay": 0.001
  },
  "eval_metrics": {
    "accuracy": 95.25,
    "dispatch_counts": [
      [
        5.0,
        822.0,
        0.0,
        2.0
      ],
      [
        776.0,
        3.0,
        0.0,
        0.0
      ],
      [
        5.0,
        4.0,
        14.0,
        790.0
      ],
      [
        1.0,
        578.0,
        200.0,
        0.0
      ]
    ],
    "entropy": 0.35367751121520996,
    "loss": 0.3608790934085846,
    "runtime_seconds": 0.0045949602499604225,
    "split": "validation"
  },
  "fold_index": 3,
  "mode": "nonlinear",
  "seed": 40614,
  "setting": 4,
  "total_runtime_seconds": 26.912479780148715,
  "train_metrics": {
    "dispatch_counts": [
      [
        9.0,
        3297.0,
        0.0,
        8.0
      ],
      [
        3107.0,
        8.0,
        2.0,
        1.0
      ],
      [
        21.0,
        9.0,
        61.0,
        3158.0
      ],
      [
        12.0,
        2271.0,
        834.0,
        2.0
      ]
    ],
    "entropy_record": [
      1.3857331275939941,
      1.3856979608535767,
      1.3854222297668457,
      1.3857277631759644,
      1.3850711584091187,
      1.3855186700820923,
      1.3853445053100586,
      1.3854830265045166,
      1.3843721151351929,
      1.374462604522705,
      1.3416032791137695,
      1.263047456741333,
      1.106029987335205,
      0.8914364576339722,
      0.70429527759552,
      0.5625110864639282,
      0.489406555891037,
      0.44830745458602905,
      0.41945308446884155,
      0.3880080282688141,
      0.3773193061351776,
      0.37132373452186584,
      0.36336734890937805,
      0.35384079813957214,
      0.3528507351875305,
      0.3497867286205292,
      0.3419649600982666,
      0.3431280553340912,
      0.338970422744751,
      0.35341551899909973,
      0.3448760211467743,
      0.3407041132450104,
      0.3415100574493408,
      0.34116241335868835,
      0.3392936885356903,
      0.34563761949539185,
      0.3454531133174896,
      0.346018522977829,
      0.3395095467567444,
      0.34151262044906616,
      0.3387359082698822,
      0.34284672141075134,
      0.34892538189888,
      0.33992308378219604,
      0.34031277894973755,
      0.33943071961402893,
      0.3436035215854645,
      0.341895192861557,
      0.34087732434272766,
      0.3427538275718689,
      0.346849262714386,
      0.3448323607444763,
      0.34443268179893494,
      0.3404521942138672,
      0.34383583068847656,
      0.33851420879364014,
      0.34056317806243896,
      0.3451516330242157,
      0.34293851256370544,
      0.34158724546432495,
      0.34011954069137573,
      0.3407207429409027,
      0.34032851457595825,
      0.3382798135280609,
      0.3441273272037506,
      0.34067243337631226,
      0.342914342880249,
      0.33971771597862244,
      0.344611793756485,
      0.341895192861557,
      0.33580970764160156,
      0.34066042304039,
      0.33458206057548523,
      0.3393886387348175,
      0.3433181941509247,
      0.3416646718978882,
      0.34184032678604126,
      0.3409830629825592,
      0.34160324931144714,
      0.34184619784355164,
      0.3394743502140045,
      0.3420344591140747,
      0.33790645003318787,
      0.344184935092926,
      0.3425082266330719,
      0.34388935565948486,
      0.3409947454929352,
      0.3444790542125702,
      0.3415701985359192,
      0.34324273467063904,
      0.3424980938434601,
      0.34061750769615173,
      0.34524011611938477,
      0.34836459159851074,
      0.3427311182022095,
      0.3397558927536011,
      0.34038209915161133,
      0.33995580673217773,
      0.3401835858821869,
      0.3441559970378876,
      0.33962228894233704,
      0.34314751625061035,
      0.3403400778770447,
      0.3388533592224121,
      0.34314167499542236,
      0.3438491225242615,
      0.3435785472393036,
      0.34197136759757996,
      0.339669793844223,
      0.34070661664009094,
      0.34162476658821106,
      0.3475673198699951,
      0.34390789270401,
      0.3421018719673157,
      0.338614821434021,
      0.3450769782066345,
      0.3442276418209076,
      0.3389538526535034,
      0.34138157963752747,
      0.3408835530281067,
      0.3425239622592926,
      0.3390568196773529,
      0.3407220244407654,
      0.3383678197860718,
      0.3401576578617096,
      0.34143176674842834,
      0.34032049775123596,
      0.3422228991985321,
      0.3399352431297302,
      0.34172505140304565,
      0.3398849368095398,
      0.34534645080566406,
      0.34256917238235474,
      0.33723899722099304,
      0.3401675522327423,
      0.345289945602417,
      0.340993195772171,
      0.33770498633384705,
      0.33821091055870056,
      0.34479695558547974,
      0.3438084125518799,
      0.34297192096710205,
      0.3380698263645172,
      0.3382227122783661,
      0.34385946393013,
      0.34173867106437683,
      0.3432113230228424,
      0.34197884798049927,
      0.3428487181663513,
      0.34599030017852783,
      0.34145981073379517,
      0.3390977382659912,
      0.3414606750011444,
      0.34202197194099426,
      0.34477007389068604,
      0.34373390674591064,
      0.3409498333930969,
      0.3393484354019165,
      0.343881219625473,
      0.33904796838760376,
      0.3445899486541748,
      0.34231364727020264,
      0.3419417440891266,
      0.3422148823738098,
      0.3424563705921173,
      0.34422004222869873,
      0.3405499756336212,
      0.3459729850292206,
      0.3464600443840027,
      0.34533607959747314,
      0.3393567204475403,
      0.34538161754608154,
      0.34102383255958557,
      0.34460774064064026,
      0.3360593020915985,
      0.3442501723766327,
      0.3445082902908325,
      0.3384266197681427,
      0.34575173258781433,
      0.3406504988670349,
      0.34816214442253113,
      0.34666910767555237,
      0.3464609682559967,
      0.34831252694129944,
      0.3450796604156494,
      0.3404873311519623,
      0.3407879173755646,
      0.34145817160606384,
      0.3443756699562073,
      0.3430687189102173,
      0.34510537981987,
      0.34218260645866394,
      0.3437484800815582,
      0.34563034772872925,
      0.34547892212867737,
      0.3425464332103729,
      0.3482264280319214,
      0.3458896279335022,
      0.34090396761894226,
      0.34475117921829224,
      0.34622183442115784,
      0.3453975021839142,
      0.34572598338127136,
      0.34253376722335815,
      0.3423292934894562,
      0.34289345145225525,
      0.343335896730423,
      0.34347954392433167,
      0.3427894413471222,
      0.3435955047607422,
      0.34377479553222656,
      0.34827035665512085,
      0.345084547996521,
      0.3469567596912384,
      0.34143275022506714,
      0.34241199493408203,
      0.3447996973991394,
      0.3448847532272339,
      0.34580522775650024,
      0.3451637029647827,
      0.34239786863327026,
      0.3431348204612732,
      0.34557634592056274,
      0.3409647047519684,
      0.34148740768432617,
      0.3433673083782196,
      0.3454461097717285,
      0.33873143792152405,
      0.34284666180610657,
      0.3393149971961975,
      0.3435537815093994,
      0.3428744971752167,
      0.34666022658348083,
      0.34223735332489014,
      0.34756073355674744,
      0.34148111939430237,
      0.34600159525871277,
      0.3478168845176697,
      0.3471018970012665,
      0.34600338339805603,
      0.3490450382232666,
      0.34695836901664734,
      0.34794294834136963,
      0.3444252908229828,
      0.34435027837753296,
      0.34626883268356323,
      0.34474387764930725,
      0.34265172481536865,
      0.3426195979118347,
      0.34071728587150574,
      0.34561771154403687,
      0.3453194200992584,
      0.3436988592147827,
