{
  "config": {
    "early_stopping": true,
    "epochs": 601,
    "expert_lr": 0.0020255,
    "expert_momentum": 0.972636,
    "expert_num": 4,
    "expert_weight_decay": 1e-05,
    "load_balancing": false,
    "optimizer_family": "original",
    "router_lr": 0.08162598,
    "router_momentum": 0.985149,
    "router_weight_decay": 0.0
  },
  "eval_metrics": {
    "accuracy": 94.5,
    "dispatch_counts": [
      [
        273.0,
        13.0,
        512.0,
        30.0
      ],
      [
        329.0,
        4.0,
        162.0,
        285.0
      ],
      [
        3.0,
        768.0,
        41.0,
        0.0
      ],
      [
        12.0,
        0.0,
        8.0,
        760.0
      ]
    ],
    "entropy": 0.5956083536148071,
    "loss": 0.3682456612586975,
    "runtime_seconds": 0.004616023041307926,
    "split": "validation"
  },
  "fold_index": 0,
  "mode": "nonlinear",
  "seed": 32111,
  "setting": 3,
  "total_runtime_seconds": 2.6438337261788547,
  "train_metrics": {
    "dispatch_counts": [
      [
        1198.0,
        38.0,
        1991.0,
        88.0
      ],
      [
        1317.0,
        22.0,
        709.0,
        1069.0
      ],
      [
        10.0,
        3091.0,
        147.0,
        2.0
      ],
      [
        32.0,
        1.0,
        43.0,
        3042.0
      ]
    ],
    "entropy_record": [
      1.3856251239776611,
      1.3851683139801025,
      1.3857951164245605,
      1.3855286836624146,
      1.3855253458023071,
      1.3855609893798828,
      1.3849915266036987,
      1.38303542137146,
      1.3731237649917603,
      1.298098087310791,
      1.0012073516845703,
      0.736970841884613,
      0.5814539790153503,
      0.5329089760780334,
      0.5165621638298035,
      0.5073761940002441,
      0.5020659565925598,
      0.4835391938686371,
      0.46213895082473755,
      0.4424978792667389,
      0.43458056449890137,
      0.42527613043785095,
      0.416998028755188,
      0.4180082678794861,
      0.42101672291755676,
      0.42732560634613037,
      0.43175530433654785,
      0.4337291121482849,
      0.44612354040145874,
      0.45305341482162476,
      0.45705822110176086,
      0.46315982937812805,
      0.4683283567428589,
      0.4719419479370117,
      0.479842871427536,
      0.481719970703125,
      0.48762214183807373,
      0.4896359443664551,
      0.4958905577659607,
      0.4978042244911194,
      0.5020774006843567,
      0.5073168873786926,
      0.518622875213623,
      0.5229448676109314,
      0.5275657176971436,
      0.5330777168273926,
      0.5348306894302368,
      0.5416561961174011,
      0.5423673987388611,
      0.548054575920105,
      0.5518158078193665,
      0.5575342774391174,
      0.5608384609222412,
      0.5669314861297607,
      0.5700972080230713,
      0.5715727806091309,
      0.5823035836219788,
      0.5779829025268555,
      0.5844323039054871
    ],
    "epochs_ran": 59,
    "final_entropy": 0.5844323039054871,
    "final_loss": 0.3614109456539154,
    "plot_diagnostics": null,
    "runtime_seconds": 2.6392177031375468
  }
}