{
  "config": {
    "early_stopping": true,
    "epochs": 601,
    "expert_lr": 0.0006518,
    "expert_momentum": 0.972923,
    "expert_num": 8,
    "expert_weight_decay": 0.0,
    "load_balancing": false,
    "ns_steps": 3,
    "optimizer_family": "muon",
    "router_lr": 0.03900114,
    "router_momentum": 0.948891,
    "router_weight_decay": 0.001
  },
  "eval_metrics": {
    "accuracy": 92.65625,
    "dispatch_counts": [
      [
        14.0,
        366.0,
        22.0,
        0.0,
        372.0,
        11.0,
        10.0,
        12.0
      ],
      [
        8.0,
        38.0,
        337.0,
        5.0,
        25.0,
        25.0,
        343.0,
        19.0
      ],
      [
        9.0,
        7.0,
        33.0,
        2.0,
        46.0,
        352.0,
        13.0,
        339.0
      ],
      [
        358.0,
        19.0,
        22.0,
        257.0,
        39.0,
        55.0,
        24.0,
        18.0
      ]
    ],
    "entropy": 0.5548501014709473,
    "loss": 0.38669902086257935,
    "runtime_seconds": 0.008550805039703846,
    "split": "validation"
  },
  "fold_index": 3,
  "mode": "nonlinear",
  "seed": 11414,
  "setting": 1,
  "total_runtime_seconds": 25.96756422892213,
  "train_metrics": {
    "dispatch_counts": [
      [
        36.0,
        1475.0,
        94.0,
        0.0,
        1494.0,
        45.0,
        30.0,
        54.0
      ],
      [
        12.0,
        124.0,
        1333.0,
        36.0,
        127.0,
        116.0,
        1381.0,
        70.0
      ],
      [
        53.0,
        29.0,
        123.0,
        0.0,
        127.0,
        1460.0,
        45.0,
        1368.0
      ],
      [
        1457.0,
        129.0,
        110.0,
        999.0,
        115.0,
        185.0,
        97.0,
        76.0
      ]
    ],
    "entropy_record": [
      1.3852691650390625,
      1.2115072011947632,
      1.042702317237854,
      0.9843301177024841,
      0.9599556922912598,
      0.9095118641853333,
      0.8672136068344116,
      0.8344247341156006,
      0.8129038214683533,
      0.7874078750610352,
      0.7790193557739258,
      0.7667393684387207,
      0.7604348063468933,
      0.7502186298370361,
      0.7384956479072571,
      0.725997805595398,
      0.7130142450332642,
      0.7021998763084412,
      0.6907980442047119,
      0.6797462701797485,
      0.66872638463974,
      0.6526350378990173,
      0.6468974351882935,
      0.6349833011627197,
      0.6364673376083374,
      0.6303845047950745,
      0.6267073154449463,
      0.6214892864227295,
      0.617072582244873,
      0.6181336641311646,
      0.6139901876449585,
      0.6120225787162781,
      0.607888400554657,
      0.6073479652404785,
      0.6025462746620178,
      0.5984058380126953,
      0.5985769033432007,
      0.5979072451591492,
      0.5897910594940186,
      0.5886012315750122,
      0.586212158203125,
      0.5821977257728577,
      0.5820647478103638,
      0.5779259204864502,
      0.574713945388794,
      0.5726383328437805,
      0.5743433833122253,
      0.5710193514823914,
      0.5679798722267151,
      0.5683016777038574,
      0.5661704540252686,
      0.5651937127113342,
      0.564942479133606,
      0.5630358457565308,
      0.5601766705513,
      0.5583871603012085,
      0.5569549202919006,
      0.5568073391914368,
      0.5570116639137268,
      0.553207516670227,
      0.5530025959014893,
      0.5512148141860962,
      0.5492342710494995,
      0.5471267700195312,
      0.5472805500030518,
      0.5471892356872559,
      0.545839786529541,
      0.5453963279724121,
      0.5443285703659058,
      0.5427440404891968,
      0.5409886240959167,
      0.5397429466247559,
      0.5396862626075745,
      0.5379664897918701,
      0.5376132130622864,
      0.536230206489563,
      0.5349320769309998,
      0.5356727838516235,
      0.534197211265564,
      0.5340095162391663,
      0.5324017405509949,
      0.5335529446601868,
      0.5316681861877441,
      0.5313607454299927,
      0.5312089323997498,
      0.5290564298629761,
      0.52854984998703,
      0.5282681584358215,
      0.5300590395927429,
      0.5275447964668274,
      0.5276248455047607,
      0.5253374576568604,
      0.5257321000099182,
      0.5257227420806885,
      0.5246979594230652,
      0.524430513381958,
      0.5250160694122314,
      0.5225772857666016,
      0.5218669176101685,
      0.5222657322883606,
      0.5209983587265015,
      0.5227091312408447,
      0.5212786197662354,
      0.5201748609542847,
      0.5211520791053772,
      0.5197557806968689,
      0.5207797288894653,
      0.5203187465667725,
      0.5198793411254883,
      0.5206089019775391,
      0.5203604102134705,
      0.5199254751205444,
      0.5205509066581726,
      0.5194061994552612,
      0.5195592045783997,
      0.5182353854179382,
      0.5199835896492004,
      0.5171987414360046,
      0.517288088798523,
      0.5179191827774048,
      0.5191512107849121,
      0.5168997645378113,
      0.5184464454650879,
      0.517767608165741,
      0.5193027853965759,
      0.5171357989311218,
      0.5179129838943481,
      0.5165218710899353,
      0.5160503387451172,
      0.5149407386779785,
      0.5186676979064941,
      0.5172148942947388,
      0.5167004466056824,
      0.51603764295578,
      0.516539454460144,
      0.5160813331604004,
      0.5141354203224182,
      0.5158369541168213,
      0.5163436532020569,
      0.5134828686714172,
      0.514528751373291,
      0.5134252309799194,
      0.5146509408950806,
      0.5136378407478333,
      0.5150681138038635,
      0.5144198536872864,
      0.5142772793769836,
      0.514507532119751,
      0.5133914947509766,
      0.5140306949615479,
      0.5151478052139282,
      0.514618992805481,
      0.5117055773735046,
      0.5145071744918823,
      0.5142242908477783,
      0.5121158361434937,
      0.5143450498580933,
      0.5132738947868347,
      0.5127828121185303,
      0.5134373307228088,
      0.5123530626296997,
      0.512438952922821,
      0.5136467814445496,
      0.5133444666862488,
      0.5121139287948608,
      0.5127764940261841,
      0.5120730400085449,
      0.513018786907196,
      0.5126208662986755,
      0.5131327509880066,
      0.5122087597846985,
      0.5116893649101257,
      0.5131169557571411,
      0.511979341506958,
      0.5105847120285034,
      0.5110175013542175,
      0.5111638307571411,
      0.5105995535850525,
      0.5123733282089233,
      0.5095387101173401,
      0.5106794238090515,
      0.5118212103843689,
      0.5098730325698853,
      0.5091369152069092,
      0.5102036595344543,
      0.5087146162986755,
      0.5090048909187317,
      0.5091344714164734,
      0.5083516240119934,
      0.5097301602363586,
      0.5096608400344849,
      0.5102185606956482,
      0.5089095234870911,
      0.5089635252952576,
      0.509502112865448,
      0.5084789395332336,
      0.5096654295921326,
      0.5094017386436462,
      0.5104170441627502,
      0.5088077783584595,
      0.5100622773170471,
      0.5098904371261597,
      0.5094444751739502,
      0.5094200968742371,
      0.5096099376678467,
      0.5089070200920105,
      0.5095836520195007,
      0.5103042125701904,
      0.5090740919113159,
      0.5089449882507324,
      0.5089359879493713,
      0.5087890028953552,
      0.5086740851402283,
      0.5093810558319092,
      0.5080613493919373,
      0.5087369084358215,
      0.5077827572822571,
      0.5082142949104309,
      0.5091822147369385,
      0.5078993439674377,
      0.507796585559845,
      0.5083831548690796,
      0.5075493454933167,
      0.5070880651473999,
      0.5080943703651428,
      0.5076751708984375,
      0.5070278644561768,
      0.5070745944976807,
      0.5068051218986511,
      0.5073381066322327,
      0.5066169500350952,
      0.507598340511322,
      0.5058866143226624,
      0.5073293447494507,
      0.5077988505363464,
      0.5063361525535583,
      0.5059472322463989,
      0.5072199106216431,
