{
  "config": {
    "early_stopping": true,
    "epochs": 601,
    "expert_lr": 0.0012469,
    "expert_momentum": 0.917397,
    "expert_num": 4,
    "expert_weight_decay": 1e-05,
    "load_balancing": false,
    "ns_steps": 5,
    "optimizer_family": "muon",
    "router_lr": 0.00543048,
    "router_momentum": 0.885847,
    "router_weight_decay": 0.0001
  },
  "eval_metrics": {
    "accuracy": 88.15625,
    "dispatch_counts": [
      [
        2.0,
        814.0,
        12.0,
        0.0
      ],
      [
        89.0,
        54.0,
        300.0,
        337.0
      ],
      [
        356.0,
        56.0,
        205.0,
        195.0
      ],
      [
        12.0,
        3.0,
        765.0,
        0.0
      ]
    ],
    "entropy": 0.7302761077880859,
    "loss": 0.4317502975463867,
    "runtime_seconds": 0.004465095233172178,
    "split": "validation"
  },
  "fold_index": 0,
  "mode": "nonlinear",
  "seed": 20911,
  "setting": 2,
  "total_runtime_seconds": 28.112455294001848,
  "train_metrics": {
    "dispatch_counts": [
      [
        0.0,
        3270.0,
        45.0,
        0.0
      ],
      [
        422.0,
        173.0,
        1130.0,
        1392.0
      ],
      [
        1476.0,
        230.0,
        886.0,
        658.0
      ],
      [
        66.0,
        11.0,
        3040.0,
        1.0
      ]
    ],
    "entropy_record": [
      1.3858188390731812,
      1.3761882781982422,
      1.3601229190826416,
      1.3360211849212646,
      1.315109372138977,
      1.2919881343841553,
      1.2750747203826904,
      1.2779293060302734,
      1.2706588506698608,
      1.2726340293884277,
      1.272871732711792,
      1.27565598487854,
      1.2812594175338745,
      1.2825300693511963,
      1.2824400663375854,
      1.2806264162063599,
      1.2783827781677246,
      1.2769745588302612,
      1.2721192836761475,
      1.2725638151168823,
      1.2707995176315308,
      1.2688565254211426,
      1.2647066116333008,
      1.2648595571517944,
      1.2564349174499512,
      1.2561099529266357,
      1.2497053146362305,
      1.2511680126190186,
      1.2443947792053223,
      1.2383031845092773,
      1.2312211990356445,
      1.232964038848877,
      1.2277809381484985,
      1.2280335426330566,
      1.223928689956665,
      1.2184810638427734,
      1.2181463241577148,
      1.2164793014526367,
      1.2144196033477783,
      1.208437442779541,
      1.2058192491531372,
      1.201295256614685,
      1.19661545753479,
      1.192784309387207,
      1.1903648376464844,
      1.188382625579834,
      1.1823782920837402,
      1.183591365814209,
      1.1786084175109863,
      1.1743627786636353,
      1.174623727798462,
      1.177418828010559,
      1.1733481884002686,
      1.1743308305740356,
      1.1746524572372437,
      1.1746381521224976,
      1.173097848892212,
      1.1797778606414795,
      1.1762504577636719,
      1.1794253587722778,
      1.1799081563949585,
      1.181096076965332,
      1.1799867153167725,
      1.1853057146072388,
      1.1844192743301392,
      1.1893417835235596,
      1.187548279762268,
      1.1884989738464355,
      1.1899160146713257,
      1.1914945840835571,
      1.1897002458572388,
      1.1914464235305786,
      1.190975308418274,
      1.1925779581069946,
      1.1916108131408691,
      1.1916643381118774,
      1.1922557353973389,
      1.1949303150177002,
      1.192090392112732,
      1.191117763519287,
      1.1931029558181763,
      1.1951732635498047,
      1.1934449672698975,
      1.194379448890686,
      1.1936475038528442,
      1.1952838897705078,
      1.1948440074920654,
      1.1951557397842407,
      1.1929891109466553,
      1.1923264265060425,
      1.1953850984573364,
      1.1943992376327515,
      1.1938486099243164,
      1.192538857460022,
      1.1919803619384766,
      1.1929137706756592,
      1.19124174118042,
      1.19207763671875,
      1.1898503303527832,
      1.1888166666030884,
      1.1899182796478271,
      1.188254952430725,
      1.187074065208435,
      1.1860090494155884,
      1.1826525926589966,
      1.183435082435608,
      1.1807128190994263,
      1.1810195446014404,
      1.1792343854904175,
      1.1799155473709106,
      1.1790459156036377,
      1.1756863594055176,
      1.175602674484253,
      1.1743046045303345,
      1.1713916063308716,
      1.1702123880386353,
      1.170064926147461,
      1.1689581871032715,
      1.1645312309265137,
      1.165574073791504,
      1.1621792316436768,
      1.1593925952911377,
      1.1570106744766235,
      1.1572068929672241,
      1.1538580656051636,
      1.1532611846923828,
      1.1495298147201538,
      1.145797610282898,
      1.143060564994812,
      1.1423004865646362,
      1.1391171216964722,
      1.1365203857421875,
      1.1351841688156128,
      1.1320964097976685,
      1.129992961883545,
      1.1292552947998047,
      1.1261792182922363,
      1.1224488019943237,
      1.1204026937484741,
      1.1202784776687622,
      1.1167465448379517,
      1.1154485940933228,
      1.1132696866989136,
      1.1096326112747192,
      1.1112000942230225,
      1.1094766855239868,
      1.1086914539337158,
      1.1100558042526245,
      1.1072934865951538,
      1.1069867610931396,
      1.102827787399292,
      1.1034201383590698,
      1.1032328605651855,
      1.104162573814392,
      1.1030817031860352,
      1.1036467552185059,
      1.101244330406189,
      1.1009633541107178,
      1.0992193222045898,
      1.096677303314209,
      1.095273733139038,
      1.0937086343765259,
      1.090851902961731,
      1.0904090404510498,
      1.0879977941513062,
      1.0856118202209473,
      1.0845742225646973,
      1.0822114944458008,
      1.077095627784729,
      1.077534794807434,
      1.0740762948989868,
      1.0723848342895508,
      1.0700881481170654,
      1.067847490310669,
      1.0635522603988647,
      1.0609835386276245,
      1.0609173774719238,
      1.0555437803268433,
      1.0544363260269165,
      1.051255226135254,
      1.0480279922485352,
      1.0498998165130615,
      1.043778419494629,
      1.043880581855774,
      1.0410608053207397,
      1.0406365394592285,
      1.0349905490875244,
      1.0296772718429565,
      1.0290493965148926,
      1.0252869129180908,
      1.0229263305664062,
      1.0225346088409424,
      1.016947865486145,
      1.012871503829956,
      1.0091391801834106,
      1.0072619915008545,
      1.0062495470046997,
      1.0047876834869385,
      1.0055209398269653,
      1.0036022663116455,
      0.9996752738952637,
      0.9989113807678223,
      1.0008370876312256,
      0.9989622831344604,
      1.0016900300979614,
      1.002828598022461,
      0.9985715746879578,
      0.9996955990791321,
      0.9951401352882385,
      0.9961965084075928,
      0.996441125869751,
      0.9946737885475159,
      0.9936517477035522,
      0.9947358965873718,
      0.9925591349601746,
      0.9937509298324585,
      0.9926592111587524,
      0.9899628162384033,
      0.9910786151885986,
      0.9894455671310425,
      0.988249659538269,
      0.987690269947052,
      0.9853829145431519,
      0.9848179817199707,
      0.9829921722412109,
      0.9810689687728882,
      0.9789305329322815,
      0.9766433835029602,
      0.9762001633644104,
      0.977746307849884,
      0.9733284711837769,
      0.9722592830657959,
      0.9730921387672424,
      0.9694436192512512,
      0.9673072695732117,
      0.9682318568229675,
      0.9659664630889893,
      0.9656050205230713,
      0.9633731842041016,
      0.9614059925079346,
      0.959051251411438,
      0.9586353898048401,
      0.9595397114753723,
      0.9570322036743164,
      0.9579970240592957,
      0.9564440250396729,
      0.9552583694458008,
      0.9578648805618286,
      0.9533083438873291,
      0.9566153287887573,
      0.9532045722007751,
      0.9509254693984985,
      0.9529027342796326,
      0.9513533711433411,
      0.9531422853469849,
      0.9480552673339844,
      0.94675612449646,
