{
  "config": {
    "early_stopping": true,
    "epochs": 601,
    "expert_lr": 0.0012469,
    "expert_momentum": 0.917397,
    "expert_num": 4,
    "expert_weight_decay": 1e-05,
    "load_balancing": false,
    "ns_steps": 5,
    "optimizer_family": "muon",
    "router_lr": 0.00543048,
    "router_momentum": 0.885847,
    "router_weight_decay": 0.0001
  },
  "eval_metrics": {
    "accuracy": 94.0,
    "dispatch_counts": [
      [
        0.0,
        27.0,
        739.0,
        63.0
      ],
      [
        550.0,
        76.0,
        62.0,
        91.0
      ],
      [
        21.0,
        618.0,
        157.0,
        17.0
      ],
      [
        82.0,
        63.0,
        35.0,
        599.0
      ]
    ],
    "entropy": 0.7109887003898621,
    "loss": 0.3727766275405884,
    "runtime_seconds": 0.004285378847271204,
    "split": "validation"
  },
  "fold_index": 3,
  "mode": "nonlinear",
  "seed": 20914,
  "setting": 2,
  "total_runtime_seconds": 27.83829393517226,
  "train_metrics": {
    "dispatch_counts": [
      [
        0.0,
        99.0,
        3013.0,
        202.0
      ],
      [
        2145.0,
        304.0,
        277.0,
        392.0
      ],
      [
        94.0,
        2376.0,
        715.0,
        64.0
      ],
      [
        352.0,
        262.0,
        148.0,
        2357.0
      ]
    ],
    "entropy_record": [
      1.3854379653930664,
      1.3758044242858887,
      1.3433588743209839,
      1.305340051651001,
      1.2678899765014648,
      1.2315356731414795,
      1.1813658475875854,
      1.1549115180969238,
      1.134097695350647,
      1.124272108078003,
      1.1016684770584106,
      1.086200475692749,
      1.091451644897461,
      1.09401535987854,
      1.0883605480194092,
      1.0940091609954834,
      1.0875499248504639,
      1.0915429592132568,
      1.0779434442520142,
      1.0743451118469238,
      1.0772238969802856,
      1.0716643333435059,
      1.0745600461959839,
      1.0701380968093872,
      1.068833827972412,
      1.062975525856018,
      1.0592159032821655,
      1.0624464750289917,
      1.048722743988037,
      1.0522708892822266,
      1.0500715970993042,
      1.0470633506774902,
      1.0570942163467407,
      1.0560117959976196,
      1.0589147806167603,
      1.0638388395309448,
      1.0689467191696167,
      1.0736641883850098,
      1.076378583908081,
      1.080345869064331,
      1.0839463472366333,
      1.086371660232544,
      1.0922704935073853,
      1.0938421487808228,
      1.0952469110488892,
      1.0954917669296265,
      1.0964382886886597,
      1.096766471862793,
      1.09172785282135,
      1.0911530256271362,
      1.0902243852615356,
      1.087056279182434,
      1.0854332447052002,
      1.0806366205215454,
      1.0801706314086914,
      1.0740371942520142,
      1.0714633464813232,
      1.0654408931732178,
      1.061963438987732,
      1.0586484670639038,
      1.0554180145263672,
      1.047402024269104,
      1.0469608306884766,
      1.0332293510437012,
      1.0354423522949219,
      1.0274114608764648,
      1.0190266370773315,
      1.0157045125961304,
      1.0083105564117432,
      1.0014150142669678,
      0.992645263671875,
      0.9874783754348755,
      0.9786723852157593,
      0.973886251449585,
      0.9657643437385559,
      0.9565317630767822,
      0.9518306851387024,
      0.9441589117050171,
      0.9334036111831665,
      0.923271119594574,
      0.9138361215591431,
      0.9038761854171753,
      0.8932056427001953,
      0.8843190670013428,
      0.8774216175079346,
      0.8721354603767395,
      0.8668338060379028,
      0.8548257350921631,
      0.8469809293746948,
      0.8447816371917725,
      0.8445993661880493,
      0.844596266746521,
      0.831749439239502,
      0.8242975473403931,
      0.8209289908409119,
      0.8204147219657898,
      0.815678596496582,
      0.8129845857620239,
      0.8075125217437744,
      0.8067816495895386,
      0.8073136210441589,
      0.8029145002365112,
      0.8026862144470215,
      0.7986810207366943,
      0.7976486086845398,
      0.7972573041915894,
      0.7993718385696411,
      0.7958727478981018,
      0.7895325422286987,
      0.7907886505126953,
      0.7918427586555481,
      0.7892028093338013,
      0.7883688807487488,
      0.7840994596481323,
      0.7851294279098511,
      0.7860370874404907,
      0.779442548751831,
      0.7849575877189636,
      0.7829816341400146,
      0.7807275652885437,
      0.7776956558227539,
      0.7758448719978333,
      0.7789354920387268,
      0.7781729698181152,
      0.7756730914115906,
      0.769616425037384,
      0.7731200456619263,
      0.7755352258682251,
      0.772170901298523,
      0.7741384506225586,
      0.7730658054351807,
      0.7725545167922974,
      0.7669112682342529,
      0.7714759111404419,
      0.7684289216995239,
      0.7634289264678955,
      0.7654881477355957,
      0.7634860277175903,
      0.7620489001274109,
      0.7567520141601562,
      0.7595255374908447,
      0.7545621395111084,
      0.7596502304077148,
      0.7511427402496338,
      0.7526118755340576,
      0.7535390853881836,
      0.7541296482086182,
      0.7493987083435059,
      0.7498795986175537,
      0.7484174966812134,
      0.748375415802002,
      0.7425864338874817,
      0.7439765930175781,
      0.74366295337677,
      0.7420937418937683,
      0.7413118481636047,
      0.7364209890365601,
      0.734600841999054,
      0.737097442150116,
      0.7377162575721741,
      0.7367750406265259,
      0.7354114651679993,
      0.7362400889396667,
      0.7370162010192871,
      0.7394812107086182,
      0.7410399913787842,
      0.7389151453971863,
      0.7448797225952148,
      0.7421586513519287,
      0.7426406145095825,
      0.744816780090332,
      0.74623042345047,
      0.7444902658462524,
      0.745384156703949,
      0.7449952363967896,
      0.7440166473388672,
      0.7458343505859375,
      0.744354784488678,
      0.7410136461257935,
      0.7438113689422607,
      0.7455883026123047,
      0.7434572577476501,
      0.7412043213844299,
      0.7427620887756348,
      0.7399895191192627,
      0.7423936724662781,
      0.7432705163955688,
      0.7469768524169922,
      0.7424622774124146,
      0.7389377355575562,
      0.742542564868927,
      0.7403015494346619,
      0.7428938150405884,
      0.739165723323822,
      0.7408725619316101,
      0.7371495962142944,
      0.7395965456962585,
      0.7381473779678345,
      0.7373722195625305,
      0.7391600608825684,
      0.7395710945129395,
      0.741951048374176,
      0.7385451793670654,
      0.7396253943443298,
      0.7391248941421509,
      0.7388290166854858,
      0.7316644191741943,
      0.7352942228317261,
      0.7380089163780212,
      0.7353764176368713,
      0.73557448387146,
      0.7341415882110596,
      0.7350742816925049,
      0.7344352602958679,
      0.7318723797798157,
      0.7321383953094482,
      0.731019139289856,
      0.7287163734436035,
      0.729462742805481,
      0.7263292670249939,
      0.7256020307540894,
      0.7241952419281006,
      0.7220689058303833,
      0.7194782495498657,
      0.7213688492774963,
      0.7183326482772827,
      0.7208832502365112,
      0.718657374382019,
      0.7239845991134644,
      0.7204301357269287,
      0.722244381904602,
      0.7206847667694092,
      0.7197957038879395,
      0.7195101976394653,
      0.7221679091453552,
      0.7182978391647339,
      0.7178918123245239,
      0.7185103893280029,
      0.7180837988853455,
      0.7148509621620178,
      0.7168331742286682,
      0.7165741920471191,
      0.7187649607658386,
      0.7191921472549438,
      0.719833493232727,
      0.7237862348556519,
      0.7258714437484741,
      0.7272984981536865,
      0.7306853532791138,
      0.7312367558479309,
      0.7351832389831543,
      0.7360758185386658,
      0.7373055219650269,
      0.7401137351989746,
      0.7431184649467468,
      0.7445984482765198,
