{
  "config": {
    "early_stopping": true,
    "epochs": 601,
    "expert_lr": 0.00185024,
    "expert_momentum": 0.956568,
    "expert_num": 4,
    "expert_weight_decay": 0.0001,
    "load_balancing": false,
    "ns_steps": 3,
    "optimizer_family": "muon",
    "router_lr": 0.01748029,
    "router_momentum": 0.932515,
    "router_weight_decay": 0.0
  },
  "eval_metrics": {
    "accuracy": 86.0,
    "dispatch_counts": [
      [
        366.0,
        62.0,
        388.0,
        12.0
      ],
      [
        286.0,
        155.0,
        317.0,
        22.0
      ],
      [
        306.0,
        256.0,
        72.0,
        178.0
      ],
      [
        219.0,
        99.0,
        63.0,
        399.0
      ]
    ],
    "entropy": 1.1846188306808472,
    "loss": 0.4531686007976532,
    "runtime_seconds": 0.004278196021914482,
    "split": "validation"
  },
  "fold_index": 4,
  "mode": "nonlinear",
  "seed": 20815,
  "setting": 2,
  "total_runtime_seconds": 15.064118864014745,
  "train_metrics": {
    "dispatch_counts": [
      [
        1444.0,
        289.0,
        1518.0,
        64.0
      ],
      [
        1130.0,
        642.0,
        1251.0,
        94.0
      ],
      [
        1207.0,
        968.0,
        293.0,
        782.0
      ],
      [
        897.0,
        371.0,
        215.0,
        1635.0
      ]
    ],
    "entropy_record": [
      1.3854222297668457,
      1.3531816005706787,
      1.2754549980163574,
      1.2115814685821533,
      1.172118902206421,
      1.1718690395355225,
      1.1640794277191162,
      1.159273386001587,
      1.1562981605529785,
      1.1436200141906738,
      1.1372370719909668,
      1.133671760559082,
      1.1334693431854248,
      1.128598690032959,
      1.1315178871154785,
      1.1305896043777466,
      1.1334459781646729,
      1.138064980506897,
      1.1407549381256104,
      1.1428550481796265,
      1.1449366807937622,
      1.1486127376556396,
      1.1553367376327515,
      1.1572060585021973,
      1.1618504524230957,
      1.1661179065704346,
      1.1697452068328857,
      1.1748757362365723,
      1.1750757694244385,
      1.1796963214874268,
      1.1844713687896729,
      1.1897393465042114,
      1.196083426475525,
      1.1981834173202515,
      1.2021048069000244,
      1.2048344612121582,
      1.2088124752044678,
      1.2113597393035889,
      1.2146923542022705,
      1.214999794960022,
      1.2186354398727417,
      1.219269037246704,
      1.2199184894561768,
      1.2228491306304932,
      1.2214484214782715,
      1.2221932411193848,
      1.2200284004211426,
      1.2194960117340088,
      1.2184569835662842,
      1.2187225818634033,
      1.2174112796783447,
      1.216493844985962,
      1.2158284187316895,
      1.2141234874725342,
      1.21022629737854,
      1.2103818655014038,
      1.2072508335113525,
      1.2037824392318726,
      1.20180344581604,
      1.1994051933288574,
      1.194800853729248,
      1.1945700645446777,
      1.189619779586792,
      1.1879522800445557,
      1.183253526687622,
      1.1811528205871582,
      1.177365779876709,
      1.1753625869750977,
      1.1737384796142578,
      1.171211838722229,
      1.170420527458191,
      1.1652618646621704,
      1.1631512641906738,
      1.1657072305679321,
      1.1612709760665894,
      1.1580934524536133,
      1.1569406986236572,
      1.1552577018737793,
      1.1532827615737915,
      1.1491847038269043,
      1.1465458869934082,
      1.1444995403289795,
      1.1415929794311523,
      1.139162540435791,
      1.134852409362793,
      1.130141258239746,
      1.1303157806396484,
      1.1249113082885742,
      1.1222580671310425,
      1.1201421022415161,
      1.117392897605896,
      1.1159749031066895,
      1.1143102645874023,
      1.111816167831421,
      1.1112885475158691,
      1.1096954345703125,
      1.107572078704834,
      1.1044236421585083,
      1.104021668434143,
      1.0992811918258667,
      1.0990070104599,
      1.0962523221969604,
      1.0955240726470947,
      1.0952060222625732,
      1.0941073894500732,
      1.0938727855682373,
      1.092450737953186,
      1.0923378467559814,
      1.0915989875793457,
      1.0899336338043213,
      1.088451862335205,
      1.0873836278915405,
      1.0884703397750854,
      1.0868804454803467,
      1.0871254205703735,
      1.0857257843017578,
      1.0852587223052979,
      1.0840425491333008,
      1.0848019123077393,
      1.0846924781799316,
      1.0851038694381714,
      1.0848342180252075,
      1.084181547164917,
      1.08328378200531,
      1.0847333669662476,
      1.0844582319259644,
      1.0855908393859863,
      1.0857791900634766,
      1.085511565208435,
      1.085829257965088,
      1.088141918182373,
      1.0890926122665405,
      1.0913032293319702,
      1.0908993482589722,
      1.0924016237258911,
      1.089885950088501,
      1.0917361974716187,
      1.0909852981567383,
      1.0921155214309692,
      1.0941358804702759,
      1.0926830768585205,
      1.092961311340332,
      1.0934873819351196,
      1.0928361415863037,
      1.0924198627471924,
      1.0951244831085205,
      1.0937457084655762,
      1.0936833620071411,
      1.0945721864700317,
      1.0922554731369019,
      1.092329740524292,
      1.0925800800323486,
      1.0944101810455322,
      1.0946742296218872,
      1.09585702419281,
      1.0933197736740112,
      1.0937607288360596,
      1.0958601236343384,
      1.0967137813568115,
      1.0967755317687988,
      1.098164677619934,
      1.0994702577590942,
      1.1001231670379639,
      1.1027036905288696,
      1.1038368940353394,
      1.104616403579712,
      1.1048393249511719,
      1.1050447225570679,
      1.1057560443878174,
      1.1082979440689087,
      1.1084903478622437,
      1.1093553304672241,
      1.110728144645691,
      1.1116889715194702,
      1.1122888326644897,
      1.11065673828125,
      1.1126456260681152,
      1.1129150390625,
      1.1149667501449585,
      1.1139235496520996,
      1.1140692234039307,
      1.1142288446426392,
      1.117167592048645,
      1.11812424659729,
      1.1195547580718994,
      1.1201984882354736,
      1.1204322576522827,
      1.1201878786087036,
      1.1219003200531006,
      1.122367024421692,
      1.1226636171340942,
      1.1237623691558838,
      1.1248226165771484,
      1.126570463180542,
      1.1273366212844849,
      1.1307650804519653,
      1.1326478719711304,
      1.133095145225525,
      1.135378122329712,
      1.1373399496078491,
      1.1398100852966309,
      1.1400662660598755,
      1.1406548023223877,
      1.1413644552230835,
      1.1413850784301758,
      1.1436421871185303,
      1.143604040145874,
      1.145107388496399,
      1.1457312107086182,
      1.1453018188476562,
      1.1466341018676758,
      1.1489061117172241,
      1.1494072675704956,
      1.1519808769226074,
      1.152506709098816,
      1.153793454170227,
      1.153113603591919,
      1.1542866230010986,
      1.1522959470748901,
      1.1511683464050293,
      1.1514016389846802,
      1.1496585607528687,
      1.1496105194091797,
      1.149662733078003,
      1.1496506929397583,
      1.1530605554580688,
      1.1528146266937256,
      1.153486728668213,
      1.1546446084976196,
      1.1549201011657715,
      1.1555578708648682,
      1.1575144529342651,
      1.1569490432739258,
      1.158544898033142,
      1.1582081317901611,
      1.1594876050949097,
      1.1589105129241943,
      1.160287618637085,
      1.1616458892822266,
      1.1615153551101685,
      1.1612210273742676,
      1.1622445583343506,
      1.1623282432556152,
      1.1625540256500244,
      1.1631028652191162,
      1.1623870134353638,
      1.1639108657836914,
      1.1627055406570435,
      1.1631135940551758,
      1.1632153987884521,
      1.165736198425293,
      1.1638107299804688,
      1.1652626991271973,
      1.1649503707885742,
      1.1648269891738892,
      1.1654869318008423,
      1.1676815748214722,
