{
  "config": {
    "early_stopping": true,
    "epochs": 601,
    "expert_lr": 0.00185024,
    "expert_momentum": 0.956568,
    "expert_num": 4,
    "expert_weight_decay": 0.0001,
    "load_balancing": false,
    "ns_steps": 3,
    "optimizer_family": "muon",
    "router_lr": 0.01748029,
    "router_momentum": 0.932515,
    "router_weight_decay": 0.0
  },
  "eval_metrics": {
    "accuracy": 87.53125,
    "dispatch_counts": [
      [
        624.0,
        140.0,
        27.0,
        38.0
      ],
      [
        8.0,
        268.0,
        37.0,
        466.0
      ],
      [
        124.0,
        115.0,
        529.0,
        45.0
      ],
      [
        31.0,
        220.0,
        340.0,
        188.0
      ]
    ],
    "entropy": 0.9586203098297119,
    "loss": 0.43756797909736633,
    "runtime_seconds": 0.0042922827415168285,
    "split": "validation"
  },
  "fold_index": 3,
  "mode": "nonlinear",
  "seed": 20814,
  "setting": 2,
  "total_runtime_seconds": 5.286710485350341,
  "train_metrics": {
    "dispatch_counts": [
      [
        2507.0,
        543.0,
        80.0,
        184.0
      ],
      [
        39.0,
        1109.0,
        126.0,
        1844.0
      ],
      [
        466.0,
        504.0,
        2103.0,
        176.0
      ],
      [
        76.0,
        946.0,
        1363.0,
        734.0
      ]
    ],
    "entropy_record": [
      1.3856630325317383,
      1.3488922119140625,
      1.2783286571502686,
      1.2601141929626465,
      1.2491464614868164,
      1.2483766078948975,
      1.2437107563018799,
      1.2400124073028564,
      1.2339972257614136,
      1.230031132698059,
      1.218548059463501,
      1.2184683084487915,
      1.2069189548492432,
      1.199402093887329,
      1.1903878450393677,
      1.1821540594100952,
      1.173272728919983,
      1.1656360626220703,
      1.1561903953552246,
      1.1505589485168457,
      1.1382982730865479,
      1.1278815269470215,
      1.1197757720947266,
      1.1105540990829468,
      1.098691701889038,
      1.0895068645477295,
      1.0765092372894287,
      1.068605899810791,
      1.0668230056762695,
      1.0630784034729004,
      1.0598305463790894,
      1.0584394931793213,
      1.0572781562805176,
      1.0620348453521729,
      1.0619502067565918,
      1.0615761280059814,
      1.064879298210144,
      1.0624535083770752,
      1.0669753551483154,
      1.06700599193573,
      1.0694752931594849,
      1.0644553899765015,
      1.0598174333572388,
      1.0610499382019043,
      1.0525147914886475,
      1.0514026880264282,
      1.0484156608581543,
      1.0444681644439697,
      1.0376017093658447,
      1.0338715314865112,
      1.0267177820205688,
      1.016813039779663,
      1.008592963218689,
      0.9999568462371826,
      0.9868662357330322,
      0.9846612811088562,
      0.9754776954650879,
      0.9718904495239258,
      0.971704363822937,
      0.9652599096298218,
      0.9635522961616516,
      0.9591091871261597,
      0.9576983451843262,
      0.9572731852531433,
      0.9561994075775146,
      0.9549658298492432,
      0.9549543261528015,
      0.9515489339828491,
      0.9487724304199219,
      0.9463118314743042,
      0.941864013671875,
      0.9385936260223389,
      0.9318199157714844,
      0.9297173023223877,
      0.927460789680481,
      0.9205432534217834,
      0.9180809855461121,
      0.9136606454849243,
      0.9038236737251282,
      0.9039544463157654,
      0.9022300839424133,
      0.8992992639541626,
      0.8931472897529602,
      0.8941448330879211,
      0.8912826180458069,
      0.8929293155670166,
      0.8933756351470947,
      0.8940123319625854,
      0.8928945064544678,
      0.8916479349136353,
      0.889825701713562,
      0.8929442167282104,
      0.8962900638580322,
      0.8954724669456482,
      0.8964157104492188,
      0.9026066660881042,
      0.9044866561889648,
      0.9054880738258362,
      0.9118089079856873,
      0.9106773138046265,
      0.9137901663780212,
      0.916825532913208,
      0.9202721118927002,
      0.9210548400878906,
      0.9237273931503296,
      0.9275139570236206,
      0.9318616390228271,
      0.9313600063323975,
      0.9350019097328186,
      0.9370360374450684,
      0.9418424367904663,
      0.9397276639938354,
      0.9444543123245239,
      0.9467414617538452
    ],
    "epochs_ran": 114,
    "final_entropy": 0.9467414617538452,
    "final_loss": 0.43692463636398315,
    "plot_diagnostics": null,
    "runtime_seconds": 5.282418202608824
  }
}