{
  "config": {
    "early_stopping": true,
    "epochs": 601,
    "expert_lr": 0.00185024,
    "expert_momentum": 0.956568,
    "expert_num": 4,
    "expert_weight_decay": 0.0001,
    "load_balancing": false,
    "ns_steps": 3,
    "optimizer_family": "muon",
    "router_lr": 0.01748029,
    "router_momentum": 0.932515,
    "router_weight_decay": 0.0
  },
  "eval_metrics": {
    "accuracy": 90.3125,
    "dispatch_counts": [
      [
        438.0,
        0.0,
        292.0,
        98.0
      ],
      [
        20.0,
        115.0,
        5.0,
        640.0
      ],
      [
        109.0,
        287.0,
        366.0,
        50.0
      ],
      [
        290.0,
        147.0,
        178.0,
        165.0
      ]
    ],
    "entropy": 1.0305113792419434,
    "loss": 0.40994539856910706,
    "runtime_seconds": 0.004651729948818684,
    "split": "validation"
  },
  "fold_index": 0,
  "mode": "nonlinear",
  "seed": 20811,
  "setting": 2,
  "total_runtime_seconds": 27.772161130793393,
  "train_metrics": {
    "dispatch_counts": [
      [
        1790.0,
        14.0,
        1139.0,
        372.0
      ],
      [
        59.0,
        503.0,
        24.0,
        2531.0
      ],
      [
        506.0,
        1098.0,
        1433.0,
        213.0
      ],
      [
        1182.0,
        573.0,
        683.0,
        680.0
      ]
    ],
    "entropy_record": [
      1.3853793144226074,
      1.3516027927398682,
      1.3331242799758911,
      1.2952468395233154,
      1.2654410600662231,
      1.2415430545806885,
      1.2231682538986206,
      1.20651376247406,
      1.2008448839187622,
      1.1868071556091309,
      1.184529423713684,
      1.1797693967819214,
      1.177433729171753,
      1.1686642169952393,
      1.1751080751419067,
      1.1676385402679443,
      1.1634432077407837,
      1.160475254058838,
      1.1584612131118774,
      1.1606196165084839,
      1.1548930406570435,
      1.1574411392211914,
      1.1537253856658936,
      1.1573715209960938,
      1.1534249782562256,
      1.1558948755264282,
      1.1593230962753296,
      1.1560537815093994,
      1.1604136228561401,
      1.157262921333313,
      1.157233715057373,
      1.154312252998352,
      1.155637502670288,
      1.1538363695144653,
      1.152720332145691,
      1.1503567695617676,
      1.1486252546310425,
      1.1498606204986572,
      1.146033763885498,
      1.1463228464126587,
      1.1453070640563965,
      1.1445645093917847,
      1.1421377658843994,
      1.1426795721054077,
      1.1442155838012695,
      1.143019437789917,
      1.139161467552185,
      1.1398332118988037,
      1.1331403255462646,
      1.1328368186950684,
      1.1313921213150024,
      1.126293420791626,
      1.124788522720337,
      1.1238642930984497,
      1.122239351272583,
      1.1218191385269165,
      1.1175795793533325,
      1.1173996925354004,
      1.1113083362579346,
      1.1068792343139648,
      1.1056007146835327,
      1.1014643907546997,
      1.0988975763320923,
      1.094895601272583,
      1.0930708646774292,
      1.0875253677368164,
      1.0825194120407104,
      1.081242322921753,
      1.0793757438659668,
      1.0735273361206055,
      1.0725555419921875,
      1.07203209400177,
      1.0705246925354004,
      1.0696557760238647,
      1.0693330764770508,
      1.0694116353988647,
      1.0686935186386108,
      1.070712924003601,
      1.0712945461273193,
      1.0748107433319092,
      1.0747644901275635,
      1.079661250114441,
      1.0789121389389038,
      1.0815349817276,
      1.0812288522720337,
      1.0862410068511963,
      1.0893352031707764,
      1.0901955366134644,
      1.0908671617507935,
      1.0904086828231812,
      1.0925705432891846,
      1.093418002128601,
      1.0977891683578491,
      1.098263144493103,
      1.100903034210205,
      1.1038049459457397,
      1.1044920682907104,
      1.1030157804489136,
      1.106945514678955,
      1.1059428453445435,
      1.1085268259048462,
      1.109287977218628,
      1.1099801063537598,
      1.111791729927063,
      1.1116009950637817,
      1.1139726638793945,
      1.1140899658203125,
      1.1156541109085083,
      1.1180871725082397,
      1.1167833805084229,
      1.118767499923706,
      1.1189863681793213,
      1.1196198463439941,
      1.1200487613677979,
      1.1218366622924805,
      1.1199004650115967,
      1.1202995777130127,
      1.1212657690048218,
      1.1215262413024902,
      1.120134949684143,
      1.120966911315918,
      1.1209415197372437,
      1.1218736171722412,
      1.1218067407608032,
      1.1233028173446655,
      1.1218411922454834,
      1.1233901977539062,
      1.122943639755249,
      1.1227079629898071,
      1.121567726135254,
      1.1235764026641846,
      1.1239013671875,
      1.1211134195327759,
      1.1234595775604248,
      1.1251122951507568,
      1.1237637996673584,
      1.1231249570846558,
      1.1237473487854004,
      1.1217820644378662,
      1.1189658641815186,
      1.118694543838501,
      1.116053581237793,
      1.1150710582733154,
      1.113235592842102,
      1.1148626804351807,
      1.113236904144287,
      1.1120340824127197,
      1.1111445426940918,
      1.1107558012008667,
      1.1099815368652344,
      1.109527826309204,
      1.1095197200775146,
      1.1091142892837524,
      1.1102583408355713,
      1.1105555295944214,
      1.1112453937530518,
      1.1117210388183594,
      1.1113708019256592,
      1.111326813697815,
      1.1135507822036743,
      1.1130733489990234,
      1.1126710176467896,
      1.1128336191177368,
      1.1143333911895752,
      1.113851547241211,
      1.1154606342315674,
      1.1160194873809814,
      1.1171257495880127,
      1.1185510158538818,
      1.1199383735656738,
      1.1205637454986572,
      1.1217137575149536,
      1.1216224431991577,
      1.123600959777832,
      1.126674771308899,
      1.127631425857544,
      1.1275274753570557,
      1.129482388496399,
      1.1281509399414062,
      1.1289575099945068,
      1.131732702255249,
      1.131113052368164,
      1.1314719915390015,
      1.1316816806793213,
      1.1325995922088623,
      1.1326673030853271,
      1.132831335067749,
      1.1340527534484863,
      1.1358791589736938,
      1.1370686292648315,
      1.1380654573440552,
      1.1377828121185303,
      1.1390405893325806,
      1.1392523050308228,
      1.1398530006408691,
      1.1415644884109497,
      1.1416120529174805,
      1.1427769660949707,
      1.143526315689087,
      1.142103910446167,
      1.143759846687317,
      1.1439402103424072,
      1.1452606916427612,
      1.1444623470306396,
      1.1450271606445312,
      1.1448993682861328,
      1.1459250450134277,
      1.1478955745697021,
      1.1472101211547852,
      1.149155855178833,
      1.1503124237060547,
      1.15130615234375,
      1.1491825580596924,
      1.1476476192474365,
      1.1467840671539307,
      1.1476848125457764,
      1.147038221359253,
      1.1454448699951172,
      1.1459221839904785,
      1.1445648670196533,
      1.143514633178711,
      1.1437445878982544,
      1.1431528329849243,
      1.1410362720489502,
      1.1416391134262085,
      1.1408402919769287,
      1.139756441116333,
      1.1397926807403564,
      1.1389656066894531,
      1.1370034217834473,
      1.1362876892089844,
      1.136657476425171,
      1.1344246864318848,
      1.1343718767166138,
      1.1328251361846924,
      1.1326797008514404,
      1.1314197778701782,
      1.1316040754318237,
      1.1316282749176025,
      1.1306986808776855,
      1.1275829076766968,
      1.1290730237960815,
      1.1264755725860596,
      1.125164270401001,
      1.1249785423278809,
      1.1234118938446045,
      1.1235671043395996,
      1.1240705251693726,
      1.121145486831665,
      1.1218547821044922,
      1.1217095851898193,
      1.120008945465088,
      1.119787573814392,
      1.1174370050430298,
      1.1178816556930542,
      1.1164169311523438,
      1.1180299520492554,
