{
  "config": {
    "early_stopping": true,
    "epochs": 601,
    "expert_lr": 0.00185024,
    "expert_momentum": 0.956568,
    "expert_num": 4,
    "expert_weight_decay": 0.0001,
    "load_balancing": false,
    "ns_steps": 3,
    "optimizer_family": "muon",
    "router_lr": 0.01748029,
    "router_momentum": 0.932515,
    "router_weight_decay": 0.0
  },
  "eval_metrics": {
    "accuracy": 83.1875,
    "dispatch_counts": [
      [
        220.0,
        86.0,
        300.0,
        223.0
      ],
      [
        62.0,
        293.0,
        370.0,
        54.0
      ],
      [
        105.0,
        269.0,
        285.0,
        153.0
      ],
      [
        266.0,
        65.0,
        130.0,
        319.0
      ]
    ],
    "entropy": 1.2639106512069702,
    "loss": 0.48139485716819763,
    "runtime_seconds": 0.00433869194239378,
    "split": "validation"
  },
  "fold_index": 1,
  "mode": "nonlinear",
  "seed": 20812,
  "setting": 2,
  "total_runtime_seconds": 22.62084687780589,
  "train_metrics": {
    "dispatch_counts": [
      [
        838.0,
        402.0,
        1174.0,
        900.0
      ],
      [
        239.0,
        1154.0,
        1466.0,
        259.0
      ],
      [
        337.0,
        1023.0,
        1224.0,
        666.0
      ],
      [
        1044.0,
        260.0,
        566.0,
        1248.0
      ]
    ],
    "entropy_record": [
      1.3852254152297974,
      1.3392585515975952,
      1.2495964765548706,
      1.1908533573150635,
      1.1946617364883423,
      1.2019598484039307,
      1.2054901123046875,
      1.2021498680114746,
      1.2055325508117676,
      1.1997383832931519,
      1.1952595710754395,
      1.1905491352081299,
      1.1805531978607178,
      1.1726555824279785,
      1.1726315021514893,
      1.1670036315917969,
      1.1637252569198608,
      1.1610798835754395,
      1.161232352256775,
      1.1593425273895264,
      1.1615126132965088,
      1.159745693206787,
      1.1602576971054077,
      1.1621298789978027,
      1.1594518423080444,
      1.1585469245910645,
      1.1600990295410156,
      1.1578831672668457,
      1.1590325832366943,
      1.1578727960586548,
      1.162107229232788,
      1.158684492111206,
      1.159562349319458,
      1.160412073135376,
      1.1607136726379395,
      1.1581995487213135,
      1.1600791215896606,
      1.1606205701828003,
      1.1596879959106445,
      1.1606903076171875,
      1.1605569124221802,
      1.1607192754745483,
      1.1618958711624146,
      1.1603509187698364,
      1.160934329032898,
      1.1608806848526,
      1.1633262634277344,
      1.1628062725067139,
      1.1647891998291016,
      1.163252830505371,
      1.164351224899292,
      1.1633442640304565,
      1.163780927658081,
      1.1655120849609375,
      1.1637998819351196,
      1.1663398742675781,
      1.1645969152450562,
      1.1653895378112793,
      1.166831612586975,
      1.167631983757019,
      1.169293761253357,
      1.16819429397583,
      1.1689943075180054,
      1.168357491493225,
      1.1707080602645874,
      1.1680597066879272,
      1.1694004535675049,
      1.1684849262237549,
      1.168601632118225,
      1.1691819429397583,
      1.1693252325057983,
      1.1711164712905884,
      1.1711347103118896,
      1.1698296070098877,
      1.1709520816802979,
      1.170495867729187,
      1.1721434593200684,
      1.1723254919052124,
      1.1711673736572266,
      1.1738351583480835,
      1.1737617254257202,
      1.172783374786377,
      1.1725568771362305,
      1.172973394393921,
      1.175112247467041,
      1.1758246421813965,
      1.1747161149978638,
      1.1747338771820068,
      1.175706148147583,
      1.1766397953033447,
      1.1765861511230469,
      1.1774626970291138,
      1.1771727800369263,
      1.175257921218872,
      1.1772701740264893,
      1.1781682968139648,
      1.1771419048309326,
      1.178194522857666,
      1.1788207292556763,
      1.1786435842514038,
      1.1780909299850464,
      1.1792306900024414,
      1.1782913208007812,
      1.1790435314178467,
      1.1790289878845215,
      1.17942476272583,
      1.1801495552062988,
      1.1794224977493286,
      1.1791566610336304,
      1.1793347597122192,
      1.1804158687591553,
      1.1801395416259766,
      1.1788806915283203,
      1.17960524559021,
      1.1812609434127808,
      1.1819815635681152,
      1.181692361831665,
      1.1825382709503174,
      1.182081937789917,
      1.1822408437728882,
      1.1838507652282715,
      1.1849225759506226,
      1.1858330965042114,
      1.1870887279510498,
      1.1877484321594238,
      1.188968539237976,
      1.1886662244796753,
      1.189995288848877,
      1.1919686794281006,
      1.1912651062011719,
      1.1904628276824951,
      1.1919536590576172,
      1.191490650177002,
      1.1918134689331055,
      1.1930235624313354,
      1.1931102275848389,
      1.1944857835769653,
      1.1951655149459839,
      1.1955097913742065,
      1.195880651473999,
      1.1973530054092407,
      1.1982336044311523,
      1.1990872621536255,
      1.1991772651672363,
      1.1992394924163818,
      1.2020775079727173,
      1.202721118927002,
      1.2019420862197876,
      1.2039026021957397,
      1.2023729085922241,
      1.2022440433502197,
      1.2043155431747437,
      1.203727126121521,
      1.2023788690567017,
      1.203493356704712,
      1.2033424377441406,
      1.2035648822784424,
      1.2038764953613281,
      1.2036702632904053,
      1.2028976678848267,
      1.2029682397842407,
      1.2023162841796875,
      1.2025941610336304,
      1.2025198936462402,
      1.203657865524292,
      1.2032381296157837,
      1.2037467956542969,
      1.2042696475982666,
      1.205812692642212,
      1.2055027484893799,
      1.2036889791488647,
      1.2044507265090942,
      1.2036813497543335,
      1.2043988704681396,
      1.2028412818908691,
      1.2028279304504395,
      1.203359603881836,
      1.2027579545974731,
      1.2025363445281982,
      1.2021406888961792,
      1.2024507522583008,
      1.2003319263458252,
      1.2011194229125977,
      1.2022002935409546,
      1.2024149894714355,
      1.2016016244888306,
      1.2000291347503662,
      1.2010360956192017,
      1.2014563083648682,
      1.2020173072814941,
      1.2011479139328003,
      1.200404167175293,
      1.20088529586792,
      1.1998703479766846,
      1.2003298997879028,
      1.2009283304214478,
      1.200276255607605,
      1.201737880706787,
      1.2023305892944336,
      1.2032562494277954,
      1.2029255628585815,
      1.2057013511657715,
      1.2055790424346924,
      1.2068828344345093,
      1.2086844444274902,
      1.2082467079162598,
      1.2093256711959839,
      1.2100991010665894,
      1.2098631858825684,
      1.2108500003814697,
      1.2094244956970215,
      1.2098981142044067,
      1.2089521884918213,
      1.2104132175445557,
      1.2100565433502197,
      1.2104947566986084,
      1.2118526697158813,
      1.2120802402496338,
      1.2125223875045776,
      1.2129442691802979,
      1.2135579586029053,
      1.2131820917129517,
      1.2143102884292603,
      1.2153085470199585,
      1.2159855365753174,
      1.2155935764312744,
      1.2156338691711426,
      1.2177796363830566,
      1.2178620100021362,
      1.2162315845489502,
      1.2167165279388428,
      1.2172296047210693,
      1.218047857284546,
      1.2172534465789795,
      1.2187758684158325,
      1.2172917127609253,
      1.2175105810165405,
      1.216423749923706,
      1.216973900794983,
      1.217687964439392,
      1.2184211015701294,
      1.2192517518997192,
      1.2207920551300049,
      1.220373272895813,
      1.2216030359268188,
      1.2228105068206787,
      1.2235268354415894,
      1.2256015539169312,
      1.2267825603485107,
      1.2287191152572632,
      1.2296885251998901,
      1.231717824935913,
      1.2320594787597656,
      1.233473300933838,
      1.234492540359497,
      1.2364267110824585,
