{
  "config": {
    "early_stopping": true,
    "epochs": 601,
    "expert_lr": 0.00053088,
    "expert_momentum": 0.877329,
    "expert_num": 4,
    "expert_weight_decay": 1e-05,
    "load_balancing": false,
    "ns_steps": 5,
    "optimizer_family": "muon",
    "router_lr": 0.01670582,
    "router_momentum": 0.882769,
    "router_weight_decay": 0.001
  },
  "eval_metrics": {
    "accuracy": 89.84375,
    "dispatch_counts": [
      [
        150.0,
        149.0,
        395.0,
        135.0
      ],
      [
        122.0,
        102.0,
        268.0,
        287.0
      ],
      [
        200.0,
        121.0,
        373.0,
        119.0
      ],
      [
        184.0,
        325.0,
        17.0,
        253.0
      ]
    ],
    "entropy": 1.262972116470337,
    "loss": 0.4150361120700836,
    "runtime_seconds": 0.004506480880081654,
    "split": "validation"
  },
  "fold_index": 2,
  "mode": "nonlinear",
  "seed": 40013,
  "setting": 4,
  "total_runtime_seconds": 28.09199937665835,
  "train_metrics": {
    "dispatch_counts": [
      [
        599.0,
        636.0,
        1545.0,
        534.0
      ],
      [
        472.0,
        435.0,
        1069.0,
        1142.0
      ],
      [
        826.0,
        488.0,
        1463.0,
        472.0
      ],
      [
        811.0,
        1194.0,
        68.0,
        1046.0
      ]
    ],
    "entropy_record": [
      1.3855984210968018,
      1.3254252672195435,
      1.232974648475647,
      1.1902939081192017,
      1.1754059791564941,
      1.1727735996246338,
      1.1740986108779907,
      1.167281985282898,
      1.1704893112182617,
      1.1714816093444824,
      1.1673833131790161,
      1.172298550605774,
      1.1706676483154297,
      1.173380732536316,
      1.1763269901275635,
      1.1764709949493408,
      1.1753658056259155,
      1.1771622896194458,
      1.1758580207824707,
      1.177799940109253,
      1.1792587041854858,
      1.1781725883483887,
      1.1803209781646729,
      1.1811251640319824,
      1.180058479309082,
      1.1787563562393188,
      1.177425742149353,
      1.179671287536621,
      1.178885579109192,
      1.1786102056503296,
      1.1793545484542847,
      1.1793324947357178,
      1.1782433986663818,
      1.1789655685424805,
      1.178086519241333,
      1.1791000366210938,
      1.177558422088623,
      1.1746742725372314,
      1.1754910945892334,
      1.1750560998916626,
      1.1729986667633057,
      1.1716792583465576,
      1.1712387800216675,
      1.1720547676086426,
      1.1674284934997559,
      1.1666362285614014,
      1.1642776727676392,
      1.161230206489563,
      1.1598602533340454,
      1.1567106246948242,
      1.1554627418518066,
      1.1527807712554932,
      1.150452971458435,
      1.1481469869613647,
      1.1475108861923218,
      1.1460069417953491,
      1.143792986869812,
      1.1429798603057861,
      1.1410657167434692,
      1.137632131576538,
      1.1390186548233032,
      1.1356291770935059,
      1.1373957395553589,
      1.13649320602417,
      1.1367638111114502,
      1.1372499465942383,
      1.1371461153030396,
      1.1356327533721924,
      1.135656714439392,
      1.137462854385376,
      1.1365840435028076,
      1.137985110282898,
      1.1380976438522339,
      1.1388256549835205,
      1.1409623622894287,
      1.1422686576843262,
      1.1423606872558594,
      1.1439498662948608,
      1.1440787315368652,
      1.146972894668579,
      1.14670729637146,
      1.147177815437317,
      1.1500308513641357,
      1.1517826318740845,
      1.1539528369903564,
      1.154557466506958,
      1.1578011512756348,
      1.1591260433197021,
      1.1615153551101685,
      1.1623952388763428,
      1.1641435623168945,
      1.1644318103790283,
      1.1639642715454102,
      1.1655826568603516,
      1.1652543544769287,
      1.1658368110656738,
      1.1674308776855469,
      1.1685179471969604,
      1.1690239906311035,
      1.1716949939727783,
      1.173380732536316,
      1.1742565631866455,
      1.1750280857086182,
      1.1766867637634277,
      1.1773386001586914,
      1.1792219877243042,
      1.1803984642028809,
      1.180937647819519,
      1.1828787326812744,
      1.1833688020706177,
      1.1854995489120483,
      1.18657386302948,
      1.1884733438491821,
      1.1892669200897217,
      1.190652847290039,
      1.193828821182251,
      1.1929330825805664,
      1.1945488452911377,
      1.1963075399398804,
      1.1989023685455322,
      1.1993604898452759,
      1.1999754905700684,
      1.2017128467559814,
      1.2026221752166748,
      1.2046263217926025,
      1.2058883905410767,
      1.206921935081482,
      1.208345651626587,
      1.2105274200439453,
      1.2114129066467285,
      1.2127563953399658,
      1.2144920825958252,
      1.214590311050415,
      1.2157487869262695,
      1.2178089618682861,
      1.2171151638031006,
      1.2197868824005127,
      1.2194406986236572,
      1.2204328775405884,
      1.22334623336792,
      1.2240848541259766,
      1.2242814302444458,
      1.2248663902282715,
      1.224951982498169,
      1.2259125709533691,
      1.226235270500183,
      1.227630615234375,
      1.2265114784240723,
      1.2285916805267334,
      1.227629542350769,
      1.2279915809631348,
      1.2288962602615356,
      1.228553295135498,
      1.2297186851501465,
      1.2291550636291504,
      1.2300469875335693,
      1.2292729616165161,
      1.2307066917419434,
      1.2290222644805908,
      1.2306171655654907,
      1.2296721935272217,
      1.2303214073181152,
      1.230446219444275,
      1.2306400537490845,
      1.2294702529907227,
      1.2305293083190918,
      1.2305660247802734,
      1.2305450439453125,
      1.2311042547225952,
      1.2319488525390625,
      1.231311321258545,
      1.2323821783065796,
      1.2327055931091309,
      1.233885645866394,
      1.2334790229797363,
      1.2346477508544922,
      1.234088659286499,
      1.2356377840042114,
      1.2346429824829102,
      1.2367477416992188,
      1.2381806373596191,
      1.2375015020370483,
      1.2380837202072144,
      1.2383337020874023,
      1.2390151023864746,
      1.2405972480773926,
      1.2393412590026855,
      1.241108775138855,
      1.240823745727539,
      1.2423936128616333,
      1.242405891418457,
      1.2422935962677002,
      1.2436429262161255,
      1.244213342666626,
      1.243687391281128,
      1.244532585144043,
      1.2461509704589844,
      1.2451767921447754,
      1.2459397315979004,
      1.2473058700561523,
      1.2467743158340454,
      1.248073935508728,
      1.2483620643615723,
      1.2477493286132812,
      1.247895359992981,
      1.2483267784118652,
      1.2482513189315796,
      1.248354434967041,
      1.2497228384017944,
      1.2493871450424194,
      1.2498775720596313,
      1.2502787113189697,
      1.2502894401550293,
      1.2508819103240967,
      1.2520320415496826,
      1.2525224685668945,
      1.2528793811798096,
      1.2535382509231567,
      1.2539416551589966,
      1.2535653114318848,
      1.2528361082077026,
      1.253483772277832,
      1.2543505430221558,
      1.254210352897644,
      1.2552311420440674,
      1.25449538230896,
      1.2551615238189697,
      1.2554470300674438,
      1.2559643983840942,
      1.256762981414795,
      1.2566114664077759,
      1.2576816082000732,
      1.2567217350006104,
      1.2580761909484863,
      1.2570149898529053,
      1.2585924863815308,
      1.2585604190826416,
      1.2592308521270752,
      1.25897216796875,
      1.2583909034729004,
      1.2584378719329834,
      1.258272409439087,
      1.258230447769165,
      1.2578299045562744,
      1.2583439350128174,
      1.2579054832458496,
      1.258161187171936,
      1.2585734128952026,
      1.259019374847412,
      1.2591485977172852,
      1.2592984437942505,
      1.2593342065811157,
      1.2603967189788818,
      1.260093331336975,
      1.2604670524597168,
      1.2603132724761963,
