{
  "config": {
    "early_stopping": true,
    "epochs": 601,
    "expert_lr": 0.00336808,
    "expert_momentum": 0.925131,
    "expert_num": 8,
    "expert_weight_decay": 0.001,
    "load_balancing": false,
    "optimizer_family": "original",
    "router_lr": 0.02690196,
    "router_momentum": 0.871221,
    "router_weight_decay": 0.0001
  },
  "eval_metrics": {
    "accuracy": 94.625,
    "dispatch_counts": [
      [
        1.0,
        732.0,
        0.0,
        0.0,
        0.0,
        74.0,
        0.0,
        0.0
      ],
      [
        211.0,
        1.0,
        236.0,
        0.0,
        0.0,
        4.0,
        347.0,
        0.0
      ],
      [
        1.0,
        1.0,
        0.0,
        301.0,
        388.0,
        4.0,
        1.0,
        106.0
      ],
      [
        14.0,
        574.0,
        0.0,
        2.0,
        0.0,
        22.0,
        1.0,
        179.0
      ]
    ],
    "entropy": 0.3989216983318329,
    "loss": 0.36701151728630066,
    "runtime_seconds": 0.012293551117181778,
    "split": "validation"
  },
  "fold_index": 2,
  "mode": "nonlinear",
  "seed": 11613,
  "setting": 1,
  "total_runtime_seconds": 50.24017417896539,
  "train_metrics": {
    "dispatch_counts": [
      [
        1.0,
        2925.0,
        0.0,
        9.0,
        1.0,
        291.0,
        1.0,
        0.0
      ],
      [
        926.0,
        5.0,
        950.0,
        0.0,
        0.0,
        14.0,
        1304.0,
        1.0
      ],
      [
        0.0,
        5.0,
        1.0,
        1076.0,
        1647.0,
        11.0,
        4.0,
        460.0
      ],
      [
        54.0,
        2249.0,
        2.0,
        3.0,
        1.0,
        121.0,
        1.0,
        737.0
      ]
    ],
    "entropy_record": [
      1.3854658603668213,
      1.3857786655426025,
      1.3850290775299072,
      1.3853102922439575,
      1.385831594467163,
      1.3855817317962646,
      1.3845022916793823,
      1.3786381483078003,
      1.3545805215835571,
      1.2915620803833008,
      1.194039225578308,
      1.0711510181427002,
      0.9344208836555481,
      0.8140038847923279,
      0.7037993669509888,
      0.6008450388908386,
      0.5405660271644592,
      0.479089617729187,
      0.43847981095314026,
      0.42345619201660156,
      0.41321995854377747,
      0.4051809310913086,
      0.38704729080200195,
      0.38871532678604126,
      0.38713347911834717,
      0.385173499584198,
      0.3858722448348999,
      0.3746979236602783,
      0.3860345184803009,
      0.3935757875442505,
      0.3830115795135498,
      0.383379727602005,
      0.38892123103141785,
      0.39403679966926575,
      0.39215466380119324,
      0.39132261276245117,
      0.3905889391899109,
      0.3911539316177368,
      0.3905229866504669,
      0.38919615745544434,
      0.39595282077789307,
      0.3870467245578766,
      0.3919256627559662,
      0.3891087770462036,
      0.38886696100234985,
      0.40108931064605713,
      0.3946905732154846,
      0.3883187174797058,
      0.392844021320343,
      0.3915289342403412,
      0.3902560770511627,
      0.38611549139022827,
      0.3859558701515198,
      0.39324021339416504,
      0.389675110578537,
      0.3948025405406952,
      0.39630237221717834,
      0.3863104581832886,
      0.3862595558166504,
      0.3964580297470093,
      0.3943081498146057,
      0.3895138204097748,
      0.39632922410964966,
      0.39738497138023376,
      0.3951683044433594,
      0.3906841576099396,
      0.392319917678833,
      0.38958579301834106,
      0.39835911989212036,
      0.39434677362442017,
      0.39483872056007385,
      0.3888874650001526,
      0.3905375003814697,
      0.39494872093200684,
      0.39726462960243225,
      0.3961579203605652,
      0.38764169812202454,
      0.3951347768306732,
      0.3902714252471924,
      0.39035189151763916,
      0.39414742588996887,
      0.39600813388824463,
      0.3899551033973694,
      0.39618784189224243,
      0.39237985014915466,
      0.39682331681251526,
      0.3931364417076111,
      0.39249905943870544,
      0.3867766857147217,
      0.3862125873565674,
      0.3912624418735504,
      0.3903566002845764,
      0.38959604501724243,
      0.39052557945251465,
      0.3909838795661926,
      0.39443549513816833,
      0.391493022441864,
      0.3930354714393616,
      0.3965350389480591,
      0.39659351110458374,
      0.3890373110771179,
      0.3966280519962311,
      0.3956063985824585,
      0.39791902899742126,
      0.3981764316558838,
      0.39739736914634705,
      0.39706557989120483,
      0.3945874273777008,
      0.3892996609210968,
      0.39441391825675964,
      0.39458155632019043,
      0.3939877152442932,
      0.39465564489364624,
      0.39383718371391296,
      0.38899752497673035,
      0.39246633648872375,
      0.3892297148704529,
      0.39337003231048584,
      0.3904796540737152,
      0.39980414509773254,
      0.39522963762283325,
      0.39581015706062317,
      0.398425817489624,
      0.3951719403266907,
      0.3946375548839569,
      0.38921937346458435,
      0.39646780490875244,
      0.3982943296432495,
      0.3958130180835724,
      0.40147289633750916,
      0.3913422226905823,
      0.3988417685031891,
      0.39225873351097107,
      0.39286381006240845,
      0.39056622982025146,
      0.39722731709480286,
      0.39205262064933777,
      0.39200741052627563,
      0.39489421248435974,
      0.39624854922294617,
      0.3913649618625641,
      0.3948619067668915,
      0.3957684338092804,
      0.39779534935951233,
      0.4010535180568695,
      0.3946717381477356,
      0.39649930596351624,
      0.396756112575531,
      0.38995054364204407,
      0.39668065309524536,
      0.39211273193359375,
      0.3900991678237915,
      0.3962200880050659,
      0.39189761877059937,
      0.38810116052627563,
      0.3923157751560211,
      0.3959740400314331,
      0.3951002359390259,
      0.39346903562545776,
      0.39522796869277954,
      0.39428964257240295,
      0.3933868110179901,
      0.3959159553050995,
      0.39596259593963623,
      0.39577826857566833,
      0.3939914405345917,
      0.3948933780193329,
      0.38793623447418213,
      0.39667120575904846,
      0.39295417070388794,
      0.3966315686702728,
      0.39701607823371887,
      0.39783066511154175,
      0.4022519588470459,
      0.3919239044189453,
      0.4027433395385742,
      0.3983613848686218,
      0.3957524001598358,
      0.39930257201194763,
      0.40030637383461,
      0.3886384665966034,
      0.3993644714355469,
      0.40152066946029663,
      0.3950583040714264,
      0.39688295125961304,
      0.3959291875362396,
      0.3906635046005249,
      0.39449334144592285,
      0.39172065258026123,
      0.39138954877853394,
      0.3938174247741699,
      0.389333039522171,
      0.3973942697048187,
      0.39064112305641174,
      0.39868223667144775,
      0.39290887117385864,
      0.40202051401138306,
      0.3948276937007904,
      0.39339664578437805,
      0.3891489803791046,
      0.39623796939849854,
      0.39474377036094666,
      0.3916915953159332,
      0.39249759912490845,
      0.3999534249305725,
      0.3947446346282959,
      0.3941267728805542,
      0.3928597867488861,
      0.3946264386177063,
      0.39204952120780945,
      0.3985079526901245,
      0.4015231132507324,
      0.39420485496520996,
      0.39356085658073425,
      0.4009089469909668,
      0.39617443084716797,
      0.3980221152305603,
      0.3968098759651184,
      0.39626652002334595,
      0.3926545977592468,
      0.39658910036087036,
      0.39618170261383057,
      0.3983912467956543,
      0.39533042907714844,
      0.3971668481826782,
      0.3969079852104187,
      0.3888372480869293,
      0.3913576602935791,
      0.39612555503845215,
      0.39563632011413574,
      0.3959852159023285,
      0.3992472290992737,
      0.39031127095222473,
      0.401765376329422,
      0.39209985733032227,
      0.3964984118938446,
