{
  "config": {
    "early_stopping": true,
    "epochs": 601,
    "expert_lr": 0.00081262,
    "expert_momentum": 0.89271,
    "expert_num": 8,
    "expert_weight_decay": 0.0,
    "load_balancing": false,
    "optimizer_family": "original",
    "router_lr": 0.01001799,
    "router_momentum": 0.940423,
    "router_weight_decay": 0.0001
  },
  "eval_metrics": {
    "accuracy": 100.0,
    "dispatch_counts": [
      [
        477.0,
        330.0,
        0.0,
        0.0,
        0.0,
        0.0,
        0.0,
        0.0
      ],
      [
        0.0,
        0.0,
        0.0,
        0.0,
        0.0,
        799.0,
        0.0,
        0.0
      ],
      [
        0.0,
        0.0,
        0.0,
        781.0,
        21.0,
        0.0,
        0.0,
        0.0
      ],
      [
        0.0,
        0.0,
        5.0,
        0.0,
        0.0,
        0.0,
        787.0,
        0.0
      ]
    ],
    "entropy": 0.0,
    "loss": 0.3132651746273041,
    "runtime_seconds": 0.008557616267353296,
    "split": "validation"
  },
  "fold_index": 2,
  "mode": "nonlinear",
  "seed": 11813,
  "setting": 1,
  "total_runtime_seconds": 3.960029577370733,
  "train_metrics": {
    "dispatch_counts": [
      [
        1999.0,
        1229.0,
        0.0,
        0.0,
        0.0,
        0.0,
        0.0,
        0.0
      ],
      [
        0.0,
        0.0,
        0.0,
        0.0,
        0.0,
        3200.0,
        0.0,
        0.0
      ],
      [
        0.0,
        0.0,
        0.0,
        3062.0,
        141.0,
        1.0,
        0.0,
        0.0
      ],
      [
        0.0,
        0.0,
        29.0,
        0.0,
        0.0,
        0.0,
        3139.0,
        0.0
      ]
    ],
    "entropy_record": [
      1.385715365409851,
      1.385422706604004,
      1.385465145111084,
      1.3853888511657715,
      1.385503888130188,
      1.3855767250061035,
      1.3850302696228027,
      1.3856065273284912,
      1.3853025436401367,
      1.3847719430923462,
      1.385616660118103,
      1.3856818675994873,
      1.3843172788619995,
      1.3829416036605835,
      1.3820910453796387,
      1.373727560043335,
      1.3602538108825684,
      1.3346925973892212,
      1.2881312370300293,
      1.1988029479980469,
      1.0990251302719116,
      0.9558155536651611,
      0.7956516742706299,
      0.6060145497322083,
      0.4247055947780609,
      0.25106748938560486,
      0.15910141170024872,
      0.09638041257858276,
      0.04805384948849678,
      0.02880324050784111,
      0.018859846517443657,
      0.013326587155461311,
      0.00823190901428461,
      0.004086988978087902,
      0.0033852150663733482,
      0.002966177649796009,
      0.001841117744334042,
      0.0020165108144283295,
      0.0025182117242366076,
      0.003233408322557807,
      0.0,
      0.0006675839540548623,
      0.002295492449775338,
      0.0013474739389494061,
      0.0013791422825306654,
      0.0007086730911396444,
      0.0,
      0.0007086730911396444
    ],
    "epochs_ran": 48,
    "final_entropy": 0.0007086730911396444,
    "final_loss": 0.31329014897346497,
    "plot_diagnostics": null,
    "runtime_seconds": 3.9514719611033797
  }
}