{
  "config": {
    "early_stopping": true,
    "epochs": 601,
    "expert_lr": 0.00081262,
    "expert_momentum": 0.89271,
    "expert_num": 8,
    "expert_weight_decay": 0.0,
    "load_balancing": false,
    "optimizer_family": "original",
    "router_lr": 0.01001799,
    "router_momentum": 0.940423,
    "router_weight_decay": 0.0001
  },
  "eval_metrics": {
    "accuracy": 97.375,
    "dispatch_counts": [
      [
        47.0,
        0.0,
        0.0,
        380.0,
        295.0,
        83.0,
        2.0,
        0.0
      ],
      [
        0.0,
        461.0,
        0.0,
        0.0,
        0.0,
        339.0,
        0.0,
        0.0
      ],
      [
        1.0,
        3.0,
        0.0,
        2.0,
        0.0,
        624.0,
        129.0,
        42.0
      ],
      [
        0.0,
        0.0,
        0.0,
        0.0,
        0.0,
        55.0,
        737.0,
        0.0
      ]
    ],
    "entropy": 0.483486145734787,
    "loss": 0.3395220637321472,
    "runtime_seconds": 0.008513018023222685,
    "split": "validation"
  },
  "fold_index": 3,
  "mode": "nonlinear",
  "seed": 11814,
  "setting": 1,
  "total_runtime_seconds": 22.833160766866058,
  "train_metrics": {
    "dispatch_counts": [
      [
        195.0,
        0.0,
        0.0,
        1552.0,
        1219.0,
        252.0,
        10.0,
        0.0
      ],
      [
        0.0,
        1858.0,
        0.0,
        0.0,
        0.0,
        1336.0,
        4.0,
        1.0
      ],
      [
        0.0,
        1.0,
        0.0,
        3.0,
        2.0,
        2512.0,
        528.0,
        159.0
      ],
      [
        0.0,
        0.0,
        6.0,
        0.0,
        0.0,
        189.0,
        2973.0,
        0.0
      ]
    ],
    "entropy_record": [
      1.3858354091644287,
      1.3858976364135742,
      1.385396957397461,
      1.3853915929794312,
      1.3853141069412231,
      1.3855515718460083,
      1.3856807947158813,
      1.3857488632202148,
      1.3854976892471313,
      1.3853569030761719,
      1.3855299949645996,
      1.3854089975357056,
      1.385791301727295,
      1.3845531940460205,
      1.381894588470459,
      1.3781541585922241,
      1.3706281185150146,
      1.3556405305862427,
      1.3192243576049805,
      1.2721271514892578,
      1.2019472122192383,
      1.123649001121521,
      1.016855239868164,
      0.8858593702316284,
      0.7932448983192444,
      0.6975786089897156,
      0.6145906448364258,
      0.5564596652984619,
      0.5257987976074219,
      0.5094056725502014,
      0.4853898882865906,
      0.47359877824783325,
      0.4694913327693939,
      0.4741964340209961,
      0.45944154262542725,
      0.4592494070529938,
      0.46034303307533264,
      0.45924288034439087,
      0.44915971159935,
      0.44247153401374817,
      0.438571572303772,
      0.4308454394340515,
      0.42497748136520386,
      0.40940576791763306,
      0.3982337713241577,
      0.3729541301727295,
      0.36082205176353455,
      0.32840976119041443,
      0.3142037093639374,
      0.28307607769966125,
      0.2613988220691681,
      0.24029871821403503,
      0.2250976264476776,
      0.20175698399543762,
      0.18489958345890045,
      0.1730487197637558,
      0.15940064191818237,
      0.15391163527965546,
      0.14316785335540771,
      0.14078308641910553,
      0.13250938057899475,
      0.13591963052749634,
      0.1254570484161377,
      0.12656283378601074,
      0.1238819882273674,
      0.12382565438747406,
      0.12306855618953705,
      0.12351829558610916,
      0.1166749969124794,
      0.12414194643497467,
      0.12554214894771576,
      0.11655503511428833,
      0.12171604484319687,
      0.11724212765693665,
      0.11876720190048218,
      0.1323074996471405,
      0.12327443063259125,
      0.12618862092494965,
      0.12297365069389343,
      0.13065747916698456,
      0.12589171528816223,
      0.1192617267370224,
      0.13116620481014252,
      0.1276429295539856,
      0.13106435537338257,
      0.13628098368644714,
      0.12636946141719818,
      0.14079426229000092,
      0.13556380569934845,
      0.1415655016899109,
      0.14844515919685364,
      0.13702480494976044,
      0.14329427480697632,
      0.1385415941476822,
      0.14708246290683746,
      0.14958956837654114,
      0.15018491446971893,
      0.15131910145282745,
      0.15248265862464905,
      0.15586493909358978,
      0.15471746027469635,
      0.16529564559459686,
      0.1614888459444046,
      0.16934296488761902,
      0.16828061640262604,
      0.169987753033638,
      0.1728564351797104,
      0.18373936414718628,
      0.17548340559005737,
      0.18427033722400665,
      0.1784059703350067,
      0.18308313190937042,
      0.18263019621372223,
      0.1933412253856659,
      0.20007237792015076,
      0.19838234782218933,
      0.19100986421108246,
      0.19645577669143677,
      0.1978265941143036,
      0.19963331520557404,
      0.20570345222949982,
      0.2072385847568512,
      0.21422383189201355,
      0.21113887429237366,
      0.21806330978870392,
      0.22002822160720825,
      0.21836742758750916,
      0.22705265879631042,
      0.22705677151679993,
      0.22999528050422668,
      0.22772544622421265,
      0.22972363233566284,
      0.22750240564346313,
      0.2353421002626419,
      0.23494473099708557,
      0.24002429842948914,
      0.24097852408885956,
      0.2391425222158432,
      0.24239763617515564,
      0.25001010298728943,
      0.2440798580646515,
      0.24835047125816345,
      0.2512785792350769,
      0.2596110701560974,
      0.25981616973876953,
      0.25273197889328003,
      0.2587341070175171,
      0.25615596771240234,
      0.26596179604530334,
      0.2643263041973114,
      0.2704486846923828,
      0.2704944610595703,
      0.26527494192123413,
      0.2693694829940796,
      0.2743395268917084,
      0.2776351571083069,
      0.2747505307197571,
      0.2832835614681244,
      0.28509247303009033,
      0.28275972604751587,
      0.28240686655044556,
      0.2886105179786682,
      0.2861080765724182,
      0.2879796028137207,
      0.28473740816116333,
      0.2882463335990906,
      0.2930293679237366,
      0.29580873250961304,
      0.2951764166355133,
      0.2943964898586273,
      0.30043280124664307,
      0.30255815386772156,
      0.29709717631340027,
      0.3015488088130951,
      0.3017203211784363,
      0.3070072829723358,
      0.3134244680404663,
      0.30507948994636536,
      0.3059898316860199,
      0.30983966588974,
      0.31225883960723877,
      0.3125056028366089,
      0.31195271015167236,
      0.3151783347129822,
      0.325007826089859,
      0.3133848309516907,
      0.32082122564315796,
      0.3226170539855957,
      0.327848345041275,
      0.321122944355011,
      0.33064255118370056,
      0.3244748115539551,
      0.3284982740879059,
      0.32515662908554077,
      0.32837405800819397,
      0.3334074318408966,
      0.33609673380851746,
      0.33348348736763,
      0.3352086544036865,
      0.3435479998588562,
      0.3415335714817047,
      0.3429550528526306,
      0.3436671197414398,
      0.35122549533843994,
      0.34755271673202515,
      0.35080769658088684,
      0.34748271107673645,
      0.3519479036331177,
      0.3540017604827881,
      0.3568626046180725,
      0.35434722900390625,
      0.3577125370502472,
      0.35914236307144165,
      0.36260196566581726,
      0.3610098659992218,
      0.36433935165405273,
      0.3671158254146576,
      0.36773690581321716,
      0.3673023581504822,
      0.3702247440814972,
      0.3723759055137634,
      0.3769789934158325,
      0.3804205656051636,
      0.3759096562862396,
      0.37857210636138916,
      0.3792489767074585,
      0.3754786550998688,
      0.3822571039199829,
      0.3878372013568878,
      0.3885028660297394,
      0.38443732261657715,
      0.3882480561733246,
      0.39076244831085205,
      0.38768377900123596,
      0.39297884702682495,
