{
  "config": {
    "early_stopping": true,
    "epochs": 601,
    "expert_lr": 0.00081262,
    "expert_momentum": 0.89271,
    "expert_num": 8,
    "expert_weight_decay": 0.0,
    "load_balancing": false,
    "optimizer_family": "original",
    "router_lr": 0.01001799,
    "router_momentum": 0.940423,
    "router_weight_decay": 0.0001
  },
  "eval_metrics": {
    "accuracy": 100.0,
    "dispatch_counts": [
      [
        0.0,
        763.0,
        0.0,
        0.0,
        44.0,
        0.0,
        0.0,
        0.0
      ],
      [
        0.0,
        0.0,
        0.0,
        0.0,
        0.0,
        0.0,
        0.0,
        800.0
      ],
      [
        0.0,
        0.0,
        2.0,
        799.0,
        0.0,
        0.0,
        0.0,
        0.0
      ],
      [
        0.0,
        0.0,
        0.0,
        0.0,
        0.0,
        771.0,
        21.0,
        0.0
      ]
    ],
    "entropy": 0.0,
    "loss": 0.3132621645927429,
    "runtime_seconds": 0.011410823091864586,
    "split": "validation"
  },
  "fold_index": 1,
  "mode": "nonlinear",
  "seed": 11812,
  "setting": 1,
  "total_runtime_seconds": 4.214759172871709,
  "train_metrics": {
    "dispatch_counts": [
      [
        0.0,
        3036.0,
        0.0,
        0.0,
        192.0,
        0.0,
        0.0,
        0.0
      ],
      [
        0.0,
        0.0,
        0.0,
        0.0,
        0.0,
        0.0,
        0.0,
        3199.0
      ],
      [
        0.0,
        0.0,
        2.0,
        3202.0,
        0.0,
        0.0,
        0.0,
        1.0
      ],
      [
        0.0,
        0.0,
        0.0,
        0.0,
        0.0,
        3088.0,
        80.0,
        0.0
      ]
    ],
    "entropy_record": [
      1.3853068351745605,
      1.384772777557373,
      1.3855347633361816,
      1.3856000900268555,
      1.3858544826507568,
      1.385794758796692,
      1.38572359085083,
      1.3856689929962158,
      1.3857327699661255,
      1.3854682445526123,
      1.3848679065704346,
      1.3854286670684814,
      1.3851428031921387,
      1.384263038635254,
      1.3830474615097046,
      1.3758718967437744,
      1.367442011833191,
      1.3461012840270996,
      1.3137445449829102,
      1.2497472763061523,
      1.1825157403945923,
      1.061943531036377,
      0.908905029296875,
      0.730242133140564,
      0.5639030933380127,
      0.40752384066581726,
      0.2611365020275116,
      0.1561664640903473,
      0.09202487766742706,
      0.049002207815647125,
      0.03131255879998207,
      0.017248716205358505,
      0.006218793336302042,
      0.007255112752318382,
      0.0016228558961302042,
      0.002508491976186633,
      0.003174934769049287,
      0.0010402463376522064,
      0.0014031225582584739,
      0.0021141567267477512,
      0.0007086540572345257,
      0.0006996896117925644,
      0.0,
      0.0007086540572345257,
      0.0,
      0.0,
      0.0,
      0.0,
      0.0,
      0.0007060922798700631,
      0.0007086540572345257
    ],
    "epochs_ran": 51,
    "final_entropy": 0.0007086540572345257,
    "final_loss": 0.3132876753807068,
    "plot_diagnostics": null,
    "runtime_seconds": 4.203348349779844
  }
}