{
  "config": {
    "early_stopping": true,
    "epochs": 601,
    "expert_lr": 0.00399208,
    "expert_momentum": 0.978372,
    "expert_num": 4,
    "expert_weight_decay": 0.0,
    "load_balancing": false,
    "optimizer_family": "original",
    "router_lr": 0.11616565,
    "router_momentum": 0.875903,
    "router_weight_decay": 1e-05
  },
  "eval_metrics": {
    "accuracy": 90.71875,
    "dispatch_counts": [
      [
        195.0,
        578.0,
        54.0,
        2.0
      ],
      [
        53.0,
        1.0,
        570.0,
        155.0
      ],
      [
        0.0,
        42.0,
        68.0,
        703.0
      ],
      [
        2.0,
        758.0,
        14.0,
        5.0
      ]
    ],
    "entropy": 0.6798033714294434,
    "loss": 0.4060569703578949,
    "runtime_seconds": 0.004329458810389042,
    "split": "validation"
  },
  "fold_index": 3,
  "mode": "nonlinear",
  "seed": 42014,
  "setting": 4,
  "total_runtime_seconds": 6.896706106606871,
  "train_metrics": {
    "dispatch_counts": [
      [
        810.0,
        2270.0,
        223.0,
        11.0
      ],
      [
        181.0,
        8.0,
        2306.0,
        623.0
      ],
      [
        0.0,
        169.0,
        280.0,
        2800.0
      ],
      [
        5.0,
        3022.0,
        75.0,
        17.0
      ]
    ],
    "entropy_record": [
      1.385570764541626,
      1.3855094909667969,
      1.3856526613235474,
      1.3857154846191406,
      1.3856592178344727,
      1.385452151298523,
      1.3777079582214355,
      1.2982745170593262,
      1.0634452104568481,
      0.7959921360015869,
      0.6755317449569702,
      0.598800778388977,
      0.5712368488311768,
      0.5530487298965454,
      0.5551587343215942,
      0.5447710752487183,
      0.53388512134552,
      0.5290215611457825,
      0.531893253326416,
      0.52761310338974,
      0.5345983505249023,
      0.5306066870689392,
      0.5282430648803711,
      0.5228927135467529,
      0.5275192856788635,
      0.523576021194458,
      0.523669958114624,
      0.5242672562599182,
      0.5256200432777405,
      0.5301695466041565,
      0.5220378041267395,
      0.5232207179069519,
      0.5237898826599121,
      0.5249572396278381,
      0.5238810777664185,
      0.5258340239524841,
      0.5126001238822937,
      0.5184967517852783,
      0.5185471177101135,
      0.5195738673210144,
      0.5231626033782959,
      0.5193006992340088,
      0.5247212648391724,
      0.5213863849639893,
      0.5250871181488037,
      0.526424765586853,
      0.5219563245773315,
      0.5281009674072266,
      0.5295378565788269,
      0.5327396392822266,
      0.5261161923408508,
      0.5332603454589844,
      0.5313525795936584,
      0.5247780084609985,
      0.5310503840446472,
      0.530817449092865,
      0.5284663438796997,
      0.5275770425796509,
      0.5304862856864929,
      0.5306652784347534,
      0.5341364741325378,
      0.5305089950561523,
      0.5355343222618103,
      0.5326285362243652,
      0.536206841468811,
      0.5376328825950623,
      0.5306293368339539,
      0.5356137752532959,
      0.5299214124679565,
      0.5360565185546875,
      0.5339537858963013,
      0.526675820350647,
      0.5395724177360535,
      0.53175950050354,
      0.528939962387085,
      0.5351853966712952,
      0.532012939453125,
      0.5319045186042786,
      0.5267301797866821,
      0.5349782705307007,
      0.5347164273262024,
      0.5318840742111206,
      0.5318329334259033,
      0.532128095626831,
      0.5300490260124207,
      0.5300061106681824,
      0.5336460471153259,
      0.5339887142181396,
      0.5359323024749756,
      0.5322916507720947,
      0.5304473638534546,
      0.5296968817710876,
      0.5298027992248535,
      0.5327756404876709,
      0.5375170111656189,
      0.5334899425506592,
      0.5389237403869629,
      0.5304712057113647,
      0.5331968665122986,
      0.531168520450592,
      0.529582142829895,
      0.529128909111023,
      0.5328791737556458,
      0.5300770401954651,
      0.5340689420700073,
      0.5322047472000122,
      0.5265021324157715,
      0.5301513671875,
      0.53082275390625,
      0.528863787651062,
      0.5272290110588074,
      0.5359482765197754,
      0.5342504978179932,
      0.530307412147522,
      0.5294641256332397,
      0.5302554368972778,
      0.5289791226387024,
      0.5317714214324951,
      0.5283496379852295,
      0.5314157009124756,
      0.5337775945663452,
      0.5321598649024963,
      0.5316437482833862,
      0.5349177122116089,
      0.5295611619949341,
      0.5334795713424683,
      0.5282915830612183,
      0.5325555205345154,
      0.5327128767967224,
      0.5260031819343567,
      0.5294074416160583,
      0.5329523682594299,
      0.531296968460083,
      0.5332862138748169,
      0.5328221321105957,
      0.531681478023529,
      0.5310266017913818,
      0.5264849662780762,
      0.5311615467071533,
      0.5314763784408569,
      0.5324878692626953,
      0.5293911695480347,
      0.5373099446296692,
      0.5318275690078735,
      0.5281319618225098,
      0.5380948781967163,
      0.528264045715332,
      0.5333904027938843,
      0.5311870574951172,
      0.5184943675994873,
      0.549967885017395,
      0.5874879360198975,
      0.6404256224632263,
      0.6835699677467346
    ],
    "epochs_ran": 154,
    "final_entropy": 0.6835699677467346,
    "final_loss": 0.3979395031929016,
    "plot_diagnostics": null,
    "runtime_seconds": 6.892376647796482
  }
}