{
  "config": {
    "early_stopping": true,
    "epochs": 601,
    "expert_lr": 0.00399208,
    "expert_momentum": 0.978372,
    "expert_num": 4,
    "expert_weight_decay": 0.0,
    "load_balancing": false,
    "optimizer_family": "original",
    "router_lr": 0.11616565,
    "router_momentum": 0.875903,
    "router_weight_decay": 1e-05
  },
  "eval_metrics": {
    "accuracy": 98.3125,
    "dispatch_counts": [
      [
        1.0,
        822.0,
        5.0,
        1.0
      ],
      [
        745.0,
        0.0,
        3.0,
        31.0
      ],
      [
        1.0,
        53.0,
        13.0,
        745.0
      ],
      [
        1.0,
        3.0,
        773.0,
        3.0
      ]
    ],
    "entropy": 0.16144616901874542,
    "loss": 0.33013659715652466,
    "runtime_seconds": 0.00437932787463069,
    "split": "validation"
  },
  "fold_index": 1,
  "mode": "nonlinear",
  "seed": 42012,
  "setting": 4,
  "total_runtime_seconds": 27.146551243029535,
  "train_metrics": {
    "dispatch_counts": [
      [
        0.0,
        3295.0,
        12.0,
        7.0
      ],
      [
        3009.0,
        15.0,
        15.0,
        79.0
      ],
      [
        0.0,
        204.0,
        42.0,
        3004.0
      ],
      [
        7.0,
        8.0,
        3094.0,
        9.0
      ]
    ],
    "entropy_record": [
      1.3855518102645874,
      1.3857181072235107,
      1.385662317276001,
      1.385521411895752,
      1.38567316532135,
      1.3816123008728027,
      1.3040695190429688,
      0.8942857980728149,
      0.617404043674469,
      0.5511941313743591,
      0.5241975784301758,
      0.4902193546295166,
      0.45558270812034607,
      0.40470948815345764,
      0.3507033586502075,
      0.2799791693687439,
      0.22027385234832764,
      0.2011176198720932,
      0.18313303589820862,
      0.17111210525035858,
      0.16473974287509918,
      0.15845994651317596,
      0.15871931612491608,
      0.15583214163780212,
      0.15122082829475403,
      0.15450991690158844,
      0.15171074867248535,
      0.15417499840259552,
      0.15301723778247833,
      0.15214572846889496,
      0.15275749564170837,
      0.1507459133863449,
      0.1455281376838684,
      0.14931580424308777,
      0.15078413486480713,
      0.15440931916236877,
      0.14506252110004425,
      0.14588889479637146,
      0.14528846740722656,
      0.15035703778266907,
      0.14841414988040924,
      0.15106505155563354,
      0.151907280087471,
      0.14548958837985992,
      0.15073667466640472,
      0.14662283658981323,
      0.15188483893871307,
      0.14932793378829956,
      0.15080083906650543,
      0.15124382078647614,
      0.1495499163866043,
      0.14846400916576385,
      0.1438516080379486,
      0.1524319052696228,
      0.15253159403800964,
      0.14758595824241638,
      0.14519363641738892,
      0.1502644121646881,
      0.14620059728622437,
      0.15229517221450806,
      0.15031734108924866,
      0.1489875316619873,
      0.14986804127693176,
      0.14672188460826874,
      0.1496449112892151,
      0.15237899124622345,
      0.15232551097869873,
      0.15154311060905457,
      0.14305803179740906,
      0.14961427450180054,
      0.1477285921573639,
      0.15047478675842285,
      0.1506270468235016,
      0.15039247274398804,
      0.15363502502441406,
      0.14963723719120026,
      0.14339211583137512,
      0.15065491199493408,
      0.1456441581249237,
      0.14995062351226807,
      0.1479077935218811,
      0.1506889909505844,
      0.14907029271125793,
      0.1518029272556305,
      0.149742990732193,
      0.14957347512245178,
      0.14882954955101013,
      0.14661672711372375,
      0.14347872138023376,
      0.14632192254066467,
      0.15189191699028015,
      0.14732486009597778,
      0.1503862887620926,
      0.15130996704101562,
      0.15257638692855835,
      0.1423872709274292,
      0.14569003880023956,
      0.1484391987323761,
      0.14741356670856476,
      0.144358292222023,
      0.14940816164016724,
      0.1483476310968399,
      0.15219080448150635,
      0.1484489142894745,
      0.1453801691532135,
      0.15309154987335205,
      0.1521860808134079,
      0.14576728641986847,
      0.14934813976287842,
      0.1486915796995163,
      0.1476917266845703,
      0.14501170814037323,
      0.1530250608921051,
      0.14392317831516266,
      0.14647631347179413,
      0.14653995633125305,
      0.14904259145259857,
      0.1493414342403412,
      0.14605052769184113,
      0.1531706601381302,
      0.14755907654762268,
      0.14927762746810913,
      0.15088962018489838,
      0.1492277830839157,
      0.14638401567935944,
      0.14900395274162292,
      0.1461201012134552,
      0.14874330163002014,
      0.14973188936710358,
      0.14711497724056244,
      0.14408254623413086,
      0.14729951322078705,
      0.14998796582221985,
      0.14891113340854645,
      0.1486000418663025,
      0.1513705849647522,
      0.15052703022956848,
      0.15037479996681213,
      0.14796660840511322,
      0.15246036648750305,
      0.15026164054870605,
      0.14824552834033966,
      0.1512261927127838,
      0.15052539110183716,
      0.1464768946170807,
      0.15092860162258148,
      0.1493457704782486,
      0.15176251530647278,
      0.14919589459896088,
      0.14607393741607666,
      0.14808131754398346,
      0.15584635734558105,
      0.14723150432109833,
      0.15178827941417694,
      0.146811380982399,
      0.1458853930234909,
      0.1506575345993042,
      0.14977174997329712,
      0.14921510219573975,
      0.14762142300605774,
      0.14943890273571014,
      0.14881891012191772,
      0.14583365619182587,
      0.14600148797035217,
      0.1444997638463974,
      0.14836525917053223,
      0.14788909256458282,
      0.1495918482542038,
      0.14863479137420654,
      0.14902269840240479,
      0.15166515111923218,
      0.14950774610042572,
      0.14733892679214478,
      0.1493334174156189,
      0.14943796396255493,
      0.14944347739219666,
      0.1501777172088623,
      0.15066659450531006,
      0.14788812398910522,
      0.1476573348045349,
      0.14635653793811798,
      0.14837397634983063,
      0.14485447108745575,
      0.14864294230937958,
      0.14979881048202515,
      0.14782391488552094,
      0.14414772391319275,
      0.15018782019615173,
      0.14839167892932892,
      0.14732538163661957,
      0.15200646221637726,
      0.15157486498355865,
      0.14987227320671082,
      0.1505332887172699,
      0.15014050900936127,
      0.14518888294696808,
      0.146489217877388,
      0.14514121413230896,
      0.15205243229866028,
      0.14911587536334991,
      0.15134720504283905,
      0.1514173448085785,
      0.1466117799282074,
      0.14693014323711395,
      0.15173125267028809,
      0.14635956287384033,
      0.15272197127342224,
      0.15039783716201782,
      0.14872220158576965,
      0.14766988158226013,
      0.14779552817344666,
      0.1501990109682083,
      0.14875684678554535,
      0.1501544564962387,
      0.14501939713954926,
      0.15391547977924347,
      0.1526668518781662,
      0.14955490827560425,
      0.14922675490379333,
      0.1524282991886139,
      0.14743608236312866,
      0.14989331364631653,
      0.1478423923254013,
      0.14598391950130463,
      0.14647319912910461,
      0.1443309634923935,
      0.14697161316871643,
      0.14706933498382568,
      0.15016990900039673,
      0.15503346920013428,
      0.1481957584619522,
      0.14821897447109222,
      0.14963802695274353,
      0.1486293375492096,
      0.15440337359905243,
      0.1506592035293579,
      0.1501130759716034,
      0.14603987336158752,
      0.1485069841146469,
      0.1491582691669464,
      0.14949360489845276,
      0.14834758639335632,
      0.14843660593032837,
      0.14620685577392578,
      0.152765154838562,
      0.14967229962348938,
      0.14572018384933472,
      0.1441900134086609,
      0.14800147712230682,
      0.14908567070960999,
