{
  "config": {
    "early_stopping": true,
    "epochs": 601,
    "expert_lr": 0.0047386,
    "expert_momentum": 0.860486,
    "expert_num": 4,
    "expert_weight_decay": 0.0001,
    "load_balancing": false,
    "optimizer_family": "original",
    "router_lr": 0.02851093,
    "router_momentum": 0.89378,
    "router_weight_decay": 0.001
  },
  "eval_metrics": {
    "accuracy": 94.28125,
    "dispatch_counts": [
      [
        15.0,
        779.0,
        34.0,
        1.0
      ],
      [
        751.0,
        22.0,
        5.0,
        1.0
      ],
      [
        13.0,
        3.0,
        794.0,
        2.0
      ],
      [
        3.0,
        659.0,
        8.0,
        110.0
      ]
    ],
    "entropy": 0.47692346572875977,
    "loss": 0.37010687589645386,
    "runtime_seconds": 0.004430972971022129,
    "split": "validation"
  },
  "fold_index": 1,
  "mode": "nonlinear",
  "seed": 41712,
  "setting": 4,
  "total_runtime_seconds": 27.323874743189663,
  "train_metrics": {
    "dispatch_counts": [
      [
        49.0,
        3133.0,
        127.0,
        5.0
      ],
      [
        2984.0,
        105.0,
        25.0,
        4.0
      ],
      [
        57.0,
        6.0,
        3184.0,
        3.0
      ],
      [
        13.0,
        2582.0,
        49.0,
        474.0
      ]
    ],
    "entropy_record": [
      1.3855994939804077,
      1.3857121467590332,
      1.3855061531066895,
      1.385644555091858,
      1.38546621799469,
      1.3854386806488037,
      1.385051965713501,
      1.3788288831710815,
      1.3549706935882568,
      1.274245023727417,
      1.1339480876922607,
      0.9633773565292358,
      0.8329270482063293,
      0.7364481687545776,
      0.6725998520851135,
      0.6204610466957092,
      0.575580358505249,
      0.5288803577423096,
      0.4901962876319885,
      0.47219061851501465,
      0.4461080729961395,
      0.42978277802467346,
      0.4163404405117035,
      0.4089168608188629,
      0.3965669572353363,
      0.40021178126335144,
      0.39990663528442383,
      0.3789377510547638,
      0.38253575563430786,
      0.372936874628067,
      0.37982359528541565,
      0.3682664930820465,
      0.3770918548107147,
      0.36961475014686584,
      0.3760015666484833,
      0.370106965303421,
      0.3759658634662628,
      0.3632103502750397,
      0.37200313806533813,
      0.36835843324661255,
      0.3744785189628601,
      0.3797559142112732,
      0.3775204122066498,
      0.37826719880104065,
      0.3714558184146881,
      0.37808912992477417,
      0.37463951110839844,
      0.3641006052494049,
      0.37377744913101196,
      0.3727048635482788,
      0.3719339966773987,
      0.3785490095615387,
      0.3736895024776459,
      0.3736605942249298,
      0.3702511191368103,
      0.37238869071006775,
      0.37350529432296753,
      0.3751775026321411,
      0.3724576234817505,
      0.3752056360244751,
      0.37881165742874146,
      0.37705403566360474,
      0.37598901987075806,
      0.37235933542251587,
      0.37945327162742615,
      0.3807115852832794,
      0.3760536015033722,
      0.3736647665500641,
      0.37784358859062195,
      0.3794320821762085,
      0.3847946226596832,
      0.3777337074279785,
      0.38326457142829895,
      0.38674524426460266,
      0.37870654463768005,
      0.3794879615306854,
      0.382466197013855,
      0.38477712869644165,
      0.382459819316864,
      0.38751959800720215,
      0.3836742043495178,
      0.3926829695701599,
      0.3851322531700134,
      0.3866320550441742,
      0.38423559069633484,
      0.3826022744178772,
      0.3872874975204468,
      0.37925195693969727,
      0.3918592035770416,
      0.3946792185306549,
      0.38479921221733093,
      0.3891445994377136,
      0.39198315143585205,
      0.3905406892299652,
      0.3907468914985657,
      0.3978206515312195,
      0.38262900710105896,
      0.3946596682071686,
      0.39380574226379395,
      0.3892943263053894,
      0.40007147192955017,
      0.3905262053012848,
      0.3987624943256378,
      0.39664503931999207,
      0.4017583131790161,
      0.3950961232185364,
      0.39375635981559753,
      0.40432000160217285,
      0.40389418601989746,
      0.40189826488494873,
      0.40398621559143066,
      0.413482129573822,
      0.405565083026886,
      0.4013463258743286,
      0.41189733147621155,
      0.3967910706996918,
      0.4051097631454468,
      0.403355211019516,
      0.4064832925796509,
      0.4060456156730652,
      0.4072572588920593,
      0.41148239374160767,
      0.4077412486076355,
      0.40363407135009766,
      0.41295531392097473,
      0.4021889865398407,
      0.4080093204975128,
      0.4067745506763458,
      0.4113786518573761,
      0.411234050989151,
      0.40316835045814514,
      0.4093182384967804,
      0.41472119092941284,
      0.41653743386268616,
      0.41297677159309387,
      0.4087311923503876,
      0.41432613134384155,
      0.4072266221046448,
      0.4146282970905304,
      0.42043957114219666,
      0.42021283507347107,
      0.42176657915115356,
      0.41697055101394653,
      0.41189897060394287,
      0.41287440061569214,
      0.4154339134693146,
      0.41131627559661865,
      0.4226072132587433,
      0.42223653197288513,
      0.41395774483680725,
      0.4151461124420166,
      0.417397677898407,
      0.4177728593349457,
      0.4210801422595978,
      0.422555536031723,
      0.42343881726264954,
      0.41819801926612854,
      0.4280676245689392,
      0.42003777623176575,
      0.42743706703186035,
      0.43731924891471863,
      0.4234229326248169,
      0.4263969957828522,
      0.4215804934501648,
      0.4212108552455902,
      0.425050288438797,
      0.4304712414741516,
      0.42890676856040955,
      0.4230920672416687,
      0.43048763275146484,
      0.4244372248649597,
      0.4253581464290619,
      0.41768988966941833,
      0.42302972078323364,
      0.4256550371646881,
      0.42393001914024353,
      0.424081414937973,
      0.42228928208351135,
      0.43102365732192993,
      0.42598453164100647,
      0.42910483479499817,
      0.4255177080631256,
      0.4285697042942047,
      0.42953190207481384,
      0.4211711287498474,
      0.43232637643814087,
      0.4379582405090332,
      0.4316163659095764,
      0.4296451807022095,
      0.43833085894584656,
      0.426453173160553,
      0.43247148394584656,
      0.43781182169914246,
      0.43369895219802856,
      0.4335920810699463,
      0.43239477276802063,
      0.4324144423007965,
      0.4337136447429657,
      0.43195125460624695,
      0.43243280053138733,
      0.44034647941589355,
      0.4355982542037964,
      0.4376525282859802,
      0.43311867117881775,
      0.4355825185775757,
      0.440768837928772,
      0.4338577091693878,
      0.4373320937156677,
      0.431614488363266,
      0.4430931806564331,
      0.4412914216518402,
      0.441617876291275,
      0.4325529634952545,
      0.43166184425354004,
      0.4406241774559021,
      0.42960795760154724,
      0.44504210352897644,
      0.4360564351081848,
      0.4427844285964966,
      0.4372960925102234,
      0.44196850061416626,
      0.44195643067359924,
      0.43899649381637573,
      0.44174039363861084,
      0.4388491213321686,
      0.4401760995388031,
      0.4406506419181824,
      0.44292178750038147,
      0.44113072752952576,
      0.44348931312561035,
      0.4404563903808594,
      0.44155341386795044,
      0.4381549060344696,
      0.4450826644897461,
      0.44533848762512207,
      0.45089632272720337,
      0.44010379910469055,
      0.44183310866355896,
      0.4468563199043274,
      0.44446319341659546,
      0.44377854466438293,
      0.4382585883140564,
      0.44267886877059937,
      0.4508328437805176,
      0.4354345500469208,
      0.446158230304718,
      0.4481832981109619,
      0.44236883521080017,
      0.45663386583328247,
      0.44311079382896423,
      0.44577088952064514,
      0.45017606019973755,
