{
  "config": {
    "early_stopping": true,
    "epochs": 601,
    "expert_lr": 0.00056973,
    "expert_momentum": 0.912944,
    "expert_num": 4,
    "expert_weight_decay": 0.0,
    "load_balancing": false,
    "optimizer_family": "original",
    "router_lr": 0.0953071,
    "router_momentum": 0.898574,
    "router_weight_decay": 1e-05
  },
  "eval_metrics": {
    "accuracy": 93.53125,
    "dispatch_counts": [
      [
        26.0,
        772.0,
        4.0,
        26.0
      ],
      [
        106.0,
        18.0,
        37.0,
        619.0
      ],
      [
        132.0,
        9.0,
        631.0,
        40.0
      ],
      [
        342.0,
        178.0,
        99.0,
        161.0
      ]
    ],
    "entropy": 0.7495717406272888,
    "loss": 0.37768885493278503,
    "runtime_seconds": 0.004618440289050341,
    "split": "validation"
  },
  "fold_index": 0,
  "mode": "nonlinear",
  "seed": 41511,
  "setting": 4,
  "total_runtime_seconds": 27.476374010555446,
  "train_metrics": {
    "dispatch_counts": [
      [
        140.0,
        3040.0,
        32.0,
        103.0
      ],
      [
        414.0,
        89.0,
        150.0,
        2464.0
      ],
      [
        458.0,
        37.0,
        2590.0,
        165.0
      ],
      [
        1401.0,
        737.0,
        345.0,
        635.0
      ]
    ],
    "entropy_record": [
      1.385664463043213,
      1.3856406211853027,
      1.385632872581482,
      1.3858164548873901,
      1.3858039379119873,
      1.3857052326202393,
      1.3857322931289673,
      1.3854328393936157,
      1.3857073783874512,
      1.385446548461914,
      1.3855617046356201,
      1.385206699371338,
      1.3824453353881836,
      1.3749418258666992,
      1.3606770038604736,
      1.3088736534118652,
      1.186161756515503,
      0.9403703212738037,
      0.7131463289260864,
      0.6096689701080322,
      0.5605186223983765,
      0.5479919910430908,
      0.5402982831001282,
      0.532742977142334,
      0.530198872089386,
      0.526447057723999,
      0.5249379873275757,
      0.5197877287864685,
      0.5161786675453186,
      0.5101110935211182,
      0.5038703083992004,
      0.49814751744270325,
      0.4928116500377655,
      0.4841725528240204,
      0.48124784231185913,
      0.471296489238739,
      0.46487292647361755,
      0.46260279417037964,
      0.45238804817199707,
      0.44993627071380615,
      0.44581007957458496,
      0.4461505115032196,
      0.44338157773017883,
      0.4423450827598572,
      0.44682711362838745,
      0.44835537672042847,
      0.448323130607605,
      0.4546176791191101,
      0.4571102261543274,
      0.46873417496681213,
      0.47747689485549927,
      0.48258984088897705,
      0.4978843927383423,
      0.5081763863563538,
      0.5173691511154175,
      0.5268124341964722,
      0.5354512929916382,
      0.5474026203155518,
      0.5524206161499023,
      0.5605401992797852,
      0.5703400373458862,
      0.5802719593048096,
      0.5870921015739441,
      0.5938572883605957,
      0.5972514152526855,
      0.6011465191841125,
      0.6048423051834106,
      0.6137387156486511,
      0.6132868528366089,
      0.6214640140533447,
      0.6257513761520386,
      0.631314754486084,
      0.6362226009368896,
      0.640825092792511,
      0.6451916694641113,
      0.6515058875083923,
      0.6487714052200317,
      0.6592574715614319,
      0.6637586355209351,
      0.6661096811294556,
      0.6685537099838257,
      0.6713801026344299,
      0.6743879318237305,
      0.675645649433136,
      0.6802722215652466,
      0.6828774213790894,
      0.6858604550361633,
      0.6875817775726318,
      0.6894690990447998,
      0.6952002644538879,
      0.6949359178543091,
      0.6965286731719971,
      0.6958125829696655,
      0.6996581554412842,
      0.7004087567329407,
      0.7046061754226685,
      0.7030240297317505,
      0.7056573629379272,
      0.7083672285079956,
      0.7107198238372803,
      0.7134526371955872,
      0.7105131149291992,
      0.7117681503295898,
      0.7133994698524475,
      0.7135775685310364,
      0.7119104266166687,
      0.7159345746040344,
      0.7148169279098511,
      0.7175089120864868,
      0.719763457775116,
      0.7158860564231873,
      0.7196344137191772,
      0.7192394137382507,
      0.7201564311981201,
      0.7200075387954712,
      0.7178080677986145,
      0.7190515398979187,
      0.7202622294425964,
      0.7219071984291077,
      0.7226653099060059,
      0.7231611013412476,
      0.722225546836853,
      0.7225700616836548,
      0.7204177379608154,
      0.7215620279312134,
      0.7231499552726746,
      0.7231967449188232,
      0.724959135055542,
      0.72525954246521,
      0.7252035737037659,
      0.7232831716537476,
      0.7262666821479797,
      0.7287910580635071,
      0.7271624803543091,
      0.7245688438415527,
      0.7280140519142151,
      0.727937638759613,
      0.7292006015777588,
      0.7292216420173645,
      0.728668212890625,
      0.7324916124343872,
      0.733528733253479,
      0.7267094850540161,
      0.7315921187400818,
      0.734408974647522,
      0.7291552424430847,
      0.7307218313217163,
      0.7316803336143494,
      0.730059027671814,
      0.7327501773834229,
      0.7294350862503052,
      0.7320400476455688,
      0.7276514768600464,
      0.7305333018302917,
      0.7323790788650513,
      0.7310308814048767,
      0.732836902141571,
      0.7334137558937073,
      0.7360851764678955,
      0.7327856421470642,
      0.7297544479370117,
      0.728891909122467,
      0.7307292222976685,
      0.7352551221847534,
      0.7322722673416138,
      0.7316423654556274,
      0.7351862192153931,
      0.7347150444984436,
      0.7319337129592896,
      0.7338997721672058,
      0.7301499247550964,
      0.7348840832710266,
      0.7379987835884094,
      0.7359073162078857,
      0.7343084812164307,
      0.7342206239700317,
      0.7340377569198608,
      0.7337737679481506,
      0.7383509874343872,
      0.7348965406417847,
      0.734902560710907,
      0.7329810857772827,
      0.7401394844055176,
      0.7351217269897461,
      0.7347956299781799,
      0.7343275547027588,
      0.7363077998161316,
      0.7369930148124695,
      0.7353793382644653,
      0.7346660494804382,
      0.735140860080719,
      0.7337827682495117,
      0.7373553514480591,
      0.7370993494987488,
      0.7364901304244995,
      0.7353745698928833,
      0.7349455952644348,
      0.7376438975334167,
      0.7363670468330383,
      0.7368766069412231,
      0.7367092967033386,
      0.7397432327270508,
      0.735302746295929,
      0.7343437671661377,
      0.738197922706604,
      0.7369788885116577,
      0.7362841367721558,
      0.73833167552948,
      0.7372238039970398,
      0.7401931285858154,
      0.7385450005531311,
      0.7397993803024292,
      0.7383677959442139,
      0.737442135810852,
      0.73868328332901,
      0.739384651184082,
      0.7363702058792114,
      0.7348783612251282,
      0.7377015352249146,
      0.7381865978240967,
      0.7377835512161255,
      0.7347108125686646,
      0.7392064929008484,
      0.7372145652770996,
      0.7399902939796448,
      0.7421389222145081,
      0.7397796511650085,
      0.7399899363517761,
      0.7405750751495361,
      0.7403814792633057,
      0.7421137094497681,
      0.7414845824241638,
      0.7398300170898438,
      0.7381529808044434,
      0.7383955121040344,
      0.7394211888313293,
      0.7376483678817749,
      0.7406467199325562,
      0.7373692393302917,
      0.7409464120864868,
      0.7384430170059204,
      0.7400689721107483,
      0.7410223484039307,
      0.7381047606468201,
      0.739115834236145,
      0.741668701171875,
      0.7391757965087891,
      0.7414692044258118,
      0.740636944770813,
      0.7391988039016724,
      0.7383790612220764,
      0.7368448972702026,
      0.7410656809806824,
      0.7396756410598755,
      0.7409156560897827,
      0.737769603729248,
