{
  "config": {
    "early_stopping": true,
    "epochs": 601,
    "expert_lr": 0.00056973,
    "expert_momentum": 0.912944,
    "expert_num": 4,
    "expert_weight_decay": 0.0,
    "load_balancing": false,
    "optimizer_family": "original",
    "router_lr": 0.0953071,
    "router_momentum": 0.898574,
    "router_weight_decay": 1e-05
  },
  "eval_metrics": {
    "accuracy": 92.9375,
    "dispatch_counts": [
      [
        0.0,
        340.0,
        85.0,
        404.0
      ],
      [
        551.0,
        179.0,
        20.0,
        29.0
      ],
      [
        15.0,
        171.0,
        492.0,
        135.0
      ],
      [
        183.0,
        327.0,
        22.0,
        247.0
      ]
    ],
    "entropy": 0.9958641529083252,
    "loss": 0.3835009038448334,
    "runtime_seconds": 0.004271212965250015,
    "split": "validation"
  },
  "fold_index": 3,
  "mode": "nonlinear",
  "seed": 41514,
  "setting": 4,
  "total_runtime_seconds": 23.400901951361448,
  "train_metrics": {
    "dispatch_counts": [
      [
        13.0,
        1307.0,
        337.0,
        1657.0
      ],
      [
        2226.0,
        650.0,
        93.0,
        149.0
      ],
      [
        72.0,
        738.0,
        1891.0,
        548.0
      ],
      [
        695.0,
        1322.0,
        89.0,
        1013.0
      ]
    ],
    "entropy_record": [
      1.3854645490646362,
      1.3857240676879883,
      1.385617971420288,
      1.3852651119232178,
      1.385758876800537,
      1.3854575157165527,
      1.3855019807815552,
      1.385457992553711,
      1.3857240676879883,
      1.3857862949371338,
      1.384665608406067,
      1.3838578462600708,
      1.3812720775604248,
      1.3702750205993652,
      1.3352456092834473,
      1.2667975425720215,
      1.0970391035079956,
      0.9296085238456726,
      0.8768065571784973,
      0.8851909637451172,
      0.8895298838615417,
      0.8943638801574707,
      0.8946651816368103,
      0.8924700021743774,
      0.8865951299667358,
      0.8762969374656677,
      0.8703270554542542,
      0.8558799028396606,
      0.8350254893302917,
      0.811773419380188,
      0.7832014560699463,
      0.7541153430938721,
      0.7253109812736511,
      0.6976860761642456,
      0.6701751947402954,
      0.650750994682312,
      0.6374731659889221,
      0.6207818984985352,
      0.613721489906311,
      0.5975102186203003,
      0.5979593992233276,
      0.586685836315155,
      0.5854860544204712,
      0.5803967714309692,
      0.5830310583114624,
      0.5790795087814331,
      0.5809425115585327,
      0.5865669250488281,
      0.5911037921905518,
      0.6002899408340454,
      0.6061115860939026,
      0.6168450713157654,
      0.6247220039367676,
      0.6316823959350586,
      0.6369988918304443,
      0.6470447182655334,
      0.6542022228240967,
      0.6607937812805176,
      0.665989875793457,
      0.6664726734161377,
      0.6713313460350037,
      0.6727674603462219,
      0.6751973628997803,
      0.671363115310669,
      0.6692590117454529,
      0.6657071709632874,
      0.6649752259254456,
      0.6616753935813904,
      0.6573916673660278,
      0.6535977125167847,
      0.6506575345993042,
      0.6548045873641968,
      0.6516117453575134,
      0.6537417769432068,
      0.6495237350463867,
      0.6518850326538086,
      0.6543667912483215,
      0.6520510315895081,
      0.6553643941879272,
      0.6601536273956299,
      0.6559985876083374,
      0.6599579453468323,
      0.6657618284225464,
      0.6633918285369873,
      0.669287383556366,
      0.6702739596366882,
      0.6750578880310059,
      0.6757059693336487,
      0.672528088092804,
      0.6771682500839233,
      0.6778013706207275,
      0.6783522367477417,
      0.6769052743911743,
      0.6809194087982178,
      0.6767188906669617,
      0.6784379482269287,
      0.6808679699897766,
      0.6815484762191772,
      0.6824464797973633,
      0.6820455193519592,
      0.6837506294250488,
      0.6899664402008057,
      0.6869066953659058,
      0.6885890364646912,
      0.6889400482177734,
      0.6931688785552979,
      0.6887753009796143,
      0.6971249580383301,
      0.6934807896614075,
      0.6992169618606567,
      0.6989272832870483,
      0.6969230771064758,
      0.6956021785736084,
      0.6949174404144287,
      0.6945887207984924,
      0.692035436630249,
      0.690385103225708,
      0.6910141706466675,
      0.6926982402801514,
      0.6906130313873291,
      0.6885485649108887,
      0.6889194846153259,
      0.6880261301994324,
      0.6877149343490601,
      0.687738299369812,
      0.6882225275039673,
      0.6910253167152405,
      0.6874557733535767,
      0.6908187866210938,
      0.6963751912117004,
      0.6929712295532227,
      0.6935164332389832,
      0.6961163282394409,
      0.6964015960693359,
      0.6969945430755615,
      0.6996804475784302,
      0.6983729004859924,
      0.6986944675445557,
      0.7004599571228027,
      0.70682293176651,
      0.7093913555145264,
      0.7113056778907776,
      0.709080696105957,
      0.7104657888412476,
      0.7126147747039795,
      0.7134820222854614,
      0.7174326181411743,
      0.7217025756835938,
      0.724800705909729,
      0.7309224605560303,
      0.7281680107116699,
      0.7322938442230225,
      0.7373297214508057,
      0.7382737398147583,
      0.7464008331298828,
      0.7423707842826843,
      0.7498619556427002,
      0.7523137927055359,
      0.7553201913833618,
      0.7595964670181274,
      0.7669061422348022,
      0.766166090965271,
      0.7729558944702148,
      0.7740523219108582,
      0.7828820943832397,
      0.784965991973877,
      0.7897286415100098,
      0.7970342636108398,
      0.8007360100746155,
      0.8070245981216431,
      0.8131060600280762,
      0.8138501644134521,
      0.8205376863479614,
      0.8236771821975708,
      0.829020082950592,
      0.8298037052154541,
      0.8388966917991638,
      0.8414539694786072,
      0.8431511521339417,
      0.846703052520752,
      0.8518747091293335,
      0.8542002439498901,
      0.8571047782897949,
      0.862482488155365,
      0.8621215224266052,
      0.8636294007301331,
      0.8659905791282654,
      0.8700567483901978,
      0.8690776824951172,
      0.8712773323059082,
      0.8716610670089722,
      0.8732134699821472,
      0.8735007047653198,
      0.8736836910247803,
      0.8763924837112427,
      0.8738768100738525,
      0.8748302459716797,
      0.8743970394134521,
      0.8737703561782837,
      0.8716058135032654,
      0.8724865913391113,
      0.8717644810676575,
      0.8742996454238892,
      0.8734555840492249,
      0.8761298656463623,
      0.8795053362846375,
      0.8770991563796997,
      0.8784806728363037,
      0.8778163194656372,
      0.8797390460968018,
      0.883868396282196,
      0.8846030831336975,
      0.8838660717010498,
      0.8857458829879761,
      0.8838188648223877,
      0.8875236511230469,
      0.8898154497146606,
      0.8895556926727295,
      0.8948384523391724,
      0.8986923694610596,
      0.8996238112449646,
      0.9006504416465759,
      0.9029140472412109,
      0.902482271194458,
      0.9050981998443604,
      0.9096373915672302,
      0.9087851047515869,
      0.9140931963920593,
      0.9123162031173706,
      0.9137322902679443,
      0.9148057103157043,
      0.9147820472717285,
      0.9180623292922974,
      0.91176438331604,
      0.9126068353652954,
      0.9072802066802979,
      0.9069885015487671,
      0.9035499691963196,
      0.9030275344848633,
      0.9066038727760315,
      0.9008074998855591,
      0.9022076725959778,
      0.9010501503944397,
      0.9001237154006958,
      0.9002782106399536,
      0.9011918306350708,
      0.8963412046432495,
      0.8968374729156494,
      0.8963097333908081,
      0.8932099938392639,
      0.8973137140274048,
      0.8954298496246338,
      0.8977197408676147,
      0.8955931067466736,
      0.8987225294113159,
      0.8957699537277222,
