{
  "config": {
    "early_stopping": true,
    "epochs": 601,
    "expert_lr": 0.00056973,
    "expert_momentum": 0.912944,
    "expert_num": 4,
    "expert_weight_decay": 0.0,
    "load_balancing": false,
    "optimizer_family": "original",
    "router_lr": 0.0953071,
    "router_momentum": 0.898574,
    "router_weight_decay": 1e-05
  },
  "eval_metrics": {
    "accuracy": 95.375,
    "dispatch_counts": [
      [
        2.0,
        18.0,
        21.0,
        788.0
      ],
      [
        6.0,
        579.0,
        186.0,
        8.0
      ],
      [
        4.0,
        344.0,
        396.0,
        68.0
      ],
      [
        725.0,
        26.0,
        26.0,
        3.0
      ]
    ],
    "entropy": 0.5495747327804565,
    "loss": 0.3596360683441162,
    "runtime_seconds": 0.004360835999250412,
    "split": "validation"
  },
  "fold_index": 1,
  "mode": "nonlinear",
  "seed": 41512,
  "setting": 4,
  "total_runtime_seconds": 27.29188812384382,
  "train_metrics": {
    "dispatch_counts": [
      [
        4.0,
        63.0,
        118.0,
        3129.0
      ],
      [
        15.0,
        2310.0,
        761.0,
        32.0
      ],
      [
        24.0,
        1361.0,
        1608.0,
        257.0
      ],
      [
        2881.0,
        99.0,
        118.0,
        20.0
      ]
    ],
    "entropy_record": [
      1.3854336738586426,
      1.385654330253601,
      1.3857372999191284,
      1.3857778310775757,
      1.385600209236145,
      1.3856642246246338,
      1.385300636291504,
      1.385701298713684,
      1.3856130838394165,
      1.3853533267974854,
      1.3849174976348877,
      1.3835002183914185,
      1.3810336589813232,
      1.3699817657470703,
      1.3383631706237793,
      1.2521989345550537,
      1.0939717292785645,
      0.9209834933280945,
      0.8293144702911377,
      0.7466642260551453,
      0.661530613899231,
      0.6050940752029419,
      0.5699473023414612,
      0.5458881855010986,
      0.5246357321739197,
      0.5134685635566711,
      0.504885196685791,
      0.4976270794868469,
      0.4985496699810028,
      0.49464863538742065,
      0.49199771881103516,
      0.48351022601127625,
      0.48139554262161255,
      0.4789791405200958,
      0.47263890504837036,
      0.4726523160934448,
      0.4682042598724365,
      0.4638843834400177,
      0.46313369274139404,
      0.45694684982299805,
      0.46055710315704346,
      0.4625038504600525,
      0.46110421419143677,
      0.4630606770515442,
      0.4638546407222748,
      0.4690861403942108,
      0.47049278020858765,
      0.4733031988143921,
      0.4762682318687439,
      0.4792073965072632,
      0.48338109254837036,
      0.48749789595603943,
      0.49283647537231445,
      0.48897844552993774,
      0.4914138913154602,
      0.4935400187969208,
      0.49294909834861755,
      0.493362694978714,
      0.49449485540390015,
      0.4997188150882721,
      0.4986952543258667,
      0.5003992319107056,
      0.5011529922485352,
      0.5058555603027344,
      0.5061540007591248,
      0.5045942068099976,
      0.5097492337226868,
      0.5118501782417297,
      0.514206051826477,
      0.5178062915802002,
      0.5186658501625061,
      0.521088719367981,
      0.5219787955284119,
      0.5294449329376221,
      0.5299031734466553,
      0.5316769480705261,
      0.5349941849708557,
      0.5349941253662109,
      0.5340948104858398,
      0.5400860905647278,
      0.5399336218833923,
      0.5448395013809204,
      0.544166088104248,
      0.5413960218429565,
      0.5449629426002502,
      0.5476868748664856,
      0.5508288145065308,
      0.5509361028671265,
      0.5511083602905273,
      0.5526449084281921,
      0.5534783601760864,
      0.5481829047203064,
      0.5523914098739624,
      0.5521095991134644,
      0.5543541312217712,
      0.550409197807312,
      0.5543830990791321,
      0.5521964430809021,
      0.5523123741149902,
      0.5530312061309814,
      0.5570570826530457,
      0.5530745983123779,
      0.5590715408325195,
      0.5519906878471375,
      0.5528757572174072,
      0.5542789101600647,
      0.5549184679985046,
      0.5551104545593262,
      0.5543358325958252,
      0.5548296570777893,
      0.5570704936981201,
      0.5541225075721741,
      0.5562158823013306,
      0.5566033720970154,
      0.5570683479309082,
      0.5591548681259155,
      0.556526780128479,
      0.5548195242881775,
      0.5556714534759521,
      0.5579204559326172,
      0.5565776824951172,
      0.5549869537353516,
      0.5573793053627014,
      0.5565826296806335,
      0.5537881255149841,
      0.5570979118347168,
      0.5562115907669067,
      0.5560454726219177,
      0.5542266368865967,
      0.5549158453941345,
      0.5581225156784058,
      0.5559202432632446,
      0.5553521513938904,
      0.5554141998291016,
      0.5554352402687073,
      0.55429607629776,
      0.5536085367202759,
      0.5555459856987,
      0.5537182092666626,
      0.5543503165245056,
      0.5562984347343445,
      0.5546138286590576,
      0.5576634407043457,
      0.5558183193206787,
      0.5540865659713745,
      0.5556426644325256,
      0.5541297793388367,
      0.5574750304222107,
      0.5581579208374023,
      0.5561791062355042,
      0.5552975535392761,
      0.554925799369812,
      0.5565962195396423,
      0.552767813205719,
      0.5560718178749084,
      0.5544945001602173,
      0.5516596436500549,
      0.5534461140632629,
      0.5520967245101929,
      0.5555669665336609,
      0.5525825023651123,
      0.5556454062461853,
      0.5543651580810547,
      0.5541276335716248,
      0.553154706954956,
      0.557104229927063,
      0.5548381805419922,
      0.5524712800979614,
      0.5547452569007874,
      0.5549317598342896,
      0.5578600168228149,
      0.5548173189163208,
      0.5552908182144165,
      0.5543246865272522,
      0.5556156039237976,
      0.5554039478302002,
      0.5568828582763672,
      0.5545666217803955,
      0.5547752976417542,
      0.5559817552566528,
      0.5560951232910156,
      0.5534322261810303,
      0.5537190437316895,
      0.5561284422874451,
      0.5536370277404785,
      0.5536882877349854,
      0.5565053820610046,
      0.557915449142456,
      0.5561950206756592,
      0.555750846862793,
      0.556621789932251,
      0.553310751914978,
      0.5544158220291138,
      0.5523531436920166,
      0.5549168586730957,
      0.5551818013191223,
      0.555382251739502,
      0.5546992421150208,
      0.5543465614318848,
      0.5542671084403992,
      0.5521328449249268,
      0.5548794269561768,
      0.5535153746604919,
      0.5532979369163513,
      0.5549806356430054,
      0.5543531775474548,
      0.5534732937812805,
      0.5527661442756653,
      0.554986298084259,
      0.5538567900657654,
      0.5531905293464661,
      0.5554620623588562,
      0.554212749004364,
      0.5536317825317383,
      0.5562705397605896,
      0.5536656379699707,
      0.5552875995635986,
      0.5530427694320679,
      0.5581538081169128,
      0.5546782612800598,
      0.552538275718689,
      0.5555499792098999,
      0.5533297657966614,
      0.5546318292617798,
      0.5559349656105042,
      0.553419828414917,
      0.5566149353981018,
      0.5584468841552734,
      0.5575447082519531,
      0.5540511608123779,
      0.5521224737167358,
      0.5568303465843201,
      0.5556281208992004,
      0.555054783821106,
      0.5493288040161133,
      0.5567036271095276,
      0.5534795522689819,
      0.5541094541549683,
      0.5567015409469604,
      0.5589344501495361,
      0.5562789440155029,
      0.5548980236053467,
      0.5552404522895813,
      0.5540143847465515,
      0.5554921627044678,
      0.5548968315124512,
      0.5539791584014893,
      0.5546049475669861,
      0.5556190609931946,
      0.556339681148529,
      0.5545952916145325,
      0.5555925965309143,
      0.552858829498291,
      0.5556344389915466,
      0.5556539297103882,
      0.5545952320098877,
