{
  "config": {
    "early_stopping": true,
    "epochs": 601,
    "expert_lr": 0.00056973,
    "expert_momentum": 0.912944,
    "expert_num": 4,
    "expert_weight_decay": 0.0,
    "load_balancing": false,
    "optimizer_family": "original",
    "router_lr": 0.0953071,
    "router_momentum": 0.898574,
    "router_weight_decay": 1e-05
  },
  "eval_metrics": {
    "accuracy": 94.5625,
    "dispatch_counts": [
      [
        356.0,
        55.0,
        406.0,
        12.0
      ],
      [
        58.0,
        15.0,
        117.0,
        589.0
      ],
      [
        625.0,
        7.0,
        180.0,
        1.0
      ],
      [
        8.0,
        757.0,
        9.0,
        5.0
      ]
    ],
    "entropy": 0.641040563583374,
    "loss": 0.36713746190071106,
    "runtime_seconds": 0.004595820792019367,
    "split": "validation"
  },
  "fold_index": 2,
  "mode": "nonlinear",
  "seed": 41513,
  "setting": 4,
  "total_runtime_seconds": 27.382305609062314,
  "train_metrics": {
    "dispatch_counts": [
      [
        1458.0,
        207.0,
        1617.0,
        32.0
      ],
      [
        176.0,
        51.0,
        522.0,
        2369.0
      ],
      [
        2500.0,
        36.0,
        709.0,
        4.0
      ],
      [
        20.0,
        3016.0,
        65.0,
        18.0
      ]
    ],
    "entropy_record": [
      1.3854780197143555,
      1.3855944871902466,
      1.3856757879257202,
      1.385461449623108,
      1.3856631517410278,
      1.3855714797973633,
      1.3856977224349976,
      1.385730266571045,
      1.3856194019317627,
      1.385465383529663,
      1.3849419355392456,
      1.3846575021743774,
      1.3816221952438354,
      1.37839674949646,
      1.3563451766967773,
      1.3049004077911377,
      1.2092933654785156,
      1.0477080345153809,
      0.944330096244812,
      0.9023839235305786,
      0.8737649917602539,
      0.8375674486160278,
      0.8004934191703796,
      0.7662848234176636,
      0.7187647223472595,
      0.6724369525909424,
      0.6358086466789246,
      0.6018205285072327,
      0.5820886492729187,
      0.5622242093086243,
      0.5516141653060913,
      0.5474377274513245,
      0.5377601385116577,
      0.5369112491607666,
      0.5299661159515381,
      0.5283152461051941,
      0.5306558609008789,
      0.5294697284698486,
      0.5264196395874023,
      0.5207605957984924,
      0.5122613310813904,
      0.5138925909996033,
      0.5104944705963135,
      0.5051350593566895,
      0.5029786825180054,
      0.5005883574485779,
      0.49861207604408264,
      0.499009907245636,
      0.5020577311515808,
      0.5072960257530212,
      0.5142980217933655,
      0.5121965408325195,
      0.5188825130462646,
      0.5242264270782471,
      0.5310255885124207,
      0.5356091260910034,
      0.5423758029937744,
      0.5442131757736206,
      0.5555135011672974,
      0.5541712045669556,
      0.5601222515106201,
      0.562343180179596,
      0.5682467818260193,
      0.5718538165092468,
      0.5702837705612183,
      0.5722224712371826,
      0.5707453489303589,
      0.5728566646575928,
      0.5695838332176208,
      0.573078989982605,
      0.5737538933753967,
      0.5736681818962097,
      0.5790711641311646,
      0.5774255394935608,
      0.5772484540939331,
      0.5805025100708008,
      0.5792787075042725,
      0.5842287540435791,
      0.5805333852767944,
      0.5795140266418457,
      0.5818893313407898,
      0.5821883082389832,
      0.5811132192611694,
      0.5768489837646484,
      0.5772275924682617,
      0.5757421255111694,
      0.5758434534072876,
      0.5801243185997009,
      0.5753229260444641,
      0.575125515460968,
      0.5769209861755371,
      0.5730627775192261,
      0.5753915905952454,
      0.5739762783050537,
      0.5730885863304138,
      0.5731513500213623,
      0.5756269097328186,
      0.5736075043678284,
      0.5728117227554321,
      0.5725347995758057,
      0.5688700079917908,
      0.5751982927322388,
      0.5730946063995361,
      0.5710791349411011,
      0.5723876357078552,
      0.5689862370491028,
      0.5745376348495483,
      0.5738629698753357,
      0.5727945566177368,
      0.5687329769134521,
      0.5734726190567017,
      0.5705032348632812,
      0.5713634490966797,
      0.5749698877334595,
      0.5750113725662231,
      0.575790286064148,
      0.5760123133659363,
      0.5769180059432983,
      0.5752211809158325,
      0.5746229290962219,
      0.5761522054672241,
      0.5742717981338501,
      0.5750418901443481,
      0.5750780701637268,
      0.5765638947486877,
      0.5764768719673157,
      0.582115650177002,
      0.5762302875518799,
      0.5773641467094421,
      0.576227605342865,
      0.5772944688796997,
      0.5776941776275635,
      0.5793372392654419,
      0.5802186727523804,
      0.579643189907074,
      0.5772059559822083,
      0.5820854306221008,
      0.5839292407035828,
      0.5830729007720947,
      0.5828367471694946,
      0.5844655632972717,
      0.5814133286476135,
      0.5821421146392822,
      0.5819990038871765,
      0.5844953060150146,
      0.5817905068397522,
      0.5848044753074646,
      0.5854335427284241,
      0.5840240716934204,
      0.5837957859039307,
      0.5892195105552673,
      0.5812942981719971,
      0.5826751589775085,
      0.5822842717170715,
      0.5857330560684204,
      0.5837628841400146,
      0.5884963870048523,
      0.5819856524467468,
      0.5905629992485046,
      0.5831616520881653,
      0.5842826962471008,
      0.5867239832878113,
      0.5889146327972412,
      0.5852498412132263,
      0.5843867063522339,
      0.5852614045143127,
      0.587040364742279,
      0.586250901222229,
      0.5909536480903625,
      0.5861579179763794,
      0.5871016979217529,
      0.5856646299362183,
      0.5881369709968567,
      0.5881166458129883,
      0.5884384512901306,
      0.5943057537078857,
      0.5893715620040894,
      0.5896958112716675,
      0.590584933757782,
      0.590544581413269,
      0.5867676734924316,
      0.5928200483322144,
      0.5884711742401123,
      0.591552734375,
      0.5902230143547058,
      0.5944746732711792,
      0.5917937755584717,
      0.5916692018508911,
      0.5913366675376892,
      0.5911486148834229,
      0.5921499729156494,
      0.5897006988525391,
      0.592877984046936,
      0.5911893248558044,
      0.5919541716575623,
      0.5913729071617126,
      0.5898288488388062,
      0.5956147909164429,
      0.5951960682868958,
      0.5936878323554993,
      0.5910007357597351,
      0.5934045910835266,
      0.5982782244682312,
      0.5988355875015259,
      0.5963765382766724,
      0.5939858555793762,
      0.5947376489639282,
      0.5962169170379639,
      0.5944443345069885,
      0.5975343585014343,
      0.5999984741210938,
      0.5925129652023315,
      0.5986699461936951,
      0.596769392490387,
      0.5975325703620911,
      0.5931288599967957,
      0.5956339836120605,
      0.5938738584518433,
      0.5955615043640137,
      0.5930079817771912,
      0.5975582599639893,
      0.5953584909439087,
      0.5954327583312988,
      0.5987830758094788,
      0.5988979339599609,
      0.5967569351196289,
      0.5977031588554382,
      0.5988285541534424,
      0.598549485206604,
      0.5973026156425476,
      0.5946518778800964,
      0.6002364158630371,
      0.5961592793464661,
      0.6002383828163147,
      0.5984509587287903,
      0.598541259765625,
      0.599246084690094,
      0.5951941013336182,
      0.6013854146003723,
      0.5991936326026917,
      0.6002380847930908,
      0.5987346172332764,
      0.5959169268608093,
      0.5959467887878418,
      0.5959703922271729,
      0.5946323871612549,
      0.598474383354187,
      0.6015934348106384,
      0.6030320525169373,
      0.6001886129379272,
      0.5964935421943665,
      0.595517635345459,
      0.5963677763938904,
      0.5983348488807678,
      0.6047788262367249,
      0.5985274910926819,
