{
  "config": {
    "early_stopping": true,
    "epochs": 601,
    "expert_lr": 0.00426358,
    "expert_momentum": 0.851421,
    "expert_num": 4,
    "expert_weight_decay": 1e-05,
    "load_balancing": false,
    "ns_steps": 10,
    "optimizer_family": "muon",
    "router_lr": 0.08623876,
    "router_momentum": 0.956964,
    "router_weight_decay": 1e-05
  },
  "eval_metrics": {
    "accuracy": 90.40625,
    "dispatch_counts": [
      [
        34.0,
        390.0,
        377.0,
        28.0
      ],
      [
        224.0,
        157.0,
        40.0,
        358.0
      ],
      [
        413.0,
        12.0,
        128.0,
        259.0
      ],
      [
        132.0,
        112.0,
        249.0,
        287.0
      ]
    ],
    "entropy": 1.1337357759475708,
    "loss": 0.4091980755329132,
    "runtime_seconds": 0.004321659915149212,
    "split": "validation"
  },
  "fold_index": 1,
  "mode": "nonlinear",
  "seed": 40912,
  "setting": 4,
  "total_runtime_seconds": 3.7329329047352076,
  "train_metrics": {
    "dispatch_counts": [
      [
        189.0,
        1530.0,
        1511.0,
        84.0
      ],
      [
        885.0,
        665.0,
        158.0,
        1410.0
      ],
      [
        1641.0,
        40.0,
        513.0,
        1056.0
      ],
      [
        608.0,
        529.0,
        901.0,
        1080.0
      ]
    ],
    "entropy_record": [
      1.3853392601013184,
      1.2107640504837036,
      1.2558035850524902,
      1.2851964235305786,
      1.2886693477630615,
      1.2860498428344727,
      1.2806318998336792,
      1.2703818082809448,
      1.2589398622512817,
      1.2476913928985596,
      1.2387504577636719,
      1.2289758920669556,
      1.2227685451507568,
      1.2171056270599365,
      1.2142397165298462,
      1.2097872495651245,
      1.2067787647247314,
      1.2054040431976318,
      1.2016850709915161,
      1.1999905109405518,
      1.1969467401504517,
      1.1955558061599731,
      1.1940150260925293,
      1.1927223205566406,
      1.1893036365509033,
      1.1885106563568115,
      1.186227560043335,
      1.1850799322128296,
      1.184412956237793,
      1.1836886405944824,
      1.1824679374694824,
      1.1829251050949097,
      1.1827887296676636,
      1.1813300848007202,
      1.1795672178268433,
      1.1786054372787476,
      1.176577091217041,
      1.175959825515747,
      1.1738107204437256,
      1.1732720136642456,
      1.1724998950958252,
      1.1723990440368652,
      1.1706855297088623,
      1.1693894863128662,
      1.1695373058319092,
      1.1681122779846191,
      1.1678568124771118,
      1.167811632156372,
      1.1669812202453613,
      1.1653329133987427,
      1.164078950881958,
      1.1641117334365845,
      1.1638591289520264,
      1.1626842021942139,
      1.1615967750549316,
      1.1613273620605469,
      1.1602131128311157,
      1.1601746082305908,
      1.1599210500717163,
      1.1586898565292358,
      1.1568259000778198,
      1.1563687324523926,
      1.156342625617981,
      1.1554032564163208,
      1.1547768115997314,
      1.1546274423599243,
      1.1545405387878418,
      1.153274655342102,
      1.152604341506958,
      1.1518985033035278,
      1.1520944833755493,
      1.150180697441101,
      1.1491667032241821,
      1.1485540866851807,
      1.1471164226531982,
      1.1465054750442505,
      1.1454123258590698,
      1.143609642982483,
      1.1435747146606445
    ],
    "epochs_ran": 79,
    "final_entropy": 1.1435747146606445,
    "final_loss": 0.4051547646522522,
    "plot_diagnostics": null,
    "runtime_seconds": 3.7286112448200583
  }
}