{
  "config": {
    "early_stopping": true,
    "epochs": 601,
    "expert_lr": 0.00120568,
    "expert_momentum": 0.862644,
    "expert_num": 8,
    "expert_weight_decay": 0.0001,
    "load_balancing": false,
    "optimizer_family": "original",
    "router_lr": 0.01749511,
    "router_momentum": 0.889844,
    "router_weight_decay": 0.001
  },
  "eval_metrics": {
    "accuracy": 99.15625,
    "dispatch_counts": [
      [
        0.0,
        2.0,
        0.0,
        0.0,
        0.0,
        5.0,
        0.0,
        821.0
      ],
      [
        0.0,
        775.0,
        1.0,
        0.0,
        2.0,
        0.0,
        0.0,
        2.0
      ],
      [
        0.0,
        3.0,
        780.0,
        21.0,
        6.0,
        0.0,
        0.0,
        2.0
      ],
      [
        0.0,
        1.0,
        1.0,
        1.0,
        777.0,
        0.0,
        0.0,
        0.0
      ]
    ],
    "entropy": 0.04308570176362991,
    "loss": 0.3215654790401459,
    "runtime_seconds": 0.007790551986545324,
    "split": "validation"
  },
  "fold_index": 4,
  "mode": "nonlinear",
  "seed": 40915,
  "setting": 4,
  "total_runtime_seconds": 49.85346129722893,
  "train_metrics": {
    "dispatch_counts": [
      [
        0.0,
        3.0,
        2.0,
        2.0,
        5.0,
        9.0,
        0.0,
        3294.0
      ],
      [
        2.0,
        3102.0,
        3.0,
        1.0,
        5.0,
        0.0,
        0.0,
        4.0
      ],
      [
        0.0,
        11.0,
        3097.0,
        116.0,
        18.0,
        0.0,
        0.0,
        8.0
      ],
      [
        1.0,
        4.0,
        3.0,
        0.0,
        3101.0,
        1.0,
        2.0,
        6.0
      ]
    ],
    "entropy_record": [
      1.384961724281311,
      1.3852052688598633,
      1.3851596117019653,
      1.385237455368042,
      1.3851525783538818,
      1.3855077028274536,
      1.3853144645690918,
      1.3852365016937256,
      1.3853833675384521,
      1.3848001956939697,
      1.3845374584197998,
      1.3829301595687866,
      1.3792030811309814,
      1.3680033683776855,
      1.3438489437103271,
      1.2906396389007568,
      1.196286678314209,
      1.0550434589385986,
      0.870384693145752,
      0.6652398705482483,
      0.4664706885814667,
      0.3238089382648468,
      0.21972309052944183,
      0.1532813459634781,
      0.13269686698913574,
      0.11040397733449936,
      0.08878926932811737,
      0.0783776193857193,
      0.0673782229423523,
      0.060266464948654175,
      0.05919381231069565,
      0.05541187524795532,
      0.053035132586956024,
      0.05434802174568176,
      0.04892759770154953,
      0.049549687653779984,
      0.0486970953643322,
      0.050502315163612366,
      0.0470154695212841,
      0.04492555931210518,
      0.0440940298140049,
      0.03979501500725746,
      0.04018402099609375,
      0.04214928299188614,
      0.043833598494529724,
      0.03605431318283081,
      0.04017743840813637,
      0.04373394697904587,
      0.03667188063263893,
      0.0387495793402195,
      0.048756781965494156,
      0.03987600654363632,
      0.03736197203397751,
      0.03716776892542839,
      0.03781336545944214,
      0.042116887867450714,
      0.04084326699376106,
      0.042043089866638184,
      0.04273313283920288,
      0.03966183960437775,
      0.043491438031196594,
      0.03885093331336975,
      0.045488420873880386,
      0.044616781175136566,
      0.043941888958215714,
      0.04107525572180748,
      0.04189237207174301,
      0.03864269331097603,
      0.04498559981584549,
      0.046174973249435425,
      0.044431060552597046,
      0.04103011637926102,
      0.041112545877695084,
      0.036708153784275055,
      0.045473676174879074,
      0.04004089906811714,
      0.03997240215539932,
      0.04404227435588837,
      0.03955015912652016,
      0.04059243202209473,
      0.039590984582901,
      0.0391174778342247,
      0.04078550264239311,
      0.040324170142412186,
      0.04092846065759659,
      0.04210968688130379,
      0.0384528748691082,
      0.04111773520708084,
      0.041762471199035645,
      0.048295289278030396,
      0.040055375546216965,
      0.04399951174855232,
      0.046538256108760834,
      0.04128735139966011,
      0.03571208938956261,
      0.045180462300777435,
      0.0373351164162159,
      0.03667185455560684,
      0.043616242706775665,
      0.04269196465611458,
      0.038201186805963516,
      0.04383953660726547,
      0.04019158333539963,
      0.0417664609849453,
      0.03789278864860535,
      0.043759237974882126,
      0.03566965088248253,
      0.035896725952625275,
      0.03855022415518761,
      0.0351870134472847,
      0.04075926914811134,
      0.04200621694326401,
      0.04205842316150665,
      0.03849407285451889,
      0.036955319344997406,
      0.039057500660419464,
      0.0436374694108963,
      0.042349059134721756,
      0.040215276181697845,
      0.04498134180903435,
      0.04804222285747528,
      0.040868110954761505,
      0.0366886630654335,
      0.03827415406703949,
      0.043108709156513214,
      0.04643861949443817,
      0.040198568254709244,
      0.041131630539894104,
      0.04589908942580223,
      0.03987549990415573,
      0.040069036185741425,
      0.04240945726633072,
      0.04212387278676033,
      0.04365367442369461,
      0.03903927654027939,
      0.03847551345825195,
      0.03866470232605934,
      0.045085735619068146,
      0.04323700815439224,
      0.04323441535234451,
      0.03910469636321068,
      0.03910162299871445,
      0.0376494824886322,
      0.04142487794160843,
      0.043480921536684036,
      0.04034829139709473,
      0.03929119557142258,
      0.04298850893974304,
      0.04233970865607262,
      0.0366898849606514,
      0.040563613176345825,
      0.04676235094666481,
      0.045689478516578674,
      0.043838657438755035,
      0.039776694029569626,
      0.03745899349451065,
      0.038711994886398315,
      0.04315509647130966,
      0.041775889694690704,
      0.04255115985870361,
      0.047231275588274,
      0.03683137148618698,
      0.03954033926129341,
      0.04293420910835266,
      0.03609861806035042,
      0.04170206934213638,
      0.04438374564051628,
      0.04238955304026604,
      0.04202927276492119,
      0.0422431044280529,
      0.044928792864084244,
      0.045302845537662506,
      0.04304751381278038,
      0.046003978699445724,
      0.04180612415075302,
      0.0399957075715065,
      0.038903139531612396,
      0.042337920516729355,
      0.04313788190484047,
      0.04721809923648834,
      0.04377058148384094,
      0.044603120535612106,
      0.044869229197502136,
      0.042138487100601196,
      0.04212316498160362,
      0.048166513442993164,
      0.041892826557159424,
      0.035631854087114334,
      0.04244992136955261,
      0.03951220214366913,
      0.03911365196108818,
      0.03775372356176376,
      0.04045194387435913,
      0.04381329193711281,
      0.03279145807027817,
      0.04523199424147606,
      0.03310001641511917,
      0.042556747794151306,
      0.0420592725276947,
      0.04024872928857803,
      0.041748788207769394,
      0.04068831354379654,
      0.046081505715847015,
      0.04420385882258415,
      0.043080445379018784,
      0.040522828698158264,
      0.045228261500597,
      0.04182625561952591,
      0.04115884378552437,
      0.03950938582420349,
      0.038993824273347855,
      0.04261444881558418,
      0.044260893017053604,
      0.036522917449474335,
      0.03868871182203293,
      0.04142659157514572,
      0.044150639325380325,
      0.04251168668270111,
      0.04292585700750351,
      0.04307413846254349,
      0.044713590294122696,
      0.03943729028105736,
      0.04547524079680443,
      0.035883355885744095,
      0.04139914736151695,
      0.042211152613162994,
      0.04347604140639305,
      0.043032534420490265,
      0.040335316210985184,
      0.04430197551846504,
