{
  "config": {
    "early_stopping": true,
    "epochs": 601,
    "expert_lr": 0.00120568,
    "expert_momentum": 0.862644,
    "expert_num": 8,
    "expert_weight_decay": 0.0001,
    "load_balancing": false,
    "optimizer_family": "original",
    "router_lr": 0.01749511,
    "router_momentum": 0.889844,
    "router_weight_decay": 0.001
  },
  "eval_metrics": {
    "accuracy": 99.15625,
    "dispatch_counts": [
      [
        0.0,
        0.0,
        3.0,
        175.0,
        0.0,
        6.0,
        643.0,
        1.0
      ],
      [
        683.0,
        0.0,
        5.0,
        1.0,
        82.0,
        7.0,
        2.0,
        0.0
      ],
      [
        0.0,
        0.0,
        810.0,
        1.0,
        0.0,
        0.0,
        1.0,
        0.0
      ],
      [
        0.0,
        0.0,
        0.0,
        0.0,
        1.0,
        778.0,
        1.0,
        0.0
      ]
    ],
    "entropy": 0.05368455871939659,
    "loss": 0.32178452610969543,
    "runtime_seconds": 0.007802169304341078,
    "split": "validation"
  },
  "fold_index": 0,
  "mode": "nonlinear",
  "seed": 40911,
  "setting": 4,
  "total_runtime_seconds": 49.96001794934273,
  "train_metrics": {
    "dispatch_counts": [
      [
        3.0,
        0.0,
        13.0,
        656.0,
        3.0,
        20.0,
        2616.0,
        4.0
      ],
      [
        2717.0,
        4.0,
        20.0,
        2.0,
        346.0,
        24.0,
        4.0,
        0.0
      ],
      [
        2.0,
        0.0,
        3242.0,
        1.0,
        0.0,
        5.0,
        0.0,
        0.0
      ],
      [
        1.0,
        0.0,
        5.0,
        2.0,
        0.0,
        3109.0,
        1.0,
        0.0
      ]
    ],
    "entropy_record": [
      1.384873390197754,
      1.3846224546432495,
      1.3850677013397217,
      1.3849925994873047,
      1.385166883468628,
      1.3850693702697754,
      1.3854427337646484,
      1.3856045007705688,
      1.3845726251602173,
      1.3848450183868408,
      1.3847841024398804,
      1.3842777013778687,
      1.379858136177063,
      1.3691260814666748,
      1.3509223461151123,
      1.3028615713119507,
      1.2400447130203247,
      1.140049695968628,
      1.0304031372070312,
      0.8765706419944763,
      0.7386742830276489,
      0.5883811116218567,
      0.4531927704811096,
      0.3583827614784241,
      0.27264878153800964,
      0.2164248675107956,
      0.15642111003398895,
      0.12405730783939362,
      0.10348495095968246,
      0.0816173404455185,
      0.08019430190324783,
      0.06626500189304352,
      0.061359576880931854,
      0.05836913362145424,
      0.052076004445552826,
      0.06065426021814346,
      0.055472470819950104,
      0.058502744883298874,
      0.056749146431684494,
      0.05270173028111458,
      0.05780946835875511,
      0.046826403588056564,
      0.05351347476243973,
      0.04730333015322685,
      0.05201800540089607,
      0.05792891979217529,
      0.04510835185647011,
      0.05374655872583389,
      0.05340804159641266,
      0.048082415014505386,
      0.04636367782950401,
      0.05083606392145157,
      0.052489932626485825,
      0.04641563445329666,
      0.05198971927165985,
      0.04466699808835983,
      0.0538533478975296,
      0.05218568071722984,
      0.04878392070531845,
      0.053954850882291794,
      0.04345458000898361,
      0.04791050776839256,
      0.05049571767449379,
      0.051135335117578506,
      0.05323245748877525,
      0.0442914180457592,
      0.05265529081225395,
      0.05825811251997948,
      0.04925847426056862,
      0.044955186545848846,
      0.05026472359895706,
      0.052537702023983,
      0.04381028190255165,
      0.052866436541080475,
      0.052367113530635834,
      0.04957747459411621,
      0.04961229860782623,
      0.04422783479094505,
      0.05315181240439415,
      0.055068161338567734,
      0.044985976070165634,
      0.05246222764253616,
      0.0551791787147522,
      0.05114683136343956,
      0.05898887664079666,
      0.05055350437760353,
      0.05428032577037811,
      0.05419507995247841,
      0.04282459244132042,
      0.05348612740635872,
      0.05700342357158661,
      0.05288570746779442,
      0.05042100325226784,
      0.05198119953274727,
      0.05144939571619034,
      0.047916531562805176,
      0.055336445569992065,
      0.05303673818707466,
      0.04257936030626297,
      0.046404194086790085,
      0.04884772747755051,
      0.045187562704086304,
      0.048455532640218735,
      0.0530712865293026,
      0.04892933741211891,
      0.048442449420690536,
      0.05212565138936043,
      0.05670611932873726,
      0.05409930646419525,
      0.049608830362558365,
      0.04690257087349892,
      0.059504419565200806,
      0.056792162358760834,
      0.04956146329641342,
      0.05287395790219307,
      0.053083959966897964,
      0.05224944278597832,
      0.05469314008951187,
      0.052191995084285736,
      0.05128493160009384,
      0.05149170011281967,
      0.05014387145638466,
      0.05598250776529312,
      0.05359169468283653,
      0.05104915052652359,
      0.052438538521528244,
      0.05377623066306114,
      0.05775047838687897,
      0.05729035288095474,
      0.04848644137382507,
      0.048579245805740356,
      0.053667932748794556,
      0.050192177295684814,
      0.04859158769249916,
      0.04898173734545708,
      0.053482092916965485,
      0.04652770608663559,
      0.05230600759387016,
      0.04810196906328201,
      0.052922431379556656,
      0.049574919044971466,
      0.05130047723650932,
      0.056292254477739334,
      0.05541643500328064,
      0.047064416110515594,
      0.051384296268224716,
      0.054954491555690765,
      0.05648210272192955,
      0.05159062147140503,
      0.05725706368684769,
      0.05687421187758446,
      0.05271056666970253,
      0.052315354347229004,
      0.054155051708221436,
      0.054745789617300034,
      0.050219371914863586,
      0.05141147971153259,
      0.05809054523706436,
      0.05622543394565582,
      0.04744143784046173,
      0.05714165419340134,
      0.04945676028728485,
      0.05248146504163742,
      0.055740419775247574,
      0.05259022116661072,
      0.05613785609602928,
      0.05279864743351936,
      0.05466250702738762,
      0.04729125648736954,
      0.053842030465602875,
      0.05564984679222107,
      0.05110955983400345,
      0.056899331510066986,
      0.054635822772979736,
      0.05268693342804909,
      0.05675439164042473,
      0.05548810213804245,
      0.050407253205776215,
      0.05607195943593979,
      0.05399678647518158,
      0.04577978327870369,
      0.05230117589235306,
      0.058780960738658905,
      0.06027502939105034,
      0.05328952148556709,
      0.05031171441078186,
      0.05276723951101303,
      0.053026214241981506,
      0.05278332903981209,
      0.05843586474657059,
      0.04586673900485039,
      0.055764298886060715,
      0.05769843980669975,
      0.04904257133603096,
      0.05720840021967888,
      0.060513705015182495,
      0.05309008061885834,
      0.05750385299324989,
      0.05493071675300598,
      0.050293516367673874,
      0.05489186942577362,
      0.05317915603518486,
      0.050909776240587234,
      0.05169790983200073,
      0.056353580206632614,
      0.06219042092561722,
      0.0500088669359684,
      0.05351153388619423,
      0.05547608062624931,
      0.049759943038225174,
      0.0486171580851078,
      0.05236632749438286,
      0.05218983814120293,
      0.051992662250995636,
      0.04954632371664047,
      0.055195122957229614,
      0.0524887889623642,
      0.05105126276612282,
      0.05154582858085632,
      0.054495323449373245,
      0.04903282970190048,
      0.05037404224276543,
      0.049749866127967834,
      0.049257710576057434,
      0.05567009374499321,
      0.056669000536203384,
      0.05559869110584259,
      0.0498395636677742,
      0.05468711256980896,
      0.053464800119400024,
