{
  "config": {
    "early_stopping": true,
    "epochs": 601,
    "expert_lr": 0.00120568,
    "expert_momentum": 0.862644,
    "expert_num": 8,
    "expert_weight_decay": 0.0001,
    "load_balancing": false,
    "optimizer_family": "original",
    "router_lr": 0.01749511,
    "router_momentum": 0.889844,
    "router_weight_decay": 0.001
  },
  "eval_metrics": {
    "accuracy": 98.96875,
    "dispatch_counts": [
      [
        1.0,
        826.0,
        0.0,
        0.0,
        0.0,
        0.0,
        2.0,
        0.0
      ],
      [
        1.0,
        7.0,
        598.0,
        1.0,
        0.0,
        0.0,
        171.0,
        1.0
      ],
      [
        0.0,
        0.0,
        1.0,
        812.0,
        0.0,
        0.0,
        0.0,
        0.0
      ],
      [
        772.0,
        3.0,
        1.0,
        1.0,
        2.0,
        0.0,
        0.0,
        0.0
      ]
    ],
    "entropy": 0.03647195175290108,
    "loss": 0.3235011398792267,
    "runtime_seconds": 0.007805174216628075,
    "split": "validation"
  },
  "fold_index": 3,
  "mode": "nonlinear",
  "seed": 40914,
  "setting": 4,
  "total_runtime_seconds": 49.91498900856823,
  "train_metrics": {
    "dispatch_counts": [
      [
        2.0,
        3300.0,
        2.0,
        3.0,
        2.0,
        4.0,
        1.0,
        0.0
      ],
      [
        9.0,
        15.0,
        2414.0,
        23.0,
        0.0,
        0.0,
        656.0,
        1.0
      ],
      [
        3.0,
        5.0,
        2.0,
        3238.0,
        0.0,
        0.0,
        1.0,
        0.0
      ],
      [
        3085.0,
        7.0,
        0.0,
        11.0,
        12.0,
        0.0,
        4.0,
        0.0
      ]
    ],
    "entropy_record": [
      1.3852747678756714,
      1.3850632905960083,
      1.3851388692855835,
      1.3850212097167969,
      1.3853096961975098,
      1.3855867385864258,
      1.3847063779830933,
      1.3854060173034668,
      1.3850940465927124,
      1.385057806968689,
      1.3847954273223877,
      1.382681131362915,
      1.3796231746673584,
      1.3678295612335205,
      1.347074270248413,
      1.2958588600158691,
      1.211228847503662,
      1.0902533531188965,
      0.9224289655685425,
      0.7336368560791016,
      0.527025043964386,
      0.3770671486854553,
      0.25464627146720886,
      0.18026229739189148,
      0.1366884410381317,
      0.10440368950366974,
      0.09664735943078995,
      0.07923199236392975,
      0.07250884175300598,
      0.06801147758960724,
      0.058532603085041046,
      0.06008207052946091,
      0.04837050288915634,
      0.054193008691072464,
      0.052269428968429565,
      0.04631495103240013,
      0.039277296513319016,
      0.04475923255085945,
      0.04428679868578911,
      0.03795997053384781,
      0.03895500674843788,
      0.047863494604825974,
      0.040826547890901566,
      0.03683137148618698,
      0.03967570886015892,
      0.04789621755480766,
      0.03922498598694801,
      0.04415377601981163,
      0.047160692512989044,
      0.04596053063869476,
      0.038570281118154526,
      0.040035735815763474,
      0.04311761260032654,
      0.041068367660045624,
      0.04157721996307373,
      0.04454135522246361,
      0.03865281492471695,
      0.04345758631825447,
      0.041334718465805054,
      0.03879041224718094,
      0.03740273043513298,
      0.038052234798669815,
      0.047194670885801315,
      0.03978097438812256,
      0.038579609245061874,
      0.03629051893949509,
      0.04500081390142441,
      0.04446994885802269,
      0.04481644555926323,
      0.043032146990299225,
      0.03837745264172554,
      0.04101943224668503,
      0.03865181282162666,
      0.04017661139369011,
      0.037592001259326935,
      0.039610397070646286,
      0.0427868589758873,
      0.045353107154369354,
      0.04237651824951172,
      0.0383942574262619,
      0.04468831047415733,
      0.03863224387168884,
      0.038146499544382095,
      0.04124852642416954,
      0.03909938037395477,
      0.03960732743144035,
      0.0460873618721962,
      0.04065025970339775,
      0.04384614899754524,
      0.04551345482468605,
      0.036111168563365936,
      0.03963574767112732,
      0.03498837351799011,
      0.03747447952628136,
      0.04252494126558304,
      0.03656264394521713,
      0.04578177258372307,
      0.043501220643520355,
      0.03973963484168053,
      0.038225337862968445,
      0.040285151451826096,
      0.038083672523498535,
      0.03734925761818886,
      0.03920530155301094,
      0.04480529576539993,
      0.038157254457473755,
      0.04235323145985603,
      0.04020072519779205,
      0.04206840693950653,
      0.04200732707977295,
      0.03890370950102806,
      0.040371619164943695,
      0.04417634382843971,
      0.04156675934791565,
      0.04021470993757248,
      0.038584429770708084,
      0.0387745164334774,
      0.036941979080438614,
      0.04665710777044296,
      0.04361030086874962,
      0.04087839648127556,
      0.0419195257127285,
      0.03938176482915878,
      0.03573095425963402,
      0.041463498026132584,
      0.045923709869384766,
      0.042398601770401,
      0.040212929248809814,
      0.04177582263946533,
      0.03792034462094307,
      0.03656170144677162,
      0.043386220932006836,
      0.03795447573065758,
      0.04301495477557182,
      0.04344756528735161,
      0.04025622084736824,
      0.03778626397252083,
      0.04354751855134964,
      0.0377616360783577,
      0.039007123559713364,
      0.04277017340064049,
      0.041700705885887146,
      0.044663794338703156,
      0.044827766716480255,
      0.04021967202425003,
      0.03939482942223549,
      0.03839227929711342,
      0.04353637620806694,
      0.0421086810529232,
      0.04102567955851555,
      0.04322868958115578,
      0.03926563635468483,
      0.03837908059358597,
      0.04281694442033768,
      0.03664005175232887,
      0.03630172088742256,
      0.039691682904958725,
      0.03732521831989288,
      0.04373816400766373,
      0.04169081896543503,
      0.0428878515958786,
      0.0388764850795269,
      0.04371055215597153,
      0.03926584869623184,
      0.03813681751489639,
      0.03792625665664673,
      0.04404601454734802,
      0.04070716351270676,
      0.04270936921238899,
      0.04122216999530792,
      0.043483734130859375,
      0.04310605674982071,
      0.043974023312330246,
      0.04547573998570442,
      0.04461454600095749,
      0.04608370363712311,
      0.04196617379784584,
      0.038519974797964096,
      0.04562665522098541,
      0.042667146772146225,
      0.04194070026278496,
      0.04007037729024887,
      0.0421753004193306,
      0.04374707117676735,
      0.03836933895945549,
      0.044362086802721024,
      0.0424639955163002,
      0.036498092114925385,
      0.04241228476166725,
      0.04361835867166519,
      0.04571501538157463,
      0.037445757538080215,
      0.03841671720147133,
      0.03798266127705574,
      0.04598024860024452,
      0.041250355541706085,
      0.03900381922721863,
      0.04814285412430763,
      0.04196145385503769,
      0.0402689203619957,
      0.045418135821819305,
      0.04222959280014038,
      0.04846905916929245,
      0.04025352746248245,
      0.04203362762928009,
      0.039774853736162186,
      0.041649773716926575,
      0.04404876008629799,
      0.047505106776952744,
      0.041145388036966324,
      0.041393619030714035,
      0.03845927491784096,
      0.04257483035326004,
      0.040257811546325684,
      0.042007822543382645,
      0.04215635359287262,
      0.03908515349030495,
      0.03868595510721207,
      0.04227762669324875,
      0.043541036546230316,
      0.037843361496925354,
      0.037012454122304916,
      0.04577793926000595,
      0.04366469010710716,
      0.04089207574725151,
      0.0412641316652298,
      0.04069139435887337,
      0.04308615252375603,
      0.041689127683639526,
      0.04464425891637802,
