{
  "config": {
    "early_stopping": true,
    "epochs": 601,
    "expert_lr": 0.00067852,
    "expert_momentum": 0.934676,
    "expert_num": 4,
    "expert_weight_decay": 1e-05,
    "load_balancing": false,
    "optimizer_family": "original",
    "router_lr": 0.04474372,
    "router_momentum": 0.983778,
    "router_weight_decay": 0.0001
  },
  "eval_metrics": {
    "accuracy": 99.0,
    "dispatch_counts": [
      [
        0.0,
        1.0,
        1.0,
        827.0
      ],
      [
        0.0,
        775.0,
        1.0,
        3.0
      ],
      [
        796.0,
        6.0,
        2.0,
        9.0
      ],
      [
        1.0,
        2.0,
        774.0,
        2.0
      ]
    ],
    "entropy": 0.055441081523895264,
    "loss": 0.3232670724391937,
    "runtime_seconds": 0.0044556669890880585,
    "split": "validation"
  },
  "fold_index": 3,
  "mode": "nonlinear",
  "seed": 41314,
  "setting": 4,
  "total_runtime_seconds": 27.31021832721308,
  "train_metrics": {
    "dispatch_counts": [
      [
        0.0,
        2.0,
        1.0,
        3311.0
      ],
      [
        0.0,
        3113.0,
        1.0,
        4.0
      ],
      [
        3167.0,
        25.0,
        8.0,
        49.0
      ],
      [
        1.0,
        3.0,
        3113.0,
        2.0
      ]
    ],
    "entropy_record": [
      1.3856406211853027,
      1.3854223489761353,
      1.385562539100647,
      1.3854005336761475,
      1.3852968215942383,
      1.3857934474945068,
      1.3852202892303467,
      1.3855260610580444,
      1.3855841159820557,
      1.3856995105743408,
      1.3849384784698486,
      1.3834257125854492,
      1.3786183595657349,
      1.3610721826553345,
      1.2971622943878174,
      1.1479089260101318,
      0.8528434634208679,
      0.6356616020202637,
      0.5379458069801331,
      0.521314263343811,
      0.5090870261192322,
      0.5007086992263794,
      0.5012016296386719,
      0.49847611784935,
      0.48800796270370483,
      0.47993040084838867,
      0.4605792164802551,
      0.4414621889591217,
      0.42037808895111084,
      0.3903794288635254,
      0.35468292236328125,
      0.32785630226135254,
      0.2919854521751404,
      0.2600099444389343,
      0.23163491487503052,
      0.2091919183731079,
      0.19289284944534302,
      0.17950794100761414,
      0.15893518924713135,
      0.151611328125,
      0.1384676992893219,
      0.13020363450050354,
      0.12391852587461472,
      0.11892969906330109,
      0.11449490487575531,
      0.10907518118619919,
      0.10383929312229156,
      0.10013343393802643,
      0.09709295630455017,
      0.09415183216333389,
      0.0881107971072197,
      0.08814767748117447,
      0.0841081291437149,
      0.08234512805938721,
      0.08154384791851044,
      0.07879336178302765,
      0.07806496322154999,
      0.07616499066352844,
      0.07436691224575043,
      0.07309787720441818,
      0.07246510684490204,
      0.07213424146175385,
      0.06863076984882355,
      0.06999436020851135,
      0.06861788034439087,
      0.06826896965503693,
      0.06647053360939026,
      0.06616531312465668,
      0.06361633539199829,
      0.06526163220405579,
      0.06391660869121552,
      0.05947589874267578,
      0.061785295605659485,
      0.06355006992816925,
      0.06029653176665306,
      0.06015042960643768,
      0.060577310621738434,
      0.059142258018255234,
      0.05970529094338417,
      0.05887555330991745,
      0.05877683311700821,
      0.05696118623018265,
      0.0569511353969574,
      0.05864676833152771,
      0.05661247670650482,
      0.0562799796462059,
      0.060040343552827835,
      0.05613701418042183,
      0.05690954253077507,
      0.05613640695810318,
      0.05294426530599594,
      0.057251960039138794,
      0.05604860186576843,
      0.055450960993766785,
      0.052858851850032806,
      0.05192353203892708,
      0.054118573665618896,
      0.05353882908821106,
      0.05411224812269211,
      0.05401236563920975,
      0.05250385403633118,
      0.05093636363744736,
      0.05029626935720444,
      0.054090872406959534,
      0.051659658551216125,
      0.04991793632507324,
      0.053267210721969604,
      0.05213908478617668,
      0.0513949990272522,
      0.050161100924015045,
      0.05373455956578255,
      0.05023986101150513,
      0.049167733639478683,
      0.05161247402429581,
      0.04920639842748642,
      0.048301391303539276,
      0.050902850925922394,
      0.050477493554353714,
      0.05187661945819855,
      0.05151739716529846,
      0.05064868554472923,
      0.048822201788425446,
      0.04971984773874283,
      0.048500627279281616,
      0.05247366055846214,
      0.050419438630342484,
      0.04888414591550827,
      0.04954325407743454,
      0.05082324892282486,
      0.04938320815563202,
      0.05012374371290207,
      0.04997052997350693,
      0.04929627478122711,
      0.0478469543159008,
      0.05073460564017296,
      0.04995594173669815,
      0.04738856852054596,
      0.04841821268200874,
      0.04537256062030792,
      0.047895416617393494,
      0.047986239194869995,
      0.048717353492975235,
      0.04772831127047539,
      0.04838637262582779,
      0.04812179505825043,
      0.04680587351322174,
      0.04935900866985321,
      0.048151787370443344,
      0.04839649423956871,
      0.04864678531885147,
      0.04737306386232376,
      0.04818568378686905,
      0.04607796296477318,
      0.046511031687259674,
      0.047511182725429535,
      0.04897046834230423,
      0.046511031687259674,
      0.04727696627378464,
      0.04718205705285072,
      0.0482596829533577,
      0.04717642068862915,
      0.04545213654637337,
      0.04836990684270859,
      0.046664923429489136,
      0.04588692635297775,
      0.04788803681731224,
      0.04880844056606293,
      0.046224772930145264,
      0.045526646077632904,
      0.04664594680070877,
      0.0462445467710495,
      0.04658341407775879,
      0.047047216445207596,
      0.04618441313505173,
      0.04491472989320755,
      0.04691503942012787,
      0.046146661043167114,
      0.04798077046871185,
      0.04457288980484009,
      0.04625418782234192,
      0.04715214669704437,
      0.046832337975502014,
      0.04528941959142685,
      0.04635302349925041,
      0.04475339874625206,
      0.04718988388776779,
      0.04717731475830078,
      0.0464816614985466,
      0.0475824810564518,
      0.047829076647758484,
      0.04455298185348511,
      0.04357653856277466,
      0.04495424032211304,
      0.04480952024459839,
      0.04523568972945213,
      0.04480299353599548,
      0.04781355336308479,
      0.04557761549949646,
      0.04702010005712509,
      0.04465404897928238,
      0.04689187929034233,
      0.045503631234169006,
      0.04631318897008896,
      0.04439127445220947,
      0.046859510242938995,
      0.04502641782164574,
      0.04561513662338257,
      0.04435659199953079,
      0.04398467764258385,
      0.0464223176240921,
      0.04417155683040619,
      0.045572467148303986,
      0.04503779858350754,
      0.04511651396751404,
      0.04515913128852844,
      0.043877556920051575,
      0.04724671319127083,
      0.04430963099002838,
      0.04606682434678078,
      0.04495380073785782,
      0.04498890042304993,
      0.04548878222703934,
      0.04428653419017792,
      0.04415702819824219,
      0.04528941959142685,
      0.044881273061037064,
      0.044495053589344025,
      0.043800897896289825,
      0.04487960413098335,
      0.044205375015735626,
      0.045385003089904785,
      0.044736795127391815,
      0.04415702819824219,
      0.0426349863409996,
      0.04613310843706131,
      0.04453674703836441,
      0.044788844883441925,
      0.04557012766599655,
      0.04610978811979294,
      0.044724106788635254,
      0.04458387941122055,
      0.045018892735242844,
      0.044756121933460236,
      0.043850380927324295,
      0.04505535215139389,
      0.04421721026301384,
      0.04310697317123413,
