{
  "config": {
    "early_stopping": true,
    "epochs": 601,
    "expert_lr": 0.00067852,
    "expert_momentum": 0.934676,
    "expert_num": 4,
    "expert_weight_decay": 1e-05,
    "load_balancing": false,
    "optimizer_family": "original",
    "router_lr": 0.04474372,
    "router_momentum": 0.983778,
    "router_weight_decay": 0.0001
  },
  "eval_metrics": {
    "accuracy": 95.34375,
    "dispatch_counts": [
      [
        826.0,
        1.0,
        2.0,
        0.0
      ],
      [
        2.0,
        776.0,
        0.0,
        1.0
      ],
      [
        2.0,
        0.0,
        810.0,
        0.0
      ],
      [
        591.0,
        12.0,
        13.0,
        164.0
      ]
    ],
    "entropy": 0.3592594265937805,
    "loss": 0.3596559762954712,
    "runtime_seconds": 0.0044330572709441185,
    "split": "validation"
  },
  "fold_index": 1,
  "mode": "nonlinear",
  "seed": 41312,
  "setting": 4,
  "total_runtime_seconds": 27.4003701149486,
  "train_metrics": {
    "dispatch_counts": [
      [
        3310.0,
        2.0,
        2.0,
        0.0
      ],
      [
        13.0,
        3100.0,
        3.0,
        2.0
      ],
      [
        6.0,
        2.0,
        3242.0,
        0.0
      ],
      [
        2322.0,
        37.0,
        27.0,
        732.0
      ]
    ],
    "entropy_record": [
      1.3855440616607666,
      1.385645866394043,
      1.3856068849563599,
      1.3856583833694458,
      1.385581612586975,
      1.3852969408035278,
      1.3853815793991089,
      1.3855259418487549,
      1.3857226371765137,
      1.38531494140625,
      1.3856734037399292,
      1.3853790760040283,
      1.3838367462158203,
      1.3816076517105103,
      1.3726481199264526,
      1.3494060039520264,
      1.2856909036636353,
      1.1418848037719727,
      0.9568237066268921,
      0.7783173322677612,
      0.6736849546432495,
      0.5856704711914062,
      0.5237348079681396,
      0.4755840599536896,
      0.44946545362472534,
      0.4263826608657837,
      0.41169583797454834,
      0.40172749757766724,
      0.39170902967453003,
      0.3775223195552826,
      0.37705859541893005,
      0.3734443187713623,
      0.3698965013027191,
      0.36588311195373535,
      0.3623499870300293,
      0.3563660681247711,
      0.3612852692604065,
      0.3526073098182678,
      0.3593803644180298,
      0.35375988483428955,
      0.35386502742767334,
      0.3507157862186432,
      0.35460132360458374,
      0.3496623933315277,
      0.3522236943244934,
      0.35055384039878845,
      0.35171058773994446,
      0.3495746850967407,
      0.3476791977882385,
      0.34955260157585144,
      0.3503337800502777,
      0.34809577465057373,
      0.346529096364975,
      0.3472534418106079,
      0.3456135094165802,
      0.3476719558238983,
      0.34727469086647034,
      0.34784677624702454,
      0.3489117920398712,
      0.34663307666778564,
      0.34808552265167236,
      0.3473658859729767,
      0.34574469923973083,
      0.34745270013809204,
      0.34603407979011536,
      0.34494009613990784,
      0.345527321100235,
      0.3465028703212738,
      0.3477833867073059,
      0.34351155161857605,
      0.34668445587158203,
      0.34507131576538086,
      0.344931423664093,
      0.3434024453163147,
      0.34370869398117065,
      0.3439551591873169,
      0.34343859553337097,
      0.34388771653175354,
      0.3451889157295227,
      0.3460424542427063,
      0.3420710861682892,
      0.34654000401496887,
      0.3458450436592102,
      0.34348130226135254,
      0.34367138147354126,
      0.3434215188026428,
      0.34646421670913696,
      0.34098923206329346,
      0.3458878695964813,
      0.3444456458091736,
      0.34409624338150024,
      0.3443618416786194,
      0.34526410698890686,
      0.34484735131263733,
      0.34386587142944336,
      0.34269213676452637,
      0.3442223370075226,
      0.34302449226379395,
      0.3424772024154663,
      0.34449270367622375,
      0.3448069989681244,
      0.34576478600502014,
      0.3449149429798126,
      0.34401899576187134,
      0.3437196910381317,
      0.34181657433509827,
      0.34492436051368713,
      0.34257543087005615,
      0.3438282608985901,
      0.34570738673210144,
      0.3445681929588318,
      0.3443554639816284,
      0.3413672149181366,
      0.34599652886390686,
      0.3445397913455963,
      0.34348034858703613,
      0.34616416692733765,
      0.3433096706867218,
      0.34558096528053284,
      0.3442038893699646,
      0.3435693681240082,
      0.34341198205947876,
      0.3434434235095978,
      0.3423529267311096,
      0.34346768260002136,
      0.3439781665802002,
      0.345599889755249,
      0.3429727852344513,
      0.34366315603256226,
      0.3423088788986206,
      0.34233254194259644,
      0.34415411949157715,
      0.3414511978626251,
      0.34477511048316956,
      0.3430383503437042,
      0.342087060213089,
      0.34317290782928467,
      0.3441770672798157,
      0.3438289165496826,
      0.3419381082057953,
      0.3447095453739166,
      0.34421831369400024,
      0.3451263904571533,
      0.3451188802719116,
      0.3437010943889618,
      0.34203314781188965,
      0.3413730263710022,
      0.3426816463470459,
      0.34539496898651123,
      0.34193655848503113,
      0.34335222840309143,
      0.3435901403427124,
      0.3430155813694,
      0.3426204025745392,
      0.34515613317489624,
      0.3442295491695404,
      0.34345555305480957,
      0.34344741702079773,
      0.34378620982170105,
      0.342430055141449,
      0.3441146910190582,
      0.34583890438079834,
      0.3423047363758087,
      0.34164315462112427,
      0.3430943489074707,
      0.3426257371902466,
      0.34309279918670654,
      0.34431061148643494,
      0.3445260524749756,
      0.3443962335586548,
      0.343456506729126,
      0.34440916776657104,
      0.3432057201862335,
      0.34215065836906433,
      0.34424734115600586,
      0.3447597324848175,
      0.34302446246147156,
      0.3434204161167145,
      0.3425186276435852,
      0.3446071445941925,
      0.3435320258140564,
      0.34351781010627747,
      0.3433775007724762,
      0.34334924817085266,
      0.3438893258571625,
      0.34200960397720337,
      0.3442649245262146,
      0.34469884634017944,
      0.3433680832386017,
      0.3438519835472107,
      0.34496524930000305,
      0.34324443340301514,
      0.3464532494544983,
      0.34391117095947266,
      0.3424874544143677,
      0.3428943455219269,
      0.34387463331222534,
      0.3440612256526947,
      0.3439483046531677,
      0.34387829899787903,
      0.34382364153862,
      0.34339672327041626,
      0.3442579507827759,
      0.3439987897872925,
      0.34357982873916626,
      0.3460579812526703,
      0.3444880545139313,
      0.3430526554584503,
      0.3425939977169037,
      0.3427664041519165,
      0.3423413038253784,
      0.3437963128089905,
      0.344113826751709,
      0.3426706790924072,
      0.3435845673084259,
      0.34343376755714417,
      0.3437660038471222,
      0.34510520100593567,
      0.34325385093688965,
      0.34323641657829285,
      0.3442428410053253,
      0.3424549102783203,
      0.34358376264572144,
      0.343423455953598,
      0.3437342941761017,
      0.343391090631485,
      0.3431379795074463,
      0.3424610197544098,
      0.343137264251709,
      0.3421083986759186,
      0.34240975975990295,
      0.3425573706626892,
      0.3437608778476715,
      0.3442135751247406,
      0.3428979218006134,
      0.3437163531780243,
      0.34404703974723816,
      0.3436487317085266,
      0.34397295117378235,
      0.34509843587875366,
      0.34285539388656616,
      0.34291115403175354,
      0.34428778290748596,
      0.3448231518268585,
      0.3455962538719177,
      0.3426930904388428,
      0.34341520071029663,
      0.34459570050239563,
      0.34324201941490173,
      0.3428177833557129,
      0.34329479932785034,
      0.3448101580142975,
      0.3428332507610321,
