{
  "config": {
    "early_stopping": true,
    "epochs": 601,
    "expert_lr": 0.00067852,
    "expert_momentum": 0.934676,
    "expert_num": 4,
    "expert_weight_decay": 1e-05,
    "load_balancing": false,
    "optimizer_family": "original",
    "router_lr": 0.04474372,
    "router_momentum": 0.983778,
    "router_weight_decay": 0.0001
  },
  "eval_metrics": {
    "accuracy": 88.28125,
    "dispatch_counts": [
      [
        365.0,
        122.0,
        316.0,
        25.0
      ],
      [
        409.0,
        249.0,
        122.0,
        0.0
      ],
      [
        144.0,
        75.0,
        593.0,
        0.0
      ],
      [
        233.0,
        461.0,
        85.0,
        1.0
      ]
    ],
    "entropy": 1.20195472240448,
    "loss": 0.4295356273651123,
    "runtime_seconds": 0.004356977995485067,
    "split": "validation"
  },
  "fold_index": 0,
  "mode": "nonlinear",
  "seed": 41311,
  "setting": 4,
  "total_runtime_seconds": 7.908943178132176,
  "train_metrics": {
    "dispatch_counts": [
      [
        1453.0,
        524.0,
        1225.0,
        113.0
      ],
      [
        1574.0,
        1038.0,
        505.0,
        0.0
      ],
      [
        604.0,
        309.0,
        2336.0,
        1.0
      ],
      [
        833.0,
        1849.0,
        431.0,
        5.0
      ]
    ],
    "entropy_record": [
      1.3857311010360718,
      1.3856699466705322,
      1.385252594947815,
      1.3857064247131348,
      1.3855929374694824,
      1.3856290578842163,
      1.3855931758880615,
      1.3855997323989868,
      1.3854701519012451,
      1.3856223821640015,
      1.3853169679641724,
      1.383653163909912,
      1.3811372518539429,
      1.371741771697998,
      1.3387181758880615,
      1.2590246200561523,
      1.1213935613632202,
      1.0077931880950928,
      0.9463405609130859,
      0.9075036644935608,
      0.8894376754760742,
      0.8900642395019531,
      0.887606143951416,
      0.8837594985961914,
      0.8896710276603699,
      0.8874550461769104,
      0.8930899500846863,
      0.8968268632888794,
      0.8994038105010986,
      0.900577187538147,
      0.9059546589851379,
      0.9065807461738586,
      0.9066715240478516,
      0.9121156930923462,
      0.9155048131942749,
      0.9153019785881042,
      0.9173755645751953,
      0.9200505018234253,
      0.9217506051063538,
      0.9216234683990479,
      0.9223729968070984,
      0.9218457937240601,
      0.9222466945648193,
      0.9290533065795898,
      0.9296437501907349,
      0.9311428070068359,
      0.9324254393577576,
      0.9311603903770447,
      0.9335946440696716,
      0.9357550740242004,
      0.9386091828346252,
      0.9413233399391174,
      0.9427987337112427,
      0.9456742405891418,
      0.9487004280090332,
      0.9519526362419128,
      0.957067608833313,
      0.9638735055923462,
      0.9685763716697693,
      0.9745369553565979,
      0.9801931977272034,
      0.9854639768600464,
      0.9888542890548706,
      0.9959499835968018,
      0.9964145421981812,
      1.0028190612792969,
      1.0071383714675903,
      1.0120444297790527,
      1.0214190483093262,
      1.0222645998001099,
      1.0276291370391846,
      1.0316835641860962,
      1.0393856763839722,
      1.0431301593780518,
      1.047194004058838,
      1.0520007610321045,
      1.0552619695663452,
      1.0607839822769165,
      1.063673734664917,
      1.06614089012146,
      1.0683645009994507,
      1.0706607103347778,
      1.076671838760376,
      1.0778895616531372,
      1.081516146659851,
      1.0865914821624756,
      1.089543104171753,
      1.092207670211792,
      1.0948196649551392,
      1.0984870195388794,
      1.101067304611206,
      1.1054414510726929,
      1.1064188480377197,
      1.1081064939498901,
      1.1117514371871948,
      1.1151224374771118,
      1.1168428659439087,
      1.120589256286621,
      1.1230788230895996,
      1.1220451593399048,
      1.1262404918670654,
      1.1273202896118164,
      1.1317236423492432,
      1.1340218782424927,
      1.1346979141235352,
      1.137428641319275,
      1.1380234956741333,
      1.1414226293563843,
      1.141765832901001,
      1.1445749998092651,
      1.1458513736724854,
      1.1473617553710938,
      1.1483560800552368,
      1.149649739265442,
      1.1514854431152344,
      1.1522361040115356,
      1.1526696681976318,
      1.154655933380127,
      1.1572632789611816,
      1.1574238538742065,
      1.159206748008728,
      1.1598567962646484,
      1.1619502305984497,
      1.1627225875854492,
      1.164768099784851,
      1.163962960243225,
      1.16588294506073,
      1.166588306427002,
      1.1691821813583374,
      1.1719220876693726,
      1.1706621646881104,
      1.1725305318832397,
      1.1748318672180176,
      1.1757429838180542,
      1.1773754358291626,
      1.1777087450027466,
      1.17972731590271,
      1.1813119649887085,
      1.1833401918411255,
      1.182623028755188,
      1.186203122138977,
      1.1870852708816528,
      1.188887119293213,
      1.1897633075714111,
      1.1919595003128052,
      1.1934235095977783,
      1.1940817832946777,
      1.1942423582077026,
      1.1961885690689087,
      1.1962742805480957,
      1.1991881132125854,
      1.1993602514266968,
      1.201210856437683,
      1.2021085023880005,
      1.2017364501953125,
      1.2042696475982666,
      1.203138828277588,
      1.2048391103744507,
      1.2052135467529297,
      1.2060937881469727,
      1.2064900398254395,
      1.2082500457763672,
      1.2083171606063843,
      1.2087522745132446,
      1.2108094692230225,
      1.2106091976165771,
      1.212451696395874,
      1.2123984098434448,
      1.213463306427002,
      1.2128452062606812,
      1.2137538194656372,
      1.2136809825897217,
      1.2153209447860718
    ],
    "epochs_ran": 173,
    "final_entropy": 1.2153209447860718,
    "final_loss": 0.4233053922653198,
    "plot_diagnostics": null,
    "runtime_seconds": 7.904586200136691
  }
}