{
  "config": {
    "early_stopping": true,
    "epochs": 601,
    "expert_lr": 0.0024462,
    "expert_momentum": 0.976441,
    "expert_num": 8,
    "expert_weight_decay": 1e-05,
    "load_balancing": false,
    "ns_steps": 10,
    "optimizer_family": "muon",
    "router_lr": 0.02931596,
    "router_momentum": 0.931323,
    "router_weight_decay": 0.001
  },
  "eval_metrics": {
    "accuracy": 90.09375,
    "dispatch_counts": [
      [
        39.0,
        59.0,
        10.0,
        17.0,
        254.0,
        103.0,
        209.0,
        116.0
      ],
      [
        60.0,
        340.0,
        0.0,
        74.0,
        314.0,
        7.0,
        3.0,
        1.0
      ],
      [
        44.0,
        98.0,
        210.0,
        291.0,
        0.0,
        0.0,
        109.0,
        50.0
      ],
      [
        318.0,
        68.0,
        159.0,
        12.0,
        0.0,
        216.0,
        19.0,
        0.0
      ]
    ],
    "entropy": 0.8421427607536316,
    "loss": 0.41232404112815857,
    "runtime_seconds": 0.00850073667243123,
    "split": "validation"
  },
  "fold_index": 2,
  "mode": "nonlinear",
  "seed": 10613,
  "setting": 1,
  "total_runtime_seconds": 21.698318728711456,
  "train_metrics": {
    "dispatch_counts": [
      [
        133.0,
        201.0,
        28.0,
        53.0,
        934.0,
        523.0,
        777.0,
        579.0
      ],
      [
        193.0,
        1403.0,
        0.0,
        328.0,
        1204.0,
        53.0,
        14.0,
        5.0
      ],
      [
        109.0,
        403.0,
        842.0,
        1156.0,
        1.0,
        2.0,
        482.0,
        209.0
      ],
      [
        1272.0,
        281.0,
        594.0,
        26.0,
        10.0,
        911.0,
        73.0,
        1.0
      ]
    ],
    "entropy_record": [
      1.3855302333831787,
      1.2250851392745972,
      1.0880279541015625,
      1.0296472311019897,
      0.9769563674926758,
      0.9451308250427246,
      0.9237852692604065,
      0.9186883568763733,
      0.9122107625007629,
      0.9056139588356018,
      0.8938097357749939,
      0.8847012519836426,
      0.8823912143707275,
      0.8789836168289185,
      0.8755170106887817,
      0.8646133542060852,
      0.8618806004524231,
      0.8589479327201843,
      0.8509548306465149,
      0.8485874533653259,
      0.8411197066307068,
      0.8337287306785583,
      0.8251319527626038,
      0.8184927701950073,
      0.8131709694862366,
      0.8093529939651489,
      0.8060713410377502,
      0.7983540296554565,
      0.7964853644371033,
      0.7923891544342041,
      0.7900041341781616,
      0.7865257859230042,
      0.785639226436615,
      0.7848201990127563,
      0.7852837443351746,
      0.780075192451477,
      0.7820596694946289,
      0.7789531350135803,
      0.7818168997764587,
      0.7794138193130493,
      0.7791690230369568,
      0.7784916162490845,
      0.7789641618728638,
      0.7773259878158569,
      0.775875449180603,
      0.7770045399665833,
      0.7756143808364868,
      0.7729556560516357,
      0.775772213935852,
      0.7775015234947205,
      0.7754642963409424,
      0.7741004824638367,
      0.7763559818267822,
      0.7765166759490967,
      0.7755605578422546,
      0.7758587002754211,
      0.7763978242874146,
      0.7757771611213684,
      0.7767903208732605,
      0.7775103449821472,
      0.7773101925849915,
      0.7800151109695435,
      0.7782831192016602,
      0.7792487740516663,
      0.7773478031158447,
      0.7772256135940552,
      0.7754905819892883,
      0.7763293385505676,
      0.7777965068817139,
      0.7777458429336548,
      0.7763599157333374,
      0.7781091928482056,
      0.7773813009262085,
      0.7773719429969788,
      0.778164267539978,
      0.7745662331581116,
      0.7792797684669495,
      0.779367983341217,
      0.7796087265014648,
      0.7776684761047363,
      0.7795146703720093,
      0.7788150906562805,
      0.7785764932632446,
      0.779106616973877,
      0.778752326965332,
      0.7801944017410278,
      0.7818339467048645,
      0.7803339958190918,
      0.7801254987716675,
      0.7806919813156128,
      0.780684769153595,
      0.7812299132347107,
      0.7795215845108032,
      0.7795894145965576,
      0.7795284390449524,
      0.7826921939849854,
      0.781095027923584,
      0.7800412774085999,
      0.7824625372886658,
      0.7817555069923401,
      0.7821282148361206,
      0.7822598218917847,
      0.7821698784828186,
      0.7819352746009827,
      0.7831153273582458,
      0.7813876867294312,
      0.7820393443107605,
      0.7808818817138672,
      0.7824719548225403,
      0.7814330458641052,
      0.7833102941513062,
      0.783555805683136,
      0.7814764380455017,
      0.7809211015701294,
      0.7825675010681152,
      0.7822966575622559,
      0.7809759974479675,
      0.7806069254875183,
      0.7816962599754333,
      0.7810980081558228,
      0.7805591821670532,
      0.7815277576446533,
      0.7811011672019958,
      0.7807549238204956,
      0.7806041836738586,
      0.7813661694526672,
      0.7804855704307556,
      0.780534029006958,
      0.7819965481758118,
      0.7803183794021606,
      0.7802107930183411,
      0.7800381183624268,
      0.7809867858886719,
      0.7814628481864929,
      0.780353307723999,
      0.7792803645133972,
      0.7808369994163513,
      0.7810341715812683,
      0.7780799865722656,
      0.7792977094650269,
      0.7787877917289734,
      0.7793974876403809,
      0.7788853645324707,
      0.7796812057495117,
      0.7788811326026917,
      0.7794828414916992,
      0.7784696817398071,
      0.7785876989364624,
      0.7801064252853394,
      0.7783722877502441,
      0.778741180896759,
      0.7794017195701599,
      0.7777796387672424,
      0.7782915830612183,
      0.7792782187461853,
      0.7779358625411987,
      0.7790163159370422,
      0.7796522378921509,
      0.7776968479156494,
      0.7787874341011047,
      0.7775488495826721,
      0.7767831087112427,
      0.7772268056869507,
      0.7758491039276123,
      0.775782585144043,
      0.7780029773712158,
      0.7752028107643127,
      0.7752368450164795,
      0.7753511667251587,
      0.7749005556106567,
      0.7740526795387268,
      0.7759760618209839,
      0.7765810489654541,
      0.775948166847229,
      0.7751808762550354,
      0.7749631404876709,
      0.7748755216598511,
      0.7755520343780518,
      0.7752290368080139,
      0.7736240029335022,
      0.7734137177467346,
      0.7735450863838196,
      0.7733770608901978,
      0.7736223936080933,
      0.7732052206993103,
      0.7723298072814941,
      0.7717141509056091,
      0.7715804576873779,
      0.7713932394981384,
      0.7723481059074402,
      0.7715747952461243,
      0.7715815901756287,
      0.7732868194580078,
      0.773806631565094,
      0.7755869030952454,
      0.7738043069839478,
      0.7739732265472412,
      0.7740047574043274,
      0.7740253210067749,
      0.774350643157959,
      0.7748872637748718,
      0.7749725580215454,
      0.7746204733848572,
      0.7761913537979126,
      0.7759042382240295,
      0.7743051648139954,
      0.7764462828636169,
      0.7772077322006226,
      0.7793318629264832,
      0.7787142992019653,
      0.7806037664413452,
      0.7799021601676941,
      0.7806850671768188,
      0.7814180254936218,
      0.783783495426178,
      0.7837238907814026,
      0.7851505279541016,
      0.785891592502594,
      0.7867939472198486,
      0.7856879234313965,
      0.787532389163971,
      0.7883263230323792,
      0.7910642623901367,
      0.7917566895484924,
      0.7934461236000061,
      0.7928931713104248,
      0.7935348749160767,
      0.793834388256073,
      0.7937015891075134,
      0.7964526414871216,
      0.7972152829170227,
      0.7985422015190125,
      0.801265299320221,
      0.8013543486595154,
      0.8025969862937927,
      0.8032933473587036,
      0.8083119988441467,
      0.8093474507331848,
