{
  "config": {
    "early_stopping": true,
    "epochs": 601,
    "expert_lr": 0.00213478,
    "expert_momentum": 0.925154,
    "expert_num": 8,
    "expert_weight_decay": 0.0001,
    "load_balancing": false,
    "ns_steps": 7,
    "optimizer_family": "muon",
    "router_lr": 0.0202672,
    "router_momentum": 0.977218,
    "router_weight_decay": 0.0001
  },
  "eval_metrics": {
    "accuracy": 97.5625,
    "dispatch_counts": [
      [
        6.0,
        4.0,
        4.0,
        387.0,
        2.0,
        14.0,
        410.0,
        1.0
      ],
      [
        368.0,
        2.0,
        13.0,
        7.0,
        1.0,
        379.0,
        10.0,
        0.0
      ],
      [
        6.0,
        384.0,
        392.0,
        13.0,
        3.0,
        9.0,
        3.0,
        2.0
      ],
      [
        10.0,
        11.0,
        7.0,
        12.0,
        357.0,
        16.0,
        6.0,
        361.0
      ]
    ],
    "entropy": 0.24375906586647034,
    "loss": 0.3376365602016449,
    "runtime_seconds": 0.007510257884860039,
    "split": "validation"
  },
  "fold_index": 4,
  "mode": "nonlinear",
  "seed": 42315,
  "setting": 4,
  "total_runtime_seconds": 51.36779760522768,
  "train_metrics": {
    "dispatch_counts": [
      [
        25.0,
        22.0,
        22.0,
        1584.0,
        8.0,
        34.0,
        1616.0,
        4.0
      ],
      [
        1501.0,
        15.0,
        29.0,
        22.0,
        12.0,
        1515.0,
        21.0,
        2.0
      ],
      [
        17.0,
        1539.0,
        1581.0,
        53.0,
        7.0,
        26.0,
        22.0,
        5.0
      ],
      [
        27.0,
        52.0,
        31.0,
        57.0,
        1423.0,
        67.0,
        30.0,
        1431.0
      ]
    ],
    "entropy_record": [
      1.385029911994934,
      1.2677456140518188,
      1.0895191431045532,
      0.9151567220687866,
      0.7687153220176697,
      0.6506727933883667,
      0.5930720567703247,
      0.553193986415863,
      0.5054463148117065,
      0.4776967167854309,
      0.44918352365493774,
      0.4351347088813782,
      0.4126431345939636,
      0.38991841673851013,
      0.37652304768562317,
      0.3624660074710846,
      0.34898027777671814,
      0.3351709246635437,
      0.32666972279548645,
      0.32259446382522583,
      0.3106197416782379,
      0.3065173625946045,
      0.302604079246521,
      0.2936902344226837,
      0.2867591679096222,
      0.29127931594848633,
      0.290116548538208,
      0.2850249707698822,
      0.2803254723548889,
      0.2804856300354004,
      0.27652037143707275,
      0.27546021342277527,
      0.2741221487522125,
      0.2710884213447571,
      0.27535343170166016,
      0.26620960235595703,
      0.26784488558769226,
      0.26743245124816895,
      0.2657606303691864,
      0.2632030248641968,
      0.26220929622650146,
      0.2592518925666809,
      0.2572909891605377,
      0.2599470317363739,
      0.25731709599494934,
      0.2591167688369751,
      0.260164737701416,
      0.26012226939201355,
      0.25994887948036194,
      0.2558651268482208,
      0.2558985650539398,
      0.2552354037761688,
      0.25582513213157654,
      0.2530495822429657,
      0.25897786021232605,
      0.2517523169517517,
      0.25392940640449524,
      0.250554621219635,
      0.2528916001319885,
      0.25374388694763184,
      0.2533382177352905,
      0.25227510929107666,
      0.25015580654144287,
      0.24787119030952454,
      0.2512787878513336,
      0.25188520550727844,
      0.2513994872570038,
      0.25104811787605286,
      0.24919256567955017,
      0.24973581731319427,
      0.2497406154870987,
      0.2519187033176422,
      0.24680998921394348,
      0.24682390689849854,
      0.24829216301441193,
      0.2471155822277069,
      0.24922122061252594,
      0.2472698837518692,
      0.24626101553440094,
      0.2451658695936203,
      0.2457878589630127,
      0.24562260508537292,
      0.24468885362148285,
      0.24671714007854462,
      0.2430010437965393,
      0.24624459445476532,
      0.2452322393655777,
      0.24551144242286682,
      0.24508433043956757,
      0.2455066591501236,
      0.24535788595676422,
      0.2444809377193451,
      0.24506023526191711,
      0.24338030815124512,
      0.2443743646144867,
      0.24400658905506134,
      0.24335624277591705,
      0.24361729621887207,
      0.24325349926948547,
      0.24377819895744324,
      0.24215304851531982,
      0.24273771047592163,
      0.24168621003627777,
      0.24220554530620575,
      0.2426939606666565,
      0.2412424236536026,
      0.2435191422700882,
      0.24047580361366272,
      0.24115143716335297,
      0.24335044622421265,
      0.243952676653862,
      0.2422770857810974,
      0.2418191134929657,
      0.24317847192287445,
      0.24215883016586304,
      0.24185967445373535,
      0.2427317202091217,
      0.23911161720752716,
      0.24316734075546265,
      0.2403709888458252,
      0.2415083795785904,
      0.24141670763492584,
      0.2426663637161255,
      0.24105224013328552,
      0.23984625935554504,
      0.24160759150981903,
      0.2393377423286438,
      0.24030083417892456,
      0.23870474100112915,
      0.24106711149215698,
      0.23922042548656464,
      0.24157845973968506,
      0.2400905191898346,
      0.24029527604579926,
      0.23957151174545288,
      0.23927214741706848,
      0.2405434250831604,
      0.24114984273910522,
      0.23958700895309448,
      0.24061883985996246,
      0.23856991529464722,
      0.2386757880449295,
      0.23948055505752563,
      0.24008682370185852,
      0.2398814857006073,
      0.24049033224582672,
      0.2401166409254074,
      0.2387673407793045,
      0.24033990502357483,
      0.24027946591377258,
      0.24010248482227325,
      0.23780253529548645,
      0.2409496307373047,
      0.23920458555221558,
      0.23962701857089996,
      0.23940297961235046,
      0.2409723401069641,
      0.23858201503753662,
      0.2388407438993454,
      0.2391785830259323,
      0.23895302414894104,
      0.2382008135318756,
      0.23831556737422943,
      0.23828284442424774,
      0.23851047456264496,
      0.23806333541870117,
      0.23834121227264404,
      0.23880715668201447,
      0.2408730834722519,
      0.23807711899280548,
      0.2384238839149475,
      0.23873211443424225,
      0.2395561784505844,
      0.2376384288072586,
      0.2376510351896286,
      0.23863622546195984,
      0.23709510266780853,
      0.23856405913829803,
      0.23805992305278778,
      0.24024644494056702,
      0.2393493950366974,
      0.23898006975650787,
      0.23952339589595795,
      0.239314004778862,
      0.23860545456409454,
      0.23831740021705627,
      0.23778966069221497,
      0.23777718842029572,
      0.2372567504644394,
      0.23842938244342804,
      0.2383405715227127,
      0.23798760771751404,
      0.23711782693862915,
      0.2380506992340088,
      0.23823431134223938,
      0.23757421970367432,
      0.2381175458431244,
      0.2402067333459854,
      0.23810480535030365,
      0.2367841601371765,
      0.2378576099872589,
      0.23779962956905365,
      0.23762650787830353,
      0.23978763818740845,
      0.2368413507938385,
      0.23802095651626587,
      0.23691171407699585,
      0.23816342651844025,
      0.23865656554698944,
      0.23710060119628906,
      0.23746325075626373,
      0.23942531645298004,
      0.23707734048366547,
      0.23745813965797424,
      0.2386016994714737,
      0.2371237874031067,
      0.237825408577919,
      0.2375694215297699,
      0.23654985427856445,
      0.23806516826152802,
      0.23732350766658783,
      0.23807163536548615,
      0.23816731572151184,
      0.237540602684021,
      0.23489272594451904,
      0.23809418082237244,
      0.23831544816493988,
      0.23802578449249268,
      0.23840604722499847,
      0.2354426234960556,
      0.2374003529548645,
      0.23848101496696472,
      0.23660528659820557,
