{
  "config": {
    "early_stopping": true,
    "epochs": 601,
    "expert_lr": 0.00213478,
    "expert_momentum": 0.925154,
    "expert_num": 8,
    "expert_weight_decay": 0.0001,
    "load_balancing": false,
    "ns_steps": 7,
    "optimizer_family": "muon",
    "router_lr": 0.0202672,
    "router_momentum": 0.977218,
    "router_weight_decay": 0.0001
  },
  "eval_metrics": {
    "accuracy": 97.28125,
    "dispatch_counts": [
      [
        29.0,
        34.0,
        11.0,
        15.0,
        7.0,
        13.0,
        322.0,
        398.0
      ],
      [
        5.0,
        4.0,
        380.0,
        7.0,
        372.0,
        7.0,
        1.0,
        3.0
      ],
      [
        389.0,
        3.0,
        7.0,
        387.0,
        4.0,
        10.0,
        1.0,
        12.0
      ],
      [
        2.0,
        333.0,
        2.0,
        10.0,
        16.0,
        386.0,
        0.0,
        30.0
      ]
    ],
    "entropy": 0.31311777234077454,
    "loss": 0.3404490649700165,
    "runtime_seconds": 0.00758326007053256,
    "split": "validation"
  },
  "fold_index": 2,
  "mode": "nonlinear",
  "seed": 42313,
  "setting": 4,
  "total_runtime_seconds": 51.47164051188156,
  "train_metrics": {
    "dispatch_counts": [
      [
        114.0,
        133.0,
        60.0,
        25.0,
        43.0,
        60.0,
        1283.0,
        1596.0
      ],
      [
        13.0,
        18.0,
        1521.0,
        27.0,
        1498.0,
        15.0,
        4.0,
        22.0
      ],
      [
        1532.0,
        13.0,
        22.0,
        1574.0,
        29.0,
        30.0,
        2.0,
        47.0
      ],
      [
        17.0,
        1325.0,
        18.0,
        41.0,
        58.0,
        1539.0,
        2.0,
        119.0
      ]
    ],
    "entropy_record": [
      1.3851221799850464,
      1.2600370645523071,
      1.0335315465927124,
      0.8532938957214355,
      0.7009217739105225,
      0.6204873919487,
      0.5541470050811768,
      0.5185748338699341,
      0.4896737039089203,
      0.46606314182281494,
      0.4479268789291382,
      0.43211016058921814,
      0.4244934916496277,
      0.4126228094100952,
      0.3968735635280609,
      0.39049050211906433,
      0.3770122528076172,
      0.37352311611175537,
      0.37044423818588257,
      0.36063650250434875,
      0.3625081777572632,
      0.35761022567749023,
      0.3508329689502716,
      0.34743374586105347,
      0.34253185987472534,
      0.3476437032222748,
      0.340006560087204,
      0.34213751554489136,
      0.3414842486381531,
      0.33848199248313904,
      0.3402632772922516,
      0.3364267647266388,
      0.3369123935699463,
      0.33157652616500854,
      0.3353655934333801,
      0.3305588364601135,
      0.33018919825553894,
      0.33166971802711487,
      0.33422279357910156,
      0.330498069524765,
      0.32813435792922974,
      0.3297336995601654,
      0.3310766816139221,
      0.3272569179534912,
      0.3260895311832428,
      0.33032578229904175,
      0.3290800154209137,
      0.32281479239463806,
      0.3286207914352417,
      0.3256200850009918,
      0.3270050883293152,
      0.3268674612045288,
      0.3229043185710907,
      0.321624219417572,
      0.3227044343948364,
      0.3236656188964844,
      0.32584184408187866,
      0.3261790871620178,
      0.3253481984138489,
      0.3233860433101654,
      0.32392817735671997,
      0.321745902299881,
      0.3225216567516327,
      0.32262590527534485,
      0.3223610818386078,
      0.32301491498947144,
      0.32150140404701233,
      0.32440778613090515,
      0.319741427898407,
      0.3230191469192505,
      0.3208392262458801,
      0.3243595361709595,
      0.3247353732585907,
      0.3223697543144226,
      0.32187125086784363,
      0.32218703627586365,
      0.32305026054382324,
      0.3211894929409027,
      0.3199654221534729,
      0.3234225809574127,
      0.320014089345932,
      0.3194878101348877,
      0.3215556740760803,
      0.3223731815814972,
      0.3219544291496277,
      0.32083770632743835,
      0.3212357461452484,
      0.321763277053833,
      0.3216209411621094,
      0.3221082091331482,
      0.3199298083782196,
      0.32303693890571594,
      0.32015058398246765,
      0.32090774178504944,
      0.31967195868492126,
      0.3205191493034363,
      0.322363018989563,
      0.3219700753688812,
      0.32190370559692383,
      0.3213018476963043,
      0.32266852259635925,
      0.3178516626358032,
      0.32166704535484314,
      0.3231618106365204,
      0.3234294652938843,
      0.32252049446105957,
      0.3205757737159729,
      0.3216170370578766,
      0.3200663626194,
      0.3198448419570923,
      0.3211628794670105,
      0.32025718688964844,
      0.3189704716205597,
      0.3197464048862457,
      0.3176795542240143,
      0.32077014446258545,
      0.3197096288204193,
      0.32288575172424316,
      0.3211759328842163,
      0.3194888234138489,
      0.3200085163116455,
      0.3191002905368805,
      0.31957733631134033,
      0.3191770315170288,
      0.319854736328125,
      0.31924203038215637,
      0.3234858214855194,
      0.32177403569221497,
      0.3238898813724518,
      0.32080721855163574,
      0.32209888100624084,
      0.32058635354042053,
      0.3219221532344818,
      0.32093387842178345,
      0.322814404964447,
      0.32108011841773987,
      0.3213724195957184,
      0.31910091638565063,
      0.31829917430877686,
      0.3215852975845337,
      0.320385217666626,
      0.31967782974243164,
      0.32148170471191406,
      0.3198806643486023,
      0.32181277871131897,
      0.3202747106552124,
      0.32118770480155945,
      0.32009387016296387,
      0.3182205855846405,
      0.3177501857280731,
      0.3198430836200714,
      0.3189295530319214,
      0.3190259337425232,
      0.31917116045951843,
      0.32018205523490906,
      0.3201403319835663,
      0.31982481479644775,
      0.31996896862983704,
      0.32045459747314453,
      0.3191981613636017,
      0.3192029893398285,
      0.3195092976093292,
      0.3188115656375885,
      0.3193223178386688,
      0.3184252679347992,
      0.3183864951133728,
      0.3202201724052429,
      0.3212693929672241,
      0.32013294100761414,
      0.3205788731575012,
      0.32024240493774414,
      0.32023024559020996,
      0.3194725513458252,
      0.3205738663673401,
      0.3173849880695343,
      0.3206174671649933,
      0.3193070590496063,
      0.32017782330513,
      0.3167079985141754,
      0.3190693259239197,
      0.31830108165740967,
      0.31757596135139465,
      0.31938716769218445,
      0.3176749348640442,
      0.3187350034713745,
      0.31865352392196655,
      0.318748414516449,
      0.31854408979415894,
      0.31737446784973145,
      0.317076176404953,
      0.3194551169872284,
      0.31852537393569946,
      0.3192179203033447,
      0.31706976890563965,
      0.31772783398628235,
      0.3188169598579407,
      0.31615573167800903,
      0.31854671239852905,
      0.3169521689414978,
      0.3180859386920929,
      0.3179774582386017,
      0.3181467056274414,
      0.31818586587905884,
      0.31894129514694214,
      0.31775254011154175,
      0.31878840923309326,
      0.3176310062408447,
      0.3169007897377014,
      0.31745466589927673,
      0.31890466809272766,
      0.31925150752067566,
      0.3177047371864319,
      0.31770437955856323,
      0.3179279565811157,
      0.3187536299228668,
      0.31849339604377747,
      0.31796419620513916,
      0.31936395168304443,
      0.3182961046695709,
      0.3173450231552124,
      0.3184954822063446,
      0.319130003452301,
      0.3166607618331909,
      0.3185775578022003,
      0.31727275252342224,
      0.3190499544143677,
      0.31795257329940796,
      0.3184814453125,
      0.31863686442375183,
      0.31658411026000977,
      0.3171478807926178,
      0.31866657733917236,
      0.31774765253067017,
      0.31743115186691284,
      0.3169589042663574,
