{
  "config": {
    "early_stopping": true,
    "epochs": 601,
    "expert_lr": 0.00213478,
    "expert_momentum": 0.925154,
    "expert_num": 8,
    "expert_weight_decay": 0.0001,
    "load_balancing": false,
    "ns_steps": 7,
    "optimizer_family": "muon",
    "router_lr": 0.0202672,
    "router_momentum": 0.977218,
    "router_weight_decay": 0.0001
  },
  "eval_metrics": {
    "accuracy": 95.90625,
    "dispatch_counts": [
      [
        400.0,
        11.0,
        6.0,
        0.0,
        0.0,
        403.0,
        2.0,
        6.0
      ],
      [
        25.0,
        14.0,
        13.0,
        7.0,
        172.0,
        7.0,
        353.0,
        189.0
      ],
      [
        25.0,
        53.0,
        403.0,
        0.0,
        1.0,
        47.0,
        103.0,
        180.0
      ],
      [
        19.0,
        376.0,
        16.0,
        203.0,
        1.0,
        14.0,
        4.0,
        147.0
      ]
    ],
    "entropy": 0.5851618647575378,
    "loss": 0.35419902205467224,
    "runtime_seconds": 0.007510282099246979,
    "split": "validation"
  },
  "fold_index": 0,
  "mode": "nonlinear",
  "seed": 42311,
  "setting": 4,
  "total_runtime_seconds": 51.150889622978866,
  "train_metrics": {
    "dispatch_counts": [
      [
        1616.0,
        44.0,
        32.0,
        1.0,
        2.0,
        1576.0,
        23.0,
        21.0
      ],
      [
        110.0,
        65.0,
        72.0,
        21.0,
        683.0,
        24.0,
        1394.0,
        748.0
      ],
      [
        70.0,
        162.0,
        1585.0,
        0.0,
        0.0,
        160.0,
        461.0,
        812.0
      ],
      [
        57.0,
        1514.0,
        88.0,
        748.0,
        0.0,
        58.0,
        15.0,
        638.0
      ]
    ],
    "entropy_record": [
      1.3850555419921875,
      1.2972283363342285,
      1.1721733808517456,
      1.0524280071258545,
      0.9530652165412903,
      0.8919968008995056,
      0.8338595032691956,
      0.8053151369094849,
      0.790533185005188,
      0.772158145904541,
      0.742569088935852,
      0.7234970927238464,
      0.7058451175689697,
      0.7055758833885193,
      0.6826629638671875,
      0.6625939607620239,
      0.6591014862060547,
      0.651760458946228,
      0.644536554813385,
      0.6316664218902588,
      0.628038763999939,
      0.6324429512023926,
      0.6221248507499695,
      0.6194772124290466,
      0.6159176230430603,
      0.6173001527786255,
      0.6126945614814758,
      0.6161457896232605,
      0.6108723282814026,
      0.6135662794113159,
      0.6099377870559692,
      0.6042373180389404,
      0.6056609153747559,
      0.6040799021720886,
      0.6062930822372437,
      0.6056250929832458,
      0.6039238572120667,
      0.6035040616989136,
      0.6011748909950256,
      0.5991405844688416,
      0.6003959774971008,
      0.5996508598327637,
      0.5983761548995972,
      0.6016010642051697,
      0.6010857224464417,
      0.6001098155975342,
      0.5986315608024597,
      0.5959840416908264,
      0.5996249914169312,
      0.5982633233070374,
      0.595862865447998,
      0.5960372686386108,
      0.6004512310028076,
      0.5990704894065857,
      0.5956201553344727,
      0.594622015953064,
      0.6005364656448364,
      0.5961412787437439,
      0.5964578986167908,
      0.5954015254974365,
      0.5996415019035339,
      0.5993077158927917,
      0.5958306193351746,
      0.5986947417259216,
      0.6002135276794434,
      0.5985410213470459,
      0.5956307649612427,
      0.5977834463119507,
      0.5975879430770874,
      0.5953136086463928,
      0.599500298500061,
      0.5964150428771973,
      0.598318338394165,
      0.5972223877906799,
      0.5960900187492371,
      0.59778892993927,
      0.5983403921127319,
      0.5954824090003967,
      0.5976916551589966,
      0.5971297025680542,
      0.6001914739608765,
      0.5957900285720825,
      0.596520185470581,
      0.5962637066841125,
      0.599604606628418,
      0.5994130969047546,
      0.598699152469635,
      0.5997067093849182,
      0.5966612696647644,
      0.5970749258995056,
      0.5973206758499146,
      0.5961416363716125,
      0.5984953045845032,
      0.5962608456611633,
      0.5975455045700073,
      0.5978063344955444,
      0.5990931987762451,
      0.5986121296882629,
      0.5981336832046509,
      0.595516562461853,
      0.5971685647964478,
      0.5978342890739441,
      0.5966339111328125,
      0.5982744693756104,
      0.5969025492668152,
      0.5978942513465881,
      0.5971264839172363,
      0.5982306599617004,
      0.5973541140556335,
      0.5965046286582947,
      0.5971596837043762,
      0.5987368226051331,
      0.5985039472579956,
      0.5967128276824951,
      0.5969761610031128,
      0.5975549221038818,
      0.599096953868866,
      0.5963169932365417,
      0.5973808169364929,
      0.597428023815155,
      0.5955795049667358,
      0.5978419780731201,
      0.5973471999168396,
      0.5960569381713867,
      0.5953623056411743,
      0.5967915654182434,
      0.596537709236145,
      0.5981770157814026,
      0.5956937074661255,
      0.5954750776290894,
      0.5968589782714844,
      0.5965434908866882,
      0.5960752367973328,
      0.5954130291938782,
      0.595197319984436,
      0.5963048934936523,
      0.595696210861206,
      0.5963636040687561,
      0.5953782796859741,
      0.5966134071350098,
      0.5956531167030334,
      0.5942256450653076,
      0.5959578156471252,
      0.5957958698272705,
      0.5945911407470703,
      0.5965953469276428,
      0.5966298580169678,
      0.595891535282135,
      0.5954157114028931,
      0.5932857990264893,
      0.5950847864151001,
      0.5970774292945862,
      0.5951923727989197,
      0.5946472883224487,
      0.5964971780776978,
      0.5956476926803589,
      0.5958685278892517,
      0.5933089256286621,
      0.595292329788208,
      0.5954757928848267,
      0.5955101251602173,
      0.596461296081543,
      0.5932134389877319,
      0.5950663089752197,
      0.5953508019447327,
      0.5948442220687866,
      0.5946323871612549,
      0.593651533126831,
      0.5959651470184326,
      0.5955567359924316,
      0.5944223999977112,
      0.5945636630058289,
      0.5952949523925781,
      0.5957462191581726,
      0.595197319984436,
      0.5939162969589233,
      0.5958375930786133,
      0.5944538116455078,
      0.5958885550498962,
      0.5958136320114136,
      0.5938853025436401,
      0.5940150022506714,
      0.5945820808410645,
      0.5949700474739075,
      0.5938689112663269,
      0.5952919125556946,
      0.5931955575942993,
      0.5944834351539612,
      0.5931594967842102,
      0.5946086645126343,
      0.59443199634552,
      0.5941591858863831,
      0.5934079885482788,
      0.5946236252784729,
      0.5949441194534302,
      0.5940979719161987,
      0.5950852632522583,
      0.5942422151565552,
      0.593537449836731,
      0.5942989587783813,
      0.5953675508499146,
      0.5949432253837585,
      0.5944452881813049,
      0.5945530533790588,
      0.5939878821372986,
      0.5940604209899902,
      0.594963788986206,
      0.5941657423973083,
      0.5937737226486206,
      0.5942341089248657,
      0.5929362177848816,
      0.5915916562080383,
      0.5935310125350952,
      0.5943529605865479,
      0.594819188117981,
      0.5938419699668884,
      0.5933535695075989,
      0.593287467956543,
      0.5940424799919128,
      0.5949277877807617,
      0.5943686962127686,
      0.5937876105308533,
      0.5944938063621521,
      0.5934667587280273,
      0.5933505296707153,
      0.5933562517166138,
      0.5935356616973877,
      0.594430685043335,
      0.5927113890647888,
      0.595116376876831,
      0.5930437445640564,
      0.5942033529281616,
      0.5925507545471191,
      0.5940073728561401,
      0.5936174392700195,
      0.5938274264335632,
      0.5946989059448242,
      0.5937055945396423,
      0.5931711792945862,
