{
  "config": {
    "early_stopping": true,
    "epochs": 601,
    "expert_lr": 0.00092306,
    "expert_momentum": 0.938867,
    "expert_num": 4,
    "expert_weight_decay": 0.0001,
    "load_balancing": false,
    "ns_steps": 3,
    "optimizer_family": "muon",
    "router_lr": 0.01728942,
    "router_momentum": 0.867768,
    "router_weight_decay": 0.001
  },
  "eval_metrics": {
    "accuracy": 88.1875,
    "dispatch_counts": [
      [
        574.0,
        169.0,
        85.0,
        1.0
      ],
      [
        521.0,
        154.0,
        76.0,
        28.0
      ],
      [
        396.0,
        22.0,
        395.0,
        0.0
      ],
      [
        273.0,
        305.0,
        165.0,
        36.0
      ]
    ],
    "entropy": 1.255710482597351,
    "loss": 0.431150883436203,
    "runtime_seconds": 0.004382038023322821,
    "split": "validation"
  },
  "fold_index": 2,
  "mode": "nonlinear",
  "seed": 40413,
  "setting": 4,
  "total_runtime_seconds": 27.86281482409686,
  "train_metrics": {
    "dispatch_counts": [
      [
        2345.0,
        686.0,
        276.0,
        7.0
      ],
      [
        2004.0,
        709.0,
        291.0,
        114.0
      ],
      [
        1579.0,
        108.0,
        1562.0,
        0.0
      ],
      [
        1059.0,
        1227.0,
        694.0,
        139.0
      ]
    ],
    "entropy_record": [
      1.3857612609863281,
      1.3474674224853516,
      1.2744650840759277,
      1.2273691892623901,
      1.2064459323883057,
      1.198724627494812,
      1.1853080987930298,
      1.1818805932998657,
      1.1743285655975342,
      1.1736640930175781,
      1.171144962310791,
      1.1662575006484985,
      1.164749264717102,
      1.1631758213043213,
      1.1646027565002441,
      1.164267659187317,
      1.1646852493286133,
      1.1632847785949707,
      1.1648794412612915,
      1.1632623672485352,
      1.1617376804351807,
      1.1612809896469116,
      1.164050817489624,
      1.1620746850967407,
      1.1621450185775757,
      1.1594393253326416,
      1.1581512689590454,
      1.1563608646392822,
      1.155869960784912,
      1.1527280807495117,
      1.150460958480835,
      1.1514561176300049,
      1.1458933353424072,
      1.1446683406829834,
      1.1433535814285278,
      1.138035774230957,
      1.1334913969039917,
      1.1330238580703735,
      1.127671480178833,
      1.1236205101013184,
      1.119781494140625,
      1.1140753030776978,
      1.1104068756103516,
      1.1034860610961914,
      1.1003649234771729,
      1.0962072610855103,
      1.0924354791641235,
      1.0907633304595947,
      1.0822651386260986,
      1.0791594982147217,
      1.0752735137939453,
      1.0750439167022705,
      1.0716488361358643,
      1.0700020790100098,
      1.0706508159637451,
      1.0717599391937256,
      1.075165867805481,
      1.0752332210540771,
      1.0770615339279175,
      1.0778189897537231,
      1.0809341669082642,
      1.0829195976257324,
      1.0835431814193726,
      1.0851116180419922,
      1.0825941562652588,
      1.0786199569702148,
      1.0773892402648926,
      1.077528476715088,
      1.0736079216003418,
      1.0720454454421997,
      1.071007490158081,
      1.072920322418213,
      1.0712623596191406,
      1.070721983909607,
      1.0733747482299805,
      1.0725809335708618,
      1.0696940422058105,
      1.0698552131652832,
      1.066845417022705,
      1.0696771144866943,
      1.0671941041946411,
      1.0658667087554932,
      1.0638225078582764,
      1.0619521141052246,
      1.0617244243621826,
      1.0574811697006226,
      1.057198166847229,
      1.0561628341674805,
      1.052974820137024,
      1.0497947931289673,
      1.0446993112564087,
      1.0395623445510864,
      1.0389935970306396,
      1.0382624864578247,
      1.0303912162780762,
      1.02761971950531,
      1.0217829942703247,
      1.017625331878662,
      1.011178970336914,
      1.0087676048278809,
      1.0035756826400757,
      0.9979070425033569,
      0.9951002597808838,
      0.9898991584777832,
      0.988018274307251,
      0.9836196899414062,
      0.981737494468689,
      0.9803959131240845,
      0.9783573746681213,
      0.9779658317565918,
      0.976398766040802,
      0.9754341244697571,
      0.9718880653381348,
      0.9711088538169861,
      0.9723941087722778,
      0.9695148468017578,
      0.9668838977813721,
      0.9674910306930542,
      0.9663662910461426,
      0.9649085998535156,
      0.9664713144302368,
      0.9627293348312378,
      0.9628176093101501,
      0.9609155058860779,
      0.9609267711639404,
      0.9610199928283691,
      0.9586790204048157,
      0.9577828049659729,
      0.9587528705596924,
      0.9580585956573486,
      0.9589467644691467,
      0.960778534412384,
      0.9613904356956482,
      0.961865246295929,
      0.9633246660232544,
      0.9644565582275391,
      0.9667204022407532,
      0.9691533446311951,
      0.9705541729927063,
      0.9745644927024841,
      0.9749712944030762,
      0.9749398827552795,
      0.9768582582473755,
      0.9765834808349609,
      0.9755262732505798,
      0.9759619235992432,
      0.9769424200057983,
      0.9764271974563599,
      0.9747064113616943,
      0.9727946519851685,
      0.9741407632827759,
      0.9732945561408997,
      0.973365068435669,
      0.9743422269821167,
      0.977028489112854,
      0.9787776470184326,
      0.9790242314338684,
      0.9823163747787476,
      0.9842061996459961,
      0.9869982600212097,
      0.9867953062057495,
      0.9911311268806458,
      0.9933850169181824,
      0.9955359697341919,
      1.0000596046447754,
      1.0044323205947876,
      1.0057322978973389,
      1.0127599239349365,
      1.015655755996704,
      1.0205833911895752,
      1.0248310565948486,
      1.0281981229782104,
      1.0335547924041748,
      1.0371251106262207,
      1.042989730834961,
      1.0473175048828125,
      1.0515542030334473,
      1.0546762943267822,
      1.0574334859848022,
      1.064430594444275,
      1.0671156644821167,
      1.0707143545150757,
      1.0727201700210571,
      1.0779204368591309,
      1.0796616077423096,
      1.082816243171692,
      1.0880463123321533,
      1.0904314517974854,
      1.0915907621383667,
      1.0976715087890625,
      1.0946530103683472,
      1.0959906578063965,
      1.0950316190719604,
      1.09333336353302,
      1.093164086341858,
      1.091808795928955,
      1.0916898250579834,
      1.0917011499404907,
      1.09053635597229,
      1.0896633863449097,
      1.0912261009216309,
      1.0915489196777344,
      1.0901206731796265,
      1.089748501777649,
      1.089834451675415,
      1.0911122560501099,
      1.0901484489440918,
      1.0901269912719727,
      1.0896278619766235,
      1.087702989578247,
      1.0885616540908813,
      1.0870895385742188,
      1.0846400260925293,
      1.0815891027450562,
      1.0809258222579956,
      1.0797696113586426,
      1.0761224031448364,
      1.077332854270935,
      1.0743803977966309,
      1.0745842456817627,
      1.0752642154693604,
      1.0744595527648926,
      1.0734975337982178,
      1.0747157335281372,
      1.0764168500900269,
      1.078646183013916,
      1.0796904563903809,
      1.0798871517181396,
      1.0817511081695557,
      1.0831936597824097,
      1.082927942276001,
      1.0854356288909912,
      1.082809567451477,
      1.0849865674972534,
      1.0863938331604004,
      1.0853145122528076,
      1.085965633392334,
      1.086527943611145,
      1.08795964717865,
      1.0917069911956787,
      1.090716004371643,
      1.0919235944747925,
      1.093576192855835,
      1.096257209777832,
      1.0998204946517944,
      1.0994958877563477,
      1.1014765501022339,
      1.1022082567214966,
      1.1033051013946533,
      1.103563666343689,
      1.1031187772750854,
      1.1053369045257568,
      1.1050665378570557,
      1.105642557144165,
      1.1064449548721313,
      1.1093661785125732,
