{
  "config": {
    "early_stopping": true,
    "epochs": 601,
    "expert_lr": 0.00060213,
    "expert_momentum": 0.943488,
    "expert_num": 8,
    "expert_weight_decay": 0.001,
    "load_balancing": false,
    "optimizer_family": "original",
    "router_lr": 0.03722492,
    "router_momentum": 0.94704,
    "router_weight_decay": 0.0001
  },
  "eval_metrics": {
    "accuracy": 98.6875,
    "dispatch_counts": [
      [
        825.0,
        2.0,
        1.0,
        0.0,
        1.0,
        0.0,
        0.0,
        0.0
      ],
      [
        4.0,
        0.0,
        0.0,
        1.0,
        774.0,
        0.0,
        0.0,
        0.0
      ],
      [
        0.0,
        1.0,
        0.0,
        812.0,
        0.0,
        0.0,
        0.0,
        0.0
      ],
      [
        1.0,
        776.0,
        0.0,
        1.0,
        1.0,
        0.0,
        0.0,
        0.0
      ]
    ],
    "entropy": 0.026667514815926552,
    "loss": 0.3262006640434265,
    "runtime_seconds": 0.012151503935456276,
    "split": "validation"
  },
  "fold_index": 2,
  "mode": "nonlinear",
  "seed": 22313,
  "setting": 2,
  "total_runtime_seconds": 49.501069255173206,
  "train_metrics": {
    "dispatch_counts": [
      [
        3311.0,
        1.0,
        0.0,
        1.0,
        1.0,
        0.0,
        0.0,
        0.0
      ],
      [
        10.0,
        3.0,
        0.0,
        3.0,
        3102.0,
        0.0,
        0.0,
        0.0
      ],
      [
        7.0,
        3.0,
        0.0,
        3235.0,
        4.0,
        0.0,
        0.0,
        0.0
      ],
      [
        8.0,
        3104.0,
        0.0,
        3.0,
        4.0,
        0.0,
        0.0,
        0.0
      ]
    ],
    "entropy_record": [
      1.3851665258407593,
      1.385105848312378,
      1.3853847980499268,
      1.3852720260620117,
      1.3852131366729736,
      1.3852816820144653,
      1.3848365545272827,
      1.3853797912597656,
      1.3853367567062378,
      1.3845605850219727,
      1.3851039409637451,
      1.3844677209854126,
      1.3833575248718262,
      1.379274845123291,
      1.369076132774353,
      1.3417296409606934,
      1.2652570009231567,
      1.1335391998291016,
      0.9316465258598328,
      0.6834156513214111,
      0.5050048828125,
      0.3393608331680298,
      0.22458447515964508,
      0.14189203083515167,
      0.10270466655492783,
      0.07937325537204742,
      0.06538893282413483,
      0.0618046373128891,
      0.052833251655101776,
      0.04636995494365692,
      0.04126651957631111,
      0.03569946810603142,
      0.0373062863945961,
      0.03550468757748604,
      0.03814727067947388,
      0.036409832537174225,
      0.032866884022951126,
      0.032228074967861176,
      0.02940835990011692,
      0.028591472655534744,
      0.03176053240895271,
      0.02948940172791481,
      0.030771885067224503,
      0.030147498473525047,
      0.0321444533765316,
      0.026983285322785378,
      0.031643953174352646,
      0.028892606496810913,
      0.02800852432847023,
      0.026420937851071358,
      0.027516914531588554,
      0.027591068297624588,
      0.025911103934049606,
      0.026249781250953674,
      0.030993744730949402,
      0.025816451758146286,
      0.026278387755155563,
      0.027918387204408646,
      0.026125755161046982,
      0.026603473350405693,
      0.02636776491999626,
      0.02824142388999462,
      0.025993425399065018,
      0.026428554207086563,
      0.029460346326231956,
      0.02587740495800972,
      0.02445034123957157,
      0.025279441848397255,
      0.024891158565878868,
      0.02475661411881447,
      0.028453733772039413,
      0.024889621883630753,
      0.026643862947821617,
      0.025178927928209305,
      0.02352658286690712,
      0.026556767523288727,
      0.026970356702804565,
      0.02566877007484436,
      0.02503170259296894,
      0.025915419682860374,
      0.026940952986478806,
      0.02793915756046772,
      0.026222828775644302,
      0.024934254586696625,
      0.02609493024647236,
      0.022784769535064697,
      0.025679895654320717,
      0.028157684952020645,
      0.025438712909817696,
      0.0255519300699234,
      0.02370782010257244,
      0.025481419637799263,
      0.029362715780735016,
      0.02582346275448799,
      0.025602048262953758,
      0.026985613629221916,
      0.02565881237387657,
      0.024298466742038727,
      0.02611851505935192,
      0.026048805564641953,
      0.02614353597164154,
      0.024773376062512398,
      0.024970784783363342,
      0.02607417292892933,
      0.024446532130241394,
      0.02995135821402073,
      0.026143819093704224,
      0.024251628667116165,
      0.027274424210190773,
      0.027580372989177704,
      0.023386720567941666,
      0.02664385363459587,
      0.02445085346698761,
      0.02354178950190544,
      0.025846492499113083,
      0.024464143440127373,
      0.030204661190509796,
      0.028168240562081337,
      0.02539731003344059,
      0.02485731989145279,
      0.02553751692175865,
      0.02748255617916584,
      0.02426179312169552,
      0.02435307763516903,
      0.027043908834457397,
      0.027188442647457123,
      0.02419881708920002,
      0.026391835883259773,
      0.026069747284054756,
      0.03002093732357025,
      0.027083035558462143,
      0.02499222382903099,
      0.025206442922353745,
      0.02959267422556877,
      0.026622537523508072,
      0.028768055140972137,
      0.02763788029551506,
      0.02561693638563156,
      0.025407280772924423,
      0.02463063783943653,
      0.02537389099597931,
      0.02359563671052456,
      0.02822861634194851,
      0.02451927587389946,
      0.029037583619356155,
      0.025918276980519295,
      0.02302522026002407,
      0.026021918281912804,
      0.026984702795743942,
      0.022357435896992683,
      0.025925684720277786,
      0.024970613420009613,
      0.024517666548490524,
      0.02655699849128723,
      0.02531754970550537,
      0.027580205351114273,
      0.025876717641949654,
      0.025212299078702927,
      0.026371877640485764,
      0.02614753693342209,
      0.023309944197535515,
      0.026570027694106102,
      0.024094268679618835,
      0.029011396691203117,
      0.025464847683906555,
      0.026686830446124077,
      0.025304127484560013,
      0.0234281774610281,
      0.028514334931969643,
      0.025488901883363724,
      0.02593427151441574,
      0.026086142286658287,
      0.028248893097043037,
      0.028232885524630547,
      0.024376094341278076,
      0.027967151254415512,
      0.02376411110162735,
      0.026667220517992973,
      0.02553463727235794,
      0.02501857280731201,
      0.0241553895175457,
      0.026018090546131134,
      0.026508988812565804,
      0.02429977059364319,
      0.025745321065187454,
      0.024878351017832756,
      0.026260875165462494,
      0.02718011476099491,
      0.025958817452192307,
      0.025484392419457436,
      0.024343322962522507,
      0.026022672653198242,
      0.024648403748869896,
      0.028651731088757515,
      0.024335583671927452,
      0.02724083513021469,
      0.027281340211629868,
      0.024822115898132324,
      0.024011725559830666,
      0.024943049997091293,
      0.025464879348874092,
      0.026115119457244873,
      0.02376769483089447,
      0.025978632271289825,
      0.024860922247171402,
      0.025963399559259415,
      0.02771102823317051,
      0.0271232221275568,
      0.028717191889882088,
      0.02549489215016365,
      0.02600095234811306,
      0.027182234451174736,
      0.02529657818377018,
      0.025341615080833435,
      0.026164602488279343,
      0.02753368578851223,
      0.02569330856204033,
      0.025032691657543182,
      0.02599146217107773,
      0.02638757787644863,
      0.026357335969805717,
      0.02497432380914688,
      0.027329737320542336,
      0.026986639946699142,
      0.02539203315973282,
      0.027089156210422516,
      0.023323165252804756,
      0.02453766018152237,
