{
  "config": {
    "early_stopping": true,
    "epochs": 601,
    "expert_lr": 0.00410777,
    "expert_momentum": 0.880106,
    "expert_num": 4,
    "expert_weight_decay": 0.0001,
    "load_balancing": false,
    "optimizer_family": "original",
    "router_lr": 0.13545803,
    "router_momentum": 0.95872,
    "router_weight_decay": 0.0
  },
  "eval_metrics": {
    "accuracy": 100.0,
    "dispatch_counts": [
      [
        0.0,
        0.0,
        829.0,
        0.0
      ],
      [
        779.0,
        0.0,
        0.0,
        0.0
      ],
      [
        0.0,
        813.0,
        0.0,
        0.0
      ],
      [
        0.0,
        0.0,
        0.0,
        779.0
      ]
    ],
    "entropy": 0.0,
    "loss": 0.3132616877555847,
    "runtime_seconds": 0.004232124425470829,
    "split": "validation"
  },
  "fold_index": 3,
  "mode": "nonlinear",
  "seed": 30614,
  "setting": 3,
  "total_runtime_seconds": 1.386500507593155,
  "train_metrics": {
    "dispatch_counts": [
      [
        0.0,
        0.0,
        3314.0,
        0.0
      ],
      [
        3118.0,
        0.0,
        0.0,
        0.0
      ],
      [
        0.0,
        3249.0,
        0.0,
        0.0
      ],
      [
        0.0,
        0.0,
        0.0,
        3119.0
      ]
    ],
    "entropy_record": [
      1.3855578899383545,
      1.3854703903198242,
      1.3855639696121216,
      1.3858267068862915,
      1.3856699466705322,
      1.3850467205047607,
      1.374870777130127,
      1.2739720344543457,
      0.8083974719047546,
      0.21484318375587463,
      0.02043251134455204,
      0.0020164353772997856,
      0.0007114111795090139,
      0.0,
      0.0,
      0.0,
      0.0,
      0.0,
      0.0,
      0.0,
      0.0,
      0.0,
      0.0,
      0.0,
      0.0,
      0.0,
      0.0,
      0.0,
      0.0,
      0.0,
      0.0
    ],
    "epochs_ran": 31,
    "final_entropy": 0.0,
    "final_loss": 0.31326180696487427,
    "plot_diagnostics": null,
    "runtime_seconds": 1.382268383167684
  }
}