{
  "config": {
    "early_stopping": true,
    "epochs": 601,
    "expert_lr": 0.00067445,
    "expert_momentum": 0.886454,
    "expert_num": 8,
    "expert_weight_decay": 0.001,
    "load_balancing": false,
    "ns_steps": 7,
    "optimizer_family": "muon",
    "router_lr": 0.02907546,
    "router_momentum": 0.93464,
    "router_weight_decay": 0.001
  },
  "eval_metrics": {
    "accuracy": 95.75,
    "dispatch_counts": [
      [
        5.0,
        375.0,
        36.0,
        392.0,
        7.0,
        2.0,
        1.0,
        11.0
      ],
      [
        357.0,
        2.0,
        10.0,
        2.0,
        391.0,
        6.0,
        0.0,
        11.0
      ],
      [
        3.0,
        1.0,
        408.0,
        0.0,
        0.0,
        0.0,
        0.0,
        401.0
      ],
      [
        15.0,
        3.0,
        46.0,
        20.0,
        7.0,
        319.0,
        348.0,
        21.0
      ]
    ],
    "entropy": 0.2715282142162323,
    "loss": 0.35578301548957825,
    "runtime_seconds": 0.007750675082206726,
    "split": "validation"
  },
  "fold_index": 2,
  "mode": "nonlinear",
  "seed": 41513,
  "setting": 4,
  "total_runtime_seconds": 27.843821382150054,
  "train_metrics": {
    "dispatch_counts": [
      [
        34.0,
        1527.0,
        104.0,
        1560.0,
        38.0,
        6.0,
        6.0,
        39.0
      ],
      [
        1396.0,
        8.0,
        70.0,
        20.0,
        1527.0,
        40.0,
        1.0,
        56.0
      ],
      [
        7.0,
        2.0,
        1620.0,
        4.0,
        2.0,
        8.0,
        3.0,
        1603.0
      ],
      [
        69.0,
        16.0,
        145.0,
        80.0,
        43.0,
        1284.0,
        1397.0,
        85.0
      ]
    ],
    "entropy_record": [
      1.3850367069244385,
      1.2527655363082886,
      1.1040503978729248,
      0.9422087073326111,
      0.8036863207817078,
      0.703582227230072,
      0.6526257395744324,
      0.6150006055831909,
      0.579664945602417,
      0.564497709274292,
      0.5295392870903015,
      0.5078510642051697,
      0.4862205386161804,
      0.4618605375289917,
      0.4388604760169983,
      0.4311788082122803,
      0.41980093717575073,
      0.41060158610343933,
      0.4020090401172638,
      0.3978257477283478,
      0.39135465025901794,
      0.3862670063972473,
      0.378911554813385,
      0.37014833092689514,
      0.361612468957901,
      0.355244904756546,
      0.34948399662971497,
      0.3411807417869568,
      0.3357221186161041,
      0.32601597905158997,
      0.3232108950614929,
      0.3167194724082947,
      0.31200453639030457,
      0.3036574423313141,
      0.2991162836551666,
      0.29216694831848145,
      0.28864920139312744,
      0.2838042080402374,
      0.27897539734840393,
      0.2767430543899536,
      0.2727642357349396,
      0.27012234926223755,
      0.26625940203666687,
      0.26151415705680847,
      0.2626568078994751,
      0.25991347432136536,
      0.2558128237724304,
      0.252617746591568,
      0.25056880712509155,
      0.2495836764574051,
      0.24603426456451416,
      0.24515752494335175,
      0.24036745727062225,
      0.23905843496322632,
      0.2372531294822693,
      0.2374035269021988,
      0.23644332587718964,
      0.23467440903186798,
      0.23618008196353912,
      0.23583874106407166,
      0.2321377694606781,
      0.23048996925354004,
      0.231260284781456,
      0.23269997537136078,
      0.23176121711730957,
      0.22974292933940887,
      0.22802619636058807,
      0.2267010509967804,
      0.2272709757089615,
      0.22836486995220184,
      0.22490541636943817,
      0.2247592657804489,
      0.22336530685424805,
      0.22387883067131042,
      0.2251337468624115,
      0.22493049502372742,
      0.22467848658561707,
      0.2218896597623825,
      0.226048544049263,
      0.2236504852771759,
      0.22244925796985626,
      0.2236119657754898,
      0.2196170836687088,
      0.22126460075378418,
      0.2204124480485916,
      0.22008338570594788,
      0.22187332808971405,
      0.21867139637470245,
      0.21817593276500702,
      0.22015032172203064,
      0.22033903002738953,
      0.2192653864622116,
      0.22063115239143372,
      0.21749547123908997,
      0.21987555921077728,
      0.21906401216983795,
      0.21793371438980103,
      0.21728526055812836,
      0.21943798661231995,
      0.2174796462059021,
      0.21696707606315613,
      0.2176530957221985,
      0.21697396039962769,
      0.21768049895763397,
      0.217154860496521,
      0.2178797721862793,
      0.2181711196899414,
      0.21888259053230286,
      0.21597333252429962,
      0.2169390767812729,
      0.21693569421768188,
      0.21457861363887787,
      0.21779996156692505,
      0.21491362154483795,
      0.2152654230594635,
      0.21667355298995972,
      0.21592333912849426,
      0.21475498378276825,
      0.21604739129543304,
      0.21523049473762512,
      0.21531681716442108,
      0.2149563729763031,
      0.21705639362335205,
      0.21662761270999908,
      0.21567972004413605,
      0.2147763967514038,
      0.2148372381925583,
      0.21575430035591125,
      0.2154155820608139,
      0.2153533697128296,
      0.21714673936367035,
      0.21639977395534515,
      0.21571499109268188,
      0.2163228690624237,
      0.21589156985282898,
      0.21520839631557465,
      0.21517688035964966,
      0.21321651339530945,
      0.21345245838165283,
      0.21287354826927185,
      0.21432411670684814,
      0.21325212717056274,
      0.21164140105247498,
      0.21461224555969238,
      0.21155980229377747,
      0.2104445993900299,
      0.21150684356689453,
      0.20782078802585602,
      0.2082827389240265,
      0.20770525932312012,
      0.20746035873889923,
      0.206551194190979,
      0.2056666761636734,
      0.20543645322322845,
      0.20595143735408783,
      0.20665156841278076,
      0.20550203323364258,
      0.20653420686721802,
      0.20821942389011383,
      0.20861558616161346,
      0.20773747563362122,
      0.20741324126720428,
      0.20707112550735474,
      0.20615644752979279,
      0.2061377614736557,
      0.20533357560634613,
      0.20490549504756927,
      0.20643779635429382,
      0.20556233823299408,
      0.2061164379119873,
      0.2062094658613205,
      0.20629188418388367,
      0.20513734221458435,
      0.20568141341209412,
      0.2058771252632141,
      0.20575261116027832,
      0.20519816875457764,
      0.20617228746414185,
      0.20593003928661346,
      0.2064339816570282,
      0.20607368648052216,
      0.20698466897010803,
      0.20795516669750214,
      0.20818474888801575,
      0.20924244821071625,
      0.2084788829088211,
      0.2098129391670227,
      0.21073679625988007,
      0.2108682245016098,
      0.21166060864925385,
      0.21171508729457855,
      0.21104970574378967,
      0.21222206950187683,
      0.21305660903453827,
      0.2136227786540985,
      0.2142208218574524,
      0.21412165462970734,
      0.2140112668275833,
      0.2157338559627533,
      0.2170667201280594,
      0.2181861847639084,
      0.21660052239894867,
      0.2175028771162033,
      0.21884708106517792,
      0.21868258714675903,
      0.22032558917999268,
      0.22052833437919617,
      0.2218717336654663,
      0.22310927510261536,
      0.2237628847360611,
      0.22342216968536377,
      0.22490336000919342,
      0.2258041799068451,
      0.22679241001605988,
      0.22763672471046448,
      0.2288704216480255,
      0.22801661491394043,
      0.2298879623413086,
      0.23250125348567963,
      0.23123763501644135,
      0.2324061095714569,
      0.2333603799343109,
      0.233310729265213,
      0.23503752052783966,
      0.23524409532546997,
      0.23758670687675476,
      0.2375677227973938,
      0.23886257410049438,
      0.23900610208511353,
      0.23874111473560333,
      0.23868834972381592,
      0.2392115443944931,
      0.23879006505012512,
