{
  "config": {
    "early_stopping": true,
    "epochs": 601,
    "expert_lr": 0.00067445,
    "expert_momentum": 0.886454,
    "expert_num": 8,
    "expert_weight_decay": 0.001,
    "load_balancing": false,
    "ns_steps": 7,
    "optimizer_family": "muon",
    "router_lr": 0.02907546,
    "router_momentum": 0.93464,
    "router_weight_decay": 0.001
  },
  "eval_metrics": {
    "accuracy": 95.78125,
    "dispatch_counts": [
      [
        1.0,
        22.0,
        7.0,
        383.0,
        403.0,
        0.0,
        9.0,
        4.0
      ],
      [
        2.0,
        9.0,
        9.0,
        6.0,
        3.0,
        0.0,
        380.0,
        370.0
      ],
      [
        14.0,
        463.0,
        14.0,
        12.0,
        6.0,
        283.0,
        12.0,
        8.0
      ],
      [
        369.0,
        12.0,
        383.0,
        2.0,
        8.0,
        0.0,
        2.0,
        4.0
      ]
    ],
    "entropy": 0.2464911937713623,
    "loss": 0.3554466962814331,
    "runtime_seconds": 0.007754228077828884,
    "split": "validation"
  },
  "fold_index": 1,
  "mode": "nonlinear",
  "seed": 41512,
  "setting": 4,
  "total_runtime_seconds": 30.45207997970283,
  "train_metrics": {
    "dispatch_counts": [
      [
        1.0,
        94.0,
        14.0,
        1530.0,
        1640.0,
        0.0,
        22.0,
        13.0
      ],
      [
        15.0,
        37.0,
        25.0,
        21.0,
        9.0,
        1.0,
        1500.0,
        1510.0
      ],
      [
        85.0,
        1831.0,
        40.0,
        88.0,
        38.0,
        1081.0,
        48.0,
        39.0
      ],
      [
        1481.0,
        50.0,
        1530.0,
        10.0,
        28.0,
        0.0,
        5.0,
        14.0
      ]
    ],
    "entropy_record": [
      1.385374665260315,
      1.1740580797195435,
      0.9688906669616699,
      0.8605695962905884,
      0.774445116519928,
      0.7368911504745483,
      0.7026873826980591,
      0.6853722333908081,
      0.6663049459457397,
      0.6551342606544495,
      0.6433072686195374,
      0.6281688213348389,
      0.6219865083694458,
      0.5944940447807312,
      0.5797856450080872,
      0.5729770064353943,
      0.5524706840515137,
      0.5417836904525757,
      0.5202517509460449,
      0.5016257762908936,
      0.48663580417633057,
      0.47178414463996887,
      0.45615190267562866,
      0.4427177906036377,
      0.42720428109169006,
      0.42007318139076233,
      0.4144952595233917,
      0.4011685848236084,
      0.3858843147754669,
      0.38001808524131775,
      0.3727809190750122,
      0.3618476390838623,
      0.35746636986732483,
      0.3525931239128113,
      0.34402015805244446,
      0.33540377020835876,
      0.3276200294494629,
      0.3194204568862915,
      0.31662604212760925,
      0.31018221378326416,
      0.3039259612560272,
      0.3003303110599518,
      0.2944546043872833,
      0.28721415996551514,
      0.2844783067703247,
      0.2826572358608246,
      0.2775391936302185,
      0.27270838618278503,
      0.26769810914993286,
      0.26455795764923096,
      0.2647826075553894,
      0.2597064971923828,
      0.26017919182777405,
      0.25440409779548645,
      0.2554786801338196,
      0.2525215446949005,
      0.249735027551651,
      0.24658562242984772,
      0.24470223486423492,
      0.24266265332698822,
      0.24082840979099274,
      0.23990818858146667,
      0.23578199744224548,
      0.23817801475524902,
      0.235760897397995,
      0.23399502038955688,
      0.2308146208524704,
      0.2332381010055542,
      0.23249004781246185,
      0.22930262982845306,
      0.23079128563404083,
      0.2267436385154724,
      0.22643154859542847,
      0.2273670732975006,
      0.22495532035827637,
      0.22666986286640167,
      0.22527070343494415,
      0.22463087737560272,
      0.22609764337539673,
      0.22492153942584991,
      0.22374573349952698,
      0.22309643030166626,
      0.2230212390422821,
      0.22250781953334808,
      0.22404593229293823,
      0.2213255912065506,
      0.22230958938598633,
      0.22310113906860352,
      0.21962323784828186,
      0.2196824699640274,
      0.21865995228290558,
      0.2172858715057373,
      0.21701714396476746,
      0.2177431285381317,
      0.21705752611160278,
      0.21812207996845245,
      0.2157658487558365,
      0.2164762318134308,
      0.21761591732501984,
      0.2173202484846115,
      0.21670983731746674,
      0.2186385542154312,
      0.21951325237751007,
      0.2177950143814087,
      0.21714381873607635,
      0.21714802086353302,
      0.21687816083431244,
      0.2161170393228531,
      0.21619436144828796,
      0.21604014933109283,
      0.21756258606910706,
      0.216151624917984,
      0.21587586402893066,
      0.2161819189786911,
      0.21656081080436707,
      0.21538758277893066,
      0.21613474190235138,
      0.216206893324852,
      0.21493826806545258,
      0.21705105900764465,
      0.21455073356628418,
      0.21546554565429688,
      0.21641674637794495,
      0.21535219252109528,
      0.21664594113826752,
      0.21504320204257965,
      0.21484149992465973,
      0.21495354175567627,
      0.21496085822582245,
      0.21456468105316162,
      0.21524019539356232,
      0.21422894299030304,
      0.21479037404060364,
      0.21457180380821228,
      0.21506163477897644,
      0.21503759920597076,
      0.21569223701953888,
      0.2172849029302597,
      0.21557000279426575,
      0.2161683291196823,
      0.21428182721138,
      0.21446050703525543,
      0.21573606133460999,
      0.21489375829696655,
      0.21445629000663757,
      0.2152370810508728,
      0.215606227517128,
      0.2145533561706543,
      0.21399500966072083,
      0.21426907181739807,
      0.21470138430595398,
      0.214895099401474,
      0.21385014057159424,
      0.21504727005958557,
      0.21538448333740234,
      0.21538373827934265,
      0.21424445509910583,
      0.21498772501945496,
      0.21325042843818665,
      0.21441543102264404,
      0.2136918306350708,
      0.21284113824367523,
      0.21464213728904724,
      0.2132868468761444,
      0.21258358657360077,
      0.2129025012254715,
      0.21342700719833374,
      0.2132824808359146,
      0.2120606005191803,
      0.21173523366451263,
      0.21242773532867432,
      0.2107822448015213,
      0.21075895428657532,
      0.21134936809539795,
      0.21246466040611267,
      0.21119096875190735,
      0.2094942331314087,
      0.21035665273666382,
      0.20986156165599823,
      0.21018172800540924,
      0.20950022339820862,
      0.20875106751918793,
      0.20906326174736023,
      0.21079351007938385,
      0.20998169481754303,
      0.20927323400974274,
      0.21102918684482574,
      0.2108825147151947,
      0.208960622549057,
      0.2094544917345047,
      0.2103806883096695,
      0.21140213310718536,
      0.21236935257911682,
      0.21210405230522156,
      0.21341751515865326,
      0.2154858112335205,
      0.2140062153339386,
      0.21465392410755157,
      0.21488560736179352,
      0.21461181342601776,
      0.212365984916687,
      0.21395105123519897,
      0.21235597133636475,
      0.21123705804347992,
      0.21277272701263428,
      0.212257519364357,
      0.21237710118293762,
      0.21041281521320343,
      0.2091064304113388,
      0.2099863737821579,
      0.20852747559547424,
      0.2081461399793625,
      0.20911680161952972,
      0.20847532153129578,
      0.2076561003923416,
      0.20805567502975464,
      0.20674185454845428,
      0.20676203072071075,
      0.20559141039848328,
      0.20555534958839417,
      0.20585528016090393,
      0.20516984164714813,
      0.20464761555194855,
      0.20416145026683807,
      0.20431724190711975,
      0.20568330585956573,
      0.2071288675069809,
      0.206931009888649,
      0.20757316052913666,
      0.2061997354030609,
      0.2077990025281906,
      0.20995832979679108,
      0.20982150733470917,
