{
  "config": {
    "early_stopping": true,
    "epochs": 601,
    "expert_lr": 0.00093884,
    "expert_momentum": 0.855452,
    "expert_num": 8,
    "expert_weight_decay": 0.001,
    "load_balancing": false,
    "optimizer_family": "original",
    "router_lr": 0.0496455,
    "router_momentum": 0.929599,
    "router_weight_decay": 0.001
  },
  "eval_metrics": {
    "accuracy": 99.28125,
    "dispatch_counts": [
      [
        0.0,
        2.0,
        826.0,
        0.0,
        0.0,
        0.0,
        0.0,
        1.0
      ],
      [
        3.0,
        773.0,
        1.0,
        0.0,
        2.0,
        0.0,
        0.0,
        0.0
      ],
      [
        690.0,
        5.0,
        1.0,
        0.0,
        67.0,
        0.0,
        45.0,
        5.0
      ],
      [
        3.0,
        2.0,
        0.0,
        0.0,
        0.0,
        0.0,
        0.0,
        774.0
      ]
    ],
    "entropy": 0.04972285404801369,
    "loss": 0.32032716274261475,
    "runtime_seconds": 0.012275716755539179,
    "split": "validation"
  },
  "fold_index": 3,
  "mode": "nonlinear",
  "seed": 21614,
  "setting": 2,
  "total_runtime_seconds": 49.57218680763617,
  "train_metrics": {
    "dispatch_counts": [
      [
        6.0,
        2.0,
        3300.0,
        0.0,
        2.0,
        0.0,
        0.0,
        4.0
      ],
      [
        6.0,
        3098.0,
        6.0,
        0.0,
        4.0,
        0.0,
        0.0,
        4.0
      ],
      [
        2798.0,
        6.0,
        8.0,
        0.0,
        266.0,
        0.0,
        164.0,
        7.0
      ],
      [
        7.0,
        1.0,
        3.0,
        0.0,
        0.0,
        0.0,
        1.0,
        3107.0
      ]
    ],
    "entropy_record": [
      1.3852936029434204,
      1.3848581314086914,
      1.3850704431533813,
      1.3853182792663574,
      1.3854069709777832,
      1.3848857879638672,
      1.38497793674469,
      1.3849776983261108,
      1.3851972818374634,
      1.384576439857483,
      1.3847452402114868,
      1.3827004432678223,
      1.3762489557266235,
      1.3499799966812134,
      1.2934794425964355,
      1.1712011098861694,
      0.9524244070053101,
      0.6317870616912842,
      0.37757641077041626,
      0.20969970524311066,
      0.13460403680801392,
      0.08956819027662277,
      0.07727303355932236,
      0.07118837535381317,
      0.055776841938495636,
      0.056684233248233795,
      0.046323470771312714,
      0.04183968901634216,
      0.04224385321140289,
      0.04268838092684746,
      0.039215147495269775,
      0.03946920856833458,
      0.03986247628927231,
      0.03815590217709541,
      0.040200985968112946,
      0.03803776577115059,
      0.038075003772974014,
      0.03770396485924721,
      0.03720427677035332,
      0.03694700449705124,
      0.040703896433115005,
      0.04017258062958717,
      0.037483278661966324,
      0.036197297275066376,
      0.03623272851109505,
      0.03574955090880394,
      0.03280175104737282,
      0.03454427048563957,
      0.032547298818826675,
      0.03632310777902603,
      0.03554225340485573,
      0.03530328348278999,
      0.036899685859680176,
      0.03614360839128494,
      0.03617795556783676,
      0.035988207906484604,
      0.03547167778015137,
      0.03560347110033035,
      0.03593750670552254,
      0.03467683494091034,
      0.0340329073369503,
      0.03664620965719223,
      0.036084238439798355,
      0.03443868085741997,
      0.03771800175309181,
      0.032026778906583786,
      0.03619138523936272,
      0.0366731695830822,
      0.034532953053712845,
      0.03546932339668274,
      0.03362799063324928,
      0.03571385145187378,
      0.03690103441476822,
      0.036492720246315,
      0.03429880365729332,
      0.03422357141971588,
      0.037354931235313416,
      0.03743789345026016,
      0.03715980425477028,
      0.03503665328025818,
      0.035777509212493896,
      0.03976043313741684,
      0.03373107314109802,
      0.035519152879714966,
      0.03462771326303482,
      0.036078326404094696,
      0.035247426480054855,
      0.03481309115886688,
      0.036342572420835495,
      0.034835148602724075,
      0.03819912299513817,
      0.03870175778865814,
      0.03644043952226639,
      0.034896500408649445,
      0.037748027592897415,
      0.03611716255545616,
      0.035846635699272156,
      0.035344041883945465,
      0.03246849402785301,
      0.03402853012084961,
      0.0329800546169281,
      0.036094725131988525,
      0.037007689476013184,
      0.037603799253702164,
      0.034062761813402176,
      0.03318221867084503,
      0.032827794551849365,
      0.03671079874038696,
      0.03521715849637985,
      0.03775407373905182,
      0.03589361160993576,
      0.03348580375313759,
      0.03401041403412819,
      0.036033790558576584,
      0.03626766428351402,
      0.03368465602397919,
      0.03351421281695366,
      0.034339819103479385,
      0.03656168282032013,
      0.03406410291790962,
      0.03251991420984268,
      0.030583083629608154,
      0.03517843410372734,
      0.03330760821700096,
      0.03548756241798401,
      0.03790619596838951,
      0.03760832920670509,
      0.03616366907954216,
      0.037604015320539474,
      0.03725176677107811,
      0.03290296345949173,
      0.03498430550098419,
      0.03619580715894699,
      0.03264226019382477,
      0.03611297160387039,
      0.03260744735598564,
      0.03679610788822174,
      0.035001400858163834,
      0.035329435020685196,
      0.031702131032943726,
      0.034877926111221313,
      0.037466567009687424,
      0.034854087978601456,
      0.037943556904792786,
      0.034094203263521194,
      0.0331844761967659,
      0.03446019068360329,
      0.03622709959745407,
      0.03616269305348396,
      0.0361345112323761,
      0.0381617471575737,
      0.035636432468891144,
      0.03278706222772598,
      0.036950938403606415,
      0.03655421361327171,
      0.03527100384235382,
      0.036523282527923584,
      0.037289150059223175,
      0.03574337437748909,
      0.03619294613599777,
      0.03583047538995743,
      0.035957880318164825,
      0.03752785176038742,
      0.03661184757947922,
      0.03606493026018143,
      0.03447102755308151,
      0.037301987409591675,
      0.037792377173900604,
      0.03524736315011978,
      0.0367274135351181,
      0.03560321033000946,
      0.0356699675321579,
      0.03529856726527214,
      0.033651284873485565,
      0.03608104959130287,
      0.038450777530670166,
      0.03448918089270592,
      0.04015522077679634,
      0.03515176847577095,
      0.03432733565568924,
      0.03609633445739746,
      0.03406896814703941,
      0.03430073335766792,
      0.03582800179719925,
      0.033247802406549454,
      0.038277678191661835,
      0.0362667590379715,
      0.036132946610450745,
      0.03492432087659836,
      0.03813943639397621,
      0.039728373289108276,
      0.03592849150300026,
      0.03676857799291611,
      0.03524400666356087,
      0.035014599561691284,
      0.03837038576602936,
      0.03714301809668541,
      0.03584655374288559,
      0.03453761339187622,
      0.03980957716703415,
      0.040442027151584625,
      0.03686903417110443,
      0.03643118590116501,
      0.036361612379550934,
      0.03286408632993698,
      0.034897204488515854,
      0.034970082342624664,
      0.03710659593343735,
      0.03311515226960182,
      0.035211242735385895,
      0.0353393517434597,
      0.03481026366353035,
      0.034648194909095764,
      0.035906869918107986,
      0.03916242718696594,
      0.03420577943325043,
      0.0357343927025795,
      0.035804636776447296,
      0.03627442568540573,
      0.032467424869537354,
      0.038611628115177155,
      0.035037048161029816,
      0.033115681260824203,
      0.03289604187011719,
      0.03747892007231712,
      0.03701176866889,
      0.03796442598104477,
      0.03478216752409935,
      0.03263261914253235,
      0.03684115409851074,
