{
  "config": {
    "early_stopping": true,
    "epochs": 601,
    "expert_lr": 0.00093884,
    "expert_momentum": 0.855452,
    "expert_num": 8,
    "expert_weight_decay": 0.001,
    "load_balancing": false,
    "optimizer_family": "original",
    "router_lr": 0.0496455,
    "router_momentum": 0.929599,
    "router_weight_decay": 0.001
  },
  "eval_metrics": {
    "accuracy": 91.375,
    "dispatch_counts": [
      [
        1.0,
        268.0,
        0.0,
        54.0,
        0.0,
        0.0,
        505.0,
        1.0
      ],
      [
        2.0,
        51.0,
        0.0,
        41.0,
        660.0,
        0.0,
        7.0,
        18.0
      ],
      [
        585.0,
        27.0,
        0.0,
        169.0,
        1.0,
        0.0,
        28.0,
        2.0
      ],
      [
        0.0,
        326.0,
        0.0,
        313.0,
        3.0,
        0.0,
        111.0,
        27.0
      ]
    ],
    "entropy": 0.5846980810165405,
    "loss": 0.3999496102333069,
    "runtime_seconds": 0.008579489775002003,
    "split": "validation"
  },
  "fold_index": 1,
  "mode": "nonlinear",
  "seed": 21612,
  "setting": 2,
  "total_runtime_seconds": 6.666418766602874,
  "train_metrics": {
    "dispatch_counts": [
      [
        1.0,
        1029.0,
        0.0,
        269.0,
        6.0,
        0.0,
        2007.0,
        2.0
      ],
      [
        5.0,
        179.0,
        0.0,
        176.0,
        2670.0,
        0.0,
        26.0,
        62.0
      ],
      [
        2438.0,
        90.0,
        0.0,
        585.0,
        9.0,
        0.0,
        123.0,
        5.0
      ],
      [
        2.0,
        1363.0,
        0.0,
        1116.0,
        12.0,
        0.0,
        525.0,
        100.0
      ]
    ],
    "entropy_record": [
      1.3849507570266724,
      1.385294795036316,
      1.3843320608139038,
      1.3854814767837524,
      1.3850945234298706,
      1.3846008777618408,
      1.3848413228988647,
      1.3851079940795898,
      1.3851064443588257,
      1.3853062391281128,
      1.38467276096344,
      1.3809329271316528,
      1.372667670249939,
      1.3571265935897827,
      1.3120110034942627,
      1.232197880744934,
      1.097592830657959,
      0.9681606292724609,
      0.8303086757659912,
      0.7505240440368652,
      0.675071656703949,
      0.6004042029380798,
      0.5501633882522583,
      0.5118799209594727,
      0.4956616461277008,
      0.4860624670982361,
      0.4746451675891876,
      0.4728764295578003,
      0.4645080864429474,
      0.45112475752830505,
      0.4465141296386719,
      0.44132500886917114,
      0.4369831383228302,
      0.4292972981929779,
      0.4296411871910095,
      0.4224238693714142,
      0.41834044456481934,
      0.4130794405937195,
      0.4065828323364258,
      0.4129997491836548,
      0.401795357465744,
      0.40615183115005493,
      0.398682564496994,
      0.3977128267288208,
      0.39484739303588867,
      0.390129953622818,
      0.39273884892463684,
      0.3893333971500397,
      0.3930988609790802,
      0.39230266213417053,
      0.3943576216697693,
      0.40110525488853455,
      0.4038841724395752,
      0.4103342294692993,
      0.4174075126647949,
      0.4284804165363312,
      0.43213820457458496,
      0.43951869010925293,
      0.44749730825424194,
      0.4519038200378418,
      0.4619133174419403,
      0.46578651666641235,
      0.4783967137336731,
      0.485263466835022,
      0.4946422874927521,
      0.4959685504436493,
      0.5097924470901489,
      0.5182501673698425,
      0.518766462802887,
      0.5367206335067749,
      0.5411707162857056,
      0.5421249270439148,
      0.55115807056427,
      0.5532142519950867,
      0.559075653553009,
      0.5653738975524902,
      0.56740403175354,
      0.5739046931266785,
      0.5792815089225769,
      0.5789023041725159,
      0.584761917591095
    ],
    "epochs_ran": 81,
    "final_entropy": 0.584761917591095,
    "final_loss": 0.39596492052078247,
    "plot_diagnostics": null,
    "runtime_seconds": 6.657839276827872
  }
}