{
  "config": {
    "early_stopping": true,
    "epochs": 601,
    "expert_lr": 0.00152724,
    "expert_momentum": 0.944391,
    "expert_num": 8,
    "expert_weight_decay": 0.0,
    "load_balancing": false,
    "ns_steps": 3,
    "optimizer_family": "muon",
    "router_lr": 0.00892244,
    "router_momentum": 0.989388,
    "router_weight_decay": 0.0001
  },
  "eval_metrics": {
    "accuracy": 97.5,
    "dispatch_counts": [
      [
        10.0,
        393.0,
        3.0,
        2.0,
        1.0,
        410.0,
        2.0,
        7.0
      ],
      [
        8.0,
        12.0,
        372.0,
        6.0,
        4.0,
        8.0,
        1.0,
        369.0
      ],
      [
        7.0,
        11.0,
        9.0,
        8.0,
        380.0,
        9.0,
        381.0,
        7.0
      ],
      [
        388.0,
        5.0,
        2.0,
        373.0,
        1.0,
        5.0,
        0.0,
        6.0
      ]
    ],
    "entropy": 0.21104305982589722,
    "loss": 0.33826157450675964,
    "runtime_seconds": 0.00747812120243907,
    "split": "validation"
  },
  "fold_index": 4,
  "mode": "nonlinear",
  "seed": 42215,
  "setting": 4,
  "total_runtime_seconds": 50.747133071068674,
  "train_metrics": {
    "dispatch_counts": [
      [
        36.0,
        1596.0,
        13.0,
        10.0,
        6.0,
        1629.0,
        9.0,
        16.0
      ],
      [
        24.0,
        44.0,
        1491.0,
        30.0,
        12.0,
        22.0,
        7.0,
        1487.0
      ],
      [
        43.0,
        41.0,
        25.0,
        23.0,
        1531.0,
        35.0,
        1533.0,
        19.0
      ],
      [
        1553.0,
        19.0,
        9.0,
        1479.0,
        10.0,
        28.0,
        7.0,
        13.0
      ]
    ],
    "entropy_record": [
      1.3845902681350708,
      1.3418768644332886,
      1.2606562376022339,
      1.1857306957244873,
      1.0676571130752563,
      0.9568051695823669,
      0.8733034729957581,
      0.7952848076820374,
      0.7210716009140015,
      0.654175877571106,
      0.6036364436149597,
      0.5625242590904236,
      0.5115101337432861,
      0.4821910858154297,
      0.45100536942481995,
      0.4286511242389679,
      0.41068413853645325,
      0.38448938727378845,
      0.3703382909297943,
      0.34384647011756897,
      0.3420361578464508,
      0.3338741660118103,
      0.31419292092323303,
      0.3106667101383209,
      0.30748575925827026,
      0.3001486659049988,
      0.295231431722641,
      0.2863575518131256,
      0.281455934047699,
      0.2817050516605377,
      0.2722815275192261,
      0.2638990879058838,
      0.2636704444885254,
      0.2607221007347107,
      0.26188960671424866,
      0.25544726848602295,
      0.2548578381538391,
      0.25659698247909546,
      0.25007331371307373,
      0.252668172121048,
      0.24706049263477325,
      0.2476681023836136,
      0.2408740222454071,
      0.24588516354560852,
      0.24365386366844177,
      0.23616912961006165,
      0.24360878765583038,
      0.23513172566890717,
      0.24073654413223267,
      0.23195220530033112,
      0.23395635187625885,
      0.23872733116149902,
      0.2262539267539978,
      0.23127326369285583,
      0.2291221171617508,
      0.22645442187786102,
      0.22852756083011627,
      0.22634351253509521,
      0.22401361167430878,
      0.22538012266159058,
      0.2243945598602295,
      0.22926689684391022,
      0.22411967813968658,
      0.22110402584075928,
      0.22495806217193604,
      0.22260050475597382,
      0.22021277248859406,
      0.22172781825065613,
      0.22266802191734314,
      0.22075976431369781,
      0.21774502098560333,
      0.2156444787979126,
      0.21918098628520966,
      0.21843977272510529,
      0.22018180787563324,
      0.2213914543390274,
      0.21658211946487427,
      0.21870990097522736,
      0.21504998207092285,
      0.21282492578029633,
      0.21876367926597595,
      0.21750508248806,
      0.21473044157028198,
      0.21572665870189667,
      0.2169061154127121,
      0.21487653255462646,
      0.2152586281299591,
      0.21581876277923584,
      0.215247243642807,
      0.2129230797290802,
      0.21667253971099854,
      0.2134392112493515,
      0.21401484310626984,
      0.21229223906993866,
      0.21352002024650574,
      0.21153715252876282,
      0.21539802849292755,
      0.21319763362407684,
      0.21221685409545898,
      0.21249082684516907,
      0.21470652520656586,
      0.21745005249977112,
      0.21306370198726654,
      0.21440768241882324,
      0.21435272693634033,
      0.21016862988471985,
      0.20917972922325134,
      0.210865318775177,
      0.21308298408985138,
      0.20998619496822357,
      0.2112310379743576,
      0.2054554969072342,
      0.20918042957782745,
      0.20930583775043488,
      0.20831649005413055,
      0.2105288952589035,
      0.21315640211105347,
      0.2107328623533249,
      0.21141448616981506,
      0.21109899878501892,
      0.2096673846244812,
      0.20854948461055756,
      0.2104509323835373,
      0.2100517749786377,
      0.20757555961608887,
      0.21050283312797546,
      0.20923519134521484,
      0.21197080612182617,
      0.206661656498909,
      0.2097901999950409,
      0.20848657190799713,
      0.20692138373851776,
      0.2110362946987152,
      0.2103842794895172,
      0.2076898217201233,
      0.20758414268493652,
      0.2080034762620926,
      0.20842871069908142,
      0.20781652629375458,
      0.20798052847385406,
      0.20835699141025543,
      0.2076493501663208,
      0.20463868975639343,
      0.20738814771175385,
      0.2081708461046219,
      0.20722375810146332,
      0.20844273269176483,
      0.20693348348140717,
      0.20699548721313477,
      0.20713834464550018,
      0.2104831486940384,
      0.2057635486125946,
      0.20639914274215698,
      0.2091284692287445,
      0.2056272327899933,
      0.20618054270744324,
      0.2085765302181244,
      0.20866991579532623,
      0.20603781938552856,
      0.2080916166305542,
      0.20643816888332367,
      0.20696543157100677,
      0.20604513585567474,
      0.20928314328193665,
      0.2070421725511551,
      0.20462840795516968,
      0.20466648042201996,
      0.207272469997406,
      0.20663537085056305,
      0.2065943330526352,
      0.20860764384269714,
      0.206483393907547,
      0.2052086591720581,
      0.206568643450737,
      0.2048199474811554,
      0.2074986845254898,
      0.204758420586586,
      0.2072891741991043,
      0.20864874124526978,
      0.20947584509849548,
      0.20511670410633087,
      0.20663733780384064,
      0.20879678428173065,
      0.2034926861524582,
      0.20810282230377197,
      0.20504790544509888,
      0.20506788790225983,
      0.20532242953777313,
      0.20673736929893494,
      0.207693949341774,
      0.20951366424560547,
      0.20684456825256348,
      0.20940135419368744,
      0.2050544023513794,
      0.20586270093917847,
      0.20443317294120789,
      0.21012170612812042,
      0.20424199104309082,
      0.20549096167087555,
      0.20754234492778778,
      0.20318174362182617,
      0.20609629154205322,
      0.2041933387517929,
      0.206075519323349,
      0.20618505775928497,
      0.20474055409431458,
      0.20450656116008759,
      0.2047254741191864,
      0.20563630759716034,
      0.20458242297172546,
      0.20467445254325867,
      0.2050463855266571,
      0.20405206084251404,
      0.2044551521539688,
      0.20454515516757965,
      0.2049928605556488,
      0.20583221316337585,
      0.2063494473695755,
      0.20723162591457367,
      0.20570306479930878,
      0.20597192645072937,
      0.20626187324523926,
      0.20291760563850403,
      0.20515210926532745,
      0.20632392168045044,
      0.2046423703432083,
      0.20473314821720123,
      0.20424456894397736,
      0.20461130142211914,
      0.20661531388759613,
      0.20796911418437958,
      0.20734475553035736,
      0.20643489062786102,
