{
  "config": {
    "early_stopping": true,
    "epochs": 601,
    "expert_lr": 0.00152724,
    "expert_momentum": 0.944391,
    "expert_num": 8,
    "expert_weight_decay": 0.0,
    "load_balancing": false,
    "ns_steps": 3,
    "optimizer_family": "muon",
    "router_lr": 0.00892244,
    "router_momentum": 0.989388,
    "router_weight_decay": 0.0001
  },
  "eval_metrics": {
    "accuracy": 95.65625,
    "dispatch_counts": [
      [
        440.0,
        125.0,
        249.0,
        5.0,
        7.0,
        0.0,
        0.0,
        2.0
      ],
      [
        40.0,
        202.0,
        1.0,
        6.0,
        125.0,
        0.0,
        369.0,
        37.0
      ],
      [
        9.0,
        128.0,
        5.0,
        8.0,
        5.0,
        233.0,
        11.0,
        413.0
      ],
      [
        5.0,
        0.0,
        8.0,
        378.0,
        360.0,
        13.0,
        9.0,
        7.0
      ]
    ],
    "entropy": 0.4762444496154785,
    "loss": 0.35669901967048645,
    "runtime_seconds": 0.007401098031550646,
    "split": "validation"
  },
  "fold_index": 0,
  "mode": "nonlinear",
  "seed": 42211,
  "setting": 4,
  "total_runtime_seconds": 50.37605704087764,
  "train_metrics": {
    "dispatch_counts": [
      [
        1740.0,
        473.0,
        1000.0,
        29.0,
        36.0,
        4.0,
        15.0,
        18.0
      ],
      [
        134.0,
        797.0,
        6.0,
        32.0,
        507.0,
        0.0,
        1509.0,
        132.0
      ],
      [
        38.0,
        482.0,
        20.0,
        47.0,
        24.0,
        950.0,
        44.0,
        1645.0
      ],
      [
        26.0,
        1.0,
        21.0,
        1502.0,
        1464.0,
        55.0,
        34.0,
        15.0
      ]
    ],
    "entropy_record": [
      1.3853116035461426,
      1.3496582508087158,
      1.2810115814208984,
      1.2173335552215576,
      1.121820330619812,
      1.0468069314956665,
      0.9577198624610901,
      0.8834564089775085,
      0.8195810914039612,
      0.7692124247550964,
      0.7459651231765747,
      0.7085144519805908,
      0.6822342276573181,
      0.653762698173523,
      0.6442404389381409,
      0.6259055733680725,
      0.6151566505432129,
      0.6130951642990112,
      0.5989684462547302,
      0.5876312255859375,
      0.5779659748077393,
      0.574450671672821,
      0.5775726437568665,
      0.5722382664680481,
      0.5624741315841675,
      0.5577064752578735,
      0.5477973222732544,
      0.5489742159843445,
      0.5448655486106873,
      0.5430378317832947,
      0.536579430103302,
      0.5364305973052979,
      0.5294186472892761,
      0.5314092040061951,
      0.531213104724884,
      0.5262166857719421,
      0.5238296389579773,
      0.5225438475608826,
      0.52495276927948,
      0.5224080681800842,
      0.523386538028717,
      0.5198086500167847,
      0.5249125361442566,
      0.5137168169021606,
      0.5114907026290894,
      0.5112432241439819,
      0.5079753994941711,
      0.5087881088256836,
      0.5105831027030945,
      0.510043203830719,
      0.5082269906997681,
      0.5078553557395935,
      0.5087308287620544,
      0.5079699754714966,
      0.5033477544784546,
      0.5010583400726318,
      0.5048684477806091,
      0.4979971647262573,
      0.500737190246582,
      0.5027322173118591,
      0.50594562292099,
      0.5037208795547485,
      0.5042875409126282,
      0.4979187846183777,
      0.49732497334480286,
      0.49874556064605713,
      0.5012754797935486,
      0.49966979026794434,
      0.5011052489280701,
      0.4984263479709625,
      0.4989904761314392,
      0.5016070008277893,
      0.5023944973945618,
      0.49857550859451294,
      0.4979325532913208,
      0.4967583417892456,
      0.49750828742980957,
      0.4970081150531769,
      0.4955632984638214,
      0.4966977834701538,
      0.4975188374519348,
      0.49466800689697266,
      0.4954572319984436,
      0.49620458483695984,
      0.49329501390457153,
      0.4976710379123688,
      0.49620455503463745,
      0.49577149748802185,
      0.49486732482910156,
      0.49039772152900696,
      0.4920956492424011,
      0.49633991718292236,
      0.4939059019088745,
      0.4964908957481384,
      0.4938320517539978,
      0.4935559928417206,
      0.49122101068496704,
      0.4905286133289337,
      0.49458298087120056,
      0.49398037791252136,
      0.49150350689888,
      0.4922257363796234,
      0.4945865571498871,
      0.4922170639038086,
      0.4943634867668152,
      0.4929802715778351,
      0.4934994876384735,
      0.4896968901157379,
      0.48989975452423096,
      0.4909510016441345,
      0.48980605602264404,
      0.4927040636539459,
      0.4915461540222168,
      0.4892715811729431,
      0.49079567193984985,
      0.49240949749946594,
      0.4926820993423462,
      0.49333882331848145,
      0.49461379647254944,
      0.487801194190979,
      0.49438217282295227,
      0.4883066713809967,
      0.4935320317745209,
      0.49137601256370544,
      0.4897233843803406,
      0.4914422929286957,
      0.4917006492614746,
      0.4880633056163788,
      0.48976844549179077,
      0.491872102022171,
      0.48968830704689026,
      0.491096168756485,
      0.4888690412044525,
      0.4870365262031555,
      0.4874151647090912,
      0.48969557881355286,
      0.49002596735954285,
      0.4911706745624542,
      0.4896494746208191,
      0.48601776361465454,
      0.4899774193763733,
      0.488711953163147,
      0.48937058448791504,
      0.4889731705188751,
      0.4914586544036865,
      0.48748040199279785,
      0.4875544309616089,
      0.49216732382774353,
      0.48786747455596924,
      0.4898514151573181,
      0.4900684654712677,
      0.48869460821151733,
      0.48911750316619873,
      0.4911350607872009,
      0.48772647976875305,
      0.48912471532821655,
      0.48956298828125,
      0.48570704460144043,
      0.49082323908805847,
      0.4878600239753723,
      0.4888480007648468,
      0.48628586530685425,
      0.48766329884529114,
      0.48612409830093384,
      0.48757699131965637,
      0.4881872534751892,
      0.4886285960674286,
      0.48828017711639404,
      0.4874010980129242,
      0.488798052072525,
      0.48986172676086426,
      0.48532000184059143,
      0.48999667167663574,
      0.48791688680648804,
      0.489437460899353,
      0.48761430382728577,
      0.4879085123538971,
      0.48859864473342896,
      0.48728564381599426,
      0.4853600263595581,
      0.488101989030838,
      0.4925048351287842,
      0.4866698980331421,
      0.48742836713790894,
      0.48701924085617065,
      0.4856124818325043,
      0.48650893568992615,
      0.4873317778110504,
      0.48620089888572693,
      0.4879210591316223,
      0.4866807460784912,
      0.48734351992607117,
      0.48815497756004333,
      0.48935461044311523,
      0.4875739514827728,
      0.48664718866348267,
      0.48360419273376465,
      0.4860421419143677,
      0.4879203736782074,
      0.4858735501766205,
      0.4856903553009033,
      0.4875550866127014,
      0.4868798553943634,
      0.4881880283355713,
      0.4887722432613373,
      0.48697754740715027,
      0.48797810077667236,
      0.488099068403244,
      0.48614129424095154,
      0.488533079624176,
      0.48543596267700195,
      0.4861280024051666,
      0.48728251457214355,
      0.4886350929737091,
      0.4863983988761902,
      0.48661744594573975,
      0.48671454191207886,
      0.4862463176250458,
      0.4857584834098816,
      0.4887732267379761,
      0.4863218665122986,
      0.48691093921661377,
      0.4873512089252472,
      0.485729455947876,
      0.48716676235198975,
      0.48670390248298645,
      0.4860243499279022,
      0.48922494053840637,
      0.4859943985939026,
      0.4872722029685974,
      0.4842759370803833,
      0.48592260479927063,
      0.4867278039455414,
      0.48401540517807007,
      0.4864186644554138,
      0.489480584859848,
