{
  "config": {
    "early_stopping": true,
    "epochs": 601,
    "expert_lr": 0.00075184,
    "expert_momentum": 0.970491,
    "expert_num": 8,
    "expert_weight_decay": 0.0,
    "load_balancing": false,
    "ns_steps": 10,
    "optimizer_family": "muon",
    "router_lr": 0.0055841,
    "router_momentum": 0.930426,
    "router_weight_decay": 0.001
  },
  "eval_metrics": {
    "accuracy": 89.78125,
    "dispatch_counts": [
      [
        55.0,
        3.0,
        348.0,
        14.0,
        19.0,
        12.0,
        26.0,
        330.0
      ],
      [
        318.0,
        37.0,
        27.0,
        43.0,
        2.0,
        0.0,
        360.0,
        13.0
      ],
      [
        25.0,
        210.0,
        81.0,
        98.0,
        302.0,
        2.0,
        54.0,
        29.0
      ],
      [
        13.0,
        18.0,
        29.0,
        360.0,
        14.0,
        300.0,
        51.0,
        7.0
      ]
    ],
    "entropy": 0.6821537613868713,
    "loss": 0.41544902324676514,
    "runtime_seconds": 0.008556331042200327,
    "split": "validation"
  },
  "fold_index": 1,
  "mode": "nonlinear",
  "seed": 11612,
  "setting": 1,
  "total_runtime_seconds": 28.183082934934646,
  "train_metrics": {
    "dispatch_counts": [
      [
        238.0,
        6.0,
        1360.0,
        53.0,
        61.0,
        77.0,
        139.0,
        1294.0
      ],
      [
        1173.0,
        209.0,
        106.0,
        201.0,
        8.0,
        10.0,
        1454.0,
        38.0
      ],
      [
        129.0,
        915.0,
        288.0,
        337.0,
        1203.0,
        8.0,
        225.0,
        100.0
      ],
      [
        30.0,
        62.0,
        169.0,
        1386.0,
        98.0,
        1177.0,
        203.0,
        43.0
      ]
    ],
    "entropy_record": [
      1.3855977058410645,
      1.362727403640747,
      1.3009930849075317,
      1.2679063081741333,
      1.1985657215118408,
      1.1263439655303955,
      1.04439115524292,
      0.9924948215484619,
      0.9236103892326355,
      0.8991544246673584,
      0.8518065810203552,
      0.82887864112854,
      0.7827237844467163,
      0.7862184643745422,
      0.7598181962966919,
      0.7501331567764282,
      0.735334038734436,
      0.7415512800216675,
      0.7230170965194702,
      0.7161347270011902,
      0.7192751169204712,
      0.708154559135437,
      0.7093919515609741,
      0.7189549803733826,
      0.7123523354530334,
      0.7046212553977966,
      0.7097634673118591,
      0.7117852568626404,
      0.7186878323554993,
      0.7057768702507019,
      0.7066045999526978,
      0.7158997058868408,
      0.720518946647644,
      0.7143481969833374,
      0.7221918106079102,
      0.7302768230438232,
      0.7254937887191772,
      0.728694498538971,
      0.7268221974372864,
      0.7331641912460327,
      0.732904851436615,
      0.7327999472618103,
      0.7347421646118164,
      0.7331234812736511,
      0.7401658296585083,
      0.7390206456184387,
      0.739930272102356,
      0.7321802973747253,
      0.7440193891525269,
      0.7410032749176025,
      0.7381429672241211,
      0.7464963793754578,
      0.7354927062988281,
      0.7470792531967163,
      0.7404736876487732,
      0.7410365343093872,
      0.7434400916099548,
      0.7478134632110596,
      0.7480046153068542,
      0.7413794994354248,
      0.73919677734375,
      0.7401746511459351,
      0.7410222887992859,
      0.739940345287323,
      0.7454172372817993,
      0.742164671421051,
      0.7423098683357239,
      0.7392370104789734,
      0.7372130751609802,
      0.7396712303161621,
      0.7438586354255676,
      0.7407330274581909,
      0.7399346828460693,
      0.7347240447998047,
      0.7378764152526855,
      0.7372984886169434,
      0.7372750639915466,
      0.7382857799530029,
      0.7366527318954468,
      0.7329680323600769,
      0.7338258028030396,
      0.7316955327987671,
      0.7337364554405212,
      0.7290607690811157,
      0.7344299554824829,
      0.7336418628692627,
      0.7313922643661499,
      0.7285416126251221,
      0.7366371154785156,
      0.7311800122261047,
      0.7293593287467957,
      0.7283096313476562,
      0.726098895072937,
      0.7278097867965698,
      0.7232549786567688,
      0.7233205437660217,
      0.7255367040634155,
      0.7207471132278442,
      0.7224767804145813,
      0.7192200422286987,
      0.7208483219146729,
      0.7201279401779175,
      0.7164150476455688,
      0.7170524597167969,
      0.72104412317276,
      0.7177310585975647,
      0.7167022228240967,
      0.7174944877624512,
      0.7122445702552795,
      0.711005687713623,
      0.709719181060791,
      0.7126212120056152,
      0.7103508114814758,
      0.7158021330833435,
      0.7107511758804321,
      0.7116909623146057,
      0.708808422088623,
      0.7094995975494385,
      0.7096208930015564,
      0.7046881318092346,
      0.7066895961761475,
      0.7043962478637695,
      0.7075826525688171,
      0.7046999335289001,
      0.7036453485488892,
      0.7094830870628357,
      0.7045255899429321,
      0.7028982043266296,
      0.706052303314209,
      0.7088690996170044,
      0.7059141397476196,
      0.7046992778778076,
      0.7058072686195374,
      0.705308198928833,
      0.7024630308151245,
      0.7052624225616455,
      0.7044811248779297,
      0.7042800188064575,
      0.7077601552009583,
      0.7050414681434631,
      0.7058343291282654,
      0.7033684253692627,
      0.7050058841705322,
      0.7010965347290039,
      0.7044201493263245,
      0.7049746513366699,
      0.7051920890808105,
      0.7065112590789795,
      0.7031914591789246,
      0.7037177085876465,
      0.70024174451828,
      0.7057953476905823,
      0.7017093896865845,
      0.7060422897338867,
      0.7058777809143066,
      0.708238959312439,
      0.7055401802062988,
      0.7076412439346313,
      0.706970751285553,
      0.7049781680107117,
      0.70627760887146,
      0.7052057385444641,
      0.7036269903182983,
      0.7026427984237671,
      0.7007619738578796,
      0.7038570642471313,
      0.7049562931060791,
      0.70453280210495,
      0.7088178396224976,
      0.707506537437439,
      0.7074609398841858,
      0.7044053077697754,
      0.7053602933883667,
      0.7032536268234253,
      0.7018264532089233,
      0.7029353380203247,
      0.7052621245384216,
      0.7030116319656372,
      0.7041659951210022,
      0.7061722278594971,
      0.7035281658172607,
      0.7036599516868591,
      0.7007167935371399,
      0.7072514891624451,
      0.7017583847045898,
      0.7014759182929993,
      0.705335259437561,
      0.7015020251274109,
      0.7032334804534912,
      0.699350118637085,
      0.6984476447105408,
      0.6995309591293335,
      0.69674152135849,
      0.696490466594696,
      0.6986408829689026,
      0.6977110505104065,
      0.6977823376655579,
      0.6972739696502686,
      0.6959201097488403,
      0.6971818208694458,
      0.6956384778022766,
      0.6966989040374756,
      0.6931099891662598,
      0.695052981376648,
      0.6916713118553162,
      0.6930049657821655,
      0.6916203498840332,
      0.6919792890548706,
      0.6902937889099121,
      0.6915053725242615,
      0.6913804411888123,
      0.6920341849327087,
      0.6899195313453674,
      0.6867891550064087,
      0.6876140236854553,
      0.6895222663879395,
      0.6876803040504456,
      0.6851425170898438,
      0.6866430044174194,
      0.6834964752197266,
      0.6844866275787354,
      0.681997537612915,
      0.6815813779830933,
      0.6834824681282043,
      0.6791583299636841,
      0.6810409426689148,
      0.6764994859695435,
      0.6743424534797668,
      0.6748688220977783,
      0.6750463247299194,
      0.6749730110168457,
      0.6698814630508423,
      0.6695737838745117,
      0.6724860072135925,
      0.668306291103363,
      0.6679174900054932,
      0.6675235033035278,
      0.6680234670639038,
