{
  "config": {
    "early_stopping": true,
    "epochs": 601,
    "expert_lr": 0.00075184,
    "expert_momentum": 0.970491,
    "expert_num": 8,
    "expert_weight_decay": 0.0,
    "load_balancing": false,
    "ns_steps": 10,
    "optimizer_family": "muon",
    "router_lr": 0.0055841,
    "router_momentum": 0.930426,
    "router_weight_decay": 0.001
  },
  "eval_metrics": {
    "accuracy": 92.0625,
    "dispatch_counts": [
      [
        247.0,
        258.0,
        55.0,
        4.0,
        21.0,
        154.0,
        12.0,
        56.0
      ],
      [
        3.0,
        0.0,
        10.0,
        16.0,
        391.0,
        237.0,
        124.0,
        18.0
      ],
      [
        2.0,
        0.0,
        5.0,
        360.0,
        10.0,
        12.0,
        105.0,
        308.0
      ],
      [
        190.0,
        0.0,
        336.0,
        3.0,
        3.0,
        5.0,
        221.0,
        34.0
      ]
    ],
    "entropy": 0.6348719000816345,
    "loss": 0.3926365375518799,
    "runtime_seconds": 0.012159985955804586,
    "split": "validation"
  },
  "fold_index": 2,
  "mode": "nonlinear",
  "seed": 11613,
  "setting": 1,
  "total_runtime_seconds": 29.711368139833212,
  "train_metrics": {
    "dispatch_counts": [
      [
        1012.0,
        1006.0,
        230.0,
        17.0,
        68.0,
        534.0,
        40.0,
        321.0
      ],
      [
        8.0,
        0.0,
        21.0,
        60.0,
        1565.0,
        889.0,
        570.0,
        87.0
      ],
      [
        9.0,
        8.0,
        38.0,
        1441.0,
        35.0,
        54.0,
        385.0,
        1234.0
      ],
      [
        759.0,
        0.0,
        1411.0,
        17.0,
        13.0,
        23.0,
        844.0,
        101.0
      ]
    ],
    "entropy_record": [
      1.3854658603668213,
      1.3688178062438965,
      1.3260565996170044,
      1.2765536308288574,
      1.2347921133041382,
      1.179839015007019,
      1.1203172206878662,
      1.0579655170440674,
      1.03206467628479,
      0.9745000600814819,
      0.9475457668304443,
      0.911616325378418,
      0.8682689666748047,
      0.8629497289657593,
      0.8388621807098389,
      0.818717360496521,
      0.8061871528625488,
      0.7803134322166443,
      0.7906520366668701,
      0.7852176427841187,
      0.772429883480072,
      0.7729301452636719,
      0.7636052966117859,
      0.7580729722976685,
      0.7580817937850952,
      0.7539597153663635,
      0.7365436553955078,
      0.7311789989471436,
      0.7325550317764282,
      0.7334470152854919,
      0.7304592132568359,
      0.7357978820800781,
      0.7269947528839111,
      0.7285962700843811,
      0.7338164448738098,
      0.7364218831062317,
      0.7314832806587219,
      0.7393242716789246,
      0.736393392086029,
      0.7255047559738159,
      0.7326358556747437,
      0.7351868152618408,
      0.7363327145576477,
      0.737195611000061,
      0.7301828861236572,
      0.7364636659622192,
      0.7217108011245728,
      0.7325183153152466,
      0.7292441129684448,
      0.7255089282989502,
      0.7240578532218933,
      0.72347491979599,
      0.7234987020492554,
      0.7143608331680298,
      0.7121114730834961,
      0.7119302749633789,
      0.7135650515556335,
      0.7157044410705566,
      0.7035337686538696,
      0.7075238823890686,
      0.6975786685943604,
      0.7049721479415894,
      0.6971348524093628,
      0.6980555057525635,
      0.7003263831138611,
      0.6937338709831238,
      0.68846595287323,
      0.6924130916595459,
      0.6885882616043091,
      0.6879757642745972,
      0.688194990158081,
      0.6874504685401917,
      0.6867709159851074,
      0.6839357614517212,
      0.6855546236038208,
      0.6852859854698181,
      0.6818686723709106,
      0.6819595098495483,
      0.6818516254425049,
      0.6754708290100098,
      0.6823586821556091,
      0.6793102025985718,
      0.6774894595146179,
      0.6699780821800232,
      0.6712005734443665,
      0.6716417074203491,
      0.67591392993927,
      0.667159378528595,
      0.6723299622535706,
      0.6663296818733215,
      0.6644790768623352,
      0.6639090776443481,
      0.6593892574310303,
      0.663267195224762,
      0.659018874168396,
      0.6624626517295837,
      0.6601946353912354,
      0.6597709059715271,
      0.6620580554008484,
      0.6583868861198425,
      0.6558663845062256,
      0.6634198427200317,
      0.6569074988365173,
      0.6561458706855774,
      0.6544666886329651,
      0.6549487113952637,
      0.6554050445556641,
      0.6561247110366821,
      0.6502974033355713,
      0.6542019844055176,
      0.6532419919967651,
      0.6529151201248169,
      0.6561200022697449,
      0.6517089605331421,
      0.6520487070083618,
      0.653653085231781,
      0.6512545347213745,
      0.6473129987716675,
      0.649330735206604,
      0.6497509479522705,
      0.6465737223625183,
      0.6426407694816589,
      0.6475628018379211,
      0.6492461562156677,
      0.6443775296211243,
      0.6459034085273743,
      0.6440082788467407,
      0.6433025598526001,
      0.6420266032218933,
      0.6472912430763245,
      0.6449498534202576,
      0.6449949145317078,
      0.6450613737106323,
      0.6454249024391174,
      0.6441077589988708,
      0.6423505544662476,
      0.6417145729064941,
      0.6433437466621399,
      0.6372750997543335,
      0.6396045088768005,
      0.6389135122299194,
      0.6397626399993896,
      0.6386005878448486,
      0.6376095414161682,
      0.639815092086792,
      0.636995792388916,
      0.6361104846000671,
      0.6411195993423462,
      0.6361452341079712,
      0.6372500061988831,
      0.6398716568946838,
      0.6390417218208313,
      0.6333866715431213,
      0.6357662677764893,
      0.6359971165657043,
      0.6350581049919128,
      0.633389949798584,
      0.6319880485534668,
      0.6341874003410339,
      0.6322965621948242,
      0.6307928562164307,
      0.6289902329444885,
      0.6302802562713623,
      0.6302199959754944,
      0.6321395039558411,
      0.6279969811439514,
      0.6252471208572388,
      0.6289633512496948,
      0.6301484107971191,
      0.6289144158363342,
      0.622305691242218,
      0.6304286122322083,
      0.6230014562606812,
      0.6215369701385498,
      0.6262805461883545,
      0.6240805387496948,
      0.6263121962547302,
      0.6232626438140869,
      0.6243101954460144,
      0.618425190448761,
      0.6197934150695801,
      0.6225148439407349,
      0.6209326386451721,
      0.6216822266578674,
      0.6151595115661621,
      0.6183959245681763,
      0.6176738142967224,
      0.6219202280044556,
      0.6177516579627991,
      0.6164214015007019,
      0.6171340942382812,
      0.6174226403236389,
      0.6156737804412842,
      0.6146260499954224,
      0.6153708696365356,
      0.6151567101478577,
      0.6133551597595215,
      0.6119097471237183,
      0.6095521450042725,
      0.6105519533157349,
      0.6105800867080688,
      0.6086093187332153,
      0.6123678684234619,
      0.6068409085273743,
      0.6061646938323975,
      0.6090553998947144,
      0.6054845452308655,
      0.6097489595413208,
      0.6067175269126892,
      0.6043756008148193,
      0.6062330007553101,
      0.6055520176887512,
      0.6035338640213013,
      0.6042152047157288,
      0.601127028465271,
      0.6055148243904114,
      0.6023814678192139,
      0.6009097099304199,
      0.6026061177253723,
      0.6063933968544006,
      0.6017049551010132,
      0.6006683111190796,
      0.5993959903717041,
      0.6034114956855774,
      0.59971022605896,
      0.6008280515670776,
      0.6006638407707214,
      0.6004127860069275,
      0.6043262481689453,
      0.600681722164154,
      0.5986762046813965,
      0.6007064580917358,
      0.5998616218566895,
      0.6036552786827087,
      0.6065458059310913,
      0.6015622019767761,
      0.6015074253082275,
      0.6036002039909363,
