{
  "config": {
    "early_stopping": true,
    "epochs": 601,
    "expert_lr": 0.00076257,
    "expert_momentum": 0.91482,
    "expert_num": 4,
    "expert_weight_decay": 0.001,
    "load_balancing": false,
    "ns_steps": 7,
    "optimizer_family": "muon",
    "router_lr": 0.00968774,
    "router_momentum": 0.950038,
    "router_weight_decay": 0.001
  },
  "eval_metrics": {
    "accuracy": 88.65625,
    "dispatch_counts": [
      [
        196.0,
        110.0,
        92.0,
        409.0
      ],
      [
        366.0,
        286.0,
        21.0,
        126.0
      ],
      [
        108.0,
        45.0,
        614.0,
        35.0
      ],
      [
        134.0,
        524.0,
        47.0,
        87.0
      ]
    ],
    "entropy": 1.0288118124008179,
    "loss": 0.4260637164115906,
    "runtime_seconds": 0.004523726645857096,
    "split": "validation"
  },
  "fold_index": 2,
  "mode": "nonlinear",
  "seed": 10113,
  "setting": 1,
  "total_runtime_seconds": 18.21447159256786,
  "train_metrics": {
    "dispatch_counts": [
      [
        812.0,
        460.0,
        381.0,
        1575.0
      ],
      [
        1593.0,
        1032.0,
        89.0,
        486.0
      ],
      [
        482.0,
        193.0,
        2309.0,
        220.0
      ],
      [
        548.0,
        2063.0,
        162.0,
        395.0
      ]
    ],
    "entropy_record": [
      1.3858695030212402,
      1.369971513748169,
      1.3250802755355835,
      1.2917066812515259,
      1.2652899026870728,
      1.2293795347213745,
      1.1959785223007202,
      1.1937719583511353,
      1.1866801977157593,
      1.1746782064437866,
      1.1750208139419556,
      1.1717219352722168,
      1.1746615171432495,
      1.1747677326202393,
      1.17024827003479,
      1.1736947298049927,
      1.1718589067459106,
      1.173079013824463,
      1.1731081008911133,
      1.1705230474472046,
      1.1751118898391724,
      1.1719088554382324,
      1.168644905090332,
      1.1635379791259766,
      1.1626436710357666,
      1.1597590446472168,
      1.152449131011963,
      1.1517571210861206,
      1.146795392036438,
      1.143567442893982,
      1.134282112121582,
      1.1329286098480225,
      1.126753807067871,
      1.1230307817459106,
      1.112450122833252,
      1.107147216796875,
      1.093453049659729,
      1.0843242406845093,
      1.0746259689331055,
      1.0692451000213623,
      1.0639532804489136,
      1.0626863241195679,
      1.0595871210098267,
      1.063834309577942,
      1.062421441078186,
      1.063057780265808,
      1.066344976425171,
      1.070626139640808,
      1.0764952898025513,
      1.0771129131317139,
      1.0862525701522827,
      1.0921615362167358,
      1.0950119495391846,
      1.0961583852767944,
      1.1014121770858765,
      1.1061763763427734,
      1.1066282987594604,
      1.1126967668533325,
      1.1135879755020142,
      1.1158883571624756,
      1.1177902221679688,
      1.1174832582473755,
      1.1161906719207764,
      1.1173769235610962,
      1.1161823272705078,
      1.1166739463806152,
      1.116631031036377,
      1.114260196685791,
      1.1108152866363525,
      1.109490156173706,
      1.103875756263733,
      1.106602430343628,
      1.1026594638824463,
      1.0999571084976196,
      1.102607250213623,
      1.096815586090088,
      1.0987584590911865,
      1.099003553390503,
      1.0969245433807373,
      1.099259853363037,
      1.0991116762161255,
      1.099830985069275,
      1.0992963314056396,
      1.0990700721740723,
      1.100763201713562,
      1.102128267288208,
      1.0998226404190063,
      1.1047942638397217,
      1.1031901836395264,
      1.1018764972686768,
      1.107197880744934,
      1.1093485355377197,
      1.1097846031188965,
      1.1090441942214966,
      1.1104741096496582,
      1.1113032102584839,
      1.1115062236785889,
      1.1104358434677124,
      1.1110429763793945,
      1.1132075786590576,
      1.1107122898101807,
      1.1097644567489624,
      1.111034631729126,
      1.1113189458847046,
      1.1107368469238281,
      1.1103101968765259,
      1.1084073781967163,
      1.1072936058044434,
      1.1093966960906982,
      1.1062487363815308,
      1.105414628982544,
      1.106454610824585,
      1.1061276197433472,
      1.102874755859375,
      1.1027300357818604,
      1.1022288799285889,
      1.1024000644683838,
      1.1016840934753418,
      1.1021157503128052,
      1.1020125150680542,
      1.099837064743042,
      1.1005595922470093,
      1.0999845266342163,
      1.1004444360733032,
      1.0993084907531738,
      1.1019700765609741,
      1.1023153066635132,
      1.1029044389724731,
      1.102489948272705,
      1.1045023202896118,
      1.104260802268982,
      1.1039302349090576,
      1.1033926010131836,
      1.1067156791687012,
      1.1065393686294556,
      1.108411431312561,
      1.1073112487792969,
      1.1091010570526123,
      1.108681559562683,
      1.1112117767333984,
      1.112265944480896,
      1.1140371561050415,
      1.11617910861969,
      1.1166621446609497,
      1.1191669702529907,
      1.1192718744277954,
      1.1196054220199585,
      1.1202969551086426,
      1.1276633739471436,
      1.1247121095657349,
      1.1258330345153809,
      1.1298061609268188,
      1.1319063901901245,
      1.1315858364105225,
      1.1346585750579834,
      1.1360807418823242,
      1.1375195980072021,
      1.1387929916381836,
      1.1409105062484741,
      1.1417316198349,
      1.1432132720947266,
      1.142862319946289,
      1.142686128616333,
      1.1432327032089233,
      1.1441900730133057,
      1.1454553604125977,
      1.144661545753479,
      1.1452423334121704,
      1.1446975469589233,
      1.1453555822372437,
      1.1450060606002808,
      1.1438957452774048,
      1.1444902420043945,
      1.1437994241714478,
      1.1438374519348145,
      1.142177939414978,
      1.142482042312622,
      1.1413382291793823,
      1.1418559551239014,
      1.14110267162323,
      1.1408836841583252,
      1.1431710720062256,
      1.139723777770996,
      1.1404435634613037,
      1.1389368772506714,
      1.140660047531128,
      1.138207197189331,
      1.139223337173462,
      1.138561487197876,
      1.1383953094482422,
      1.1376293897628784,
      1.138800024986267,
      1.1368436813354492,
      1.1364954710006714,
      1.1347469091415405,
      1.1369400024414062,
      1.1365967988967896,
      1.1353552341461182,
      1.1358606815338135,
      1.1334726810455322,
      1.1333836317062378,
      1.1328202486038208,
      1.1332467794418335,
      1.1339235305786133,
      1.1310924291610718,
      1.1322566270828247,
      1.1296881437301636,
      1.1299962997436523,
      1.1262071132659912,
      1.1247706413269043,
      1.1231951713562012,
      1.120025396347046,
      1.1188684701919556,
      1.1173673868179321,
      1.1128671169281006,
      1.1092079877853394,
      1.1082566976547241,
      1.1031767129898071,
      1.100655436515808,
      1.0952681303024292,
      1.0918935537338257,
      1.0884342193603516,
      1.0874499082565308,
      1.0801138877868652,
      1.0776307582855225,
      1.0732072591781616,
      1.0709874629974365,
      1.067712664604187,
      1.0639699697494507,
      1.0581080913543701,
      1.055263876914978,
      1.0518056154251099,
      1.0478441715240479,
      1.0449905395507812,
      1.0404343605041504,
      1.0366970300674438,
      1.0342011451721191,
      1.0313595533370972,
      1.0263566970825195,
      1.0235111713409424,
      1.0198355913162231,
      1.0160237550735474,
      1.0109870433807373,
      1.010125756263733,
      1.0045477151870728,
      1.0018378496170044,
      0.9994569420814514,
      0.9991770386695862,
      0.9960060119628906,
      0.9951773881912231,
      0.9936805367469788,
      0.995651364326477,
      0.9955227375030518,
      0.9948536157608032,
      0.996281087398529,
      0.9972512125968933,
      0.9961291551589966,
