{
  "config": {
    "early_stopping": true,
    "epochs": 601,
    "expert_lr": 0.00366106,
    "expert_momentum": 0.960446,
    "expert_num": 8,
    "expert_weight_decay": 0.0,
    "load_balancing": false,
    "optimizer_family": "original",
    "router_lr": 0.02754067,
    "router_momentum": 0.989268,
    "router_weight_decay": 0.0
  },
  "eval_metrics": {
    "accuracy": 99.53125,
    "dispatch_counts": [
      [
        1.0,
        0.0,
        0.0,
        0.0,
        827.0,
        0.0,
        1.0,
        0.0
      ],
      [
        173.0,
        582.0,
        0.0,
        17.0,
        0.0,
        0.0,
        0.0,
        7.0
      ],
      [
        0.0,
        0.0,
        746.0,
        0.0,
        1.0,
        7.0,
        58.0,
        0.0
      ],
      [
        0.0,
        0.0,
        0.0,
        1.0,
        4.0,
        775.0,
        0.0,
        0.0
      ]
    ],
    "entropy": 0.027539506554603577,
    "loss": 0.31794917583465576,
    "runtime_seconds": 0.007711695972830057,
    "split": "validation"
  },
  "fold_index": 1,
  "mode": "nonlinear",
  "seed": 40012,
  "setting": 4,
  "total_runtime_seconds": 49.39004054898396,
  "train_metrics": {
    "dispatch_counts": [
      [
        3.0,
        0.0,
        1.0,
        0.0,
        3306.0,
        4.0,
        0.0,
        0.0
      ],
      [
        744.0,
        2227.0,
        0.0,
        92.0,
        10.0,
        6.0,
        1.0,
        38.0
      ],
      [
        1.0,
        4.0,
        3048.0,
        0.0,
        4.0,
        20.0,
        173.0,
        0.0
      ],
      [
        0.0,
        1.0,
        1.0,
        4.0,
        3.0,
        3109.0,
        0.0,
        0.0
      ]
    ],
    "entropy_record": [
      1.3852736949920654,
      1.385507345199585,
      1.3848069906234741,
      1.3847609758377075,
      1.3852686882019043,
      1.3852754831314087,
      1.3841569423675537,
      1.3791351318359375,
      1.3518846035003662,
      1.2833681106567383,
      1.175942063331604,
      1.0165510177612305,
      0.8532814979553223,
      0.658654510974884,
      0.5239627957344055,
      0.3983721435070038,
      0.3219105303287506,
      0.23754684627056122,
      0.20518198609352112,
      0.17605361342430115,
      0.14241404831409454,
      0.12104006111621857,
      0.10578210651874542,
      0.10428359359502792,
      0.09066800028085709,
      0.0853448212146759,
      0.07679702341556549,
      0.06664145737886429,
      0.06384116411209106,
      0.05945759639143944,
      0.05793466418981552,
      0.05524824187159538,
      0.04664165526628494,
      0.051772817969322205,
      0.0481681153178215,
      0.049477774649858475,
      0.046408768743276596,
      0.04452599957585335,
      0.045901063829660416,
      0.04450659453868866,
      0.04500366002321243,
      0.04336237907409668,
      0.044238269329071045,
      0.038362838327884674,
      0.0354299396276474,
      0.04062969610095024,
      0.04173054173588753,
      0.04158133268356323,
      0.039236314594745636,
      0.034687940031290054,
      0.0393364317715168,
      0.036299657076597214,
      0.036040838807821274,
      0.03659377992153168,
      0.03777686506509781,
      0.04139721393585205,
      0.04342016950249672,
      0.04109256714582443,
      0.03451332449913025,
      0.03943471238017082,
      0.03715759515762329,
      0.037614695727825165,
      0.038391828536987305,
      0.04097630828619003,
      0.03339479863643646,
      0.03669639676809311,
      0.036108631640672684,
      0.03860263526439667,
      0.036826055496931076,
      0.03536771237850189,
      0.037460923194885254,
      0.038082316517829895,
      0.03413105010986328,
      0.0340544767677784,
      0.03499378263950348,
      0.0364406555891037,
      0.03735761716961861,
      0.03971655294299126,
      0.032618895173072815,
      0.03422476723790169,
      0.03080538474023342,
      0.03311099112033844,
      0.033590853214263916,
      0.03259032964706421,
      0.0366641990840435,
      0.039241258054971695,
      0.0355415940284729,
      0.03832986205816269,
      0.03539998084306717,
      0.033871132880449295,
      0.035755455493927,
      0.03222808241844177,
      0.03472491726279259,
      0.034829627722501755,
      0.03639252111315727,
      0.03259291499853134,
      0.034387651830911636,
      0.03548489138484001,
      0.03447144851088524,
      0.0356346070766449,
      0.0354248583316803,
      0.03754325583577156,
      0.03422177582979202,
      0.032952021807432175,
      0.037171751260757446,
      0.0347883366048336,
      0.03545103594660759,
      0.037204571068286896,
      0.03407023102045059,
      0.03350429981946945,
      0.03855046257376671,
      0.03574692830443382,
      0.03396797552704811,
      0.037439536303281784,
      0.03573384881019592,
      0.03640604764223099,
      0.03269312530755997,
      0.03376660495996475,
      0.03713139146566391,
      0.03308818116784096,
      0.03305494412779808,
      0.03251320868730545,
      0.0337192565202713,
      0.03092639334499836,
      0.0344390906393528,
      0.03492873162031174,
      0.03650946542620659,
      0.0329277403652668,
      0.037768229842185974,
      0.0360841266810894,
      0.031580571085214615,
      0.03326056897640228,
      0.03409119322896004,
      0.034733518958091736,
      0.03491101413965225,
      0.034645888954401016,
      0.036834392696619034,
      0.031129227951169014,
      0.03513714671134949,
      0.03580663725733757,
      0.03425091132521629,
      0.03520568087697029,
      0.03770410642027855,
      0.032448701560497284,
      0.035845283418893814,
      0.03480880334973335,
      0.036830320954322815,
      0.032209042459726334,
      0.03472503647208214,
      0.03410837799310684,
      0.037079695612192154,
      0.03558410704135895,
      0.03144359961152077,
      0.03421087935566902,
      0.03523187339305878,
      0.03346974775195122,
      0.03661385178565979,
      0.036044660955667496,
      0.03760605305433273,
      0.03756316751241684,
      0.035156868398189545,
      0.03509417176246643,
      0.03592069819569588,
      0.03248528391122818,
      0.033101219683885574,
      0.035766806453466415,
      0.03628038242459297,
      0.03244895488023758,
      0.034346070140600204,
      0.032096151262521744,
      0.03493429720401764,
      0.031422194093465805,
      0.03693796694278717,
      0.03733909875154495,
      0.03278851881623268,
      0.03267599269747734,
      0.03775252774357796,
      0.034293923527002335,
      0.03615506365895271,
      0.03559383004903793,
      0.03563525527715683,
      0.03091525472700596,
      0.03558271378278732,
      0.03458335995674133,
      0.034394994378089905,
      0.03423978015780449,
      0.035021912306547165,
      0.03171398863196373,
      0.03283747285604477,
      0.0341435968875885,
      0.03267761692404747,
      0.035122014582157135,
      0.03488381952047348,
      0.030685212463140488,
      0.0339963361620903,
      0.033509913831949234,
      0.03400661423802376,
      0.03511558100581169,
      0.03418734669685364,
      0.032980021089315414,
      0.03514337167143822,
      0.035995837301015854,
      0.03177837282419205,
      0.03501667082309723,
      0.029258301481604576,
      0.03393620252609253,
      0.03855247423052788,
      0.03628259152173996,
      0.03310181945562363,
      0.03571287542581558,
      0.038154054433107376,
      0.03900031000375748,
      0.03532430902123451,
      0.03645795211195946,
      0.03257356956601143,
      0.0335342139005661,
      0.03435507044196129,
      0.03412265703082085,
      0.0342884287238121,
      0.03190286457538605,
      0.03718003258109093,
      0.03507915139198303,
      0.03387334197759628,
      0.033978987485170364,
      0.03299596905708313,
      0.03673258423805237,
      0.035937584936618805,
      0.03536926209926605,
      0.03466954454779625,
      0.035688962787389755,
