{
  "config": {
    "early_stopping": true,
    "epochs": 601,
    "expert_lr": 0.00434229,
    "expert_momentum": 0.950559,
    "expert_num": 8,
    "expert_weight_decay": 0.001,
    "load_balancing": false,
    "optimizer_family": "original",
    "router_lr": 0.03037901,
    "router_momentum": 0.853784,
    "router_weight_decay": 0.0
  },
  "eval_metrics": {
    "accuracy": 94.8125,
    "dispatch_counts": [
      [
        7.0,
        96.0,
        12.0,
        6.0,
        288.0,
        21.0,
        0.0,
        399.0
      ],
      [
        2.0,
        117.0,
        4.0,
        4.0,
        216.0,
        1.0,
        327.0,
        108.0
      ],
      [
        396.0,
        7.0,
        141.0,
        248.0,
        4.0,
        8.0,
        4.0,
        4.0
      ],
      [
        16.0,
        3.0,
        10.0,
        9.0,
        6.0,
        730.0,
        3.0,
        3.0
      ]
    ],
    "entropy": 0.4336269199848175,
    "loss": 0.3651365339756012,
    "runtime_seconds": 0.007417553104460239,
    "split": "validation"
  },
  "fold_index": 1,
  "mode": "nonlinear",
  "seed": 40712,
  "setting": 4,
  "total_runtime_seconds": 49.92718210723251,
  "train_metrics": {
    "dispatch_counts": [
      [
        21.0,
        364.0,
        86.0,
        17.0,
        1255.0,
        89.0,
        4.0,
        1478.0
      ],
      [
        11.0,
        474.0,
        13.0,
        28.0,
        817.0,
        17.0,
        1278.0,
        480.0
      ],
      [
        1598.0,
        32.0,
        638.0,
        921.0,
        7.0,
        32.0,
        17.0,
        5.0
      ],
      [
        90.0,
        3.0,
        22.0,
        40.0,
        14.0,
        2926.0,
        11.0,
        12.0
      ]
    ],
    "entropy_record": [
      1.384961724281311,
      1.385460376739502,
      1.3853329420089722,
      1.384540319442749,
      1.3852225542068481,
      1.385308027267456,
      1.3820650577545166,
      1.3659014701843262,
      1.326930046081543,
      1.2400455474853516,
      1.1174936294555664,
      1.0033930540084839,
      0.8928795456886292,
      0.7728031277656555,
      0.7084499001502991,
      0.6629983186721802,
      0.5950573086738586,
      0.566887617111206,
      0.546409010887146,
      0.5175037980079651,
      0.5077720284461975,
      0.4995775818824768,
      0.49255672097206116,
      0.47386229038238525,
      0.46209609508514404,
      0.46898460388183594,
      0.4659821689128876,
      0.4575744569301605,
      0.4632917642593384,
      0.45097193121910095,
      0.45196324586868286,
      0.454424113035202,
      0.44534924626350403,
      0.4579539895057678,
      0.4500051438808441,
      0.44879239797592163,
      0.4476450979709625,
      0.4353601336479187,
      0.44344067573547363,
      0.44543829560279846,
      0.44527631998062134,
      0.4323731064796448,
      0.4430793821811676,
      0.4421681761741638,
      0.4378955364227295,
      0.44107210636138916,
      0.4428595304489136,
      0.45818281173706055,
      0.44688770174980164,
      0.4315500259399414,
      0.4446704089641571,
      0.4362128973007202,
      0.4363924264907837,
      0.4541533589363098,
      0.44573622941970825,
      0.44111502170562744,
      0.44458407163619995,
      0.43316853046417236,
      0.4444122612476349,
      0.4347010850906372,
      0.4369901418685913,
      0.44256526231765747,
      0.43726491928100586,
      0.4415193200111389,
      0.4544285535812378,
      0.44458532333374023,
      0.4359685480594635,
      0.4437999129295349,
      0.4443098306655884,
      0.4422377347946167,
      0.4458657503128052,
      0.4421159327030182,
      0.4372011423110962,
      0.4364602863788605,
      0.4359806180000305,
      0.43003204464912415,
      0.43804389238357544,
      0.4416051208972931,
      0.4413720369338989,
      0.44499754905700684,
      0.43700987100601196,
      0.44992294907569885,
      0.4427575469017029,
      0.44106078147888184,
      0.44960129261016846,
      0.432492196559906,
      0.44920915365219116,
      0.4512525200843811,
      0.43718960881233215,
      0.4435025751590729,
      0.4423019289970398,
      0.45112287998199463,
      0.44031158089637756,
      0.43970218300819397,
      0.44354915618896484,
      0.44336023926734924,
      0.44548195600509644,
      0.4392395615577698,
      0.44701460003852844,
      0.44552022218704224,
      0.4367838203907013,
      0.44650593400001526,
      0.44850486516952515,
      0.4299868941307068,
      0.4464913606643677,
      0.44186344742774963,
      0.44858092069625854,
      0.43687132000923157,
      0.4476269483566284,
      0.4410402774810791,
      0.4283180832862854,
      0.4507112503051758,
      0.45305347442626953,
      0.44233694672584534,
      0.44772976636886597,
      0.4420868754386902,
      0.4337613582611084,
      0.44810953736305237,
      0.45064327120780945,
      0.4440651535987854,
      0.42885708808898926,
      0.43915820121765137,
      0.4337093234062195,
      0.4403376877307892,
      0.4383314847946167,
      0.43904250860214233,
      0.44045066833496094,
      0.43976765871047974,
      0.4418877959251404,
      0.44305089116096497,
      0.44456496834754944,
      0.4419670104980469,
      0.43593794107437134,
      0.44323909282684326,
      0.4376290440559387,
      0.446651816368103,
      0.43568623065948486,
      0.4369956851005554,
      0.43418800830841064,
      0.44220060110092163,
      0.44879794120788574,
      0.4555884599685669,
      0.44988465309143066,
      0.4341089129447937,
      0.4457613527774811,
      0.4423913359642029,
      0.44366762042045593,
      0.4333994686603546,
      0.4439701735973358,
      0.43196672201156616,
      0.441285640001297,
      0.4436653256416321,
      0.44480547308921814,
      0.43819892406463623,
      0.44256648421287537,
      0.4355512857437134,
      0.4479646384716034,
      0.4483696222305298,
      0.44247642159461975,
      0.43750452995300293,
      0.4309719204902649,
      0.44217032194137573,
      0.43719935417175293,
      0.4404354691505432,
      0.447860449552536,
      0.4399615526199341,
      0.4370228350162506,
      0.4498080015182495,
      0.4407249391078949,
      0.44424742460250854,
      0.44677409529685974,
      0.4420386254787445,
      0.4394930303096771,
      0.4416936933994293,
      0.44222819805145264,
      0.43535053730010986,
      0.4511057436466217,
      0.4308314621448517,
      0.44305557012557983,
      0.43542540073394775,
      0.4469549059867859,
      0.44029560685157776,
      0.442982017993927,
      0.4412146210670471,
      0.44321516156196594,
      0.4376182556152344,
      0.4449625611305237,
      0.4344436526298523,
      0.447196364402771,
      0.4323846399784088,
      0.4421692192554474,
      0.44739627838134766,
      0.4368630051612854,
      0.4472401738166809,
      0.43444913625717163,
      0.43628931045532227,
      0.4394819438457489,
      0.43454837799072266,
      0.44224321842193604,
      0.4337780475616455,
      0.44041019678115845,
      0.4539690911769867,
      0.43138301372528076,
      0.4437606632709503,
      0.44054466485977173,
      0.4474722445011139,
      0.4378693103790283,
      0.4300903379917145,
      0.44648292660713196,
      0.43895232677459717,
      0.44664162397384644,
      0.441120445728302,
      0.4468742609024048,
      0.4479200839996338,
      0.4410988688468933,
      0.45008882880210876,
      0.43358227610588074,
      0.440464049577713,
      0.43978166580200195,
      0.4393733739852905,
      0.43383893370628357,
      0.44547364115715027,
      0.43635082244873047,
      0.4497874975204468,
      0.4540596604347229,
      0.43546679615974426,
      0.4394534230232239,
      0.4428420066833496,
      0.44119998812675476,
      0.43814346194267273,
      0.4484322667121887,
      0.4452068507671356,
      0.4378584921360016,
      0.45200562477111816,
      0.4428557753562927,
