{
  "config": {
    "early_stopping": true,
    "epochs": 601,
    "expert_lr": 0.00434229,
    "expert_momentum": 0.950559,
    "expert_num": 8,
    "expert_weight_decay": 0.001,
    "load_balancing": false,
    "optimizer_family": "original",
    "router_lr": 0.03037901,
    "router_momentum": 0.853784,
    "router_weight_decay": 0.0
  },
  "eval_metrics": {
    "accuracy": 97.625,
    "dispatch_counts": [
      [
        5.0,
        400.0,
        1.0,
        5.0,
        392.0,
        14.0,
        5.0,
        7.0
      ],
      [
        1.0,
        7.0,
        34.0,
        1.0,
        8.0,
        3.0,
        713.0,
        12.0
      ],
      [
        388.0,
        2.0,
        64.0,
        14.0,
        11.0,
        327.0,
        4.0,
        3.0
      ],
      [
        25.0,
        11.0,
        42.0,
        223.0,
        1.0,
        2.0,
        3.0,
        472.0
      ]
    ],
    "entropy": 0.2613341212272644,
    "loss": 0.33701157569885254,
    "runtime_seconds": 0.007876216433942318,
    "split": "validation"
  },
  "fold_index": 2,
  "mode": "nonlinear",
  "seed": 40713,
  "setting": 4,
  "total_runtime_seconds": 49.92907262267545,
  "train_metrics": {
    "dispatch_counts": [
      [
        4.0,
        1679.0,
        4.0,
        48.0,
        1468.0,
        42.0,
        29.0,
        40.0
      ],
      [
        16.0,
        59.0,
        145.0,
        9.0,
        37.0,
        14.0,
        2797.0,
        41.0
      ],
      [
        1495.0,
        8.0,
        237.0,
        55.0,
        50.0,
        1373.0,
        19.0,
        12.0
      ],
      [
        100.0,
        20.0,
        176.0,
        952.0,
        15.0,
        8.0,
        5.0,
        1843.0
      ]
    ],
    "entropy_record": [
      1.3850102424621582,
      1.3849250078201294,
      1.3848820924758911,
      1.3849223852157593,
      1.3849445581436157,
      1.3847038745880127,
      1.3833932876586914,
      1.3688868284225464,
      1.323625087738037,
      1.226403832435608,
      1.0973197221755981,
      0.9456906914710999,
      0.8254628777503967,
      0.6977778077125549,
      0.6050238013267517,
      0.536689281463623,
      0.48992887139320374,
      0.44310206174850464,
      0.42269182205200195,
      0.39882132411003113,
      0.3790808320045471,
      0.35691022872924805,
      0.343610554933548,
      0.32380932569503784,
      0.31621330976486206,
      0.3149176836013794,
      0.30296093225479126,
      0.3005006015300751,
      0.30083802342414856,
      0.28754284977912903,
      0.2941274344921112,
      0.2857167720794678,
      0.2914884090423584,
      0.2780047059059143,
      0.2823740839958191,
      0.2891314625740051,
      0.27466392517089844,
      0.2835574448108673,
      0.27218374609947205,
      0.2693413197994232,
      0.28694573044776917,
      0.28250035643577576,
      0.26579606533050537,
      0.26883649826049805,
      0.2759312093257904,
      0.2838127911090851,
      0.2838612198829651,
      0.2794495224952698,
      0.28216663002967834,
      0.27685150504112244,
      0.26745331287384033,
      0.2781126797199249,
      0.2746182680130005,
      0.2767658829689026,
      0.28064340353012085,
      0.28322869539260864,
      0.2732849717140198,
      0.2705090045928955,
      0.2747461199760437,
      0.28508079051971436,
      0.28126731514930725,
      0.270447313785553,
      0.28349927067756653,
      0.26748254895210266,
      0.28549233078956604,
      0.2764189839363098,
      0.2656356990337372,
      0.2777599096298218,
      0.2778424918651581,
      0.27414295077323914,
      0.27009475231170654,
      0.2813887298107147,
      0.271879643201828,
      0.26296326518058777,
      0.275521457195282,
      0.2793594300746918,
      0.2755165994167328,
      0.28429868817329407,
      0.28101131319999695,
      0.2650720477104187,
      0.2685970664024353,
      0.2701947093009949,
      0.2731565833091736,
      0.2722218930721283,
      0.27875006198883057,
      0.2713871896266937,
      0.28322359919548035,
      0.28015562891960144,
      0.2744087874889374,
      0.28361043334007263,
      0.28724780678749084,
      0.27994897961616516,
      0.27153491973876953,
      0.28150027990341187,
      0.27249273657798767,
      0.28355589509010315,
      0.2754829227924347,
      0.284906804561615,
      0.28554898500442505,
      0.26452314853668213,
      0.2788505554199219,
      0.2838261127471924,
      0.28446584939956665,
      0.268474817276001,
      0.28179484605789185,
      0.26585185527801514,
      0.28260502219200134,
      0.2758188247680664,
      0.2691648304462433,
      0.27605560421943665,
      0.2848324179649353,
      0.2768203616142273,
      0.28230351209640503,
      0.2684786319732666,
      0.2808806896209717,
      0.2665911912918091,
      0.2824217975139618,
      0.2798411250114441,
      0.2763562500476837,
      0.2851980924606323,
      0.2847481966018677,
      0.26693663001060486,
      0.2885616421699524,
      0.2659305930137634,
      0.2833016812801361,
      0.28965166211128235,
      0.27510198950767517,
      0.2975972294807434,
      0.279358834028244,
      0.2894214987754822,
      0.2745414972305298,
      0.2845461666584015,
      0.2754206657409668,
      0.2757737934589386,
      0.2821185290813446,
      0.2768230438232422,
      0.27164891362190247,
      0.2794094383716583,
      0.2799123227596283,
      0.28466716408729553,
      0.27658456563949585,
      0.28400710225105286,
      0.2683371603488922,
      0.27171504497528076,
      0.28545597195625305,
      0.2771040201187134,
      0.2845218777656555,
      0.2826141119003296,
      0.27621254324913025,
      0.2725178599357605,
      0.26756635308265686,
      0.28267189860343933,
      0.2678488492965698,
      0.2819909155368805,
      0.2635129392147064,
      0.27416542172431946,
      0.2795974314212799,
      0.28196007013320923,
      0.28972527384757996,
      0.2783491611480713,
      0.2819370627403259,
      0.2770150899887085,
      0.26366448402404785,
      0.27844396233558655,
      0.27462074160575867,
      0.2723505198955536,
      0.27564385533332825,
      0.27327850461006165,
      0.28672993183135986,
      0.26698562502861023,
      0.2878996431827545,
      0.2811998724937439,
      0.27530306577682495,
      0.2785358726978302,
      0.28263407945632935,
      0.2813715934753418,
      0.26921120285987854,
      0.27797871828079224,
      0.2708505094051361,
      0.28296393156051636,
      0.279905766248703,
      0.26627448201179504,
      0.2709423005580902,
      0.2766169309616089,
      0.2746501564979553,
      0.27988719940185547,
      0.2843703031539917,
      0.274624764919281,
      0.2685297727584839,
      0.2823649048805237,
      0.2837248742580414,
      0.26921406388282776,
      0.2912672460079193,
      0.2699247896671295,
      0.27701622247695923,
      0.2816988527774811,
      0.27469438314437866,
      0.2789039611816406,
      0.26365187764167786,
      0.27727174758911133,
      0.282507061958313,
      0.2790982723236084,
      0.29756200313568115,
      0.28673094511032104,
      0.27765628695487976,
      0.2691287696361542,
      0.26767754554748535,
      0.2657299339771271,
      0.2832173705101013,
      0.28011155128479004,
      0.2836639881134033,
      0.26246991753578186,
      0.28205400705337524,
      0.27440258860588074,
      0.28537020087242126,
      0.28910622000694275,
      0.2755993604660034,
      0.2787286639213562,
      0.27223917841911316,
      0.2820623517036438,
      0.2852039933204651,
      0.2796739935874939,
      0.2878567576408386,
      0.2768068313598633,
      0.28145307302474976,
      0.2787778675556183,
      0.2803472876548767,
      0.28362947702407837,
      0.27003544569015503,
      0.2831268906593323,
      0.28053000569343567,
      0.2922028601169586,
      0.2751011848449707,
      0.27019017934799194,
      0.275067538022995,
