{
  "config": {
    "early_stopping": true,
    "epochs": 601,
    "expert_lr": 0.0005556,
    "expert_momentum": 0.957668,
    "expert_num": 4,
    "expert_weight_decay": 0.001,
    "load_balancing": false,
    "ns_steps": 7,
    "optimizer_family": "muon",
    "router_lr": 0.05422004,
    "router_momentum": 0.862131,
    "router_weight_decay": 0.0001
  },
  "eval_metrics": {
    "accuracy": 89.75,
    "dispatch_counts": [
      [
        419.0,
        201.0,
        3.0,
        206.0
      ],
      [
        109.0,
        276.0,
        153.0,
        241.0
      ],
      [
        122.0,
        107.0,
        270.0,
        314.0
      ],
      [
        132.0,
        45.0,
        276.0,
        326.0
      ]
    ],
    "entropy": 1.2362165451049805,
    "loss": 0.4181087911128998,
    "runtime_seconds": 0.004354430362582207,
    "split": "validation"
  },
  "fold_index": 2,
  "mode": "nonlinear",
  "seed": 31213,
  "setting": 3,
  "total_runtime_seconds": 4.119973998516798,
  "train_metrics": {
    "dispatch_counts": [
      [
        1671.0,
        804.0,
        22.0,
        817.0
      ],
      [
        482.0,
        1115.0,
        615.0,
        906.0
      ],
      [
        506.0,
        384.0,
        1092.0,
        1267.0
      ],
      [
        469.0,
        246.0,
        1109.0,
        1295.0
      ]
    ],
    "entropy_record": [
      1.3855592012405396,
      1.208425521850586,
      1.1454191207885742,
      1.1439235210418701,
      1.1414674520492554,
      1.1382153034210205,
      1.1322154998779297,
      1.1287215948104858,
      1.127180814743042,
      1.1293525695800781,
      1.1296989917755127,
      1.1327213048934937,
      1.1340794563293457,
      1.1354491710662842,
      1.137204647064209,
      1.1380977630615234,
      1.1404540538787842,
      1.1413040161132812,
      1.1434621810913086,
      1.1446033716201782,
      1.1446558237075806,
      1.1441832780838013,
      1.1446174383163452,
      1.1453323364257812,
      1.1437679529190063,
      1.1453098058700562,
      1.1462621688842773,
      1.1424280405044556,
      1.142981767654419,
      1.143123745918274,
      1.1403591632843018,
      1.139424204826355,
      1.1387218236923218,
      1.1368060111999512,
      1.1327496767044067,
      1.1296679973602295,
      1.126979112625122,
      1.1255184412002563,
      1.1209361553192139,
      1.1206495761871338,
      1.1199792623519897,
      1.1204078197479248,
      1.122652292251587,
      1.1215852499008179,
      1.1228337287902832,
      1.1228158473968506,
      1.1243969202041626,
      1.1230756044387817,
      1.1244419813156128,
      1.126380205154419,
      1.1280229091644287,
      1.1291450262069702,
      1.1313881874084473,
      1.1328729391098022,
      1.1357617378234863,
      1.1374802589416504,
      1.1389433145523071,
      1.140960693359375,
      1.1430906057357788,
      1.1466196775436401,
      1.1493079662322998,
      1.1517598628997803,
      1.1556198596954346,
      1.158588171005249,
      1.1609865427017212,
      1.163327693939209,
      1.1671528816223145,
      1.168736219406128,
      1.1716657876968384,
      1.1761587858200073,
      1.1790837049484253,
      1.184241771697998,
      1.1882596015930176,
      1.1929596662521362,
      1.196880578994751,
      1.1998727321624756,
      1.204765796661377,
      1.207491159439087,
      1.210387110710144,
      1.2138575315475464,
      1.2164288759231567,
      1.220576286315918,
      1.2251050472259521,
      1.2297394275665283,
      1.2326476573944092,
      1.235223650932312,
      1.2397366762161255,
      1.2421882152557373
    ],
    "epochs_ran": 88,
    "final_entropy": 1.2421882152557373,
    "final_loss": 0.41248321533203125,
    "plot_diagnostics": null,
    "runtime_seconds": 4.115619568154216
  }
}