{
  "config": {
    "early_stopping": true,
    "epochs": 601,
    "expert_lr": 0.0005556,
    "expert_momentum": 0.957668,
    "expert_num": 4,
    "expert_weight_decay": 0.001,
    "load_balancing": false,
    "ns_steps": 7,
    "optimizer_family": "muon",
    "router_lr": 0.05422004,
    "router_momentum": 0.862131,
    "router_weight_decay": 0.0001
  },
  "eval_metrics": {
    "accuracy": 90.8125,
    "dispatch_counts": [
      [
        81.0,
        215.0,
        415.0,
        117.0
      ],
      [
        341.0,
        168.0,
        18.0,
        253.0
      ],
      [
        90.0,
        110.0,
        423.0,
        189.0
      ],
      [
        386.0,
        32.0,
        6.0,
        356.0
      ]
    ],
    "entropy": 1.1271135807037354,
    "loss": 0.40602579712867737,
    "runtime_seconds": 0.004334230907261372,
    "split": "validation"
  },
  "fold_index": 4,
  "mode": "nonlinear",
  "seed": 31215,
  "setting": 3,
  "total_runtime_seconds": 6.154216872062534,
  "train_metrics": {
    "dispatch_counts": [
      [
        392.0,
        930.0,
        1571.0,
        422.0
      ],
      [
        1361.0,
        624.0,
        94.0,
        1038.0
      ],
      [
        301.0,
        445.0,
        1720.0,
        784.0
      ],
      [
        1559.0,
        183.0,
        34.0,
        1342.0
      ]
    ],
    "entropy_record": [
      1.3857265710830688,
      0.9730671048164368,
      0.8708575963973999,
      0.9129330515861511,
      0.9269466400146484,
      0.9537093639373779,
      0.9762246608734131,
      0.9896407723426819,
      0.9997934103012085,
      1.0015274286270142,
      1.0148111581802368,
      1.0193276405334473,
      1.0214574337005615,
      1.024111270904541,
      1.0275424718856812,
      1.0288223028182983,
      1.0321956872940063,
      1.032720685005188,
      1.0368863344192505,
      1.036219596862793,
      1.036018967628479,
      1.0417020320892334,
      1.0409119129180908,
      1.0416316986083984,
      1.0440878868103027,
      1.0436203479766846,
      1.0450611114501953,
      1.0486187934875488,
      1.0465645790100098,
      1.0476521253585815,
      1.0469391345977783,
      1.0463465452194214,
      1.0454864501953125,
      1.0436909198760986,
      1.0418554544448853,
      1.0395580530166626,
      1.038546085357666,
      1.0356346368789673,
      1.0307976007461548,
      1.0282573699951172,
      1.025713324546814,
      1.021397352218628,
      1.0195133686065674,
      1.0151350498199463,
      1.0128567218780518,
      1.0122601985931396,
      1.0090546607971191,
      1.0088376998901367,
      1.0072002410888672,
      1.0082112550735474,
      1.007375717163086,
      1.0089033842086792,
      1.0097829103469849,
      1.0107436180114746,
      1.0133676528930664,
      1.0160338878631592,
      1.015989899635315,
      1.0197762250900269,
      1.0203642845153809,
      1.02321195602417,
      1.0257587432861328,
      1.0288193225860596,
      1.0313974618911743,
      1.0339550971984863,
      1.0352190732955933,
      1.0341644287109375,
      1.0366666316986084,
      1.0379605293273926,
      1.0428436994552612,
      1.0447654724121094,
      1.0472036600112915,
      1.0502066612243652,
      1.0525424480438232,
      1.0546083450317383,
      1.0563123226165771,
      1.0575262308120728,
      1.058538556098938,
      1.0621337890625,
      1.065737247467041,
      1.0665578842163086,
      1.069082260131836,
      1.0715218782424927,
      1.072806477546692,
      1.0753509998321533,
      1.07536780834198,
      1.0800609588623047,
      1.0810465812683105,
      1.083914041519165,
      1.0860986709594727,
      1.0863450765609741,
      1.0868208408355713,
      1.088774561882019,
      1.0902711153030396,
      1.0928239822387695,
      1.0948333740234375,
      1.0965626239776611,
      1.0997605323791504,
      1.100805640220642,
      1.1012444496154785,
      1.10478937625885,
      1.1070892810821533,
      1.1099815368652344,
      1.1105070114135742,
      1.1123526096343994,
      1.1138678789138794,
      1.1139761209487915,
      1.1148438453674316,
      1.1171095371246338,
      1.119103193283081,
      1.1217745542526245,
      1.1225286722183228,
      1.1251673698425293,
      1.12769615650177,
      1.128873348236084,
      1.1304612159729004,
      1.1307544708251953,
      1.1308813095092773,
      1.131583571434021,
      1.132275104522705,
      1.1329811811447144,
      1.1333366632461548,
      1.1344172954559326,
      1.134153127670288,
      1.1343560218811035,
      1.135523796081543,
      1.1350998878479004,
      1.1361801624298096,
      1.136253833770752,
      1.1394397020339966,
      1.1399928331375122
    ],
    "epochs_ran": 130,
    "final_entropy": 1.1399928331375122,
    "final_loss": 0.39975619316101074,
    "plot_diagnostics": null,
    "runtime_seconds": 6.149882641155273
  }
}