{
  "config": {
    "early_stopping": true,
    "epochs": 601,
    "expert_lr": 0.00416983,
    "expert_momentum": 0.894236,
    "expert_num": 4,
    "expert_weight_decay": 1e-05,
    "load_balancing": false,
    "ns_steps": 10,
    "optimizer_family": "muon",
    "router_lr": 0.03298143,
    "router_momentum": 0.905662,
    "router_weight_decay": 1e-05
  },
  "eval_metrics": {
    "accuracy": 85.8125,
    "dispatch_counts": [
      [
        291.0,
        158.0,
        262.0,
        96.0
      ],
      [
        287.0,
        113.0,
        251.0,
        148.0
      ],
      [
        251.0,
        273.0,
        176.0,
        102.0
      ],
      [
        105.0,
        117.0,
        273.0,
        297.0
      ]
    ],
    "entropy": 1.3265690803527832,
    "loss": 0.4549678564071655,
    "runtime_seconds": 0.004278539679944515,
    "split": "validation"
  },
  "fold_index": 2,
  "mode": "nonlinear",
  "seed": 10013,
  "setting": 1,
  "total_runtime_seconds": 5.100596132688224,
  "train_metrics": {
    "dispatch_counts": [
      [
        1155.0,
        629.0,
        1018.0,
        426.0
      ],
      [
        1113.0,
        412.0,
        1032.0,
        643.0
      ],
      [
        921.0,
        1068.0,
        786.0,
        429.0
      ],
      [
        361.0,
        487.0,
        1084.0,
        1236.0
      ]
    ],
    "entropy_record": [
      1.3858726024627686,
      1.313009262084961,
      1.3278400897979736,
      1.3237078189849854,
      1.3165249824523926,
      1.301509141921997,
      1.2872521877288818,
      1.2757518291473389,
      1.2638027667999268,
      1.2604690790176392,
      1.257056713104248,
      1.2600150108337402,
      1.2653164863586426,
      1.2672513723373413,
      1.269045114517212,
      1.2718427181243896,
      1.277580976486206,
      1.2822057008743286,
      1.2855517864227295,
      1.287204384803772,
      1.290891408920288,
      1.291995882987976,
      1.2970411777496338,
      1.3002824783325195,
      1.3023781776428223,
      1.3065879344940186,
      1.3085136413574219,
      1.31118643283844,
      1.3132424354553223,
      1.3158756494522095,
      1.3175522089004517,
      1.3204240798950195,
      1.3209726810455322,
      1.3236174583435059,
      1.3241162300109863,
      1.3249629735946655,
      1.3266029357910156,
      1.3276302814483643,
      1.3285266160964966,
      1.3290064334869385,
      1.3301019668579102,
      1.3315629959106445,
      1.3319849967956543,
      1.3324459791183472,
      1.3340389728546143,
      1.3343496322631836,
      1.334639072418213,
      1.3357431888580322,
      1.3361772298812866,
      1.3358157873153687,
      1.3362243175506592,
      1.336775779724121,
      1.3369683027267456,
      1.3369548320770264,
      1.3375593423843384,
      1.3377408981323242,
      1.3378082513809204,
      1.337860107421875,
      1.3378076553344727,
      1.3377103805541992,
      1.337304711341858,
      1.337608814239502,
      1.337725043296814,
      1.3375704288482666,
      1.3375481367111206,
      1.3375396728515625,
      1.337206244468689,
      1.3374760150909424,
      1.3370939493179321,
      1.3369300365447998,
      1.3364548683166504,
      1.336701512336731,
      1.3357168436050415,
      1.3358538150787354,
      1.3352842330932617,
      1.3349465131759644,
      1.334252119064331,
      1.3344471454620361,
      1.3337948322296143,
      1.334286093711853,
      1.3333044052124023,
      1.3333988189697266,
      1.332465410232544,
      1.3328678607940674,
      1.3321776390075684,
      1.3318440914154053,
      1.331535816192627,
      1.3311383724212646,
      1.331180214881897,
      1.3308751583099365,
      1.3306690454483032,
      1.3305675983428955,
      1.3302674293518066,
      1.3304599523544312,
      1.3294538259506226,
      1.3297667503356934,
      1.329050898551941,
      1.3292306661605835,
      1.3285932540893555,
      1.3282032012939453,
      1.3272838592529297,
      1.3268754482269287,
      1.3269280195236206,
      1.326585292816162,
      1.3261003494262695,
      1.3260884284973145
    ],
    "epochs_ran": 106,
    "final_entropy": 1.3260884284973145,
    "final_loss": 0.44100937247276306,
    "plot_diagnostics": null,
    "runtime_seconds": 5.09631759300828
  }
}