{
  "config": {
    "early_stopping": true,
    "epochs": 601,
    "expert_lr": 0.00416983,
    "expert_momentum": 0.894236,
    "expert_num": 4,
    "expert_weight_decay": 1e-05,
    "load_balancing": false,
    "ns_steps": 10,
    "optimizer_family": "muon",
    "router_lr": 0.03298143,
    "router_momentum": 0.905662,
    "router_weight_decay": 1e-05
  },
  "eval_metrics": {
    "accuracy": 85.65625,
    "dispatch_counts": [
      [
        82.0,
        285.0,
        286.0,
        154.0
      ],
      [
        243.0,
        267.0,
        150.0,
        140.0
      ],
      [
        79.0,
        94.0,
        264.0,
        364.0
      ],
      [
        301.0,
        193.0,
        241.0,
        57.0
      ]
    ],
    "entropy": 1.2817689180374146,
    "loss": 0.4566471576690674,
    "runtime_seconds": 0.010302073322236538,
    "split": "validation"
  },
  "fold_index": 0,
  "mode": "nonlinear",
  "seed": 10011,
  "setting": 1,
  "total_runtime_seconds": 9.279352528043091,
  "train_metrics": {
    "dispatch_counts": [
      [
        369.0,
        1076.0,
        1143.0,
        640.0
      ],
      [
        946.0,
        1101.0,
        556.0,
        596.0
      ],
      [
        250.0,
        421.0,
        1004.0,
        1530.0
      ],
      [
        1277.0,
        753.0,
        921.0,
        217.0
      ]
    ],
    "entropy_record": [
      1.3857829570770264,
      1.2262306213378906,
      1.1194461584091187,
      1.1130279302597046,
      1.128239631652832,
      1.116665244102478,
      1.1250159740447998,
      1.123955488204956,
      1.127557635307312,
      1.1432740688323975,
      1.1627178192138672,
      1.168360948562622,
      1.180006980895996,
      1.1860231161117554,
      1.1911979913711548,
      1.1980140209197998,
      1.2052927017211914,
      1.2101430892944336,
      1.2127997875213623,
      1.2169393301010132,
      1.215696096420288,
      1.2223941087722778,
      1.2221801280975342,
      1.2273163795471191,
      1.227565050125122,
      1.23195219039917,
      1.233701467514038,
      1.2366372346878052,
      1.2391777038574219,
      1.2430907487869263,
      1.2451937198638916,
      1.2457001209259033,
      1.248785138130188,
      1.2482264041900635,
      1.250300407409668,
      1.252882957458496,
      1.2538179159164429,
      1.2544066905975342,
      1.2555363178253174,
      1.2562875747680664,
      1.256540298461914,
      1.2571251392364502,
      1.2590363025665283,
      1.2608574628829956,
      1.2606598138809204,
      1.2619819641113281,
      1.2641489505767822,
      1.265453815460205,
      1.265283226966858,
      1.2667605876922607,
      1.2680091857910156,
      1.2683954238891602,
      1.2686933279037476,
      1.2692039012908936,
      1.268242359161377,
      1.269372582435608,
      1.2702678442001343,
      1.2700450420379639,
      1.2700828313827515,
      1.2695947885513306,
      1.2702105045318604,
      1.2703043222427368,
      1.2687535285949707,
      1.268882393836975,
      1.2678922414779663,
      1.2680599689483643,
      1.2672617435455322,
      1.2680160999298096,
      1.2666398286819458,
      1.2657309770584106,
      1.265871286392212,
      1.2660576105117798,
      1.264872670173645,
      1.264146327972412,
      1.2639870643615723,
      1.2633187770843506,
      1.2638471126556396,
      1.2606704235076904,
      1.2606812715530396,
      1.260603427886963,
      1.2596395015716553,
      1.2570990324020386,
      1.2558162212371826,
      1.253077745437622,
      1.2560231685638428,
      1.2599186897277832,
      1.2618553638458252,
      1.265760898590088,
      1.269433856010437,
      1.2718377113342285,
      1.2742919921875,
      1.2766952514648438,
      1.2798075675964355,
      1.2814844846725464,
      1.283789873123169,
      1.2856473922729492,
      1.2869963645935059,
      1.288468599319458,
      1.290356993675232,
      1.2915359735488892,
      1.2916219234466553,
      1.292773723602295,
      1.2939585447311401,
      1.295304536819458,
      1.2944567203521729,
      1.2953907251358032,
      1.2967108488082886,
      1.2968080043792725,
      1.2973524332046509,
      1.2978603839874268,
      1.2974755764007568,
      1.2974611520767212,
      1.2977344989776611,
      1.2969002723693848,
      1.2976953983306885,
      1.2978382110595703,
      1.297239899635315,
      1.2971398830413818,
      1.2962154150009155,
      1.29561448097229,
      1.295039176940918,
      1.294939637184143,
      1.2946035861968994,
      1.293038010597229,
      1.2923110723495483,
      1.292098045349121,
      1.2911262512207031,
      1.290352463722229,
      1.2883630990982056,
      1.28616464138031,
      1.2857732772827148,
      1.2845405340194702,
      1.2839313745498657,
      1.2822909355163574,
      1.2807193994522095,
      1.2790223360061646,
      1.2772765159606934,
      1.2769386768341064,
      1.2776025533676147,
      1.2768222093582153,
      1.2757341861724854,
      1.2749438285827637,
      1.2734850645065308,
      1.272710919380188,
      1.2717351913452148,
      1.2720969915390015,
      1.2724080085754395,
      1.2725889682769775,
      1.2722185850143433,
      1.2725269794464111,
      1.271472692489624,
      1.273738145828247,
      1.2740473747253418,
      1.274389386177063,
      1.2746284008026123
    ],
    "epochs_ran": 155,
    "final_entropy": 1.2746284008026123,
    "final_loss": 0.4460987150669098,
    "plot_diagnostics": null,
    "runtime_seconds": 9.269050454720855
  }
}