{
  "config": {
    "early_stopping": true,
    "epochs": 601,
    "expert_lr": 0.00416983,
    "expert_momentum": 0.894236,
    "expert_num": 4,
    "expert_weight_decay": 1e-05,
    "load_balancing": false,
    "ns_steps": 10,
    "optimizer_family": "muon",
    "router_lr": 0.03298143,
    "router_momentum": 0.905662,
    "router_weight_decay": 1e-05
  },
  "eval_metrics": {
    "accuracy": 95.40625,
    "dispatch_counts": [
      [
        1.0,
        429.0,
        350.0,
        27.0
      ],
      [
        1.0,
        161.0,
        593.0,
        45.0
      ],
      [
        0.0,
        171.0,
        8.0,
        622.0
      ],
      [
        709.0,
        81.0,
        2.0,
        0.0
      ]
    ],
    "entropy": 0.6232515573501587,
    "loss": 0.3591878116130829,
    "runtime_seconds": 0.005072209984064102,
    "split": "validation"
  },
  "fold_index": 4,
  "mode": "nonlinear",
  "seed": 10015,
  "setting": 1,
  "total_runtime_seconds": 7.52021910995245,
  "train_metrics": {
    "dispatch_counts": [
      [
        0.0,
        1716.0,
        1413.0,
        99.0
      ],
      [
        4.0,
        678.0,
        2363.0,
        154.0
      ],
      [
        0.0,
        756.0,
        32.0,
        2417.0
      ],
      [
        2889.0,
        269.0,
        10.0,
        0.0
      ]
    ],
    "entropy_record": [
      1.3858765363693237,
      1.2084321975708008,
      1.1282471418380737,
      1.1252892017364502,
      1.1186604499816895,
      1.0970709323883057,
      1.0750939846038818,
      1.0514464378356934,
      1.0293686389923096,
      1.0089184045791626,
      1.0048354864120483,
      1.0159482955932617,
      1.0247974395751953,
      1.0303794145584106,
      1.027312159538269,
      1.0153197050094604,
      1.000463843345642,
      0.98529052734375,
      0.9719184637069702,
      0.9520409107208252,
      0.9342072010040283,
      0.919254720211029,
      0.8999888896942139,
      0.8807814717292786,
      0.8673078417778015,
      0.8529991507530212,
      0.8422095775604248,
      0.827782154083252,
      0.8206902742385864,
      0.81046462059021,
      0.8064614534378052,
      0.7962431311607361,
      0.7893574237823486,
      0.7876937985420227,
      0.7818694114685059,
      0.7789171934127808,
      0.7733476161956787,
      0.770606517791748,
      0.7655614614486694,
      0.7602964639663696,
      0.7590175271034241,
      0.75523442029953,
      0.7510170936584473,
      0.7477377653121948,
      0.7482913732528687,
      0.7440701127052307,
      0.7375946640968323,
      0.736955463886261,
      0.7348827123641968,
      0.7311414480209351,
      0.7295262813568115,
      0.7277909517288208,
      0.7244235277175903,
      0.7234326601028442,
      0.7217776775360107,
      0.721069872379303,
      0.7165875434875488,
      0.7164312601089478,
      0.7137578129768372,
      0.7124304175376892,
      0.7113154530525208,
      0.7103992104530334,
      0.7086190581321716,
      0.7078914642333984,
      0.7087658047676086,
      0.7076795697212219,
      0.7044389843940735,
      0.7055888175964355,
      0.707053542137146,
      0.7082517147064209,
      0.7066230177879333,
      0.7076510787010193,
      0.7083361148834229,
      0.7090171575546265,
      0.7098351716995239,
      0.7092179656028748,
      0.7096549868583679,
      0.708102285861969,
      0.7085387706756592,
      0.7080768346786499,
      0.7079007625579834,
      0.7081747651100159,
      0.7022398114204407,
      0.6978430151939392,
      0.6932904720306396,
      0.6870723366737366,
      0.681859016418457,
      0.6768540740013123,
      0.6703285574913025,
      0.6663162708282471,
      0.6587448120117188,
      0.6543177366256714,
      0.6479619145393372,
      0.6447489261627197,
      0.6383528709411621,
      0.6330557465553284,
      0.6297972798347473,
      0.624770998954773,
      0.6192964315414429,
      0.6137495040893555,
      0.6072152853012085,
      0.5994618535041809,
      0.5941728949546814,
      0.586772084236145,
      0.5824436545372009,
      0.5789926648139954,
      0.5752329230308533,
      0.5696669220924377,
      0.5655158758163452,
      0.5652058720588684,
      0.5615248084068298,
      0.5599849224090576,
      0.557491660118103,
      0.5570759773254395,
      0.5580828785896301,
      0.5562633275985718,
      0.5559145212173462,
      0.5573298931121826,
      0.5571579337120056,
      0.5576572418212891,
      0.557697057723999,
      0.5566084384918213,
      0.557066023349762,
      0.5570597648620605,
      0.5547014474868774,
      0.5525224804878235,
      0.5513099431991577,
      0.5497235655784607,
      0.5498404502868652,
      0.5507280826568604,
      0.5493869781494141,
      0.5520479679107666,
      0.5536066293716431,
      0.5535995960235596,
      0.5548296570777893,
      0.5571292638778687,
      0.5598369836807251,
      0.5600388646125793,
      0.5633653402328491,
      0.5664463043212891,
      0.5700275301933289,
      0.5692310929298401,
      0.5734214782714844,
      0.5775219798088074,
      0.5782991051673889,
      0.5802359580993652,
      0.5834435820579529,
      0.5876032114028931,
      0.5907742977142334,
      0.5927491188049316,
      0.5979802012443542,
      0.6033795475959778,
      0.6071814894676208,
      0.6090830564498901,
      0.6120198965072632,
      0.6165533661842346
    ],
    "epochs_ran": 156,
    "final_entropy": 0.6165533661842346,
    "final_loss": 0.3584197759628296,
    "plot_diagnostics": null,
    "runtime_seconds": 7.515146899968386
  }
}