{
  "config": {
    "early_stopping": true,
    "epochs": 601,
    "expert_lr": 0.00165302,
    "expert_momentum": 0.953103,
    "expert_num": 8,
    "expert_weight_decay": 0.0,
    "load_balancing": false,
    "ns_steps": 10,
    "optimizer_family": "muon",
    "router_lr": 0.01034156,
    "router_momentum": 0.876358,
    "router_weight_decay": 0.0001
  },
  "eval_metrics": {
    "accuracy": 95.1875,
    "dispatch_counts": [
      [
        23.0,
        8.0,
        9.0,
        0.0,
        12.0,
        30.0,
        404.0,
        342.0
      ],
      [
        363.0,
        17.0,
        332.0,
        0.0,
        17.0,
        31.0,
        16.0,
        4.0
      ],
      [
        14.0,
        380.0,
        1.0,
        0.0,
        372.0,
        33.0,
        12.0,
        0.0
      ],
      [
        14.0,
        17.0,
        5.0,
        351.0,
        9.0,
        348.0,
        34.0,
        2.0
      ]
    ],
    "entropy": 0.38812780380249023,
    "loss": 0.36138632893562317,
    "runtime_seconds": 0.007603257894515991,
    "split": "validation"
  },
  "fold_index": 4,
  "mode": "nonlinear",
  "seed": 41315,
  "setting": 4,
  "total_runtime_seconds": 12.216374983545393,
  "train_metrics": {
    "dispatch_counts": [
      [
        56.0,
        47.0,
        25.0,
        0.0,
        58.0,
        139.0,
        1646.0,
        1344.0
      ],
      [
        1495.0,
        44.0,
        1276.0,
        1.0,
        99.0,
        120.0,
        74.0,
        8.0
      ],
      [
        47.0,
        1539.0,
        2.0,
        0.0,
        1453.0,
        143.0,
        61.0,
        5.0
      ],
      [
        53.0,
        67.0,
        14.0,
        1365.0,
        46.0,
        1398.0,
        168.0,
        7.0
      ]
    ],
    "entropy_record": [
      1.3853225708007812,
      1.326332449913025,
      1.256999135017395,
      1.1858317852020264,
      1.1012786626815796,
      1.0314161777496338,
      0.957884669303894,
      0.9018650650978088,
      0.8414781093597412,
      0.800626277923584,
      0.7732182741165161,
      0.7525492310523987,
      0.7060983777046204,
      0.6821547150611877,
      0.643508791923523,
      0.6222236156463623,
      0.5960173606872559,
      0.5802206993103027,
      0.5614700317382812,
      0.5427600145339966,
      0.5332170724868774,
      0.5074126720428467,
      0.4997483789920807,
      0.48951229453086853,
      0.476124107837677,
      0.46994155645370483,
      0.45496079325675964,
      0.45304787158966064,
      0.44589412212371826,
      0.4338264763355255,
      0.4299309253692627,
      0.43102988600730896,
      0.41566896438598633,
      0.4147624969482422,
      0.40163204073905945,
      0.4040929675102234,
      0.39991307258605957,
      0.3982991874217987,
      0.39808762073516846,
      0.3907651901245117,
      0.3865690231323242,
      0.3815547823905945,
      0.37638789415359497,
      0.380169540643692,
      0.3788631558418274,
      0.3703370988368988,
      0.3699917197227478,
      0.3693529963493347,
      0.3667115271091461,
      0.3633181154727936,
      0.3564976453781128,
      0.3602156937122345,
      0.35648974776268005,
      0.3518816828727722,
      0.3561343550682068,
      0.35153084993362427,
      0.3495830297470093,
      0.34813857078552246,
      0.34735605120658875,
      0.3481628894805908,
      0.35133853554725647,
      0.34635165333747864,
      0.34420397877693176,
      0.34708213806152344,
      0.34879791736602783,
      0.34973230957984924,
      0.3467681407928467,
      0.3498417139053345,
      0.3519282042980194,
      0.3464856445789337,
      0.3477947413921356,
      0.3457483649253845,
      0.3461901545524597,
      0.3449709415435791,
      0.3453800678253174,
      0.34069329500198364,
      0.3476189970970154,
      0.3454730212688446,
      0.3424977958202362,
      0.3403885066509247,
      0.34275129437446594,
      0.34143683314323425,
      0.3379982113838196,
      0.34092068672180176,
      0.34210947155952454,
      0.34247517585754395,
      0.3371569812297821,
      0.33595937490463257,
      0.3360525667667389,
      0.3372596502304077,
      0.33643656969070435,
      0.3353556990623474,
      0.3344477415084839,
      0.33443236351013184,
      0.32814738154411316,
      0.327562153339386,
      0.33022069931030273,
      0.32678669691085815,
      0.3307039737701416,
      0.3276301324367523,
      0.32861602306365967,
      0.3267649710178375,
      0.32666248083114624,
      0.32723918557167053,
      0.3275013864040375,
      0.3206193745136261,
      0.32042479515075684,
      0.32419759035110474,
      0.32193681597709656,
      0.31948140263557434,
      0.31859204173088074,
      0.32004714012145996,
      0.3211177885532379,
      0.3197338581085205,
      0.3225538432598114,
      0.32523778080940247,
      0.32332733273506165,
      0.3271276354789734,
      0.3313708007335663,
      0.3351539075374603,
      0.33521416783332825,
      0.3393530547618866,
      0.3442774713039398,
      0.3452742397785187,
      0.3483482897281647,
      0.35127541422843933,
      0.35588884353637695,
      0.3569695055484772,
      0.36059874296188354,
      0.36653193831443787,
      0.36509326100349426,
      0.36956560611724854,
      0.3717224895954132,
      0.3759196102619171,
      0.3796570897102356,
      0.3785301446914673,
      0.38467490673065186,
      0.3860073685646057,
      0.3904404938220978,
      0.39539316296577454,
      0.3985704779624939
    ],
    "epochs_ran": 141,
    "final_entropy": 0.3985704779624939,
    "final_loss": 0.35763660073280334,
    "plot_diagnostics": null,
    "runtime_seconds": 12.208771725650877
  }
}