{
  "config": {
    "early_stopping": true,
    "epochs": 601,
    "expert_lr": 0.00165302,
    "expert_momentum": 0.953103,
    "expert_num": 8,
    "expert_weight_decay": 0.0,
    "load_balancing": false,
    "ns_steps": 10,
    "optimizer_family": "muon",
    "router_lr": 0.01034156,
    "router_momentum": 0.876358,
    "router_weight_decay": 0.0001
  },
  "eval_metrics": {
    "accuracy": 94.3125,
    "dispatch_counts": [
      [
        1.0,
        330.0,
        388.0,
        86.0,
        5.0,
        13.0,
        4.0,
        2.0
      ],
      [
        24.0,
        0.0,
        38.0,
        13.0,
        365.0,
        5.0,
        86.0,
        248.0
      ],
      [
        334.0,
        99.0,
        13.0,
        8.0,
        4.0,
        261.0,
        4.0,
        90.0
      ],
      [
        22.0,
        1.0,
        13.0,
        386.0,
        12.0,
        10.0,
        335.0,
        0.0
      ]
    ],
    "entropy": 0.5243092179298401,
    "loss": 0.3701365292072296,
    "runtime_seconds": 0.007627089042216539,
    "split": "validation"
  },
  "fold_index": 2,
  "mode": "nonlinear",
  "seed": 41313,
  "setting": 4,
  "total_runtime_seconds": 16.039642499294132,
  "train_metrics": {
    "dispatch_counts": [
      [
        0.0,
        1323.0,
        1536.0,
        340.0,
        34.0,
        50.0,
        23.0,
        8.0
      ],
      [
        105.0,
        21.0,
        200.0,
        58.0,
        1480.0,
        11.0,
        297.0,
        946.0
      ],
      [
        1387.0,
        342.0,
        40.0,
        38.0,
        28.0,
        1073.0,
        26.0,
        315.0
      ],
      [
        86.0,
        5.0,
        61.0,
        1552.0,
        50.0,
        35.0,
        1330.0,
        0.0
      ]
    ],
    "entropy_record": [
      1.385253667831421,
      1.324988842010498,
      1.23264741897583,
      1.1437346935272217,
      1.0678784847259521,
      0.9815085530281067,
      0.9260939955711365,
      0.8726290464401245,
      0.8398549556732178,
      0.8061013221740723,
      0.7926254272460938,
      0.7677985429763794,
      0.7530904412269592,
      0.74806147813797,
      0.727433443069458,
      0.7142226696014404,
      0.6969918012619019,
      0.6933087110519409,
      0.6789225339889526,
      0.6710374355316162,
      0.6578884720802307,
      0.6583472490310669,
      0.6452341079711914,
      0.6482445001602173,
      0.6388006210327148,
      0.630955696105957,
      0.630702018737793,
      0.6274999976158142,
      0.6182169318199158,
      0.6158915162086487,
      0.6164224743843079,
      0.6091461181640625,
      0.6034656763076782,
      0.608121931552887,
      0.6000240445137024,
      0.5952214598655701,
      0.5899625420570374,
      0.591330349445343,
      0.5906753540039062,
      0.581668496131897,
      0.5821179151535034,
      0.5773834586143494,
      0.5729827880859375,
      0.5726933479309082,
      0.5680937170982361,
      0.5669226050376892,
      0.5616623759269714,
      0.5610889196395874,
      0.5604764223098755,
      0.5536922812461853,
      0.5484086871147156,
      0.550102949142456,
      0.5470038056373596,
      0.5473626255989075,
      0.5439696311950684,
      0.5425984263420105,
      0.543268084526062,
      0.5433048009872437,
      0.5355144739151001,
      0.5326920747756958,
      0.5404412150382996,
      0.5344477891921997,
      0.5313513875007629,
      0.5337120294570923,
      0.5345851182937622,
      0.5266473293304443,
      0.5311840176582336,
      0.5329000353813171,
      0.532943606376648,
      0.5304034948348999,
      0.5286937355995178,
      0.5258897542953491,
      0.5289515852928162,
      0.5259426832199097,
      0.5244033932685852,
      0.5246537327766418,
      0.5261746048927307,
      0.5218220949172974,
      0.5226841568946838,
      0.5230626463890076,
      0.5204306244850159,
      0.5212538838386536,
      0.5220261812210083,
      0.5182087421417236,
      0.5155990719795227,
      0.5141065120697021,
      0.5128766298294067,
      0.5198284387588501,
      0.5143988728523254,
      0.5133232474327087,
      0.5126442313194275,
      0.5089382529258728,
      0.5081974864006042,
      0.5110113620758057,
      0.5106265544891357,
      0.5116007328033447,
      0.5074133276939392,
      0.5141597986221313,
      0.5099563002586365,
      0.509496808052063,
      0.5116891860961914,
      0.5129363536834717,
      0.5107097029685974,
      0.5066648721694946,
      0.5088650584220886,
      0.5065966844558716,
      0.5066454410552979,
      0.5013939142227173,
      0.5036503076553345,
      0.4986198842525482,
      0.5004968643188477,
      0.4972448945045471,
      0.49943849444389343,
      0.49924203753471375,
      0.4975500702857971,
      0.4976702332496643,
      0.49691736698150635,
      0.498818576335907,
      0.4992178976535797,
      0.498126357793808,
      0.49648016691207886,
      0.4970356523990631,
      0.49806517362594604,
      0.49265938997268677,
      0.4935795068740845,
      0.49247434735298157,
      0.4934738576412201,
      0.4911179840564728,
      0.49351897835731506,
      0.49181023240089417,
      0.4882490932941437,
      0.49035072326660156,
      0.49226999282836914,
      0.4894283413887024,
      0.48954302072525024,
      0.4874995946884155,
      0.486784428358078,
      0.4907230734825134,
      0.48376545310020447,
      0.4814767837524414,
      0.4819994270801544,
      0.4787161350250244,
      0.479968398809433,
      0.47586116194725037,
      0.4773586392402649,
      0.4782397747039795,
      0.47611427307128906,
      0.47550201416015625,
      0.4750976264476776,
      0.4773525893688202,
      0.47839272022247314,
      0.47576501965522766,
      0.4791903495788574,
      0.47769787907600403,
      0.4799001216888428,
      0.4806968569755554,
      0.48012861609458923,
      0.48012128472328186,
      0.4848504066467285,
      0.4846954941749573,
      0.48615562915802,
      0.48534199595451355,
      0.4884980618953705,
      0.4872296154499054,
      0.4947475492954254,
      0.49551936984062195,
      0.5007023811340332,
      0.49938392639160156,
      0.5048716068267822,
      0.5052630305290222,
      0.5053312182426453,
      0.5068674087524414,
      0.5133315324783325,
      0.5135401487350464,
      0.5144686698913574,
      0.5191067457199097,
      0.5207700133323669,
      0.5238932371139526,
      0.524825930595398,
      0.525507390499115,
      0.530480682849884,
      0.5301584005355835,
      0.5332454442977905,
      0.5308419466018677,
      0.5359257459640503
    ],
    "epochs_ran": 185,
    "final_entropy": 0.5359257459640503,
    "final_loss": 0.3677928149700165,
    "plot_diagnostics": null,
    "runtime_seconds": 16.032015410251915
  }
}