{
  "config": {
    "early_stopping": true,
    "epochs": 601,
    "expert_lr": 0.00065199,
    "expert_momentum": 0.986418,
    "expert_num": 8,
    "expert_weight_decay": 0.0,
    "load_balancing": false,
    "ns_steps": 7,
    "optimizer_family": "muon",
    "router_lr": 0.0082199,
    "router_momentum": 0.921698,
    "router_weight_decay": 0.0
  },
  "eval_metrics": {
    "accuracy": 96.40625,
    "dispatch_counts": [
      [
        408.0,
        416.0,
        0.0,
        5.0,
        0.0,
        0.0,
        0.0,
        0.0
      ],
      [
        7.0,
        5.0,
        0.0,
        374.0,
        3.0,
        7.0,
        0.0,
        383.0
      ],
      [
        29.0,
        24.0,
        255.0,
        8.0,
        450.0,
        1.0,
        38.0,
        8.0
      ],
      [
        12.0,
        7.0,
        1.0,
        2.0,
        0.0,
        360.0,
        394.0,
        3.0
      ]
    ],
    "entropy": 0.21386894583702087,
    "loss": 0.3491990566253662,
    "runtime_seconds": 0.007464034017175436,
    "split": "validation"
  },
  "fold_index": 3,
  "mode": "nonlinear",
  "seed": 31514,
  "setting": 3,
  "total_runtime_seconds": 24.014975730795413,
  "train_metrics": {
    "dispatch_counts": [
      [
        1635.0,
        1649.0,
        0.0,
        19.0,
        5.0,
        1.0,
        4.0,
        1.0
      ],
      [
        25.0,
        6.0,
        0.0,
        1493.0,
        15.0,
        29.0,
        0.0,
        1550.0
      ],
      [
        94.0,
        89.0,
        973.0,
        32.0,
        1789.0,
        4.0,
        231.0,
        37.0
      ],
      [
        41.0,
        25.0,
        0.0,
        4.0,
        2.0,
        1455.0,
        1583.0,
        9.0
      ]
    ],
    "entropy_record": [
      1.3845586776733398,
      1.3472387790679932,
      1.2725856304168701,
      1.1878790855407715,
      1.1013449430465698,
      1.0214288234710693,
      0.9675801396369934,
      0.9331643581390381,
      0.8887314796447754,
      0.8581369519233704,
      0.7984839677810669,
      0.7587358355522156,
      0.7343342900276184,
      0.7122867703437805,
      0.6799005270004272,
      0.6527081727981567,
      0.638703465461731,
      0.6186807751655579,
      0.613889753818512,
      0.6056281924247742,
      0.5944468975067139,
      0.5796882510185242,
      0.5729677081108093,
      0.5633211731910706,
      0.5578919649124146,
      0.5461444854736328,
      0.5473087430000305,
      0.5408732295036316,
      0.5266440510749817,
      0.5193042159080505,
      0.5223981738090515,
      0.5080931782722473,
      0.4957110285758972,
      0.48430824279785156,
      0.47988057136535645,
      0.46950387954711914,
      0.4621996283531189,
      0.4517132341861725,
      0.4312000870704651,
      0.43748265504837036,
      0.4226621985435486,
      0.41861581802368164,
      0.40536069869995117,
      0.4033548831939697,
      0.3871726989746094,
      0.38795948028564453,
      0.3785707652568817,
      0.3713396191596985,
      0.36293819546699524,
      0.36057424545288086,
      0.354838103055954,
      0.3483235836029053,
      0.34100425243377686,
      0.3375587463378906,
      0.33065328001976013,
      0.32096779346466064,
      0.3184289038181305,
      0.31766074895858765,
      0.30803000926971436,
      0.30915096402168274,
      0.2976166307926178,
      0.29425862431526184,
      0.29186856746673584,
      0.28554457426071167,
      0.28192415833473206,
      0.2755049765110016,
      0.2726415693759918,
      0.2699827551841736,
      0.26947900652885437,
      0.26246580481529236,
      0.26251691579818726,
      0.25693216919898987,
      0.25540485978126526,
      0.2535492181777954,
      0.24935883283615112,
      0.2495434582233429,
      0.24635256826877594,
      0.2432868480682373,
      0.24531987309455872,
      0.24127647280693054,
      0.23744527995586395,
      0.24040411412715912,
      0.23974235355854034,
      0.23805612325668335,
      0.23446032404899597,
      0.23132389783859253,
      0.23393851518630981,
      0.23497280478477478,
      0.22943605482578278,
      0.2283661961555481,
      0.22830595076084137,
      0.23129259049892426,
      0.2243557572364807,
      0.22483974695205688,
      0.2249429076910019,
      0.22598591446876526,
      0.21903982758522034,
      0.21800798177719116,
      0.2143092304468155,
      0.21522867679595947,
      0.21532797813415527,
      0.21236827969551086,
      0.21292851865291595,
      0.2092566043138504,
      0.21047531068325043,
      0.20735284686088562,
      0.20854917168617249,
      0.20585858821868896,
      0.2046550065279007,
      0.20577126741409302,
      0.2078108787536621,
      0.2048320472240448,
      0.2048468291759491,
      0.1969560831785202,
      0.19977721571922302,
      0.19951939582824707,
      0.19871114194393158,
      0.1997067779302597,
      0.19896747171878815,
      0.19747775793075562,
      0.19646252691745758,
      0.19943998754024506,
      0.19563564658164978,
      0.19581997394561768,
      0.19209080934524536,
      0.19361133873462677,
      0.19156692922115326,
      0.19340863823890686,
      0.18735408782958984,
      0.1919199526309967,
      0.18985699117183685,
      0.1887998729944229,
      0.18912142515182495,
      0.19162075221538544,
      0.19015590846538544,
      0.18806777894496918,
      0.18698658049106598,
      0.18361055850982666,
      0.1864556521177292,
      0.1882861852645874,
      0.18234513700008392,
      0.18463091552257538,
      0.1837749481201172,
      0.18239308893680573,
      0.18232612311840057,
      0.18313582241535187,
      0.18507705628871918,
      0.18468336760997772,
      0.18126879632472992,
      0.18298861384391785,
      0.18775318562984467,
      0.18112505972385406,
      0.18509729206562042,
      0.1833697408437729,
      0.18467794358730316,
      0.18553079664707184,
      0.1853712499141693,
      0.18598055839538574,
      0.18157415091991425,
      0.18653328716754913,
      0.18532158434391022,
      0.18602731823921204,
      0.18715491890907288,
      0.18511220812797546,
      0.184405118227005,
      0.18605738878250122,
      0.184354767203331,
      0.18285433948040009,
      0.18565472960472107,
      0.18664902448654175,
      0.1835402101278305,
      0.1855417937040329,
      0.18564072251319885,
      0.18612495064735413,
      0.1865551471710205,
      0.18406669795513153,
      0.180604487657547,
      0.1810222864151001,
      0.1810578554868698,
      0.1760920286178589,
      0.17823879420757294,
      0.1750738024711609,
      0.17345139384269714,
      0.17174597084522247,
      0.16929075121879578,
      0.16967689990997314,
      0.16810528934001923,
      0.1694008857011795,
      0.16877669095993042,
      0.16984182596206665,
      0.1654677391052246,
      0.16319036483764648,
      0.1637265384197235,
      0.1638619601726532,
      0.16084010899066925,
      0.1619754433631897,
      0.15824533998966217,
      0.15775614976882935,
      0.1598016917705536,
      0.1567884385585785,
      0.15509380400180817,
      0.15634173154830933,
      0.15200601518154144,
      0.15417686104774475,
      0.15070658922195435,
      0.15041132271289825,
      0.1499999463558197,
      0.1461896002292633,
      0.14595945179462433,
      0.14594243466854095,
      0.1466597318649292,
      0.14854982495307922,
      0.1454516500234604,
      0.14970892667770386,
      0.1484033316373825,
      0.1504756212234497,
      0.15204687416553497,
      0.15251348912715912,
      0.1512828916311264,
      0.15483489632606506,
      0.155458465218544,
      0.15712347626686096,
      0.15829569101333618,
      0.15711523592472076,
      0.1568797081708908,
      0.1581100970506668,
      0.15843799710273743,
      0.16034625470638275,
      0.16136561334133148,
      0.16349661350250244,
      0.16527806222438812,
      0.16574041545391083,
      0.16761451959609985,
