{
  "config": {
    "early_stopping": true,
    "epochs": 601,
    "expert_lr": 0.00065199,
    "expert_momentum": 0.986418,
    "expert_num": 8,
    "expert_weight_decay": 0.0,
    "load_balancing": false,
    "ns_steps": 7,
    "optimizer_family": "muon",
    "router_lr": 0.0082199,
    "router_momentum": 0.921698,
    "router_weight_decay": 0.0
  },
  "eval_metrics": {
    "accuracy": 97.53125,
    "dispatch_counts": [
      [
        0.0,
        397.0,
        378.0,
        28.0,
        1.0,
        1.0,
        2.0,
        21.0
      ],
      [
        0.0,
        1.0,
        0.0,
        2.0,
        374.0,
        5.0,
        395.0,
        3.0
      ],
      [
        0.0,
        8.0,
        0.0,
        400.0,
        1.0,
        2.0,
        0.0,
        401.0
      ],
      [
        377.0,
        1.0,
        0.0,
        6.0,
        3.0,
        380.0,
        1.0,
        12.0
      ]
    ],
    "entropy": 0.14204716682434082,
    "loss": 0.33794909715652466,
    "runtime_seconds": 0.0076025668531656265,
    "split": "validation"
  },
  "fold_index": 4,
  "mode": "nonlinear",
  "seed": 31515,
  "setting": 3,
  "total_runtime_seconds": 50.49031016556546,
  "train_metrics": {
    "dispatch_counts": [
      [
        4.0,
        1587.0,
        1475.0,
        111.0,
        6.0,
        4.0,
        20.0,
        108.0
      ],
      [
        0.0,
        5.0,
        0.0,
        9.0,
        1500.0,
        11.0,
        1586.0,
        6.0
      ],
      [
        0.0,
        40.0,
        0.0,
        1554.0,
        0.0,
        18.0,
        1.0,
        1637.0
      ],
      [
        1496.0,
        5.0,
        0.0,
        25.0,
        12.0,
        1503.0,
        15.0,
        62.0
      ]
    ],
    "entropy_record": [
      1.3848955631256104,
      1.327885389328003,
      1.2607117891311646,
      1.1830346584320068,
      1.1084372997283936,
      1.0107402801513672,
      0.9110606908798218,
      0.8436316251754761,
      0.7742131948471069,
      0.7247165441513062,
      0.668350338935852,
      0.6303533315658569,
      0.568024218082428,
      0.5416375398635864,
      0.5300822854042053,
      0.5086238384246826,
      0.4878837466239929,
      0.4781208038330078,
      0.4549243152141571,
      0.42685583233833313,
      0.4089682102203369,
      0.3884570896625519,
      0.3680010437965393,
      0.3734462559223175,
      0.3614349961280823,
      0.3436308205127716,
      0.3384738564491272,
      0.3379006087779999,
      0.3211442828178406,
      0.3178487718105316,
      0.31300118565559387,
      0.30840522050857544,
      0.29584816098213196,
      0.29442766308784485,
      0.27883511781692505,
      0.27553415298461914,
      0.26911208033561707,
      0.25825053453445435,
      0.2499534636735916,
      0.2493799924850464,
      0.24213671684265137,
      0.24166902899742126,
      0.2293231338262558,
      0.22650370001792908,
      0.22151747345924377,
      0.2114430069923401,
      0.20686987042427063,
      0.20476527512073517,
      0.20182478427886963,
      0.1944982409477234,
      0.1920994222164154,
      0.18907806277275085,
      0.18002662062644958,
      0.17261551320552826,
      0.17489786446094513,
      0.16959698498249054,
      0.17319172620773315,
      0.16673226654529572,
      0.15634089708328247,
      0.15586993098258972,
      0.15148581564426422,
      0.15127120912075043,
      0.14632967114448547,
      0.14236770570278168,
      0.14311638474464417,
      0.14025303721427917,
      0.14013591408729553,
      0.13160261511802673,
      0.12750256061553955,
      0.1247870996594429,
      0.12075597047805786,
      0.12263098359107971,
      0.12137100100517273,
      0.11730454862117767,
      0.11975138634443283,
      0.11608032137155533,
      0.1136007010936737,
      0.10964269936084747,
      0.11150442808866501,
      0.1093481183052063,
      0.10559441149234772,
      0.10339328646659851,
      0.10538440942764282,
      0.10356024652719498,
      0.10151831805706024,
      0.10123606771230698,
      0.09718690067529678,
      0.09262606501579285,
      0.09637714922428131,
      0.09355150908231735,
      0.09622988849878311,
      0.09416685253381729,
      0.09321486949920654,
      0.09283405542373657,
      0.09218582510948181,
      0.08740612119436264,
      0.09092748165130615,
      0.08964095264673233,
      0.08678671717643738,
      0.09065078943967819,
      0.08566364645957947,
      0.0847402885556221,
      0.09079362452030182,
      0.0859096422791481,
      0.08557894825935364,
      0.08573363721370697,
      0.08686934411525726,
      0.08594214171171188,
      0.08170575648546219,
      0.0835915356874466,
      0.07919692993164062,
      0.08081939816474915,
      0.08363410830497742,
      0.08186867088079453,
      0.08224892616271973,
      0.07809507101774216,
      0.0793488472700119,
      0.07717736810445786,
      0.07804739475250244,
      0.07909315824508667,
      0.07887677848339081,
      0.07834052294492722,
      0.08036259561777115,
      0.0778387188911438,
      0.0785258337855339,
      0.08171841502189636,
      0.07973641157150269,
      0.07903178036212921,
      0.07698390632867813,
      0.07460707426071167,
      0.07448157668113708,
      0.07890666276216507,
      0.07665350288152695,
      0.07887368649244308,
      0.07734494656324387,
      0.07647557556629181,
      0.07823489606380463,
      0.07787509262561798,
      0.07297738641500473,
      0.0739341750741005,
      0.077074334025383,
      0.07319940626621246,
      0.07673453539609909,
      0.07540883123874664,
      0.0760372057557106,
      0.07558009028434753,
      0.07405310124158859,
      0.0725829154253006,
      0.07294759154319763,
      0.07357075810432434,
      0.07278260588645935,
      0.0721709206700325,
      0.07403725385665894,
      0.07387608289718628,
      0.07250521332025528,
      0.07495718449354172,
      0.06954414397478104,
      0.07228107005357742,
      0.07534320652484894,
      0.07209442555904388,
      0.07291222363710403,
      0.07391759008169174,
      0.07153927534818649,
      0.07269489765167236,
      0.07048764079809189,
      0.07012487947940826,
      0.07045609503984451,
      0.0710868388414383,
      0.06820973753929138,
      0.07149387151002884,
      0.06876719743013382,
      0.0702696219086647,
      0.06888943165540695,
      0.06893431395292282,
      0.07052633166313171,
      0.06897784024477005,
      0.07014503329992294,
      0.06898591667413712,
      0.06929990649223328,
      0.06795096397399902,
      0.06517752259969711,
      0.06605232506990433,
      0.06611935049295425,
      0.06735055148601532,
      0.06612542271614075,
      0.06569705158472061,
      0.06915439665317535,
      0.06650134921073914,
      0.06632515788078308,
      0.06649403274059296,
      0.06678456813097,
      0.06592235714197159,
      0.06589195132255554,
      0.06680543720722198,
      0.06594269722700119,
      0.06687987595796585,
      0.0656023919582367,
      0.06663896888494492,
      0.06544170528650284,
      0.06681826710700989,
      0.06717988848686218,
      0.06518279016017914,
      0.06528665870428085,
      0.06498008966445923,
      0.06293793767690659,
      0.06407450884580612,
      0.06402850151062012,
      0.06568746268749237,
      0.065110944211483,
      0.06550747156143188,
      0.06439680606126785,
      0.06515474617481232,
      0.06366638839244843,
      0.06473588198423386,
      0.06428638845682144,
      0.06457484513521194,
      0.06581829488277435,
      0.06289498507976532,
      0.0674925372004509,
      0.06704354286193848,
      0.06704729795455933,
      0.06888875365257263,
      0.06561899930238724,
      0.0681990310549736,
      0.06753484904766083,
      0.06619201600551605,
      0.06585589051246643,
      0.06624285131692886,
      0.0698370710015297,
      0.06898117810487747,
      0.0678199902176857,
      0.06839309632778168,
