{
  "config": {
    "early_stopping": true,
    "epochs": 601,
    "expert_lr": 0.00065199,
    "expert_momentum": 0.986418,
    "expert_num": 8,
    "expert_weight_decay": 0.0,
    "load_balancing": false,
    "ns_steps": 7,
    "optimizer_family": "muon",
    "router_lr": 0.0082199,
    "router_momentum": 0.921698,
    "router_weight_decay": 0.0
  },
  "eval_metrics": {
    "accuracy": 97.25,
    "dispatch_counts": [
      [
        6.0,
        0.0,
        5.0,
        402.0,
        0.0,
        411.0,
        5.0,
        0.0
      ],
      [
        334.0,
        257.0,
        1.0,
        0.0,
        146.0,
        19.0,
        21.0,
        1.0
      ],
      [
        33.0,
        0.0,
        4.0,
        3.0,
        2.0,
        3.0,
        393.0,
        375.0
      ],
      [
        43.0,
        0.0,
        389.0,
        0.0,
        277.0,
        36.0,
        34.0,
        0.0
      ]
    ],
    "entropy": 0.34366580843925476,
    "loss": 0.3407667577266693,
    "runtime_seconds": 0.007507970090955496,
    "split": "validation"
  },
  "fold_index": 2,
  "mode": "nonlinear",
  "seed": 31513,
  "setting": 3,
  "total_runtime_seconds": 23.973689273465425,
  "train_metrics": {
    "dispatch_counts": [
      [
        18.0,
        0.0,
        16.0,
        1604.0,
        0.0,
        1657.0,
        17.0,
        2.0
      ],
      [
        1273.0,
        1085.0,
        17.0,
        4.0,
        505.0,
        93.0,
        122.0,
        19.0
      ],
      [
        140.0,
        0.0,
        9.0,
        2.0,
        12.0,
        9.0,
        1609.0,
        1468.0
      ],
      [
        155.0,
        0.0,
        1553.0,
        0.0,
        1096.0,
        157.0,
        157.0,
        1.0
      ]
    ],
    "entropy_record": [
      1.3852518796920776,
      1.32950758934021,
      1.2460912466049194,
      1.1191141605377197,
      0.9804344177246094,
      0.8768892288208008,
      0.7702147960662842,
      0.6941128373146057,
      0.6299281120300293,
      0.5945346355438232,
      0.5534343719482422,
      0.5232074856758118,
      0.4981326162815094,
      0.4845011830329895,
      0.47263050079345703,
      0.45323246717453003,
      0.45433127880096436,
      0.43522047996520996,
      0.42664167284965515,
      0.41983911395072937,
      0.4168637990951538,
      0.41349685192108154,
      0.4087538421154022,
      0.4005589187145233,
      0.40408948063850403,
      0.40223199129104614,
      0.3985252380371094,
      0.3938881754875183,
      0.38703811168670654,
      0.38190650939941406,
      0.3874455690383911,
      0.3824782371520996,
      0.3805953562259674,
      0.3782956600189209,
      0.374809205532074,
      0.37504076957702637,
      0.37344470620155334,
      0.37807559967041016,
      0.3768761157989502,
      0.3701988160610199,
      0.37481653690338135,
      0.3721591532230377,
      0.369486927986145,
      0.36575958132743835,
      0.37472251057624817,
      0.37136921286582947,
      0.3696601986885071,
      0.3764471709728241,
      0.3657805621623993,
      0.3709881901741028,
      0.3638322353363037,
      0.36345261335372925,
      0.36150187253952026,
      0.35676971077919006,
      0.355989933013916,
      0.35244160890579224,
      0.35529428720474243,
      0.35770925879478455,
      0.3565857410430908,
      0.35875770449638367,
      0.35725435614585876,
      0.35203805565834045,
      0.3506952226161957,
      0.35511040687561035,
      0.3524445593357086,
      0.34977903962135315,
      0.351712703704834,
      0.3482363522052765,
      0.3468480706214905,
      0.348716139793396,
      0.3468247354030609,
      0.34602829813957214,
      0.34841349720954895,
      0.3480610251426697,
      0.3450719714164734,
      0.3430398106575012,
      0.3430769145488739,
      0.3427119851112366,
      0.34611019492149353,
      0.34908783435821533,
      0.3461284041404724,
      0.34430694580078125,
      0.3442656099796295,
      0.3428106904029846,
      0.3423660099506378,
      0.34479260444641113,
      0.34107378125190735,
      0.34110140800476074,
      0.33641594648361206,
      0.34079188108444214,
      0.3405422866344452,
      0.3412941098213196,
      0.33836445212364197,
      0.33717289566993713,
      0.34025993943214417,
      0.3396538496017456,
      0.3430902361869812,
      0.33621618151664734,
      0.33669915795326233,
      0.33764129877090454,
      0.3391137421131134,
      0.33578774333000183,
      0.3383103609085083,
      0.33816468715667725,
      0.33667999505996704,
      0.336542010307312,
      0.33874139189720154,
      0.33658936619758606,
      0.33700239658355713,
      0.33149781823158264,
      0.33083900809288025,
      0.3336437940597534,
      0.32894062995910645,
      0.3307061791419983,
      0.3316205143928528,
      0.33189213275909424,
      0.3272808790206909,
      0.3315480053424835,
      0.3281077444553375,
      0.32563939690589905,
      0.32902824878692627,
      0.32947272062301636,
      0.32592785358428955,
      0.324983686208725,
      0.32660409808158875,
      0.32307806611061096,
      0.3222827613353729,
      0.32242971658706665,
      0.32377442717552185,
      0.3177277445793152,
      0.32032519578933716,
      0.31947967410087585,
      0.31808459758758545,
      0.32290229201316833,
      0.32091012597084045,
      0.3228189945220947,
      0.3245691657066345,
      0.32487979531288147,
      0.319186270236969,
      0.31890052556991577,
      0.31986111402511597,
      0.3185635507106781,
      0.3191430866718292,
      0.31682732701301575,
      0.3204668164253235,
      0.31794795393943787,
      0.3184102475643158,
      0.31882643699645996,
      0.31939345598220825,
      0.32024475932121277,
      0.3238363564014435,
      0.32086023688316345,
      0.3248974084854126,
      0.3205716013908386,
      0.3220369815826416,
      0.3251916170120239,
      0.32063761353492737,
      0.3235452175140381,
      0.32305896282196045,
      0.32390326261520386,
      0.3218173086643219,
      0.321412593126297,
      0.3248984217643738,
      0.3191241919994354,
      0.3223208785057068,
      0.31868359446525574,
      0.32095879316329956,
      0.31962496042251587,
      0.3215489089488983,
      0.3199389576911926,
      0.3200381100177765,
      0.3211837410926819,
      0.32264676690101624,
      0.3233109712600708,
      0.3231509327888489,
      0.32185447216033936,
      0.3239612281322479,
      0.3245675265789032,
      0.3226524591445923,
      0.32286033034324646,
      0.3238878548145294,
      0.3228922486305237,
      0.32314807176589966,
      0.32572251558303833,
      0.32575076818466187,
      0.3275391757488251,
      0.32769572734832764,
      0.32676321268081665,
      0.32990992069244385,
      0.32998842000961304,
      0.33000993728637695,
      0.32971706986427307,
      0.33158785104751587,
      0.33312350511550903,
      0.3321031928062439,
      0.3327215909957886,
      0.33197730779647827,
      0.33208411931991577,
      0.33327409625053406,
      0.33666354417800903,
      0.33545565605163574,
      0.3359905779361725,
      0.338643878698349,
      0.33710312843322754,
      0.3379775583744049,
      0.33589670062065125,
      0.3348110318183899,
      0.33663973212242126,
      0.3387426435947418,
      0.33530479669570923,
      0.340488463640213,
      0.3391415476799011,
      0.3414168953895569,
      0.33848053216934204,
      0.3400939702987671,
      0.3426235318183899,
      0.3428195118904114,
      0.34211039543151855,
      0.34363192319869995,
      0.3424634635448456,
      0.3442803919315338,
      0.34616905450820923,
      0.3454020321369171,
      0.3453725576400757,
      0.3472729027271271,
      0.34793639183044434,
      0.34519654512405396,
      0.34810537099838257,
      0.34771090745925903,
      0.3480287492275238,
      0.34949254989624023,
      0.34438374638557434,
      0.34703415632247925,
      0.3458584249019623,
