{
  "config": {
    "early_stopping": true,
    "epochs": 601,
    "expert_lr": 0.00357407,
    "expert_momentum": 0.926779,
    "expert_num": 4,
    "expert_weight_decay": 1e-05,
    "load_balancing": false,
    "ns_steps": 10,
    "optimizer_family": "muon",
    "router_lr": 0.04936613,
    "router_momentum": 0.909721,
    "router_weight_decay": 0.001
  },
  "eval_metrics": {
    "accuracy": 90.21875,
    "dispatch_counts": [
      [
        10.0,
        304.0,
        139.0,
        376.0
      ],
      [
        312.0,
        147.0,
        300.0,
        20.0
      ],
      [
        45.0,
        388.0,
        214.0,
        166.0
      ],
      [
        14.0,
        85.0,
        413.0,
        267.0
      ]
    ],
    "entropy": 1.1652462482452393,
    "loss": 0.41107404232025146,
    "runtime_seconds": 0.004271390847861767,
    "split": "validation"
  },
  "fold_index": 3,
  "mode": "nonlinear",
  "seed": 42014,
  "setting": 4,
  "total_runtime_seconds": 8.190522805787623,
  "train_metrics": {
    "dispatch_counts": [
      [
        17.0,
        1198.0,
        509.0,
        1590.0
      ],
      [
        1170.0,
        616.0,
        1236.0,
        96.0
      ],
      [
        155.0,
        1570.0,
        862.0,
        662.0
      ],
      [
        57.0,
        266.0,
        1652.0,
        1144.0
      ]
    ],
    "entropy_record": [
      1.385570764541626,
      1.352888822555542,
      1.3054842948913574,
      1.2852001190185547,
      1.2698404788970947,
      1.2605395317077637,
      1.2496562004089355,
      1.2447149753570557,
      1.2388789653778076,
      1.233168363571167,
      1.2266496419906616,
      1.2214232683181763,
      1.2173821926116943,
      1.2155946493148804,
      1.2126412391662598,
      1.2089838981628418,
      1.2071638107299805,
      1.2054431438446045,
      1.204300045967102,
      1.2025701999664307,
      1.2015259265899658,
      1.1994125843048096,
      1.1961179971694946,
      1.196861743927002,
      1.1950275897979736,
      1.1957420110702515,
      1.193379521369934,
      1.192034125328064,
      1.1924902200698853,
      1.1926051378250122,
      1.1922602653503418,
      1.194128394126892,
      1.1908475160598755,
      1.1917402744293213,
      1.1908057928085327,
      1.1907035112380981,
      1.1909172534942627,
      1.1908612251281738,
      1.1912147998809814,
      1.1911710500717163,
      1.1919567584991455,
      1.1924850940704346,
      1.1925855875015259,
      1.1928619146347046,
      1.1928209066390991,
      1.1931936740875244,
      1.1925565004348755,
      1.1928449869155884,
      1.1925855875015259,
      1.1924065351486206,
      1.1931606531143188,
      1.1926707029342651,
      1.1937994956970215,
      1.1940133571624756,
      1.1934211254119873,
      1.193545937538147,
      1.192893385887146,
      1.1935158967971802,
      1.192983865737915,
      1.1924701929092407,
      1.1937792301177979,
      1.1937373876571655,
      1.1942144632339478,
      1.194339394569397,
      1.1927787065505981,
      1.193738341331482,
      1.192870855331421,
      1.1923998594284058,
      1.1926084756851196,
      1.1925392150878906,
      1.1914855241775513,
      1.1909719705581665,
      1.1900620460510254,
      1.190194010734558,
      1.1895239353179932,
      1.189640760421753,
      1.1878851652145386,
      1.1881338357925415,
      1.1873600482940674,
      1.1867637634277344,
      1.1870216131210327,
      1.1866207122802734,
      1.18692147731781,
      1.1862341165542603,
      1.185547947883606,
      1.1848615407943726,
      1.1856048107147217,
      1.1845468282699585,
      1.1850035190582275,
      1.1833657026290894,
      1.1840441226959229,
      1.1825159788131714,
      1.182010531425476,
      1.182513952255249,
      1.1804569959640503,
      1.1802610158920288,
      1.1797703504562378,
      1.1805109977722168,
      1.1795819997787476,
      1.1790192127227783,
      1.1782541275024414,
      1.177841305732727,
      1.1765764951705933,
      1.1763648986816406,
      1.175462245941162,
      1.1747832298278809,
      1.174384593963623,
      1.1741304397583008,
      1.174670696258545,
      1.1732540130615234,
      1.1737334728240967,
      1.1721863746643066,
      1.1723949909210205,
      1.171156406402588,
      1.171166181564331,
      1.170625925064087,
      1.1696385145187378,
      1.1696624755859375,
      1.1689577102661133,
      1.1671779155731201,
      1.167050838470459,
      1.1656131744384766,
      1.164663314819336,
      1.164426565170288,
      1.1638225317001343,
      1.1640697717666626,
      1.1628607511520386,
      1.160740852355957,
      1.1583988666534424,
      1.1568114757537842,
      1.1554867029190063,
      1.154734492301941,
      1.153565526008606,
      1.1511142253875732,
      1.1485153436660767,
      1.1454579830169678,
      1.1454956531524658,
      1.1463024616241455,
      1.146929383277893,
      1.1476795673370361,
      1.1479532718658447,
      1.1464507579803467,
      1.1474045515060425,
      1.1463886499404907,
      1.1461374759674072,
      1.1453487873077393,
      1.1455177068710327,
      1.1457412242889404,
      1.1453956365585327,
      1.1459662914276123,
      1.1472597122192383,
      1.147679328918457,
      1.1481010913848877,
      1.1494019031524658,
      1.1475450992584229,
      1.1475647687911987,
      1.1457715034484863,
      1.146126627922058,
      1.1460635662078857,
      1.1458840370178223,
      1.1455109119415283,
      1.1451107263565063,
      1.144645094871521,
      1.1457000970840454,
      1.1459704637527466,
      1.149163007736206,
      1.148921251296997,
      1.1503406763076782,
      1.1498997211456299,
      1.1508946418762207,
      1.1513036489486694,
      1.1525371074676514,
      1.153395414352417,
      1.1550681591033936
    ],
    "epochs_ran": 174,
    "final_entropy": 1.1550681591033936,
    "final_loss": 0.4136521816253662,
    "plot_diagnostics": null,
    "runtime_seconds": 8.186251414939761
  }
}