{
  "config": {
    "early_stopping": true,
    "epochs": 601,
    "expert_lr": 0.00112067,
    "expert_momentum": 0.878751,
    "expert_num": 8,
    "expert_weight_decay": 0.0001,
    "load_balancing": false,
    "ns_steps": 5,
    "optimizer_family": "muon",
    "router_lr": 0.01472602,
    "router_momentum": 0.894185,
    "router_weight_decay": 0.001
  },
  "eval_metrics": {
    "accuracy": 90.84375,
    "dispatch_counts": [
      [
        293.0,
        270.0,
        123.0,
        96.0,
        2.0,
        16.0,
        2.0,
        5.0
      ],
      [
        16.0,
        3.0,
        17.0,
        70.0,
        1.0,
        31.0,
        271.0,
        391.0
      ],
      [
        16.0,
        25.0,
        313.0,
        173.0,
        175.0,
        61.0,
        1.0,
        37.0
      ],
      [
        103.0,
        96.0,
        46.0,
        0.0,
        185.0,
        274.0,
        66.0,
        22.0
      ]
    ],
    "entropy": 0.7952131032943726,
    "loss": 0.40482401847839355,
    "runtime_seconds": 0.008412693161517382,
    "split": "validation"
  },
  "fold_index": 0,
  "mode": "nonlinear",
  "seed": 11211,
  "setting": 1,
  "total_runtime_seconds": 11.98532962333411,
  "train_metrics": {
    "dispatch_counts": [
      [
        1122.0,
        1011.0,
        532.0,
        480.0,
        14.0,
        43.0,
        9.0,
        17.0
      ],
      [
        47.0,
        16.0,
        56.0,
        327.0,
        2.0,
        146.0,
        1032.0,
        1573.0
      ],
      [
        94.0,
        92.0,
        1261.0,
        622.0,
        691.0,
        265.0,
        0.0,
        180.0
      ],
      [
        319.0,
        358.0,
        146.0,
        0.0,
        800.0,
        1185.0,
        279.0,
        81.0
      ]
    ],
    "entropy_record": [
      1.3851453065872192,
      1.3217071294784546,
      1.234597086906433,
      1.122700572013855,
      1.0348752737045288,
      0.9856246709823608,
      0.9538777470588684,
      0.9225795269012451,
      0.9180476069450378,
      0.9045650959014893,
      0.8976635932922363,
      0.8954260945320129,
      0.878533661365509,
      0.8829854130744934,
      0.873818039894104,
      0.8743363618850708,
      0.8763722777366638,
      0.8705014586448669,
      0.8686367869377136,
      0.8639357686042786,
      0.8580385446548462,
      0.8531137704849243,
      0.8467352390289307,
      0.8474270701408386,
      0.8393082022666931,
      0.8338704705238342,
      0.8254693746566772,
      0.8287019729614258,
      0.8254602551460266,
      0.8208414316177368,
      0.8231908679008484,
      0.8200364112854004,
      0.8169753551483154,
      0.8140382766723633,
      0.8133977651596069,
      0.8133904337882996,
      0.8132224082946777,
      0.8138109445571899,
      0.8124718070030212,
      0.8114499449729919,
      0.8113231062889099,
      0.8153678774833679,
      0.8129096627235413,
      0.8120373487472534,
      0.8099790215492249,
      0.8121400475502014,
      0.8112939596176147,
      0.8154536485671997,
      0.8134978413581848,
      0.8109328746795654,
      0.8100597858428955,
      0.8114178776741028,
      0.8107974529266357,
      0.8114458918571472,
      0.8139330744743347,
      0.8118196129798889,
      0.8111696243286133,
      0.8108769655227661,
      0.8088730573654175,
      0.8134333491325378,
      0.8131189942359924,
      0.8131221532821655,
      0.8116198778152466,
      0.8123161196708679,
      0.8112840056419373,
      0.8128694891929626,
      0.8111879229545593,
      0.810397207736969,
      0.8102107048034668,
      0.8104985952377319,
      0.8116074800491333,
      0.8119478225708008,
      0.8116512298583984,
      0.8107878565788269,
      0.8102317452430725,
      0.8077107667922974,
      0.8108406662940979,
      0.8100987672805786,
      0.8129920363426208,
      0.8081943392753601,
      0.8101811408996582,
      0.8099355697631836,
      0.8105471134185791,
      0.811596691608429,
      0.8099417686462402,
      0.8115133047103882,
      0.8114873766899109,
      0.8094867467880249,
      0.8104872703552246,
      0.8096626400947571,
      0.808552622795105,
      0.8107762932777405,
      0.8108077049255371,
      0.8066205978393555,
      0.8079638481140137,
      0.8073802590370178,
      0.8092422485351562,
      0.8044989705085754,
      0.8052467107772827,
      0.8054330348968506,
      0.8042283058166504,
      0.8005039691925049,
      0.8009293079376221,
      0.7996595501899719,
      0.7978163361549377,
      0.7995588779449463,
      0.7965121865272522,
      0.796382486820221,
      0.795839786529541,
      0.7976099252700806,
      0.7957586050033569,
      0.7962251901626587,
      0.7978487014770508,
      0.7968923449516296,
      0.7950834631919861,
      0.795073390007019,
      0.7930212616920471,
      0.7930060029029846,
      0.7913670539855957,
      0.7926197648048401,
      0.7933728694915771,
      0.7933206558227539,
      0.7930088639259338,
      0.7908961772918701,
      0.7930772304534912,
      0.7920514345169067,
      0.7909172773361206,
      0.7932456731796265,
      0.7925260066986084,
      0.7918861508369446,
      0.7938742637634277,
      0.7943304181098938,
      0.7918171286582947,
      0.791802167892456,
      0.7917969822883606,
      0.7927979230880737,
      0.794165313243866,
      0.7953826785087585,
      0.7952435612678528,
      0.7939229011535645,
      0.7948658466339111
    ],
    "epochs_ran": 141,
    "final_entropy": 0.7948658466339111,
    "final_loss": 0.40115219354629517,
    "plot_diagnostics": null,
    "runtime_seconds": 11.976916930172592
  }
}