{
  "config": {
    "early_stopping": true,
    "epochs": 601,
    "expert_lr": 0.00112067,
    "expert_momentum": 0.878751,
    "expert_num": 8,
    "expert_weight_decay": 0.0001,
    "load_balancing": false,
    "ns_steps": 5,
    "optimizer_family": "muon",
    "router_lr": 0.01472602,
    "router_momentum": 0.894185,
    "router_weight_decay": 0.001
  },
  "eval_metrics": {
    "accuracy": 91.75,
    "dispatch_counts": [
      [
        199.0,
        221.0,
        2.0,
        7.0,
        2.0,
        3.0,
        0.0,
        373.0
      ],
      [
        0.0,
        226.0,
        153.0,
        10.0,
        0.0,
        118.0,
        159.0,
        134.0
      ],
      [
        0.0,
        18.0,
        1.0,
        137.0,
        512.0,
        24.0,
        5.0,
        104.0
      ],
      [
        222.0,
        1.0,
        182.0,
        165.0,
        6.0,
        176.0,
        4.0,
        36.0
      ]
    ],
    "entropy": 0.7243797779083252,
    "loss": 0.39576151967048645,
    "runtime_seconds": 0.008482759818434715,
    "split": "validation"
  },
  "fold_index": 1,
  "mode": "nonlinear",
  "seed": 11212,
  "setting": 1,
  "total_runtime_seconds": 51.613682705909014,
  "train_metrics": {
    "dispatch_counts": [
      [
        785.0,
        885.0,
        7.0,
        30.0,
        5.0,
        21.0,
        0.0,
        1495.0
      ],
      [
        1.0,
        937.0,
        612.0,
        20.0,
        6.0,
        439.0,
        671.0,
        513.0
      ],
      [
        0.0,
        86.0,
        2.0,
        564.0,
        1969.0,
        132.0,
        19.0,
        433.0
      ],
      [
        938.0,
        9.0,
        670.0,
        759.0,
        15.0,
        619.0,
        12.0,
        146.0
      ]
    ],
    "entropy_record": [
      1.3847088813781738,
      1.3036152124404907,
      1.1877639293670654,
      1.095359444618225,
      1.0502448081970215,
      1.0199264287948608,
      1.009054183959961,
      1.0081485509872437,
      0.9919543266296387,
      0.988370418548584,
      0.9759243726730347,
      0.9718265533447266,
      0.9656829237937927,
      0.966858446598053,
      0.9534197449684143,
      0.9517769813537598,
      0.9451412558555603,
      0.9415538311004639,
      0.9390196800231934,
      0.9330268502235413,
      0.9269791841506958,
      0.9250746369361877,
      0.9202555418014526,
      0.9212003946304321,
      0.9165318608283997,
      0.9147359728813171,
      0.907586932182312,
      0.9054842591285706,
      0.9047237634658813,
      0.9028374552726746,
      0.8989330530166626,
      0.8989234566688538,
      0.8982778191566467,
      0.8992453813552856,
      0.8978323936462402,
      0.8953431248664856,
      0.8974107503890991,
      0.8935452699661255,
      0.8968724012374878,
      0.8929938077926636,
      0.8957876563072205,
      0.8951526880264282,
      0.8987858295440674,
      0.8987233638763428,
      0.9013442993164062,
      0.9010137319564819,
      0.9024930000305176,
      0.9047878980636597,
      0.9077249765396118,
      0.9093161225318909,
      0.9139760732650757,
      0.9151259660720825,
      0.9157676696777344,
      0.9169977903366089,
      0.9193893671035767,
      0.9199939966201782,
      0.9153384566307068,
      0.9198731184005737,
      0.9179714322090149,
      0.9157114028930664,
      0.9140368103981018,
      0.9123796820640564,
      0.9098930358886719,
      0.9068849086761475,
      0.9024321436882019,
      0.8983283042907715,
      0.8943374156951904,
      0.891524076461792,
      0.8846011161804199,
      0.8804369568824768,
      0.8787373304367065,
      0.8764576315879822,
      0.8749207258224487,
      0.8741859197616577,
      0.8701183795928955,
      0.8740596175193787,
      0.8719992637634277,
      0.8708686828613281,
      0.8684595823287964,
      0.870564341545105,
      0.8688962459564209,
      0.8718287944793701,
      0.8680097460746765,
      0.8719949722290039,
      0.8707462549209595,
      0.8730029463768005,
      0.8737218379974365,
      0.8712459206581116,
      0.871039867401123,
      0.8717290163040161,
      0.8710508346557617,
      0.8712353110313416,
      0.8696317076683044,
      0.8691239356994629,
      0.8683983683586121,
      0.8688380122184753,
      0.8654236793518066,
      0.8666101098060608,
      0.8676439523696899,
      0.8660673499107361,
      0.8668302297592163,
      0.8661503195762634,
      0.8647170662879944,
      0.8652607798576355,
      0.8639422059059143,
      0.864213228225708,
      0.8643267154693604,
      0.8622863292694092,
      0.861206591129303,
      0.8588389158248901,
      0.8581392168998718,
      0.8556174635887146,
      0.8547062873840332,
      0.8524356484413147,
      0.851807713508606,
      0.8489239811897278,
      0.8476918339729309,
      0.8472058773040771,
      0.8445003032684326,
      0.8386803865432739,
      0.8356319665908813,
      0.8310144543647766,
      0.8254156112670898,
      0.8229777216911316,
      0.8210048079490662,
      0.816312313079834,
      0.813073992729187,
      0.8105850219726562,
      0.8073503971099854,
      0.8062630891799927,
      0.7993772625923157,
      0.7966612577438354,
      0.7958772778511047,
      0.7939568758010864,
      0.7891808748245239,
      0.7892563939094543,
      0.7858939170837402,
      0.7848533987998962,
      0.7803695797920227,
      0.7807832956314087,
      0.7771515250205994,
      0.7753825187683105,
      0.7716141939163208,
      0.7707787156105042,
      0.7677461504936218,
      0.7659150958061218,
      0.7621864080429077,
      0.759803295135498,
      0.7595472931861877,
      0.7578674554824829,
      0.7580713629722595,
      0.752021312713623,
      0.7510972023010254,
      0.7493157386779785,
      0.7454184889793396,
      0.7424973845481873,
      0.7442519068717957,
      0.7413681149482727,
      0.7426705360412598,
      0.7410858273506165,
      0.7390432357788086,
      0.7397930026054382,
      0.7381701469421387,
      0.7378906607627869,
      0.7380375266075134,
      0.7375144362449646,
      0.7377635836601257,
      0.7360950708389282,
      0.7376706600189209,
      0.7382895946502686,
      0.7394028902053833,
      0.7380454540252686,
      0.7391657829284668,
      0.7391954064369202,
      0.7355403304100037,
      0.7365401983261108,
      0.7350437641143799,
      0.7350649833679199,
      0.7374399900436401,
      0.7366793751716614,
      0.7363218069076538,
      0.7346674203872681,
      0.7374527454376221,
      0.7356634140014648,
      0.735489010810852,
      0.7358336448669434,
      0.7367050647735596,
      0.7362968325614929,
      0.7386643886566162,
      0.7378336191177368,
      0.7358860969543457,
      0.7368991374969482,
      0.738834798336029,
      0.7396571636199951,
      0.7391752004623413,
      0.7400385141372681,
      0.7390198707580566,
      0.7405598163604736,
      0.7413394451141357,
      0.741603672504425,
      0.7407453656196594,
      0.7397549152374268,
      0.7403583526611328,
      0.7396245002746582,
      0.7418320178985596,
      0.742449164390564,
      0.7434585094451904,
      0.7428308725357056,
      0.7431932687759399,
      0.7457053065299988,
      0.7446128129959106,
      0.7457169890403748,
      0.746861457824707,
      0.7480592727661133,
      0.7484750747680664,
      0.7491731643676758,
      0.7493082880973816,
      0.750028133392334,
      0.7517726421356201,
      0.7507061958312988,
      0.7508620619773865,
      0.7494703531265259,
      0.7527554035186768,
      0.7523556351661682,
      0.7503769397735596,
      0.7524738311767578,
      0.7514174580574036,
      0.751594066619873,
      0.7526010870933533,
      0.7509766221046448,
      0.7516665458679199,
      0.7519885897636414,
      0.7512813806533813,
      0.749457597732544,
      0.7496845126152039,
      0.7496559619903564,
      0.7491431832313538,
      0.747802197933197,
