{
  "config": {
    "early_stopping": true,
    "epochs": 601,
    "expert_lr": 0.00112067,
    "expert_momentum": 0.878751,
    "expert_num": 8,
    "expert_weight_decay": 0.0001,
    "load_balancing": false,
    "ns_steps": 5,
    "optimizer_family": "muon",
    "router_lr": 0.01472602,
    "router_momentum": 0.894185,
    "router_weight_decay": 0.001
  },
  "eval_metrics": {
    "accuracy": 93.21875,
    "dispatch_counts": [
      [
        0.0,
        4.0,
        38.0,
        241.0,
        6.0,
        321.0,
        1.0,
        196.0
      ],
      [
        166.0,
        1.0,
        326.0,
        3.0,
        0.0,
        121.0,
        0.0,
        183.0
      ],
      [
        161.0,
        292.0,
        53.0,
        22.0,
        96.0,
        144.0,
        31.0,
        2.0
      ],
      [
        0.0,
        12.0,
        14.0,
        20.0,
        0.0,
        376.0,
        306.0,
        64.0
      ]
    ],
    "entropy": 0.8229514956474304,
    "loss": 0.38105133175849915,
    "runtime_seconds": 0.008438616059720516,
    "split": "validation"
  },
  "fold_index": 4,
  "mode": "nonlinear",
  "seed": 11215,
  "setting": 1,
  "total_runtime_seconds": 51.60051638446748,
  "train_metrics": {
    "dispatch_counts": [
      [
        1.0,
        23.0,
        151.0,
        973.0,
        15.0,
        1280.0,
        0.0,
        785.0
      ],
      [
        650.0,
        1.0,
        1348.0,
        3.0,
        1.0,
        420.0,
        3.0,
        773.0
      ],
      [
        597.0,
        1157.0,
        224.0,
        102.0,
        422.0,
        557.0,
        141.0,
        5.0
      ],
      [
        8.0,
        95.0,
        59.0,
        50.0,
        0.0,
        1520.0,
        1187.0,
        249.0
      ]
    ],
    "entropy_record": [
      1.3855726718902588,
      1.3053547143936157,
      1.1932883262634277,
      1.1012381315231323,
      1.0212886333465576,
      0.9773044586181641,
      0.9448937177658081,
      0.9308891296386719,
      0.9222601652145386,
      0.9091848134994507,
      0.9007381200790405,
      0.8951562643051147,
      0.8940801620483398,
      0.89425128698349,
      0.8887414336204529,
      0.8861238956451416,
      0.8743271231651306,
      0.8609670400619507,
      0.8435418605804443,
      0.8304595947265625,
      0.8194038271903992,
      0.810297429561615,
      0.8018230199813843,
      0.8005471229553223,
      0.7805267572402954,
      0.7833445072174072,
      0.7784457206726074,
      0.7697821259498596,
      0.765074610710144,
      0.7598755955696106,
      0.7563833594322205,
      0.7559607625007629,
      0.7536677122116089,
      0.749657154083252,
      0.7484597563743591,
      0.7467195987701416,
      0.7454736828804016,
      0.7445487976074219,
      0.7411171197891235,
      0.7354193329811096,
      0.7376716732978821,
      0.736872673034668,
      0.7389332056045532,
      0.7341210842132568,
      0.7359832525253296,
      0.7355614900588989,
      0.7287249565124512,
      0.7298895716667175,
      0.7283980250358582,
      0.7262462377548218,
      0.7259204983711243,
      0.724260151386261,
      0.7246590256690979,
      0.7227142453193665,
      0.7207488417625427,
      0.7181366682052612,
      0.7223011255264282,
      0.7198214530944824,
      0.7199392318725586,
      0.7188137173652649,
      0.7214199304580688,
      0.718493640422821,
      0.7170535326004028,
      0.7150649428367615,
      0.7173389196395874,
      0.7155119180679321,
      0.713020384311676,
      0.7140718698501587,
      0.7148098349571228,
      0.716422975063324,
      0.7095680236816406,
      0.7141144275665283,
      0.7145503163337708,
      0.7118444442749023,
      0.712104082107544,
      0.7072067856788635,
      0.7037510275840759,
      0.702004075050354,
      0.7030531167984009,
      0.7046030163764954,
      0.7026993632316589,
      0.7052658796310425,
      0.7005561590194702,
      0.7010454535484314,
      0.6976985335350037,
      0.6996302008628845,
      0.6963619589805603,
      0.6954154968261719,
      0.697331428527832,
      0.6939337849617004,
      0.6961811780929565,
      0.6975066065788269,
      0.6973890066146851,
      0.6957452297210693,
      0.6956089735031128,
      0.6971763372421265,
      0.6969517469406128,
      0.6973578929901123,
      0.7003679275512695,
      0.6988793611526489,
      0.6981410980224609,
      0.6980480551719666,
      0.698885440826416,
      0.699876070022583,
      0.7017320394515991,
      0.7031078338623047,
      0.7040852904319763,
      0.7005199193954468,
      0.7044981718063354,
      0.7062082886695862,
      0.7054179906845093,
      0.7054243087768555,
      0.704898476600647,
      0.7063794136047363,
      0.7063591480255127,
      0.7042706608772278,
      0.7038960456848145,
      0.7029159069061279,
      0.7019988298416138,
      0.7031773328781128,
      0.7024093866348267,
      0.7011731266975403,
      0.7016008496284485,
      0.700119137763977,
      0.7012313008308411,
      0.7043209671974182,
      0.7028294205665588,
      0.7036287784576416,
      0.7038222551345825,
      0.7045490145683289,
      0.706657886505127,
      0.7057969570159912,
      0.7056329250335693,
      0.7090946435928345,
      0.7088106870651245,
      0.7102363109588623,
      0.7098214030265808,
      0.7137993574142456,
      0.7158941030502319,
      0.715175449848175,
      0.7157813310623169,
      0.7148276567459106,
      0.7180471420288086,
      0.719527006149292,
      0.7224229574203491,
      0.7228506803512573,
      0.7216086983680725,
      0.7249554395675659,
      0.7250527143478394,
      0.727810800075531,
      0.7296579480171204,
      0.7303545475006104,
      0.7334160208702087,
      0.7339161038398743,
      0.7354918718338013,
      0.7369165420532227,
      0.7394084334373474,
      0.7422106266021729,
      0.7409864068031311,
      0.7432459592819214,
      0.7448518872261047,
      0.7458858489990234,
      0.7454689741134644,
      0.7459325194358826,
      0.7470605373382568,
      0.7469062805175781,
      0.7473620176315308,
      0.7500497102737427,
      0.751714825630188,
      0.7485926151275635,
      0.7510008811950684,
      0.7503828406333923,
      0.7512310743331909,
      0.751365065574646,
      0.753743052482605,
      0.7528851628303528,
      0.7550666332244873,
      0.7562732696533203,
      0.7558590769767761,
      0.7570127248764038,
      0.7571368217468262,
      0.7596907615661621,
      0.7590379118919373,
      0.7584558725357056,
      0.7598831653594971,
      0.763333797454834,
      0.7608522176742554,
      0.7618615627288818,
      0.7638118863105774,
      0.7632995843887329,
      0.7640483379364014,
      0.761793851852417,
      0.766075611114502,
      0.7648718953132629,
      0.7649027109146118,
      0.7663280367851257,
      0.7665033340454102,
      0.7657593488693237,
      0.7665176391601562,
      0.7649460434913635,
      0.7683823704719543,
      0.7672840356826782,
      0.7665219306945801,
      0.7685374021530151,
      0.7675333619117737,
      0.7683973908424377,
      0.7683732509613037,
      0.7703024744987488,
      0.7698181867599487,
      0.7684115171432495,
      0.7703374624252319,
      0.7722940444946289,
      0.7698619961738586,
      0.7705245614051819,
      0.7716999053955078,
      0.7724292874336243,
      0.7727674841880798,
      0.7742842435836792,
      0.7734902501106262,
      0.773476779460907,
      0.7741168737411499,
      0.7736175656318665,
      0.7739781737327576,
      0.7751106023788452,
      0.7770949602127075,
      0.7763227224349976,
      0.775966227054596,
      0.775930643081665,
      0.7770441174507141,
      0.7781069874763489,
      0.7778086066246033,
      0.7773699164390564,
      0.7784528732299805,
      0.7778602838516235,
      0.7787545919418335,
      0.7787774801254272,
      0.7794827222824097,
      0.779977560043335,
      0.779765248298645,
