{
  "config": {
    "early_stopping": true,
    "epochs": 601,
    "expert_lr": 0.00084766,
    "expert_momentum": 0.892322,
    "expert_num": 8,
    "expert_weight_decay": 0.0,
    "load_balancing": false,
    "ns_steps": 10,
    "optimizer_family": "muon",
    "router_lr": 0.01736962,
    "router_momentum": 0.884568,
    "router_weight_decay": 0.001
  },
  "eval_metrics": {
    "accuracy": 96.0,
    "dispatch_counts": [
      [
        403.0,
        1.0,
        0.0,
        396.0,
        5.0,
        9.0,
        0.0,
        15.0
      ],
      [
        3.0,
        0.0,
        0.0,
        4.0,
        4.0,
        384.0,
        0.0,
        384.0
      ],
      [
        7.0,
        389.0,
        0.0,
        7.0,
        393.0,
        8.0,
        0.0,
        9.0
      ],
      [
        18.0,
        5.0,
        393.0,
        26.0,
        21.0,
        26.0,
        262.0,
        28.0
      ]
    ],
    "entropy": 0.263081431388855,
    "loss": 0.3532596826553345,
    "runtime_seconds": 0.00750965578481555,
    "split": "validation"
  },
  "fold_index": 3,
  "mode": "nonlinear",
  "seed": 31414,
  "setting": 3,
  "total_runtime_seconds": 13.909122693818063,
  "train_metrics": {
    "dispatch_counts": [
      [
        1596.0,
        7.0,
        0.0,
        1600.0,
        21.0,
        35.0,
        3.0,
        52.0
      ],
      [
        8.0,
        4.0,
        1.0,
        21.0,
        13.0,
        1546.0,
        0.0,
        1525.0
      ],
      [
        17.0,
        1569.0,
        1.0,
        21.0,
        1570.0,
        34.0,
        4.0,
        33.0
      ],
      [
        73.0,
        21.0,
        1587.0,
        99.0,
        75.0,
        77.0,
        1100.0,
        87.0
      ]
    ],
    "entropy_record": [
      1.3854068517684937,
      1.2754883766174316,
      1.0397061109542847,
      0.8795289397239685,
      0.7383865714073181,
      0.6433837413787842,
      0.5928925275802612,
      0.547492504119873,
      0.5307064056396484,
      0.5039731860160828,
      0.47565072774887085,
      0.4525374174118042,
      0.4363638162612915,
      0.41867703199386597,
      0.40239107608795166,
      0.3985147774219513,
      0.38964322209358215,
      0.37238776683807373,
      0.3579525053501129,
      0.35133376717567444,
      0.33943307399749756,
      0.33064699172973633,
      0.32642027735710144,
      0.315029114484787,
      0.30831316113471985,
      0.30348584055900574,
      0.2985156774520874,
      0.3000924587249756,
      0.29004746675491333,
      0.28415995836257935,
      0.2755052149295807,
      0.2733854055404663,
      0.26336824893951416,
      0.25987857580184937,
      0.2629588544368744,
      0.25866445899009705,
      0.24822725355625153,
      0.25264185667037964,
      0.241653174161911,
      0.24437595903873444,
      0.2430029809474945,
      0.2402377426624298,
      0.2366342842578888,
      0.22760960459709167,
      0.22714745998382568,
      0.22525590658187866,
      0.22244523465633392,
      0.2267293483018875,
      0.22303979098796844,
      0.2213599681854248,
      0.21687935292720795,
      0.2136678248643875,
      0.21311752498149872,
      0.21118852496147156,
      0.21186549961566925,
      0.20558318495750427,
      0.20681451261043549,
      0.20422106981277466,
      0.20394879579544067,
      0.20083920657634735,
      0.20268258452415466,
      0.19929251074790955,
      0.20083381235599518,
      0.20085839927196503,
      0.19924582540988922,
      0.1992255449295044,
      0.1937640905380249,
      0.19769760966300964,
      0.19623549282550812,
      0.19647662341594696,
      0.19721558690071106,
      0.19875408709049225,
      0.19895388185977936,
      0.20327883958816528,
      0.2014898955821991,
      0.1997891664505005,
      0.1978430449962616,
      0.19954577088356018,
      0.2022983580827713,
      0.2019529789686203,
      0.20499354600906372,
      0.2030470222234726,
      0.2081594318151474,
      0.20284421741962433,
      0.21176816523075104,
      0.20551533997058868,
      0.2044922113418579,
      0.20877225697040558,
      0.20761768519878387,
      0.2094939798116684,
      0.21081717312335968,
      0.2113809585571289,
      0.20966170728206635,
      0.21242651343345642,
      0.2109093964099884,
      0.21372222900390625,
      0.2170342057943344,
      0.21283234655857086,
      0.21754316985607147,
      0.21430456638336182,
      0.21535754203796387,
      0.22025182843208313,
      0.21795454621315002,
      0.21580030024051666,
      0.21869449317455292,
      0.2191915363073349,
      0.21632066369056702,
      0.22235457599163055,
      0.22041365504264832,
      0.22232502698898315,
      0.22378325462341309,
      0.22366061806678772,
      0.22225698828697205,
      0.22171550989151,
      0.21951112151145935,
      0.2190028429031372,
      0.21642833948135376,
      0.21551905572414398,
      0.21451908349990845,
      0.21731403470039368,
      0.2151137739419937,
      0.21161822974681854,
      0.2145072966814041,
      0.21213804185390472,
      0.2120615839958191,
      0.2128773331642151,
      0.21124471724033356,
      0.2089577317237854,
      0.2087784707546234,
      0.20596614480018616,
      0.20287355780601501,
      0.20425422489643097,
      0.20231688022613525,
      0.20193728804588318,
      0.1997222751379013,
      0.19614849984645844,
      0.1972038745880127,
      0.19772690534591675,
      0.19809135794639587,
      0.20069025456905365,
      0.20219109952449799,
      0.2049381285905838,
      0.20823313295841217,
      0.205309197306633,
      0.20812106132507324,
      0.209264874458313,
      0.21330514550209045,
      0.2142881155014038,
      0.215904101729393,
      0.2198222577571869,
      0.2216537892818451,
      0.22239099442958832,
      0.2245795875787735,
      0.22942380607128143,
      0.23248881101608276,
      0.23436833918094635,
      0.24008390307426453,
      0.24011443555355072,
      0.24703021347522736,
      0.247757226228714
    ],
    "epochs_ran": 160,
    "final_entropy": 0.247757226228714,
    "final_loss": 0.34732410311698914,
    "plot_diagnostics": null,
    "runtime_seconds": 13.901613038033247
  }
}