{
  "config": {
    "early_stopping": true,
    "epochs": 601,
    "expert_lr": 0.00090396,
    "expert_momentum": 0.859937,
    "expert_num": 8,
    "expert_weight_decay": 0.001,
    "load_balancing": false,
    "ns_steps": 3,
    "optimizer_family": "muon",
    "router_lr": 0.01158572,
    "router_momentum": 0.916429,
    "router_weight_decay": 1e-05
  },
  "eval_metrics": {
    "accuracy": 99.46875,
    "dispatch_counts": [
      [
        1.0,
        1.0,
        415.0,
        1.0,
        0.0,
        408.0,
        1.0,
        2.0
      ],
      [
        386.0,
        1.0,
        1.0,
        2.0,
        1.0,
        1.0,
        1.0,
        386.0
      ],
      [
        1.0,
        3.0,
        2.0,
        399.0,
        4.0,
        3.0,
        401.0,
        0.0
      ],
      [
        0.0,
        395.0,
        2.0,
        3.0,
        376.0,
        1.0,
        1.0,
        1.0
      ]
    ],
    "entropy": 0.0677046999335289,
    "loss": 0.3185741901397705,
    "runtime_seconds": 0.0077922167256474495,
    "split": "validation"
  },
  "fold_index": 2,
  "mode": "nonlinear",
  "seed": 30013,
  "setting": 3,
  "total_runtime_seconds": 51.06505712075159,
  "train_metrics": {
    "dispatch_counts": [
      [
        7.0,
        4.0,
        1659.0,
        9.0,
        4.0,
        1623.0,
        5.0,
        3.0
      ],
      [
        1542.0,
        2.0,
        9.0,
        11.0,
        3.0,
        7.0,
        8.0,
        1536.0
      ],
      [
        13.0,
        5.0,
        6.0,
        1600.0,
        7.0,
        5.0,
        1612.0,
        1.0
      ],
      [
        12.0,
        1571.0,
        10.0,
        9.0,
        1509.0,
        2.0,
        4.0,
        2.0
      ]
    ],
    "entropy_record": [
      1.3854588270187378,
      1.322709083557129,
      1.1802409887313843,
      1.0425336360931396,
      0.8932974934577942,
      0.722484827041626,
      0.6130849123001099,
      0.5353185534477234,
      0.4727542996406555,
      0.42858096957206726,
      0.3988284766674042,
      0.38004764914512634,
      0.35864606499671936,
      0.3413337171077728,
      0.33766302466392517,
      0.3195769190788269,
      0.301969051361084,
      0.2926911413669586,
      0.2922040820121765,
      0.2802579700946808,
      0.26836511492729187,
      0.24989929795265198,
      0.25026336312294006,
      0.2417738139629364,
      0.23508796095848083,
      0.22340138256549835,
      0.22271394729614258,
      0.21662800014019012,
      0.20542433857917786,
      0.19324950873851776,
      0.20041075348854065,
      0.1890561580657959,
      0.17516353726387024,
      0.17626184225082397,
      0.17068050801753998,
      0.16530977189540863,
      0.16058237850666046,
      0.155210942029953,
      0.1519029289484024,
      0.15231308341026306,
      0.1425095796585083,
      0.14761412143707275,
      0.13921241462230682,
      0.13574929535388947,
      0.13140347599983215,
      0.1286642849445343,
      0.12326507270336151,
      0.12256978452205658,
      0.12263721227645874,
      0.12526953220367432,
      0.11772355437278748,
      0.11562168598175049,
      0.11253224313259125,
      0.10798892378807068,
      0.10833115875720978,
      0.1063949391245842,
      0.10603617876768112,
      0.10532502084970474,
      0.1034805104136467,
      0.10388336330652237,
      0.10121846944093704,
      0.09880208969116211,
      0.09632528573274612,
      0.10055408626794815,
      0.09742597490549088,
      0.09530824422836304,
      0.09551487863063812,
      0.0958811491727829,
      0.09215289354324341,
      0.08852783590555191,
      0.09243489056825638,
      0.09241237491369247,
      0.09177280962467194,
      0.08831049501895905,
      0.08817868679761887,
      0.08952243626117706,
      0.0864463821053505,
      0.08887553960084915,
      0.08980382978916168,
      0.08986038714647293,
      0.08678101003170013,
      0.08517307788133621,
      0.08582872152328491,
      0.08710737526416779,
      0.08665226399898529,
      0.08565786480903625,
      0.08529406040906906,
      0.08552119880914688,
      0.08433735370635986,
      0.08349765092134476,
      0.0834115669131279,
      0.08382800221443176,
      0.08373025804758072,
      0.08312250673770905,
      0.08335059881210327,
      0.08276161551475525,
      0.08466068655252457,
      0.08153215050697327,
      0.08216284960508347,
      0.08308304101228714,
      0.08341764658689499,
      0.0802035927772522,
      0.08152918517589569,
      0.08401855826377869,
      0.08048737049102783,
      0.07809355854988098,
      0.08070019632577896,
      0.08092714101076126,
      0.08151546120643616,
      0.08022482693195343,
      0.07773672789335251,
      0.07891937345266342,
      0.08182962238788605,
      0.07736413180828094,
      0.08031797409057617,
      0.0797264501452446,
      0.07837297767400742,
      0.08028630912303925,
      0.07761216163635254,
      0.07797481119632721,
      0.07742477208375931,
      0.07660507410764694,
      0.07882579416036606,
      0.07663536816835403,
      0.07614114135503769,
      0.07911251485347748,
      0.07869047671556473,
      0.0769762247800827,
      0.0771678239107132,
      0.07548854500055313,
      0.07804322987794876,
      0.07468212395906448,
      0.07499822229146957,
      0.07401980459690094,
      0.07666081935167313,
      0.07665031403303146,
      0.0771837905049324,
      0.07545065134763718,
      0.0778275728225708,
      0.07801941782236099,
      0.07701842486858368,
      0.07669547200202942,
      0.07535624504089355,
      0.07736343145370483,
      0.0764082670211792,
      0.07488308846950531,
      0.07719992101192474,
      0.07272696495056152,
      0.07680129259824753,
      0.07859013229608536,
      0.07561031728982925,
      0.07348504662513733,
      0.07335256040096283,
      0.07449305802583694,
      0.07730138301849365,
      0.07600770890712738,
      0.0769665539264679,
      0.0778370052576065,
      0.07446977496147156,
      0.0741664320230484,
      0.07739686965942383,
      0.07297229021787643,
      0.07454068958759308,
      0.07364187389612198,
      0.07496248185634613,
      0.07625667005777359,
      0.07356847077608109,
      0.07496979087591171,
      0.07631774246692657,
      0.07184308022260666,
      0.07332441210746765,
      0.07581276446580887,
      0.07408968359231949,
      0.07615355402231216,
      0.0737704262137413,
      0.07401566952466965,
      0.07338697463274002,
      0.07206457853317261,
      0.07240228354930878,
      0.07184302806854248,
      0.07321887463331223,
      0.07214085757732391,
      0.07460649311542511,
      0.07124645262956619,
      0.07234165072441101,
      0.07335840910673141,
      0.07205922901630402,
      0.07276944816112518,
      0.07147111743688583,
      0.07465939223766327,
      0.07278317958116531,
      0.07234543561935425,
      0.07289236038923264,
      0.07205566763877869,
      0.06992147862911224,
      0.07332868874073029,
      0.06849515438079834,
      0.07004344463348389,
      0.07180671393871307,
      0.06887393444776535,
      0.06923143565654755,
      0.07199525833129883,
      0.07067830115556717,
      0.07038846611976624,
      0.07027466595172882,
      0.06942979991436005,
      0.06888347119092941,
      0.06843165308237076,
      0.06901653856039047,
      0.06942999362945557,
      0.06943310797214508,
      0.0696023553609848,
      0.06884210556745529,
      0.07057049125432968,
      0.07021736353635788,
      0.06991617381572723,
      0.07075230777263641,
      0.07119559496641159,
      0.07191722095012665,
      0.07101116329431534,
      0.07244837284088135,
      0.07184169441461563,
      0.07396623492240906,
      0.07022333145141602,
      0.07077379524707794,
      0.07135653495788574,
      0.07037781924009323,
      0.07149443030357361,
      0.0710127055644989,
      0.07087966799736023,
      0.0716869980096817,
