{
  "config": {
    "early_stopping": true,
    "epochs": 601,
    "expert_lr": 0.00090396,
    "expert_momentum": 0.859937,
    "expert_num": 8,
    "expert_weight_decay": 0.001,
    "load_balancing": false,
    "ns_steps": 3,
    "optimizer_family": "muon",
    "router_lr": 0.01158572,
    "router_momentum": 0.916429,
    "router_weight_decay": 1e-05
  },
  "eval_metrics": {
    "accuracy": 97.71875,
    "dispatch_counts": [
      [
        1.0,
        90.0,
        0.0,
        1.0,
        121.0,
        0.0,
        309.0,
        307.0
      ],
      [
        1.0,
        374.0,
        1.0,
        318.0,
        82.0,
        0.0,
        0.0,
        3.0
      ],
      [
        0.0,
        158.0,
        301.0,
        0.0,
        349.0,
        2.0,
        2.0,
        0.0
      ],
      [
        347.0,
        52.0,
        1.0,
        0.0,
        60.0,
        296.0,
        24.0,
        0.0
      ]
    ],
    "entropy": 0.5067145824432373,
    "loss": 0.3359422981739044,
    "runtime_seconds": 0.0077592660672962666,
    "split": "validation"
  },
  "fold_index": 1,
  "mode": "nonlinear",
  "seed": 30012,
  "setting": 3,
  "total_runtime_seconds": 31.62944944994524,
  "train_metrics": {
    "dispatch_counts": [
      [
        6.0,
        337.0,
        2.0,
        1.0,
        390.0,
        0.0,
        1277.0,
        1301.0
      ],
      [
        0.0,
        1465.0,
        3.0,
        1296.0,
        327.0,
        4.0,
        9.0,
        14.0
      ],
      [
        5.0,
        595.0,
        1226.0,
        0.0,
        1405.0,
        2.0,
        6.0,
        11.0
      ],
      [
        1326.0,
        263.0,
        3.0,
        1.0,
        265.0,
        1164.0,
        94.0,
        2.0
      ]
    ],
    "entropy_record": [
      1.3849897384643555,
      1.3116493225097656,
      1.1532591581344604,
      1.0179718732833862,
      0.8903064131736755,
      0.7870373725891113,
      0.7193846106529236,
      0.6610935926437378,
      0.6183096170425415,
      0.5835776925086975,
      0.5400568842887878,
      0.5308059453964233,
      0.5026156306266785,
      0.4816107749938965,
      0.46422824263572693,
      0.46163317561149597,
      0.4470176696777344,
      0.43371814489364624,
      0.4232238233089447,
      0.42339009046554565,
      0.4061163365840912,
      0.4016309678554535,
      0.38997769355773926,
      0.3850456774234772,
      0.3738481402397156,
      0.3668419122695923,
      0.3614519238471985,
      0.3549356758594513,
      0.3418751358985901,
      0.3395790457725525,
      0.3246174454689026,
      0.3186646103858948,
      0.3055294156074524,
      0.3023739457130432,
      0.28515300154685974,
      0.2755427360534668,
      0.26656776666641235,
      0.25907444953918457,
      0.24946147203445435,
      0.24088065326213837,
      0.22787973284721375,
      0.22861512005329132,
      0.21679815649986267,
      0.2147628664970398,
      0.20683680474758148,
      0.2028314769268036,
      0.18861247599124908,
      0.1880878508090973,
      0.19001197814941406,
      0.18424230813980103,
      0.17558816075325012,
      0.1793145388364792,
      0.17349873483181,
      0.17039331793785095,
      0.1667899191379547,
      0.1655491143465042,
      0.16065974533557892,
      0.161782905459404,
      0.1606990247964859,
      0.15239912271499634,
      0.15512771904468536,
      0.14975984394550323,
      0.14584775269031525,
      0.14669349789619446,
      0.1402561366558075,
      0.1409100443124771,
      0.13511142134666443,
      0.13786771893501282,
      0.1407947540283203,
      0.1335068941116333,
      0.13303962349891663,
      0.12787127494812012,
      0.12797783315181732,
      0.12903103232383728,
      0.1288515031337738,
      0.127166748046875,
      0.12867149710655212,
      0.1296636015176773,
      0.12540072202682495,
      0.12426493316888809,
      0.12351589649915695,
      0.1241842731833458,
      0.12483902275562286,
      0.11966113746166229,
      0.12059211730957031,
      0.12112255394458771,
      0.12247559428215027,
      0.11861258745193481,
      0.11636745929718018,
      0.11727052927017212,
      0.11928170174360275,
      0.1213366836309433,
      0.11815652251243591,
      0.11736848205327988,
      0.11541737616062164,
      0.11602460592985153,
      0.11736473441123962,
      0.11515013873577118,
      0.11395023763179779,
      0.115444116294384,
      0.11168433725833893,
      0.1148630902171135,
      0.1139855682849884,
      0.11143660545349121,
      0.11470401287078857,
      0.11391080915927887,
      0.11224529892206192,
      0.10973978042602539,
      0.11033772677183151,
      0.11212373524904251,
      0.11487188935279846,
      0.11295211315155029,
      0.11370402574539185,
      0.11417977511882782,
      0.11484687775373459,
      0.11338121443986893,
      0.11212438344955444,
      0.11354099959135056,
      0.11487937718629837,
      0.11407437920570374,
      0.11277024447917938,
      0.1121787503361702,
      0.1134800910949707,
      0.11453802138566971,
      0.11489520967006683,
      0.11696680635213852,
      0.11645817756652832,
      0.11531190574169159,
      0.11792710423469543,
      0.11695946753025055,
      0.11833201348781586,
      0.11634748429059982,
      0.11811541020870209,
      0.11916011571884155,
      0.12360666692256927,
      0.12151799350976944,
      0.1208127960562706,
      0.12253151088953018,
      0.12280801683664322,
      0.12099059671163559,
      0.124039426445961,
      0.12340404093265533,
      0.12294113636016846,
      0.12714006006717682,
      0.1267511546611786,
      0.1279458850622177,
      0.1274389922618866,
      0.12946026027202606,
      0.13077692687511444,
      0.13135811686515808,
      0.13237714767456055,
      0.13200689852237701,
      0.13556623458862305,
      0.134760320186615,
      0.13465750217437744,
      0.13444705307483673,
      0.13605773448944092,
      0.13847768306732178,
      0.13826003670692444,
      0.14212651550769806,
      0.14122313261032104,
      0.14535412192344666,
      0.1451180875301361,
      0.14801234006881714,
      0.15318024158477783,
      0.15515989065170288,
      0.15143537521362305,
      0.15478765964508057,
      0.15761636197566986,
      0.15785932540893555,
      0.16160856187343597,
      0.1637696474790573,
      0.16366809606552124,
      0.16497382521629333,
      0.16681107878684998,
      0.16806569695472717,
      0.17201903462409973,
      0.17320850491523743,
      0.17654509842395782,
      0.17832337319850922,
      0.17833064496517181,
      0.1848081350326538,
      0.1851101964712143,
      0.18751969933509827,
      0.1863325834274292,
      0.19115126132965088,
      0.191281259059906,
      0.19517090916633606,
      0.19786863029003143,
      0.20192232728004456,
      0.204667866230011,
      0.206211656332016,
      0.2115662842988968,
      0.21093954145908356,
      0.21287588775157928,
      0.2143726497888565,
      0.21843822300434113,
      0.22362476587295532,
      0.22523647546768188,
      0.22388720512390137,
      0.22996333241462708,
      0.23414775729179382,
      0.2359655648469925,
      0.2417251616716385,
      0.24155490100383759,
      0.2427850216627121,
      0.2444995939731598,
      0.24394436180591583,
      0.2522164285182953,
      0.25222817063331604,
      0.2554326355457306,
      0.2559099793434143,
      0.25986024737358093,
      0.26419806480407715,
      0.2655966281890869,
      0.26449456810951233,
      0.26822933554649353,
      0.27167391777038574,
      0.2762385606765747,
      0.2742989957332611,
      0.2774289846420288,
      0.28033408522605896,
      0.2813318967819214,
      0.28455671668052673,
      0.2860013544559479,
      0.2883712947368622,
      0.2901104986667633,
      0.2912006378173828,
      0.2921150326728821,
      0.29807248711586,
      0.2983550727367401,
      0.3019229769706726,
      0.30306386947631836,
