{
  "config": {
    "early_stopping": true,
    "epochs": 601,
    "expert_lr": 0.00178219,
    "expert_momentum": 0.877748,
    "expert_num": 4,
    "expert_weight_decay": 1e-05,
    "load_balancing": false,
    "optimizer_family": "original",
    "router_lr": 0.01260977,
    "router_momentum": 0.952971,
    "router_weight_decay": 1e-05
  },
  "eval_metrics": {
    "accuracy": 92.0625,
    "dispatch_counts": [
      [
        0.0,
        212.0,
        280.0,
        336.0
      ],
      [
        3.0,
        106.0,
        664.0,
        7.0
      ],
      [
        0.0,
        3.0,
        30.0,
        779.0
      ],
      [
        620.0,
        120.0,
        37.0,
        3.0
      ]
    ],
    "entropy": 0.6589961647987366,
    "loss": 0.39210814237594604,
    "runtime_seconds": 0.004501870833337307,
    "split": "validation"
  },
  "fold_index": 4,
  "mode": "nonlinear",
  "seed": 21315,
  "setting": 2,
  "total_runtime_seconds": 27.51840975973755,
  "train_metrics": {
    "dispatch_counts": [
      [
        1.0,
        881.0,
        1137.0,
        1296.0
      ],
      [
        6.0,
        333.0,
        2729.0,
        49.0
      ],
      [
        3.0,
        29.0,
        105.0,
        3113.0
      ],
      [
        2461.0,
        489.0,
        152.0,
        16.0
      ]
    ],
    "entropy_record": [
      1.3857173919677734,
      1.3852615356445312,
      1.3856678009033203,
      1.3854007720947266,
      1.3853940963745117,
      1.3857039213180542,
      1.385676622390747,
      1.3850657939910889,
      1.3857094049453735,
      1.3850945234298706,
      1.3824092149734497,
      1.3755512237548828,
      1.3533599376678467,
      1.3137938976287842,
      1.227007269859314,
      1.1097278594970703,
      0.9503456950187683,
      0.8227121829986572,
      0.7172160744667053,
      0.6536620259284973,
      0.5855036377906799,
      0.5555411577224731,
      0.5215438604354858,
      0.49788525700569153,
      0.4666193723678589,
      0.45098578929901123,
      0.41999804973602295,
      0.41221755743026733,
      0.39529889822006226,
      0.39397311210632324,
      0.3762701451778412,
      0.3806542158126831,
      0.37001723051071167,
      0.37005680799484253,
      0.36206528544425964,
      0.36594295501708984,
      0.36800646781921387,
      0.3605336546897888,
      0.3616998791694641,
      0.36084359884262085,
      0.3596547245979309,
      0.36424586176872253,
      0.3638915419578552,
      0.3585280478000641,
      0.36356544494628906,
      0.3605068325996399,
      0.36554157733917236,
      0.3719485402107239,
      0.3666064441204071,
      0.3717042803764343,
      0.37714192271232605,
      0.37882304191589355,
      0.3800821900367737,
      0.3809312880039215,
      0.3834635317325592,
      0.38727420568466187,
      0.39268702268600464,
      0.38865339756011963,
      0.39048874378204346,
      0.38634562492370605,
      0.3938538432121277,
      0.3870609998703003,
      0.3880177140235901,
      0.3933112621307373,
      0.3957260251045227,
      0.39821961522102356,
      0.4016692042350769,
      0.40426450967788696,
      0.3989814519882202,
      0.4011958837509155,
      0.4047173857688904,
      0.4049389660358429,
      0.40785959362983704,
      0.4086288809776306,
      0.41007494926452637,
      0.4111548662185669,
      0.4179385304450989,
      0.4114445149898529,
      0.4161916971206665,
      0.4176899194717407,
      0.4223962426185608,
      0.4194709062576294,
      0.41909173130989075,
      0.4225326478481293,
      0.42361629009246826,
      0.42333388328552246,
      0.43102696537971497,
      0.43241241574287415,
      0.43105101585388184,
      0.43724608421325684,
      0.4303511083126068,
      0.4315109848976135,
      0.4330153465270996,
      0.4374092221260071,
      0.4348433017730713,
      0.4439619183540344,
      0.44088804721832275,
      0.4348093867301941,
      0.4378378689289093,
      0.4395221769809723,
      0.4479113221168518,
      0.44263753294944763,
      0.4459366202354431,
      0.4469873309135437,
      0.4484139680862427,
      0.44790005683898926,
      0.45277857780456543,
      0.4546750783920288,
      0.4556999206542969,
      0.46287810802459717,
      0.4572979807853699,
      0.46128565073013306,
      0.45751112699508667,
      0.45679330825805664,
      0.46022921800613403,
      0.4646207094192505,
      0.46544161438941956,
      0.4624437987804413,
      0.4720546007156372,
      0.4640576243400574,
      0.4683777093887329,
      0.47510063648223877,
      0.47904616594314575,
      0.4716828465461731,
      0.47388458251953125,
      0.47788217663764954,
      0.4791957139968872,
      0.4741140604019165,
      0.4836462736129761,
      0.4851257801055908,
      0.47564345598220825,
      0.480205774307251,
      0.4822010397911072,
      0.4857046604156494,
      0.49132239818573,
      0.4838137626647949,
      0.4924479126930237,
      0.48753249645233154,
      0.4912068247795105,
      0.49354955554008484,
      0.49817201495170593,
      0.4974868893623352,
      0.4928551912307739,
      0.49762678146362305,
      0.4993537962436676,
      0.5006343722343445,
      0.4979783296585083,
      0.4959259033203125,
      0.5023316144943237,
      0.5048570036888123,
      0.5054117441177368,
      0.5039286017417908,
      0.5081320405006409,
      0.5091547966003418,
      0.5075706839561462,
      0.504349946975708,
      0.5116357207298279,
      0.5093874931335449,
      0.5118902921676636,
      0.5136531591415405,
      0.5149879455566406,
      0.51395583152771,
      0.5203253626823425,
      0.5216872096061707,
      0.524273693561554,
      0.5209771990776062,
      0.5202459096908569,
      0.5251320004463196,
      0.52297443151474,
      0.5260752439498901,
      0.5202966928482056,
      0.5239357948303223,
      0.5261460542678833,
      0.5307239890098572,
      0.5294313430786133,
      0.5274854898452759,
      0.5300285816192627,
      0.5358530879020691,
      0.5313857793807983,
      0.533369243144989,
      0.5356471538543701,
      0.53462815284729,
      0.5338019132614136,
      0.5352128744125366,
      0.5394002199172974,
      0.5365808010101318,
      0.5340651869773865,
      0.5426375865936279,
      0.5405775308609009,
      0.5426148176193237,
      0.5427454113960266,
      0.5431340932846069,
      0.5508114099502563,
      0.544998824596405,
      0.5474624037742615,
      0.5437664985656738,
      0.5483430027961731,
      0.548753559589386,
      0.5445600152015686,
      0.5539209246635437,
      0.5456343293190002,
      0.5529710650444031,
      0.5522971153259277,
      0.5518836975097656,
      0.5576260685920715,
      0.5531661510467529,
      0.5475490689277649,
      0.55795818567276,
      0.5561066269874573,
      0.5546808242797852,
      0.5536022186279297,
      0.5571982860565186,
      0.5577022433280945,
      0.5535723567008972,
      0.5538519024848938,
      0.5552241206169128,
      0.5629228949546814,
      0.5597389936447144,
      0.5595105886459351,
      0.5593000650405884,
      0.5639177560806274,
      0.5663072466850281,
      0.5682199597358704,
      0.5626330375671387,
      0.5652981996536255,
      0.5710695385932922,
      0.5693904161453247,
      0.572468638420105,
      0.5681647062301636,
      0.5694192051887512,
      0.5683524012565613,
      0.5727218985557556,
      0.5675638914108276,
      0.574318528175354,
      0.5743218660354614,
      0.5719995498657227,
      0.5694523453712463,
      0.5745306611061096,
      0.5777759552001953,
      0.5748026371002197,
      0.5765891075134277,
      0.5758148431777954,
      0.5798895955085754,
      0.5779256224632263,
      0.5866332650184631,
      0.5810703039169312,
      0.579846978187561,
      0.577677309513092,
      0.580976665019989,
      0.5768647193908691,
      0.5862762928009033,
      0.5807990431785583,
      0.5846193432807922,
      0.5850979089736938,
