{
  "config": {
    "early_stopping": true,
    "epochs": 601,
    "expert_lr": 0.00178219,
    "expert_momentum": 0.877748,
    "expert_num": 4,
    "expert_weight_decay": 1e-05,
    "load_balancing": false,
    "optimizer_family": "original",
    "router_lr": 0.01260977,
    "router_momentum": 0.952971,
    "router_weight_decay": 1e-05
  },
  "eval_metrics": {
    "accuracy": 93.21875,
    "dispatch_counts": [
      [
        1.0,
        827.0,
        1.0,
        0.0
      ],
      [
        0.0,
        765.0,
        9.0,
        5.0
      ],
      [
        1.0,
        1.0,
        811.0,
        0.0
      ],
      [
        746.0,
        10.0,
        1.0,
        22.0
      ]
    ],
    "entropy": 0.39517027139663696,
    "loss": 0.38109225034713745,
    "runtime_seconds": 0.00456677470356226,
    "split": "validation"
  },
  "fold_index": 2,
  "mode": "nonlinear",
  "seed": 21313,
  "setting": 2,
  "total_runtime_seconds": 27.331093451473862,
  "train_metrics": {
    "dispatch_counts": [
      [
        6.0,
        3304.0,
        4.0,
        0.0
      ],
      [
        10.0,
        3025.0,
        49.0,
        34.0
      ],
      [
        0.0,
        17.0,
        3232.0,
        0.0
      ],
      [
        2970.0,
        38.0,
        12.0,
        99.0
      ]
    ],
    "entropy_record": [
      1.3853034973144531,
      1.3854377269744873,
      1.3858609199523926,
      1.385603666305542,
      1.3855184316635132,
      1.3854914903640747,
      1.385611891746521,
      1.3855905532836914,
      1.3847599029541016,
      1.3848360776901245,
      1.3784971237182617,
      1.3638964891433716,
      1.3386491537094116,
      1.2659425735473633,
      1.1614370346069336,
      1.0127404928207397,
      0.8904342651367188,
      0.7729037404060364,
      0.6855804324150085,
      0.6105728149414062,
      0.5674999356269836,
      0.5130953788757324,
      0.4804234206676483,
      0.4616163671016693,
      0.4478461742401123,
      0.4373098909854889,
      0.43199053406715393,
      0.42938047647476196,
      0.4229726493358612,
      0.42287006974220276,
      0.4176630973815918,
      0.4169750511646271,
      0.412924587726593,
      0.41784876585006714,
      0.41165822744369507,
      0.4053539037704468,
      0.408252477645874,
      0.4075832664966583,
      0.40765851736068726,
      0.4069060683250427,
      0.4078959822654724,
      0.40355852246284485,
      0.40795907378196716,
      0.40624794363975525,
      0.4042128622531891,
      0.4058273732662201,
      0.40159517526626587,
      0.40432828664779663,
      0.40472841262817383,
      0.4031429886817932,
      0.40738463401794434,
      0.4066120684146881,
      0.4067882299423218,
      0.4034533202648163,
      0.40414750576019287,
      0.405651330947876,
      0.40028685331344604,
      0.4038587808609009,
      0.4066369831562042,
      0.40315505862236023,
      0.40100494027137756,
      0.4001482427120209,
      0.4077916145324707,
      0.4053232967853546,
      0.40441757440567017,
      0.4067155122756958,
      0.4038633704185486,
      0.4031597673892975,
      0.40290361642837524,
      0.40281349420547485,
      0.40027913451194763,
      0.4046655297279358,
      0.40312686562538147,
      0.40116333961486816,
      0.4020922780036926,
      0.3981058895587921,
      0.39978694915771484,
      0.4032021462917328,
      0.40608683228492737,
      0.4043082892894745,
      0.4043674170970917,
      0.40441378951072693,
      0.4027615785598755,
      0.4055383801460266,
      0.40394818782806396,
      0.40029671788215637,
      0.4030960202217102,
      0.40987417101860046,
      0.40323585271835327,
      0.40301600098609924,
      0.401826411485672,
      0.3998561501502991,
      0.4017886519432068,
      0.40266767144203186,
      0.40576109290122986,
      0.4006865322589874,
      0.4035320580005646,
      0.403335839509964,
      0.4028976261615753,
      0.40154367685317993,
      0.4020516276359558,
      0.4039982855319977,
      0.4042510390281677,
      0.40236029028892517,
      0.40595176815986633,
      0.4019695520401001,
      0.40710097551345825,
      0.4041331112384796,
      0.406335711479187,
      0.4050488770008087,
      0.4062413275241852,
      0.40669485926628113,
      0.4028681218624115,
      0.4071410000324249,
      0.40433648228645325,
      0.40554407238960266,
      0.40360864996910095,
      0.40383413434028625,
      0.40233394503593445,
      0.39884909987449646,
      0.4080512821674347,
      0.4038104712963104,
      0.40372025966644287,
      0.40319809317588806,
      0.401817262172699,
      0.4066823720932007,
      0.4050846993923187,
      0.3991865813732147,
      0.40964382886886597,
      0.40360599756240845,
      0.404104620218277,
      0.40786659717559814,
      0.40443286299705505,
      0.40613383054733276,
      0.40597444772720337,
      0.4054132401943207,
      0.4044475853443146,
      0.40322569012641907,
      0.40644335746765137,
      0.4057614505290985,
      0.4059396982192993,
      0.4046485424041748,
      0.4039257764816284,
      0.40334323048591614,
      0.40568432211875916,
      0.4036233723163605,
      0.4066873788833618,
      0.4079609215259552,
      0.4069512188434601,
      0.40705540776252747,
      0.4039997458457947,
      0.40231576561927795,
      0.399429053068161,
      0.4028491675853729,
      0.40643349289894104,
      0.40823912620544434,
      0.40673571825027466,
      0.4074496328830719,
      0.4009683430194855,
      0.4042697846889496,
      0.4057566225528717,
      0.40350988507270813,
      0.4040624499320984,
      0.40497177839279175,
      0.40484926104545593,
      0.40645238757133484,
      0.40066763758659363,
      0.4047156572341919,
      0.40417778491973877,
      0.4011964201927185,
      0.40618160367012024,
      0.41039732098579407,
      0.40229037404060364,
      0.4065299928188324,
      0.3992041349411011,
      0.4051499366760254,
      0.4047558009624481,
      0.40653860569000244,
      0.4040566384792328,
      0.40592530369758606,
      0.40817975997924805,
      0.40354591608047485,
      0.40369904041290283,
      0.4077472984790802,
      0.40814462304115295,
      0.4044514000415802,
      0.40908461809158325,
      0.40461769700050354,
      0.4063597619533539,
      0.40507349371910095,
      0.40497082471847534,
      0.4104894995689392,
      0.4019848704338074,
      0.4068998098373413,
      0.4057449996471405,
      0.407105416059494,
      0.40244102478027344,
      0.4030744433403015,
      0.40986859798431396,
      0.40536800026893616,
      0.40469300746917725,
      0.4050154387950897,
      0.4036557972431183,
      0.40343913435935974,
      0.40994200110435486,
      0.40497109293937683,
      0.4043808579444885,
      0.40516942739486694,
      0.4054972529411316,
      0.4044090509414673,
      0.4068596661090851,
      0.4077853560447693,
      0.4053393304347992,
      0.40505698323249817,
      0.4043102264404297,
      0.4043360650539398,
      0.4041319191455841,
      0.4055108428001404,
      0.4050743877887726,
      0.4034097492694855,
      0.4097411334514618,
      0.40251079201698303,
      0.4085015654563904,
      0.4064822196960449,
      0.4066583514213562,
      0.4069995880126953,
      0.405981183052063,
      0.4061185419559479,
      0.4030502736568451,
      0.4070776700973511,
      0.40097576379776,
      0.40660911798477173,
      0.4068440794944763,
      0.40934357047080994,
      0.40778517723083496,
      0.4068026542663574,
      0.41173309087753296,
      0.40842506289482117,
      0.4063871502876282,
      0.40705034136772156,
      0.4085924029350281,
      0.40829193592071533,
      0.40228503942489624,
      0.411077082157135,
      0.4038945734500885,
      0.40309351682662964,
      0.4061122238636017,
      0.404498428106308,
      0.4009881019592285,
      0.39997318387031555,
      0.4060176610946655,
      0.40391454100608826,
      0.40636348724365234,
