{
  "config": {
    "early_stopping": true,
    "epochs": 601,
    "expert_lr": 0.00298185,
    "expert_momentum": 0.899453,
    "expert_num": 8,
    "expert_weight_decay": 0.001,
    "load_balancing": false,
    "ns_steps": 7,
    "optimizer_family": "muon",
    "router_lr": 0.00577833,
    "router_momentum": 0.857417,
    "router_weight_decay": 0.0
  },
  "eval_metrics": {
    "accuracy": 96.59375,
    "dispatch_counts": [
      [
        0.0,
        404.0,
        0.0,
        0.0,
        43.0,
        6.0,
        374.0,
        2.0
      ],
      [
        374.0,
        68.0,
        322.0,
        0.0,
        0.0,
        4.0,
        2.0,
        9.0
      ],
      [
        0.0,
        2.0,
        0.0,
        0.0,
        1.0,
        405.0,
        0.0,
        405.0
      ],
      [
        0.0,
        91.0,
        0.0,
        275.0,
        386.0,
        11.0,
        0.0,
        16.0
      ]
    ],
    "entropy": 0.26423484086990356,
    "loss": 0.34732407331466675,
    "runtime_seconds": 0.0075171408243477345,
    "split": "validation"
  },
  "fold_index": 2,
  "mode": "nonlinear",
  "seed": 31613,
  "setting": 3,
  "total_runtime_seconds": 14.734222979750484,
  "train_metrics": {
    "dispatch_counts": [
      [
        1.0,
        1604.0,
        0.0,
        0.0,
        182.0,
        42.0,
        1480.0,
        5.0
      ],
      [
        1493.0,
        236.0,
        1317.0,
        4.0,
        1.0,
        17.0,
        6.0,
        44.0
      ],
      [
        0.0,
        4.0,
        0.0,
        0.0,
        1.0,
        1615.0,
        0.0,
        1629.0
      ],
      [
        7.0,
        359.0,
        0.0,
        1100.0,
        1555.0,
        41.0,
        0.0,
        57.0
      ]
    ],
    "entropy_record": [
      1.3847527503967285,
      1.3686014413833618,
      1.3297337293624878,
      1.2628443241119385,
      1.187082290649414,
      1.0978355407714844,
      1.0323638916015625,
      0.9189684987068176,
      0.8491634130477905,
      0.7903263568878174,
      0.747200608253479,
      0.7061396241188049,
      0.6670473217964172,
      0.6124470829963684,
      0.5596231818199158,
      0.5319802165031433,
      0.5049950480461121,
      0.47658103704452515,
      0.4491635262966156,
      0.4388572573661804,
      0.41807985305786133,
      0.3940527141094208,
      0.3809179663658142,
      0.3672800064086914,
      0.35184118151664734,
      0.3436111509799957,
      0.3266550302505493,
      0.31776663661003113,
      0.3214685618877411,
      0.299510657787323,
      0.3069370687007904,
      0.2864254117012024,
      0.29564252495765686,
      0.28196966648101807,
      0.27334389090538025,
      0.2768028676509857,
      0.2752251625061035,
      0.27004268765449524,
      0.26601311564445496,
      0.26050612330436707,
      0.25133198499679565,
      0.2575136721134186,
      0.2551093101501465,
      0.25942263007164,
      0.2475721389055252,
      0.24602010846138,
      0.2437935620546341,
      0.24697254598140717,
      0.24612900614738464,
      0.23679371178150177,
      0.238279789686203,
      0.23245543241500854,
      0.23400235176086426,
      0.24087132513523102,
      0.23398040235042572,
      0.23744167387485504,
      0.22731749713420868,
      0.2284347265958786,
      0.22755122184753418,
      0.22538620233535767,
      0.22752195596694946,
      0.22414609789848328,
      0.22662848234176636,
      0.2248523235321045,
      0.22184541821479797,
      0.22020117938518524,
      0.22040186822414398,
      0.22206373512744904,
      0.2220897525548935,
      0.22075049579143524,
      0.21872052550315857,
      0.21716110408306122,
      0.21632879972457886,
      0.21558228135108948,
      0.21236713230609894,
      0.20913712680339813,
      0.21389493346214294,
      0.21077056229114532,
      0.20344975590705872,
      0.19832023978233337,
      0.19954584538936615,
      0.20044705271720886,
      0.1961003839969635,
      0.19673076272010803,
      0.19369566440582275,
      0.19532908499240875,
      0.20031391084194183,
      0.197774276137352,
      0.195871964097023,
      0.20031315088272095,
      0.19845744967460632,
      0.19974732398986816,
      0.2010701447725296,
      0.2025066316127777,
      0.203773632645607,
      0.20272383093833923,
      0.20601503551006317,
      0.20838814973831177,
      0.20851299166679382,
      0.21473929286003113,
      0.20812875032424927,
      0.2130894511938095,
      0.21298958361148834,
      0.21433523297309875,
      0.21811822056770325,
      0.21500997245311737,
      0.21792088449001312,
      0.21626654267311096,
      0.22082382440567017,
      0.22305192053318024,
      0.22293812036514282,
      0.22042223811149597,
      0.22242471575737,
      0.2215595841407776,
      0.21806462109088898,
      0.2258806824684143,
      0.2290058583021164,
      0.22539962828159332,
      0.2323920726776123,
      0.23052185773849487,
      0.23166492581367493,
      0.2349736988544464,
      0.2345343381166458,
      0.23631983995437622,
      0.23783236742019653,
      0.23850800096988678,
      0.23841756582260132,
      0.23787344992160797,
      0.2342643439769745,
      0.2421889454126358,
      0.24045372009277344,
      0.23778417706489563,
      0.23674288392066956,
      0.2407514750957489,
      0.23950111865997314,
      0.24275627732276917,
      0.242135688662529,
      0.24805989861488342,
      0.24479612708091736,
      0.24662643671035767,
      0.2453705370426178,
      0.24927523732185364,
      0.24918776750564575,
      0.2502099573612213,
      0.24919691681861877,
      0.2534315586090088,
      0.2542654573917389,
      0.2555990219116211,
      0.2558788061141968,
      0.25261396169662476,
      0.25916773080825806,
      0.25693345069885254,
      0.2555939257144928,
      0.25689712166786194,
      0.2525192201137543,
      0.24983300268650055,
      0.24985620379447937,
      0.24851517379283905,
      0.25048089027404785,
      0.2504749000072479,
      0.2522992193698883,
      0.2556125819683075,
      0.25311362743377686,
      0.2570910155773163,
      0.25513821840286255,
      0.2541835308074951,
      0.2554718554019928,
      0.26076653599739075,
      0.2646503448486328,
      0.2662300765514374,
      0.26387545466423035,
      0.2658887505531311
    ],
    "epochs_ran": 172,
    "final_entropy": 0.2658887505531311,
    "final_loss": 0.3474022150039673,
    "plot_diagnostics": null,
    "runtime_seconds": 14.726705838926136
  }
}