{
  "config": {
    "early_stopping": true,
    "epochs": 601,
    "expert_lr": 0.00298185,
    "expert_momentum": 0.899453,
    "expert_num": 8,
    "expert_weight_decay": 0.001,
    "load_balancing": false,
    "ns_steps": 7,
    "optimizer_family": "muon",
    "router_lr": 0.00577833,
    "router_momentum": 0.857417,
    "router_weight_decay": 0.0
  },
  "eval_metrics": {
    "accuracy": 96.875,
    "dispatch_counts": [
      [
        28.0,
        20.0,
        0.0,
        0.0,
        0.0,
        399.0,
        133.0,
        249.0
      ],
      [
        367.0,
        0.0,
        0.0,
        258.0,
        16.0,
        0.0,
        1.0,
        137.0
      ],
      [
        43.0,
        366.0,
        0.0,
        0.0,
        399.0,
        3.0,
        2.0,
        0.0
      ],
      [
        3.0,
        0.0,
        413.0,
        157.0,
        21.0,
        0.0,
        183.0,
        2.0
      ]
    ],
    "entropy": 0.40024635195732117,
    "loss": 0.34451156854629517,
    "runtime_seconds": 0.00753104267641902,
    "split": "validation"
  },
  "fold_index": 3,
  "mode": "nonlinear",
  "seed": 31614,
  "setting": 3,
  "total_runtime_seconds": 15.328431367408484,
  "train_metrics": {
    "dispatch_counts": [
      [
        92.0,
        80.0,
        2.0,
        0.0,
        1.0,
        1596.0,
        545.0,
        998.0
      ],
      [
        1449.0,
        0.0,
        0.0,
        1036.0,
        56.0,
        2.0,
        0.0,
        575.0
      ],
      [
        217.0,
        1410.0,
        6.0,
        0.0,
        1589.0,
        25.0,
        2.0,
        0.0
      ],
      [
        10.0,
        0.0,
        1648.0,
        567.0,
        131.0,
        0.0,
        757.0,
        6.0
      ]
    ],
    "entropy_record": [
      1.385366678237915,
      1.3616060018539429,
      1.3448822498321533,
      1.2982174158096313,
      1.2317886352539062,
      1.1646990776062012,
      1.1004127264022827,
      1.0289057493209839,
      0.9759572744369507,
      0.9450533390045166,
      0.9159780740737915,
      0.8732617497444153,
      0.8163142204284668,
      0.7845955491065979,
      0.7617270350456238,
      0.7197770476341248,
      0.6913170218467712,
      0.6713188886642456,
      0.6509236097335815,
      0.62189120054245,
      0.5925002098083496,
      0.5777367949485779,
      0.5641565918922424,
      0.5427167415618896,
      0.5334154367446899,
      0.5213250517845154,
      0.514427661895752,
      0.507570207118988,
      0.5096461772918701,
      0.4958512783050537,
      0.48554527759552,
      0.4913180470466614,
      0.47594794631004333,
      0.48917362093925476,
      0.4709809124469757,
      0.4714844822883606,
      0.47078463435173035,
      0.46746814250946045,
      0.46755480766296387,
      0.4612142741680145,
      0.46019691228866577,
      0.46308714151382446,
      0.45776885747909546,
      0.4536859393119812,
      0.4553706645965576,
      0.44662392139434814,
      0.44498491287231445,
      0.45182234048843384,
      0.4444575905799866,
      0.4426940083503723,
      0.4447175860404968,
      0.4441060721874237,
      0.43994787335395813,
      0.4389515221118927,
      0.4385516941547394,
      0.43909743428230286,
      0.4400635361671448,
      0.43627938628196716,
      0.43682947754859924,
      0.43313127756118774,
      0.4337673783302307,
      0.43326857686042786,
      0.43631717562675476,
      0.4309987723827362,
      0.4314633011817932,
      0.4313703775405884,
      0.43343523144721985,
      0.43281593918800354,
      0.42999017238616943,
      0.429267019033432,
      0.42623957991600037,
      0.42752906680107117,
      0.4295763373374939,
      0.42544281482696533,
      0.43256211280822754,
      0.4284804165363312,
      0.43141382932662964,
      0.4329233467578888,
      0.4257206916809082,
      0.425647497177124,
      0.4253164231777191,
      0.42682477831840515,
      0.4246827960014343,
      0.4280219078063965,
      0.42543020844459534,
      0.42483341693878174,
      0.4214951992034912,
      0.42617255449295044,
      0.4250648319721222,
      0.425866961479187,
      0.42354798316955566,
      0.423447847366333,
      0.42503854632377625,
      0.42211446166038513,
      0.4215869903564453,
      0.42355969548225403,
      0.4211518466472626,
      0.4199737310409546,
      0.42322778701782227,
      0.42316409945487976,
      0.4255799353122711,
      0.42454347014427185,
      0.42488735914230347,
      0.42586594820022583,
      0.428181529045105,
      0.42396217584609985,
      0.4246123731136322,
      0.42317578196525574,
      0.4242214560508728,
      0.4221544861793518,
      0.426760733127594,
      0.42521587014198303,
      0.4248352348804474,
      0.4238983690738678,
      0.42823439836502075,
      0.42954006791114807,
      0.42576488852500916,
      0.4302137494087219,
      0.42868173122406006,
      0.42833244800567627,
      0.42972803115844727,
      0.42882275581359863,
      0.4296129047870636,
      0.4333418011665344,
      0.4332687556743622,
      0.4317954182624817,
      0.433349609375,
      0.435432106256485,
      0.4360399842262268,
      0.43694931268692017,
      0.44226351380348206,
      0.43826621770858765,
      0.44053423404693604,
      0.4403914213180542,
      0.4387759566307068,
      0.44010648131370544,
      0.4433300197124481,
      0.441712349653244,
      0.439449667930603,
      0.4412388801574707,
      0.4429780840873718,
      0.4440339207649231,
      0.4433867037296295,
      0.4431028366088867,
      0.440999835729599,
      0.44052788615226746,
      0.43956446647644043,
      0.43986374139785767,
      0.4385557770729065,
      0.43751081824302673,
      0.43945813179016113,
      0.4406845271587372,
      0.437521368265152,
      0.43716591596603394,
      0.4386591911315918,
      0.4367932975292206,
      0.4353499114513397,
      0.43777915835380554,
      0.43298089504241943,
      0.43426766991615295,
      0.43301278352737427,
      0.43283718824386597,
      0.4326820969581604,
      0.43324849009513855,
      0.4313730299472809,
      0.43005481362342834,
      0.42792779207229614,
      0.42808088660240173,
      0.4257246255874634,
      0.42387422919273376,
      0.4218674898147583,
      0.42162877321243286,
      0.4224925637245178,
      0.4213884472846985,
      0.4194501042366028,
      0.42131122946739197,
      0.4174456000328064,
      0.4157859981060028,
      0.4150572121143341
    ],
    "epochs_ran": 179,
    "final_entropy": 0.4150572121143341,
    "final_loss": 0.3490428030490875,
    "plot_diagnostics": null,
    "runtime_seconds": 15.320900324732065
  }
}