{
  "config": {
    "early_stopping": true,
    "epochs": 601,
    "expert_lr": 0.00060703,
    "expert_momentum": 0.922578,
    "expert_num": 8,
    "expert_weight_decay": 0.0,
    "load_balancing": false,
    "optimizer_family": "original",
    "router_lr": 0.25153955,
    "router_momentum": 0.927134,
    "router_weight_decay": 0.0
  },
  "eval_metrics": {
    "accuracy": 99.53125,
    "dispatch_counts": [
      [
        0.0,
        0.0,
        0.0,
        1.0,
        0.0,
        0.0,
        828.0,
        0.0
      ],
      [
        0.0,
        777.0,
        0.0,
        0.0,
        1.0,
        0.0,
        1.0,
        0.0
      ],
      [
        0.0,
        0.0,
        806.0,
        1.0,
        3.0,
        0.0,
        2.0,
        0.0
      ],
      [
        101.0,
        2.0,
        1.0,
        674.0,
        1.0,
        0.0,
        1.0,
        0.0
      ]
    ],
    "entropy": 0.022156281396746635,
    "loss": 0.3179587125778198,
    "runtime_seconds": 0.012060387060046196,
    "split": "validation"
  },
  "fold_index": 1,
  "mode": "nonlinear",
  "seed": 21712,
  "setting": 2,
  "total_runtime_seconds": 49.53005811572075,
  "train_metrics": {
    "dispatch_counts": [
      [
        0.0,
        2.0,
        0.0,
        1.0,
        4.0,
        0.0,
        3307.0,
        0.0
      ],
      [
        2.0,
        3103.0,
        1.0,
        5.0,
        0.0,
        0.0,
        7.0,
        0.0
      ],
      [
        1.0,
        8.0,
        3231.0,
        2.0,
        3.0,
        0.0,
        5.0,
        0.0
      ],
      [
        402.0,
        9.0,
        2.0,
        2664.0,
        33.0,
        0.0,
        8.0,
        0.0
      ]
    ],
    "entropy_record": [
      1.385399341583252,
      1.385267734527588,
      1.385208249092102,
      1.385092854499817,
      1.385054349899292,
      1.3851903676986694,
      1.3852249383926392,
      1.384700894355774,
      1.3845075368881226,
      1.3840731382369995,
      1.3800677061080933,
      1.3715059757232666,
      1.3359181880950928,
      1.2352906465530396,
      0.934020459651947,
      0.5782596468925476,
      0.2933928370475769,
      0.14655326306819916,
      0.08609876781702042,
      0.0617046132683754,
      0.04918904975056648,
      0.04112105071544647,
      0.04041724652051926,
      0.03569149971008301,
      0.03456192836165428,
      0.03351670876145363,
      0.03205881640315056,
      0.03283384069800377,
      0.03575770556926727,
      0.033739931881427765,
      0.034876253455877304,
      0.030610688030719757,
      0.032077398151159286,
      0.03032776340842247,
      0.03187437355518341,
      0.03295295313000679,
      0.03307152912020683,
      0.031073210760951042,
      0.02954178862273693,
      0.031599368900060654,
      0.031577832996845245,
      0.03152477741241455,
      0.03207990899682045,
      0.030925489962100983,
      0.03275889903306961,
      0.030630599707365036,
      0.030503973364830017,
      0.03293539211153984,
      0.03077203407883644,
      0.03013238124549389,
      0.03101222962141037,
      0.029841242358088493,
      0.02949066460132599,
      0.03018687479197979,
      0.029520753771066666,
      0.03207183629274368,
      0.031584084033966064,
      0.02997535839676857,
      0.031901925802230835,
      0.03216328099370003,
      0.03224512189626694,
      0.02951228991150856,
      0.030788060277700424,
      0.02901880070567131,
      0.03076210245490074,
      0.03178959712386131,
      0.030661482363939285,
      0.029095696285367012,
      0.029708098620176315,
      0.02988571673631668,
      0.032366421073675156,
      0.0317489318549633,
      0.03195319324731827,
      0.031773507595062256,
      0.03187908977270126,
      0.030827276408672333,
      0.03066880628466606,
      0.030095253139734268,
      0.030706651508808136,
      0.030258072540163994,
      0.030577195808291435,
      0.03192046284675598,
      0.030961688607931137,
      0.031170150265097618,
      0.030475012958049774,
      0.031924229115247726,
      0.031289927661418915,
      0.030367117375135422,
      0.030360154807567596,
      0.03173348680138588,
      0.0302824005484581,
      0.03357136249542236,
      0.031084049493074417,
      0.030222289264202118,
      0.029554596170783043,
      0.03354007005691528,
      0.03082459792494774,
      0.03104989603161812,
      0.03188969939947128,
      0.031018091365695,
      0.03231433033943176,
      0.03247678279876709,
      0.03182312846183777,
      0.03138187527656555,
      0.031895242631435394,
      0.03132235258817673,
      0.032238930463790894,
      0.030065054073929787,
      0.031823210418224335,
      0.030321981757879257,
      0.030643433332443237,
      0.0318315327167511,
      0.03136160969734192,
      0.030447695404291153,
      0.03153596073389053,
      0.029528997838497162,
      0.030751965939998627,
      0.03276315703988075,
      0.03023529425263405,
      0.02998926490545273,
      0.02977004647254944,
      0.031011924147605896,
      0.03136647865176201,
      0.030722569674253464,
      0.029850982129573822,
      0.03159700706601143,
      0.02880355343222618,
      0.030768457800149918,
      0.03232501074671745,
      0.030736958608031273,
      0.03058137372136116,
      0.03105536848306656,
      0.031238209456205368,
      0.03192339465022087,
      0.030635397881269455,
      0.03177380561828613,
      0.03202636539936066,
      0.03028852306306362,
      0.03183046728372574,
      0.03086370974779129,
      0.032123878598213196,
      0.03227156028151512,
      0.03156637027859688,
      0.03145117312669754,
      0.03133301064372063,
      0.029828112572431564,
      0.031010974198579788,
      0.03192257881164551,
      0.03194861486554146,
      0.03186371177434921,
      0.03142593428492546,
      0.03104555979371071,
      0.0312587134540081,
      0.03075580671429634,
      0.03149291127920151,
      0.03043961524963379,
      0.03179015964269638,
      0.030805539339780807,
      0.03146479278802872,
      0.03163808584213257,
      0.031798362731933594,
      0.03138360381126404,
      0.03030715510249138,
      0.031069129705429077,
      0.031105510890483856,
      0.03050292283296585,
      0.03083263710141182,
      0.030937861651182175,
      0.03247461095452309,
      0.03246508911252022,
      0.03007381595671177,
      0.03250174969434738,
      0.03204014152288437,
      0.03131631761789322,
      0.03233696147799492,
      0.03200029581785202,
      0.030231842771172523,
      0.03223712369799614,
      0.03210955113172531,
      0.030607596039772034,
      0.029463957995176315,
      0.030450530350208282,
      0.03050641529262066,
      0.030836017802357674,
      0.029942993074655533,
      0.031140265986323357,
      0.031999316066503525,
      0.03126518800854683,
      0.03220696747303009,
      0.030936148017644882,
      0.03074498474597931,
      0.03184192627668381,
      0.030657224357128143,
      0.03206722438335419,
      0.03238590806722641,
      0.030721891671419144,
      0.031930360943078995,
      0.03280656039714813,
      0.030095010995864868,
      0.03125748038291931,
      0.03103848546743393,
      0.03227092698216438,
      0.031052768230438232,
      0.03073832020163536,
      0.031816743314266205,
      0.030676279217004776,
      0.029905404895544052,
      0.030311796814203262,
      0.03227010369300842,
      0.031059635803103447,
      0.030741624534130096,
      0.03086400218307972,
      0.029573269188404083,
      0.0314471572637558,
      0.031116411089897156,
      0.0305186677724123,
      0.03195459768176079,
      0.030256159603595734,
      0.03190535306930542,
      0.03079100139439106,
      0.029703836888074875,
      0.0313190221786499,
      0.0315510556101799,
      0.03079359605908394,
      0.03214974328875542,
      0.03338455408811569,
      0.03201799467206001,
      0.029834432527422905,
      0.03045519068837166,
