{
  "config": {
    "early_stopping": true,
    "epochs": 601,
    "expert_lr": 0.00060703,
    "expert_momentum": 0.922578,
    "expert_num": 8,
    "expert_weight_decay": 0.0,
    "load_balancing": false,
    "optimizer_family": "original",
    "router_lr": 0.25153955,
    "router_momentum": 0.927134,
    "router_weight_decay": 0.0
  },
  "eval_metrics": {
    "accuracy": 94.65625,
    "dispatch_counts": [
      [
        143.0,
        169.0,
        5.0,
        0.0,
        230.0,
        58.0,
        224.0,
        0.0
      ],
      [
        48.0,
        24.0,
        4.0,
        0.0,
        663.0,
        39.0,
        1.0,
        0.0
      ],
      [
        0.0,
        7.0,
        737.0,
        0.0,
        57.0,
        11.0,
        1.0,
        0.0
      ],
      [
        0.0,
        22.0,
        0.0,
        0.0,
        75.0,
        682.0,
        0.0,
        0.0
      ]
    ],
    "entropy": 0.5498092174530029,
    "loss": 0.3661966323852539,
    "runtime_seconds": 0.011962511111050844,
    "split": "validation"
  },
  "fold_index": 2,
  "mode": "nonlinear",
  "seed": 21713,
  "setting": 2,
  "total_runtime_seconds": 49.44371412228793,
  "train_metrics": {
    "dispatch_counts": [
      [
        657.0,
        721.0,
        12.0,
        0.0,
        868.0,
        176.0,
        880.0,
        0.0
      ],
      [
        190.0,
        113.0,
        24.0,
        0.0,
        2675.0,
        116.0,
        0.0,
        0.0
      ],
      [
        9.0,
        46.0,
        2934.0,
        0.0,
        230.0,
        27.0,
        3.0,
        0.0
      ],
      [
        0.0,
        47.0,
        6.0,
        0.0,
        296.0,
        2769.0,
        1.0,
        0.0
      ]
    ],
    "entropy_record": [
      1.3851948976516724,
      1.3854588270187378,
      1.3848549127578735,
      1.3850359916687012,
      1.3853487968444824,
      1.3852128982543945,
      1.3851772546768188,
      1.384871482849121,
      1.3849232196807861,
      1.3852262496948242,
      1.382612705230713,
      1.3746898174285889,
      1.3533028364181519,
      1.2781444787979126,
      1.0931437015533447,
      0.7835666537284851,
      0.6317560076713562,
      0.5921401977539062,
      0.5592475533485413,
      0.5382916331291199,
      0.5226421356201172,
      0.5090224742889404,
      0.5093648433685303,
      0.4992159605026245,
      0.49704745411872864,
      0.49316081404685974,
      0.48317188024520874,
      0.477916955947876,
      0.46580877900123596,
      0.45602309703826904,
      0.44044995307922363,
      0.4265404939651489,
      0.4067907929420471,
      0.39113157987594604,
      0.3793761730194092,
      0.3635077476501465,
      0.35775911808013916,
      0.34989994764328003,
      0.34203338623046875,
      0.33989396691322327,
      0.3349924087524414,
      0.33313167095184326,
      0.3322587013244629,
      0.33683210611343384,
      0.33182772994041443,
      0.33182835578918457,
      0.3352319598197937,
      0.33648520708084106,
      0.3385513126850128,
      0.3348059058189392,
      0.3350173234939575,
      0.3355422616004944,
      0.34016314148902893,
      0.33648645877838135,
      0.34048882126808167,
      0.34040191769599915,
      0.34337350726127625,
      0.3440917432308197,
      0.34495487809181213,
      0.34573033452033997,
      0.3463909327983856,
      0.34673938155174255,
      0.3473736345767975,
      0.3512130081653595,
      0.35118556022644043,
      0.3504783809185028,
      0.3519192337989807,
      0.35270214080810547,
      0.35452184081077576,
      0.35483992099761963,
      0.3585233688354492,
      0.35700279474258423,
      0.35944125056266785,
      0.3584423363208771,
      0.35976532101631165,
      0.3599148988723755,
      0.3641785979270935,
      0.36291882395744324,
      0.3678033947944641,
      0.3656757175922394,
      0.3667242228984833,
      0.3703263998031616,
      0.3702033460140228,
      0.3714213967323303,
      0.3725878596305847,
      0.37151286005973816,
      0.37295594811439514,
      0.37186092138290405,
      0.3756158649921417,
      0.3760511577129364,
      0.3752431571483612,
      0.37615910172462463,
      0.3749704957008362,
      0.377732515335083,
      0.3771587312221527,
      0.37997934222221375,
      0.3790957033634186,
      0.37989944219589233,
      0.3799054026603699,
      0.3803560435771942,
      0.3805546760559082,
      0.3825266659259796,
      0.38281524181365967,
      0.3819810152053833,
      0.38446590304374695,
      0.38557153940200806,
      0.3860551416873932,
      0.38399171829223633,
      0.3836870789527893,
      0.3872143626213074,
      0.3864108920097351,
      0.3862147033214569,
      0.38553884625434875,
      0.3875897228717804,
      0.38687124848365784,
      0.38712167739868164,
      0.38753360509872437,
      0.3875488340854645,
      0.38915905356407166,
      0.3895070254802704,
      0.39080706238746643,
      0.3898538053035736,
      0.3917557895183563,
      0.39130938053131104,
      0.3931606709957123,
      0.3930622935295105,
      0.3952201306819916,
      0.39375656843185425,
      0.392444908618927,
      0.39241018891334534,
      0.3952239155769348,
      0.39220473170280457,
      0.393103688955307,
      0.3931652307510376,
      0.39251694083213806,
      0.39411845803260803,
      0.39530858397483826,
      0.39558035135269165,
      0.3947528898715973,
      0.3952302634716034,
      0.39463961124420166,
      0.39642348885536194,
      0.3954060971736908,
      0.39423829317092896,
      0.3979598581790924,
      0.3953258693218231,
      0.40050700306892395,
      0.39520078897476196,
      0.3960525095462799,
      0.39735010266304016,
      0.3949233591556549,
      0.3997761011123657,
      0.39706024527549744,
      0.3968791365623474,
      0.3978118896484375,
      0.3968375623226166,
      0.39800554513931274,
      0.3979690968990326,
      0.4018889367580414,
      0.39608627557754517,
      0.3991928696632385,
      0.3992677927017212,
      0.398674339056015,
      0.4016314446926117,
      0.3990454077720642,
      0.4010372757911682,
      0.40189531445503235,
      0.4005122184753418,
      0.40075254440307617,
      0.4021339416503906,
      0.4028623104095459,
      0.4022534489631653,
      0.40048694610595703,
      0.3974405527114868,
      0.3993983268737793,
      0.3995971381664276,
      0.40044093132019043,
      0.40290504693984985,
      0.4019632339477539,
      0.4013911187648773,
      0.4032100439071655,
      0.40255406498908997,
      0.4019317924976349,
      0.4036553204059601,
      0.3991481363773346,
      0.40053075551986694,
      0.40507036447525024,
      0.39920106530189514,
      0.40002015233039856,
      0.4008691608905792,
      0.40020591020584106,
      0.4053036868572235,
      0.40033456683158875,
      0.40129753947257996,
      0.4031853973865509,
      0.4012718200683594,
      0.40172943472862244,
      0.4028436839580536,
      0.4031812846660614,
      0.4042467176914215,
      0.40584638714790344,
      0.40401971340179443,
      0.40222087502479553,
      0.40461423993110657,
      0.40513086318969727,
      0.3996847867965698,
      0.4036159813404083,
      0.40319904685020447,
      0.401677668094635,
      0.40354374051094055,
      0.40286922454833984,
      0.40188661217689514,
      0.4034567177295685,
      0.4036293923854828,
      0.40308165550231934,
      0.4045049846172333,
      0.4039444923400879,
      0.40421241521835327,
      0.4059465825557709,
      0.40618497133255005,
      0.4053851366043091,
      0.40551939606666565,
      0.40572109818458557,
      0.40408629179000854,
      0.4052683711051941,
      0.4064735472202301,
      0.40894562005996704,
      0.40582704544067383,
      0.40542811155319214,
      0.4062649607658386,
      0.4083015024662018,
      0.40591999888420105,
      0.4079431891441345,
      0.4084166884422302,
      0.4089486002922058,
      0.4084544777870178,
