{
  "config": {
    "early_stopping": true,
    "epochs": 601,
    "expert_lr": 0.00401783,
    "expert_momentum": 0.859958,
    "expert_num": 8,
    "expert_weight_decay": 0.0001,
    "load_balancing": false,
    "ns_steps": 5,
    "optimizer_family": "muon",
    "router_lr": 0.00825957,
    "router_momentum": 0.880683,
    "router_weight_decay": 0.0001
  },
  "eval_metrics": {
    "accuracy": 94.34375,
    "dispatch_counts": [
      [
        397.0,
        4.0,
        12.0,
        372.0,
        0.0,
        8.0,
        21.0,
        14.0
      ],
      [
        26.0,
        0.0,
        322.0,
        1.0,
        0.0,
        0.0,
        351.0,
        80.0
      ],
      [
        18.0,
        295.0,
        77.0,
        5.0,
        323.0,
        40.0,
        11.0,
        43.0
      ],
      [
        10.0,
        1.0,
        104.0,
        5.0,
        34.0,
        339.0,
        281.0,
        6.0
      ]
    ],
    "entropy": 0.5717915296554565,
    "loss": 0.3698931038379669,
    "runtime_seconds": 0.007527076173573732,
    "split": "validation"
  },
  "fold_index": 0,
  "mode": "nonlinear",
  "seed": 41811,
  "setting": 4,
  "total_runtime_seconds": 11.980496399104595,
  "train_metrics": {
    "dispatch_counts": [
      [
        1551.0,
        21.0,
        71.0,
        1421.0,
        2.0,
        32.0,
        155.0,
        62.0
      ],
      [
        97.0,
        0.0,
        1339.0,
        3.0,
        2.0,
        0.0,
        1426.0,
        250.0
      ],
      [
        59.0,
        1259.0,
        301.0,
        15.0,
        1236.0,
        110.0,
        41.0,
        229.0
      ],
      [
        45.0,
        3.0,
        422.0,
        26.0,
        114.0,
        1355.0,
        1141.0,
        12.0
      ]
    ],
    "entropy_record": [
      1.385304570198059,
      1.335689663887024,
      1.2628880739212036,
      1.1837818622589111,
      1.0905017852783203,
      1.0241382122039795,
      0.9721680879592896,
      0.937873125076294,
      0.8940043449401855,
      0.8611150979995728,
      0.8278322219848633,
      0.7962905168533325,
      0.7685856223106384,
      0.7627506852149963,
      0.7342579960823059,
      0.7322580814361572,
      0.7229400873184204,
      0.7028301358222961,
      0.6983067393302917,
      0.6841744184494019,
      0.6839646100997925,
      0.6805697083473206,
      0.6699750423431396,
      0.6697701811790466,
      0.6626779437065125,
      0.6606054902076721,
      0.6536586284637451,
      0.6525330543518066,
      0.6457905173301697,
      0.6494407653808594,
      0.6501342058181763,
      0.6462993621826172,
      0.6438619494438171,
      0.6471129655838013,
      0.6449014544487,
      0.6421099901199341,
      0.6386384963989258,
      0.6369119882583618,
      0.6399599313735962,
      0.6372358798980713,
      0.636084794998169,
      0.634093165397644,
      0.632388174533844,
      0.6366513967514038,
      0.6371801495552063,
      0.6313368082046509,
      0.6323942542076111,
      0.6281555891036987,
      0.6290931701660156,
      0.6322397589683533,
      0.632845401763916,
      0.6345487833023071,
      0.6316882371902466,
      0.6293050646781921,
      0.630794107913971,
      0.6291949152946472,
      0.6277064085006714,
      0.629044771194458,
      0.6253273487091064,
      0.6266475319862366,
      0.6224473118782043,
      0.6233136653900146,
      0.6236609816551208,
      0.6204269528388977,
      0.6262065768241882,
      0.6213773488998413,
      0.6190859079360962,
      0.6198344826698303,
      0.6189191937446594,
      0.614196240901947,
      0.6128900051116943,
      0.618201732635498,
      0.6180881261825562,
      0.6152140498161316,
      0.6149747371673584,
      0.6096432209014893,
      0.6064525246620178,
      0.6057969331741333,
      0.6062980890274048,
      0.6036098599433899,
      0.6011295318603516,
      0.6021141409873962,
      0.5995153784751892,
      0.5973281860351562,
      0.5979501605033875,
      0.59022057056427,
      0.5898976922035217,
      0.594525933265686,
      0.5864138603210449,
      0.5914508104324341,
      0.5872460007667542,
      0.587188184261322,
      0.5892165899276733,
      0.5811285376548767,
      0.5796560645103455,
      0.5766021013259888,
      0.5769690275192261,
      0.5730534195899963,
      0.5716874003410339,
      0.565888524055481,
      0.5618035197257996,
      0.5608640313148499,
      0.5607385635375977,
      0.5597221851348877,
      0.5592594742774963,
      0.5595248937606812,
      0.5564619898796082,
      0.5546812415122986,
      0.5528305768966675,
      0.557024359703064,
      0.5592495799064636,
      0.5541245937347412,
      0.5615712404251099,
      0.5661599636077881,
      0.5640763640403748,
      0.5607079267501831,
      0.567107081413269,
      0.5644341707229614,
      0.567696213722229,
      0.5690379738807678,
      0.5700164437294006,
      0.570080041885376,
      0.570855975151062,
      0.5717552900314331,
      0.5708569884300232,
      0.574580729007721,
      0.5756062865257263,
      0.5721001029014587,
      0.5734151601791382,
      0.5768221020698547,
      0.5761726498603821,
      0.5751237869262695,
      0.576251208782196,
      0.5800933837890625,
      0.580058217048645,
      0.5800107717514038,
      0.5788867473602295,
      0.579147219657898,
      0.5769482851028442,
      0.5809277892112732,
      0.5825106501579285
    ],
    "epochs_ran": 141,
    "final_entropy": 0.5825106501579285,
    "final_loss": 0.36294910311698914,
    "plot_diagnostics": null,
    "runtime_seconds": 11.972969322931021
  }
}