{
  "config": {
    "early_stopping": true,
    "epochs": 601,
    "expert_lr": 0.0005576,
    "expert_momentum": 0.858049,
    "expert_num": 8,
    "expert_weight_decay": 0.0001,
    "load_balancing": false,
    "ns_steps": 3,
    "optimizer_family": "muon",
    "router_lr": 0.06668259,
    "router_momentum": 0.955343,
    "router_weight_decay": 0.0
  },
  "eval_metrics": {
    "accuracy": 91.84375,
    "dispatch_counts": [
      [
        226.0,
        60.0,
        34.0,
        0.0,
        0.0,
        4.0,
        483.0,
        0.0
      ],
      [
        357.0,
        87.0,
        24.0,
        0.0,
        307.0,
        22.0,
        3.0,
        0.0
      ],
      [
        1.0,
        375.0,
        385.0,
        0.0,
        1.0,
        2.0,
        37.0,
        0.0
      ],
      [
        130.0,
        124.0,
        5.0,
        0.0,
        1.0,
        507.0,
        25.0,
        0.0
      ]
    ],
    "entropy": 0.6546882390975952,
    "loss": 0.39479994773864746,
    "runtime_seconds": 0.008557385765016079,
    "split": "validation"
  },
  "fold_index": 3,
  "mode": "nonlinear",
  "seed": 10814,
  "setting": 1,
  "total_runtime_seconds": 14.33728494355455,
  "train_metrics": {
    "dispatch_counts": [
      [
        892.0,
        251.0,
        180.0,
        0.0,
        0.0,
        12.0,
        1893.0,
        0.0
      ],
      [
        1441.0,
        368.0,
        130.0,
        0.0,
        1164.0,
        88.0,
        8.0,
        0.0
      ],
      [
        1.0,
        1470.0,
        1589.0,
        0.0,
        16.0,
        8.0,
        121.0,
        0.0
      ],
      [
        554.0,
        583.0,
        21.0,
        0.0,
        0.0,
        1943.0,
        67.0,
        0.0
      ]
    ],
    "entropy_record": [
      1.3855115175247192,
      0.9375500679016113,
      0.9216271042823792,
      0.8961206078529358,
      0.8995583653450012,
      0.903957724571228,
      0.9051430225372314,
      0.905475914478302,
      0.9061808586120605,
      0.9074585437774658,
      0.9090823531150818,
      0.906827986240387,
      0.9054722785949707,
      0.9068437814712524,
      0.9026460647583008,
      0.897392749786377,
      0.8903520107269287,
      0.8820827603340149,
      0.8739532828330994,
      0.8696749210357666,
      0.8617978096008301,
      0.8516365885734558,
      0.8454654812812805,
      0.8399378061294556,
      0.8363680839538574,
      0.8314571380615234,
      0.8289469480514526,
      0.8263130187988281,
      0.8249421715736389,
      0.8221794366836548,
      0.822508692741394,
      0.8210095763206482,
      0.8231399059295654,
      0.8265368938446045,
      0.8314297199249268,
      0.832137405872345,
      0.8372622132301331,
      0.8386087417602539,
      0.8438619375228882,
      0.8466088175773621,
      0.8495070934295654,
      0.8511086106300354,
      0.8549003601074219,
      0.8574106693267822,
      0.8609785437583923,
      0.8620191812515259,
      0.8636153340339661,
      0.8665212392807007,
      0.8691127896308899,
      0.8695492744445801,
      0.8706464767456055,
      0.87106853723526,
      0.87115079164505,
      0.8737390041351318,
      0.8743435144424438,
      0.8748955726623535,
      0.8763200044631958,
      0.8746933341026306,
      0.876876175403595,
      0.8772928714752197,
      0.8766584992408752,
      0.8760266304016113,
      0.8760056495666504,
      0.8761164546012878,
      0.8757281303405762,
      0.8743911385536194,
      0.8752092719078064,
      0.8742078542709351,
      0.8740039467811584,
      0.8726122379302979,
      0.8722033500671387,
      0.8713870644569397,
      0.8700895309448242,
      0.8697266578674316,
      0.8693492412567139,
      0.8675428628921509,
      0.866141140460968,
      0.8658809065818787,
      0.8628977537155151,
      0.8625736832618713,
      0.8610299825668335,
      0.8591513633728027,
      0.8572967052459717,
      0.8571150898933411,
      0.8536142706871033,
      0.8518813252449036,
      0.849561333656311,
      0.849706768989563,
      0.8480302095413208,
      0.8450308442115784,
      0.8446364402770996,
      0.843231201171875,
      0.8411954641342163,
      0.8396013975143433,
      0.8377664089202881,
      0.8357980847358704,
      0.8330556154251099,
      0.8297356367111206,
      0.8272742033004761,
      0.8250265717506409,
      0.8221102356910706,
      0.8199067115783691,
      0.8163871765136719,
      0.8137363791465759,
      0.8109990358352661,
      0.8081539273262024,
      0.8040794730186462,
      0.8019174337387085,
      0.797895610332489,
      0.7946498990058899,
      0.7904238700866699,
      0.7869164347648621,
      0.7825102806091309,
      0.7797166109085083,
      0.7761943340301514,
      0.7719261646270752,
      0.7662661671638489,
      0.7633230090141296,
      0.758546769618988,
      0.7560622692108154,
      0.7523211240768433,
      0.7474544048309326,
      0.7441953420639038,
      0.7426289916038513,
      0.7396022081375122,
      0.7353559732437134,
      0.7321022152900696,
      0.7305905222892761,
      0.7276588678359985,
      0.725521445274353,
      0.722435474395752,
      0.7205052971839905,
      0.7177199721336365,
      0.7151312828063965,
      0.7140657305717468,
      0.7113049626350403,
      0.7093290090560913,
      0.7094711661338806,
      0.7058490514755249,
      0.7005034685134888,
      0.6985464096069336,
      0.6967796683311462,
      0.6963721513748169,
      0.6927379965782166,
      0.690021276473999,
      0.6883585453033447,
      0.6877194046974182,
      0.6872023344039917,
      0.6850566864013672,
      0.6836517453193665,
      0.681268572807312,
      0.6817544102668762,
      0.679643988609314,
      0.681486189365387,
      0.6805937886238098,
      0.6792190670967102,
      0.6782581210136414,
      0.6789955496788025,
      0.6783809065818787,
      0.6776866316795349,
      0.6775131225585938,
      0.676999032497406,
      0.6749281883239746,
      0.674360454082489,
      0.6732871532440186,
      0.672816812992096,
      0.6725207567214966,
      0.6731383800506592,
      0.6734657287597656,
      0.6728461980819702
    ],
    "epochs_ran": 170,
    "final_entropy": 0.6728461980819702,
    "final_loss": 0.396653950214386,
    "plot_diagnostics": null,
    "runtime_seconds": 14.328727557789534
  }
}