{
  "config": {
    "early_stopping": true,
    "epochs": 601,
    "expert_lr": 0.0005576,
    "expert_momentum": 0.858049,
    "expert_num": 8,
    "expert_weight_decay": 0.0001,
    "load_balancing": false,
    "ns_steps": 3,
    "optimizer_family": "muon",
    "router_lr": 0.06668259,
    "router_momentum": 0.955343,
    "router_weight_decay": 0.0
  },
  "eval_metrics": {
    "accuracy": 89.90625,
    "dispatch_counts": [
      [
        382.0,
        2.0,
        8.0,
        18.0,
        0.0,
        0.0,
        387.0,
        10.0
      ],
      [
        10.0,
        39.0,
        18.0,
        346.0,
        0.0,
        0.0,
        39.0,
        348.0
      ],
      [
        30.0,
        285.0,
        39.0,
        19.0,
        259.0,
        0.0,
        49.0,
        120.0
      ],
      [
        50.0,
        232.0,
        279.0,
        180.0,
        0.0,
        0.0,
        39.0,
        12.0
      ]
    ],
    "entropy": 0.7339017987251282,
    "loss": 0.41438233852386475,
    "runtime_seconds": 0.008285882882773876,
    "split": "validation"
  },
  "fold_index": 4,
  "mode": "nonlinear",
  "seed": 10815,
  "setting": 1,
  "total_runtime_seconds": 9.651162720751017,
  "train_metrics": {
    "dispatch_counts": [
      [
        1535.0,
        1.0,
        45.0,
        57.0,
        0.0,
        0.0,
        1526.0,
        64.0
      ],
      [
        42.0,
        145.0,
        58.0,
        1427.0,
        0.0,
        0.0,
        168.0,
        1359.0
      ],
      [
        149.0,
        1217.0,
        146.0,
        69.0,
        896.0,
        0.0,
        209.0,
        519.0
      ],
      [
        132.0,
        929.0,
        1091.0,
        816.0,
        0.0,
        0.0,
        151.0,
        49.0
      ]
    ],
    "entropy_record": [
      1.3855602741241455,
      0.9233786463737488,
      0.7754205465316772,
      0.7157339453697205,
      0.7340067028999329,
      0.7700715661048889,
      0.7803845405578613,
      0.7814480662345886,
      0.7821847796440125,
      0.7848758101463318,
      0.7940962314605713,
      0.7988955974578857,
      0.8067770004272461,
      0.8144180774688721,
      0.8221162557601929,
      0.8282489776611328,
      0.8275101184844971,
      0.8307459354400635,
      0.8306585550308228,
      0.8304989337921143,
      0.8332985639572144,
      0.8303883075714111,
      0.824120283126831,
      0.8226878643035889,
      0.8186657428741455,
      0.8127456903457642,
      0.8074160814285278,
      0.8012221455574036,
      0.7968001365661621,
      0.7938567996025085,
      0.7905228734016418,
      0.7855978012084961,
      0.7849868535995483,
      0.7823110818862915,
      0.7819142937660217,
      0.7793660759925842,
      0.7766134142875671,
      0.7735292911529541,
      0.770415186882019,
      0.7696959376335144,
      0.7703860998153687,
      0.7691158652305603,
      0.7662135362625122,
      0.7640805244445801,
      0.7672848701477051,
      0.7698534727096558,
      0.7676333785057068,
      0.7702084183692932,
      0.7677280902862549,
      0.763131856918335,
      0.7616535425186157,
      0.7602826356887817,
      0.7603793144226074,
      0.7585948705673218,
      0.756201446056366,
      0.7544618844985962,
      0.7524999976158142,
      0.7510315179824829,
      0.7511994242668152,
      0.7493618130683899,
      0.747789740562439,
      0.7482315897941589,
      0.7456685900688171,
      0.7461117506027222,
      0.7443521618843079,
      0.7435764670372009,
      0.7409808039665222,
      0.7396808862686157,
      0.74041348695755,
      0.7390340566635132,
      0.7393426895141602,
      0.7392840385437012,
      0.7395138740539551,
      0.7399182319641113,
      0.7387160658836365,
      0.7379204034805298,
      0.7385151982307434,
      0.7368088960647583,
      0.7371911406517029,
      0.7371864914894104,
      0.73565274477005,
      0.737588107585907,
      0.7362119555473328,
      0.7376115918159485,
      0.7378020882606506,
      0.7369785308837891,
      0.7373312711715698,
      0.736609697341919,
      0.736592173576355,
      0.7363361120223999,
      0.7358055114746094,
      0.7351515889167786,
      0.7356626391410828,
      0.7364993691444397,
      0.7346641421318054,
      0.7362171411514282,
      0.7350650429725647,
      0.735899806022644,
      0.734951376914978,
      0.7353627681732178,
      0.7365341186523438,
      0.7374660968780518,
      0.7386099100112915,
      0.7390143275260925,
      0.739750862121582,
      0.7399775981903076,
      0.7388026118278503,
      0.7389050126075745,
      0.7394851446151733,
      0.7402305603027344,
      0.7400193810462952,
      0.7408317923545837,
      0.7422478795051575,
      0.7414883971214294
    ],
    "epochs_ran": 114,
    "final_entropy": 0.7414883971214294,
    "final_loss": 0.4165770411491394,
    "plot_diagnostics": null,
    "runtime_seconds": 9.642876837868243
  }
}