{
  "config": {
    "early_stopping": true,
    "epochs": 601,
    "expert_lr": 0.00077698,
    "expert_momentum": 0.889589,
    "expert_num": 8,
    "expert_weight_decay": 0.0001,
    "load_balancing": false,
    "optimizer_family": "original",
    "router_lr": 0.0626981,
    "router_momentum": 0.972923,
    "router_weight_decay": 0.0
  },
  "eval_metrics": {
    "accuracy": 99.15625,
    "dispatch_counts": [
      [
        0.0,
        1.0,
        0.0,
        0.0,
        0.0,
        0.0,
        0.0,
        827.0
      ],
      [
        1.0,
        777.0,
        0.0,
        0.0,
        0.0,
        0.0,
        0.0,
        2.0
      ],
      [
        1.0,
        1.0,
        808.0,
        0.0,
        0.0,
        0.0,
        0.0,
        2.0
      ],
      [
        778.0,
        0.0,
        1.0,
        0.0,
        0.0,
        0.0,
        0.0,
        1.0
      ]
    ],
    "entropy": 0.023173818364739418,
    "loss": 0.3217034637928009,
    "runtime_seconds": 0.012043608352541924,
    "split": "validation"
  },
  "fold_index": 0,
  "mode": "nonlinear",
  "seed": 20611,
  "setting": 2,
  "total_runtime_seconds": 49.30561409750953,
  "train_metrics": {
    "dispatch_counts": [
      [
        2.0,
        1.0,
        0.0,
        0.0,
        0.0,
        0.0,
        0.0,
        3312.0
      ],
      [
        2.0,
        3109.0,
        1.0,
        0.0,
        0.0,
        0.0,
        0.0,
        5.0
      ],
      [
        6.0,
        8.0,
        3226.0,
        0.0,
        0.0,
        0.0,
        0.0,
        10.0
      ],
      [
        3107.0,
        4.0,
        3.0,
        0.0,
        0.0,
        0.0,
        0.0,
        4.0
      ]
    ],
    "entropy_record": [
      1.3851797580718994,
      1.3854234218597412,
      1.3850823640823364,
      1.385059118270874,
      1.3849945068359375,
      1.38515043258667,
      1.3853683471679688,
      1.3847841024398804,
      1.3848811388015747,
      1.3848068714141846,
      1.3847806453704834,
      1.3832900524139404,
      1.375907063484192,
      1.3611953258514404,
      1.3185241222381592,
      1.1983399391174316,
      0.9584263563156128,
      0.6371995806694031,
      0.34792426228523254,
      0.1689661741256714,
      0.10793058574199677,
      0.06552538275718689,
      0.052542075514793396,
      0.04706042259931564,
      0.04408054053783417,
      0.03669421002268791,
      0.03918886184692383,
      0.03554631397128105,
      0.03653363510966301,
      0.03147141635417938,
      0.03107297793030739,
      0.028561729937791824,
      0.03125637397170067,
      0.027795586735010147,
      0.028309756889939308,
      0.029064208269119263,
      0.027465634047985077,
      0.02907775714993477,
      0.025748156011104584,
      0.026159122586250305,
      0.028646530583500862,
      0.026294561102986336,
      0.028210535645484924,
      0.02486785501241684,
      0.02552025206387043,
      0.025688745081424713,
      0.028332717716693878,
      0.027867428958415985,
      0.02785244956612587,
      0.025066852569580078,
      0.024160733446478844,
      0.026127701625227928,
      0.027071285992860794,
      0.02540013939142227,
      0.02403257228434086,
      0.02407863549888134,
      0.02522803470492363,
      0.026122471317648888,
      0.026125237345695496,
      0.023257426917552948,
      0.023627927526831627,
      0.026914289221167564,
      0.02689727395772934,
      0.023673955351114273,
      0.025208203122019768,
      0.026983844116330147,
      0.026093486696481705,
      0.025088168680667877,
      0.025723401457071304,
      0.02741088718175888,
      0.024678757414221764,
      0.02326270379126072,
      0.025811564177274704,
      0.025111086666584015,
      0.02461019717156887,
      0.027110539376735687,
      0.025114361196756363,
      0.024869821965694427,
      0.02679409831762314,
      0.024611899629235268,
      0.02418474853038788,
      0.02418496645987034,
      0.02624010667204857,
      0.027012521401047707,
      0.02572524920105934,
      0.024716483429074287,
      0.025127850472927094,
      0.025632783770561218,
      0.025876322761178017,
      0.02460554800927639,
      0.026169801130890846,
      0.025938114151358604,
      0.02532900497317314,
      0.027878358960151672,
      0.02585550956428051,
      0.02467476762831211,
      0.025214161723852158,
      0.028412822633981705,
      0.023576676845550537,
      0.024505557492375374,
      0.024208370596170425,
      0.02503000572323799,
      0.02561899833381176,
      0.02615230157971382,
      0.024781104177236557,
      0.024712011218070984,
      0.024712011218070984,
      0.026229938492178917,
      0.026482075452804565,
      0.026596549898386,
      0.02570599876344204,
      0.02525702491402626,
      0.02718944475054741,
      0.025797301903367043,
      0.026250893250107765,
      0.025024503469467163,
      0.024855729192495346,
      0.026726186275482178,
      0.02519436553120613,
      0.026850521564483643,
      0.02567341737449169,
      0.02682555466890335,
      0.026851627975702286,
      0.025202766060829163,
      0.02564910426735878,
      0.02568231336772442,
      0.025174159556627274,
      0.025212667882442474,
      0.026739586144685745,
      0.02618781104683876,
      0.026761651039123535,
      0.027261923998594284,
      0.026425138115882874,
      0.025283129885792732,
      0.02546587586402893,
      0.026750771328806877,
      0.026328139007091522,
      0.026701968163251877,
      0.02523014508187771,
      0.025560904294252396,
      0.025685733184218407,
      0.02626843936741352,
      0.026006145402789116,
      0.02569013461470604,
      0.026382870972156525,
      0.024889042600989342,
      0.023695051670074463,
      0.02477087825536728,
      0.02515670284628868,
      0.025105567649006844,
      0.02627597749233246,
      0.025845807045698166,
      0.025234811007976532,
      0.024505557492375374,
      0.025816557928919792,
      0.025681450963020325,
      0.02464592456817627,
      0.02454526349902153,
      0.023989640176296234,
      0.02473289892077446,
      0.026633232831954956,
      0.026224814355373383,
      0.02485000528395176,
      0.025595616549253464,
      0.02624422125518322,
      0.025680430233478546,
      0.02409427985548973,
      0.026477264240384102,
      0.024586886167526245,
      0.026250071823596954,
      0.02461019717156887,
      0.026858629658818245,
      0.024781104177236557,
      0.025708425790071487,
      0.02623724937438965,
      0.025237228721380234,
      0.025589600205421448,
      0.026354748755693436,
      0.026341736316680908,
      0.025641709566116333,
      0.02519436553120613,
      0.026263540610671043,
      0.02477087825536728,
      0.025585193186998367,
      0.0240311399102211,
      0.025297055020928383,
      0.02745933085680008,
      0.02683313563466072,
      0.025879133492708206,
      0.025768207386136055,
      0.026807531714439392,
      0.02564534917473793,
      0.02561425045132637,
      0.02726810798048973,
      0.025131843984127045,
      0.0266861654818058,
      0.024404924362897873,
      0.023620206862688065,
      0.025773072615265846,
      0.02655770629644394,
      0.025248412042856216,
      0.02576816827058792,
      0.026166148483753204,
      0.02570648305118084,
      0.025641337037086487,
      0.025103244930505753,
      0.025797301903367043,
      0.02508825622498989,
      0.02493014559149742,
      0.02569342777132988,
      0.025686873123049736,
      0.025657225400209427,
      0.024073872715234756,
      0.026598870754241943,
      0.02633403055369854,
      0.026804210618138313,
      0.02520778402686119,
      0.02567645162343979,
      0.026170123368501663,
      0.025095008313655853,
      0.025096960365772247,
      0.025792403146624565,
      0.02521035075187683,
      0.026292650029063225,
      0.02413899078965187,
      0.02576552703976631,
      0.026138784363865852,
      0.025242026895284653,
