{
  "config": {
    "early_stopping": true,
    "epochs": 601,
    "expert_lr": 0.00077698,
    "expert_momentum": 0.889589,
    "expert_num": 8,
    "expert_weight_decay": 0.0001,
    "load_balancing": false,
    "optimizer_family": "original",
    "router_lr": 0.0626981,
    "router_momentum": 0.972923,
    "router_weight_decay": 0.0
  },
  "eval_metrics": {
    "accuracy": 99.375,
    "dispatch_counts": [
      [
        0.0,
        0.0,
        828.0,
        0.0,
        0.0,
        0.0,
        0.0,
        0.0
      ],
      [
        776.0,
        0.0,
        1.0,
        0.0,
        1.0,
        2.0,
        0.0,
        0.0
      ],
      [
        1.0,
        0.0,
        3.0,
        0.0,
        0.0,
        808.0,
        0.0,
        0.0
      ],
      [
        2.0,
        0.0,
        1.0,
        0.0,
        777.0,
        0.0,
        0.0,
        0.0
      ]
    ],
    "entropy": 0.024549279361963272,
    "loss": 0.31956225633621216,
    "runtime_seconds": 0.012516161426901817,
    "split": "validation"
  },
  "fold_index": 4,
  "mode": "nonlinear",
  "seed": 20615,
  "setting": 2,
  "total_runtime_seconds": 49.552987311501056,
  "train_metrics": {
    "dispatch_counts": [
      [
        1.0,
        0.0,
        3312.0,
        0.0,
        2.0,
        0.0,
        0.0,
        0.0
      ],
      [
        3102.0,
        0.0,
        8.0,
        0.0,
        3.0,
        4.0,
        0.0,
        0.0
      ],
      [
        3.0,
        0.0,
        5.0,
        0.0,
        2.0,
        3240.0,
        0.0,
        0.0
      ],
      [
        2.0,
        0.0,
        2.0,
        0.0,
        3110.0,
        4.0,
        0.0,
        0.0
      ]
    ],
    "entropy_record": [
      1.384854793548584,
      1.3850314617156982,
      1.3850767612457275,
      1.3850367069244385,
      1.3853034973144531,
      1.3848886489868164,
      1.3851821422576904,
      1.3853123188018799,
      1.3848482370376587,
      1.385038137435913,
      1.3844866752624512,
      1.384006142616272,
      1.3736685514450073,
      1.3532309532165527,
      1.2832623720169067,
      1.1383497714996338,
      0.8339364528656006,
      0.43980684876441956,
      0.19438138604164124,
      0.10671956837177277,
      0.06910880655050278,
      0.053470298647880554,
      0.04115815460681915,
      0.040003906935453415,
      0.03642489016056061,
      0.026402465999126434,
      0.02881283313035965,
      0.02910362184047699,
      0.02644595131278038,
      0.02515631541609764,
      0.025839267298579216,
      0.025211486965417862,
      0.02394319698214531,
      0.025003399699926376,
      0.024501539766788483,
      0.024091627448797226,
      0.02226300910115242,
      0.0223999060690403,
      0.025823308154940605,
      0.023414719849824905,
      0.02224048040807247,
      0.023020628839731216,
      0.02178976498544216,
      0.02063479833304882,
      0.022997673600912094,
      0.020718319341540337,
      0.02285042405128479,
      0.023393485695123672,
      0.022460080683231354,
      0.02352803200483322,
      0.023058056831359863,
      0.022580252960324287,
      0.0216649379581213,
      0.023620368912816048,
      0.021981356665492058,
      0.022302083671092987,
      0.022524122148752213,
      0.022328805178403854,
      0.024069057777523994,
      0.022500816732645035,
      0.023425079882144928,
      0.022500816732645035,
      0.020799262449145317,
      0.02295665070414543,
      0.023058056831359863,
      0.021832559257745743,
      0.021903201937675476,
      0.02361854910850525,
      0.0219440720975399,
      0.022522281855344772,
      0.02145085297524929,
      0.02239486202597618,
      0.021965282037854195,
      0.022500816732645035,
      0.022333946079015732,
      0.0225471630692482,
      0.022979525849223137,
      0.02236328460276127,
      0.02065945789217949,
      0.021410120651125908,
      0.02243155986070633,
      0.02466496266424656,
      0.023015068843960762,
      0.021490832790732384,
      0.02249910682439804,
      0.0218057818710804,
      0.02236303873360157,
      0.023058056831359863,
      0.021789558231830597,
      0.021791327744722366,
      0.02251528576016426,
      0.020695064216852188,
      0.023572277277708054,
      0.022947557270526886,
      0.023063164204359055,
      0.021860938519239426,
      0.022348584607243538,
      0.021404560655355453,
      0.021255744621157646,
      0.02249736711382866,
      0.023513562977313995,
      0.02301505021750927,
      0.02303827367722988,
      0.02288418635725975,
      0.022345196455717087,
      0.02234678342938423,
      0.023020664229989052,
      0.021965092048048973,
      0.02235030196607113,
      0.023441407829523087,
      0.022500816732645035,
      0.02190287411212921,
      0.023591842502355576,
      0.022907540202140808,
      0.02145085297524929,
      0.02395552769303322,
      0.02196686528623104,
      0.022524122148752213,
      0.021368922665715218,
      0.022433334961533546,
      0.022873997688293457,
      0.02177157998085022,
      0.021271876990795135,
      0.023570537567138672,
      0.021271876990795135,
      0.02252921462059021,
      0.022305551916360855,
      0.022500816732645035,
      0.022990528494119644,
      0.02201317809522152,
      0.021275300532579422,
      0.021193381398916245,
      0.02198483794927597,
      0.020143382251262665,
      0.02303687296807766,
      0.021257400512695312,
      0.021275300532579422,
      0.02129863202571869,
      0.02198483794927597,
      0.023077882826328278,
      0.022415461018681526,
      0.021386878564953804,
      0.023058056831359863,
      0.022474534809589386,
      0.021257400512695312,
      0.021303698420524597,
      0.021832559257745743,
      0.021303698420524597,
      0.02249736711382866,
      0.021789539605379105,
      0.022862737998366356,
      0.02145085297524929,
      0.02307761088013649,
      0.02196686528623104,
      0.021791327744722366,
      0.023086436092853546,
      0.02292534150183201,
      0.021817881613969803,
      0.021791327744722366,
      0.023061398416757584,
      0.02200811170041561,
      0.022543681785464287,
      0.022348584607243538,
      0.020143382251262665,
      0.021814677864313126,
      0.021275300532579422,
      0.022019576281309128,
      0.021748775616288185,
      0.021814677864313126,
      0.022281089797616005,
      0.021303698420524597,
      0.022305533289909363,
      0.02196686528623104,
      0.02196686528623104,
      0.023058056831359863,
      0.023588504642248154,
      0.02239486202597618,
      0.021191583946347237,
      0.022879065945744514,
      0.021368922665715218,
      0.02181978151202202,
      0.023848675191402435,
      0.021257400512695312,
      0.02236333116889,
      0.022288044914603233,
      0.02303827367722988,
      0.021275300532579422,
      0.02288418635725975,
      0.02135651931166649,
      0.0218057818710804,
      0.02196686528623104,
      0.021216701716184616,
      0.022353705018758774,
      0.02307761088013649,
      0.021981356665492058,
      0.021303698420524597,
      0.02249908819794655,
      0.020852893590927124,
      0.021303698420524597,
      0.021787922829389572,
      0.022433334961533546,
      0.02196686528623104,
      0.021275300532579422,
      0.02291092835366726,
      0.022353705018758774,
      0.02196686528623104,
      0.02177157998085022,
      0.02301505021750927,
      0.021257400512695312,
      0.021191583946347237,
      0.022907540202140808,
      0.021386878564953804,
      0.022321807220578194,
      0.022542063146829605,
      0.023043405264616013,
      0.022264795377850533,
      0.021883146837353706,
      0.021275300532579422,
      0.022974282503128052,
      0.021368922665715218,
      0.02026531845331192,
      0.020741356536746025,
      0.020673904567956924,
      0.022305533289909363,
      0.021779097616672516,
      0.022456888109445572,
      0.02236812189221382,
