{
  "config": {
    "early_stopping": true,
    "epochs": 601,
    "expert_lr": 0.00081694,
    "expert_momentum": 0.933333,
    "expert_num": 4,
    "expert_weight_decay": 1e-05,
    "load_balancing": false,
    "ns_steps": 5,
    "optimizer_family": "muon",
    "router_lr": 0.02222828,
    "router_momentum": 0.924952,
    "router_weight_decay": 1e-05
  },
  "eval_metrics": {
    "accuracy": 89.4375,
    "dispatch_counts": [
      [
        81.0,
        187.0,
        178.0,
        383.0
      ],
      [
        197.0,
        465.0,
        32.0,
        85.0
      ],
      [
        116.0,
        267.0,
        250.0,
        179.0
      ],
      [
        39.0,
        255.0,
        55.0,
        431.0
      ]
    ],
    "entropy": 1.2521965503692627,
    "loss": 0.4184502065181732,
    "runtime_seconds": 0.0045018442906439304,
    "split": "validation"
  },
  "fold_index": 1,
  "mode": "nonlinear",
  "seed": 40712,
  "setting": 4,
  "total_runtime_seconds": 28.27487204456702,
  "train_metrics": {
    "dispatch_counts": [
      [
        350.0,
        683.0,
        727.0,
        1554.0
      ],
      [
        787.0,
        1877.0,
        141.0,
        313.0
      ],
      [
        393.0,
        1119.0,
        1016.0,
        722.0
      ],
      [
        162.0,
        991.0,
        201.0,
        1764.0
      ]
    ],
    "entropy_record": [
      1.3856393098831177,
      1.3366492986679077,
      1.2926090955734253,
      1.2623803615570068,
      1.2329765558242798,
      1.213391661643982,
      1.2037748098373413,
      1.1977659463882446,
      1.191462755203247,
      1.1913609504699707,
      1.1878571510314941,
      1.1833239793777466,
      1.1833040714263916,
      1.1805164813995361,
      1.1808968782424927,
      1.1790096759796143,
      1.1781740188598633,
      1.178544044494629,
      1.177917242050171,
      1.178792953491211,
      1.1789171695709229,
      1.178944706916809,
      1.1792652606964111,
      1.1795692443847656,
      1.1819342374801636,
      1.1849114894866943,
      1.1846370697021484,
      1.1870120763778687,
      1.1892576217651367,
      1.189229130744934,
      1.189695954322815,
      1.193620204925537,
      1.1942158937454224,
      1.1974889039993286,
      1.200981855392456,
      1.2016593217849731,
      1.2043403387069702,
      1.207137107849121,
      1.209330677986145,
      1.211949348449707,
      1.2166876792907715,
      1.2187111377716064,
      1.2219802141189575,
      1.2233796119689941,
      1.2272495031356812,
      1.2288093566894531,
      1.2310302257537842,
      1.2349568605422974,
      1.2355656623840332,
      1.2385573387145996,
      1.2409780025482178,
      1.2429896593093872,
      1.2441484928131104,
      1.2465229034423828,
      1.2479842901229858,
      1.2498011589050293,
      1.2518717050552368,
      1.2526898384094238,
      1.2544856071472168,
      1.2556064128875732,
      1.258048415184021,
      1.2589433193206787,
      1.2600016593933105,
      1.2617442607879639,
      1.2636035680770874,
      1.2638903856277466,
      1.265678882598877,
      1.2666492462158203,
      1.2687609195709229,
      1.269339919090271,
      1.2700270414352417,
      1.2705057859420776,
      1.272202491760254,
      1.2741204500198364,
      1.2753210067749023,
      1.2762216329574585,
      1.277313232421875,
      1.2787845134735107,
      1.2794057130813599,
      1.2802796363830566,
      1.282423734664917,
      1.2821431159973145,
      1.2840187549591064,
      1.2844061851501465,
      1.2853879928588867,
      1.2864662408828735,
      1.2869738340377808,
      1.2884345054626465,
      1.2883472442626953,
      1.2895277738571167,
      1.2901451587677002,
      1.290677785873413,
      1.291407585144043,
      1.2917771339416504,
      1.2926470041275024,
      1.292811393737793,
      1.2938294410705566,
      1.2951951026916504,
      1.2957202196121216,
      1.2962548732757568,
      1.2974143028259277,
      1.2983436584472656,
      1.2988449335098267,
      1.2991352081298828,
      1.300004243850708,
      1.3003368377685547,
      1.3000588417053223,
      1.301061749458313,
      1.3007885217666626,
      1.300931692123413,
      1.3007333278656006,
      1.301347255706787,
      1.3016836643218994,
      1.3017973899841309,
      1.302436351776123,
      1.3026223182678223,
      1.3035125732421875,
      1.30353844165802,
      1.3040993213653564,
      1.3049275875091553,
      1.3053494691848755,
      1.3052984476089478,
      1.3065869808197021,
      1.3071999549865723,
      1.308274269104004,
      1.3079850673675537,
      1.3089717626571655,
      1.3099582195281982,
      1.3100253343582153,
      1.3106180429458618,
      1.31181800365448,
      1.3115229606628418,
      1.3119882345199585,
      1.3117172718048096,
      1.3124202489852905,
      1.3125650882720947,
      1.3129401206970215,
      1.3126955032348633,
      1.3129041194915771,
      1.3126002550125122,
      1.3121670484542847,
      1.3127330541610718,
      1.3126415014266968,
      1.3116466999053955,
      1.3117121458053589,
      1.311042070388794,
      1.3109716176986694,
      1.3107106685638428,
      1.3109290599822998,
      1.3108532428741455,
      1.3109018802642822,
      1.311124324798584,
      1.3103901147842407,
      1.3106721639633179,
      1.3101222515106201,
      1.3094648122787476,
      1.3092457056045532,
      1.3095078468322754,
      1.310057282447815,
      1.3090286254882812,
      1.3084090948104858,
      1.3070446252822876,
      1.3067350387573242,
      1.3062562942504883,
      1.3052560091018677,
      1.304404377937317,
      1.3038132190704346,
      1.303115725517273,
      1.3019112348556519,
      1.3014130592346191,
      1.3006304502487183,
      1.3004050254821777,
      1.299617052078247,
      1.2995578050613403,
      1.2992820739746094,
      1.2988187074661255,
      1.2987693548202515,
      1.2976839542388916,
      1.2974514961242676,
      1.296841025352478,
      1.2960797548294067,
      1.2955892086029053,
      1.2953773736953735,
      1.2956111431121826,
      1.294525384902954,
      1.294600009918213,
      1.2942770719528198,
      1.2939215898513794,
      1.2940469980239868,
      1.2929909229278564,
      1.2931092977523804,
      1.293060064315796,
      1.29261314868927,
      1.2924540042877197,
      1.2921383380889893,
      1.2919455766677856,
      1.2919764518737793,
      1.2923237085342407,
      1.2920928001403809,
      1.2928259372711182,
      1.292535424232483,
      1.2928608655929565,
      1.2923731803894043,
      1.2927156686782837,
      1.2929887771606445,
      1.2928926944732666,
      1.2933917045593262,
      1.293703556060791,
      1.2936346530914307,
      1.2940669059753418,
      1.2946642637252808,
      1.294473648071289,
      1.2944378852844238,
      1.2943775653839111,
      1.2947975397109985,
      1.2955762147903442,
      1.2955322265625,
      1.2960832118988037,
      1.2953063249588013,
      1.2962629795074463,
      1.295863151550293,
      1.2964316606521606,
      1.296830177307129,
      1.2966769933700562,
      1.2969169616699219,
      1.2965595722198486,
      1.2968851327896118,
      1.2971997261047363,
      1.2973783016204834,
      1.2974097728729248,
      1.297884464263916,
      1.2976090908050537,
      1.2983933687210083,
      1.2979791164398193,
      1.2972841262817383,
      1.2974720001220703,
      1.2969521284103394,
      1.2962327003479004,
      1.2955904006958008,
      1.295000672340393,
      1.295080304145813,
      1.2952332496643066,
      1.2943994998931885,
      1.2938640117645264,
      1.2949433326721191,
      1.2945082187652588,
      1.2941482067108154,
      1.294374704360962,
      1.293982744216919,
      1.294141411781311,
      1.2936944961547852,
      1.2932512760162354,
      1.293102502822876,
      1.2930781841278076,
      1.29209566116333,
      1.292021632194519,
