{
  "config": {
    "early_stopping": true,
    "epochs": 601,
    "expert_lr": 0.00068435,
    "expert_momentum": 0.920294,
    "expert_num": 8,
    "expert_weight_decay": 0.001,
    "load_balancing": false,
    "ns_steps": 5,
    "optimizer_family": "muon",
    "router_lr": 0.05687232,
    "router_momentum": 0.91203,
    "router_weight_decay": 0.001
  },
  "eval_metrics": {
    "accuracy": 90.78125,
    "dispatch_counts": [
      [
        152.0,
        0.0,
        0.0,
        222.0,
        153.0,
        81.0,
        199.0,
        0.0
      ],
      [
        0.0,
        215.0,
        0.0,
        219.0,
        128.0,
        46.0,
        184.0,
        8.0
      ],
      [
        53.0,
        27.0,
        0.0,
        302.0,
        39.0,
        42.0,
        86.0,
        252.0
      ],
      [
        104.0,
        0.0,
        0.0,
        17.0,
        31.0,
        378.0,
        259.0,
        3.0
      ]
    ],
    "entropy": 1.0112581253051758,
    "loss": 0.40556633472442627,
    "runtime_seconds": 0.008517901878803968,
    "split": "validation"
  },
  "fold_index": 1,
  "mode": "nonlinear",
  "seed": 12012,
  "setting": 1,
  "total_runtime_seconds": 15.549470676109195,
  "train_metrics": {
    "dispatch_counts": [
      [
        586.0,
        3.0,
        0.0,
        874.0,
        630.0,
        366.0,
        769.0,
        0.0
      ],
      [
        0.0,
        897.0,
        0.0,
        843.0,
        499.0,
        201.0,
        730.0,
        29.0
      ],
      [
        220.0,
        110.0,
        0.0,
        1269.0,
        151.0,
        140.0,
        302.0,
        1013.0
      ],
      [
        456.0,
        0.0,
        0.0,
        59.0,
        125.0,
        1474.0,
        1042.0,
        12.0
      ]
    ],
    "entropy_record": [
      1.3856979608535767,
      0.9920019507408142,
      0.826667070388794,
      0.8230246305465698,
      0.808259129524231,
      0.810996949672699,
      0.8209952712059021,
      0.8235309720039368,
      0.8271799683570862,
      0.8311096429824829,
      0.842215895652771,
      0.847272515296936,
      0.8546223640441895,
      0.8609468340873718,
      0.8632586598396301,
      0.8643969297409058,
      0.8721818923950195,
      0.8727931976318359,
      0.882185697555542,
      0.8867878913879395,
      0.8922595381736755,
      0.8928579092025757,
      0.8913248777389526,
      0.8881374597549438,
      0.8867059350013733,
      0.8855657577514648,
      0.8809781670570374,
      0.8832860589027405,
      0.8847949504852295,
      0.886492133140564,
      0.8861796855926514,
      0.8848955035209656,
      0.8877947926521301,
      0.8898876905441284,
      0.8967813849449158,
      0.8990169763565063,
      0.9051876664161682,
      0.9076904058456421,
      0.9101295471191406,
      0.9145588874816895,
      0.9154624938964844,
      0.9156046509742737,
      0.9175516963005066,
      0.9201447367668152,
      0.9224787950515747,
      0.9239478707313538,
      0.9250099062919617,
      0.9266231656074524,
      0.928585946559906,
      0.9297749996185303,
      0.929735004901886,
      0.9313204288482666,
      0.9318986535072327,
      0.9309831857681274,
      0.9329766035079956,
      0.9324684739112854,
      0.9339503049850464,
      0.9337397813796997,
      0.9334958791732788,
      0.9361603856086731,
      0.9375021457672119,
      0.9394107460975647,
      0.9399885535240173,
      0.9425318837165833,
      0.9446635842323303,
      0.9447299838066101,
      0.9464641809463501,
      0.9499812126159668,
      0.9503227472305298,
      0.9523974657058716,
      0.953353762626648,
      0.9542976021766663,
      0.957105278968811,
      0.9599757194519043,
      0.961008608341217,
      0.9621924757957458,
      0.9632399678230286,
      0.9633568525314331,
      0.963781476020813,
      0.9643124341964722,
      0.9638795256614685,
      0.9651550650596619,
      0.964266836643219,
      0.9665141701698303,
      0.9673479199409485,
      0.9663162231445312,
      0.9659198522567749,
      0.9667356610298157,
      0.9664432406425476,
      0.9658652544021606,
      0.9668744206428528,
      0.9663991928100586,
      0.9665311574935913,
      0.9657312035560608,
      0.9665474891662598,
      0.9660118818283081,
      0.9659693837165833,
      0.965478241443634,
      0.9668091535568237,
      0.9652196168899536,
      0.9657281041145325,
      0.963593602180481,
      0.9636284112930298,
      0.9640451073646545,
      0.9639561176300049,
      0.9640117287635803,
      0.96437007188797,
      0.9652228951454163,
      0.9636352062225342,
      0.9633103609085083,
      0.9623039364814758,
      0.9611002802848816,
      0.9617465734481812,
      0.9633256196975708,
      0.9634429812431335,
      0.9642054438591003,
      0.962477445602417,
      0.9634432196617126,
      0.9644058346748352,
      0.9649124145507812,
      0.9633512496948242,
      0.9644776582717896,
      0.9642619490623474,
      0.9659569263458252,
      0.964039146900177,
      0.9642894864082336,
      0.9645726680755615,
      0.9639159440994263,
      0.9652542471885681,
      0.9648785591125488,
      0.965268611907959,
      0.9664851427078247,
      0.9656675457954407,
      0.9667335152626038,
      0.9661032557487488,
      0.964909553527832,
      0.9644718170166016,
      0.9636448621749878,
      0.9625419974327087,
      0.9618162512779236,
      0.9618098735809326,
      0.9626895189285278,
      0.9609782695770264,
      0.9616439938545227,
      0.9616580605506897,
      0.9627280235290527,
      0.9613541960716248,
      0.9609692096710205,
      0.9622786045074463,
      0.962287187576294,
      0.9630064964294434,
      0.9618566036224365,
      0.9631118178367615,
      0.9637562036514282,
      0.9639811515808105,
      0.9654881954193115,
      0.9667938351631165,
      0.9697566628456116,
      0.9722089171409607,
      0.9735450744628906,
      0.9760429263114929,
      0.9777610898017883,
      0.9786475896835327,
      0.9820942878723145,
      0.983700156211853,
      0.9858798980712891,
      0.9856821298599243,
      0.9869266152381897,
      0.9894065856933594,
      0.9897444844245911,
      0.9919804334640503,
      0.9940023422241211,
      0.9961280822753906,
      0.9988241791725159,
      0.9994760155677795,
      0.9988539814949036,
      1.0004205703735352,
      1.0005087852478027,
      1.0027564764022827,
      1.0046225786209106,
      1.0044854879379272
    ],
    "epochs_ran": 181,
    "final_entropy": 1.0044854879379272,
    "final_loss": 0.40018609166145325,
    "plot_diagnostics": null,
    "runtime_seconds": 15.54095277423039
  }
}