{
  "config": {
    "early_stopping": true,
    "epochs": 601,
    "expert_lr": 0.00101788,
    "expert_momentum": 0.967098,
    "expert_num": 8,
    "expert_weight_decay": 0.0,
    "load_balancing": false,
    "optimizer_family": "original",
    "router_lr": 0.05290247,
    "router_momentum": 0.929083,
    "router_weight_decay": 0.001
  },
  "eval_metrics": {
    "accuracy": 95.03125,
    "dispatch_counts": [
      [
        0.0,
        0.0,
        751.0,
        0.0,
        1.0,
        0.0,
        55.0,
        0.0
      ],
      [
        0.0,
        0.0,
        491.0,
        0.0,
        0.0,
        0.0,
        297.0,
        12.0
      ],
      [
        0.0,
        0.0,
        16.0,
        0.0,
        0.0,
        784.0,
        1.0,
        0.0
      ],
      [
        0.0,
        0.0,
        17.0,
        0.0,
        772.0,
        0.0,
        3.0,
        0.0
      ]
    ],
    "entropy": 0.37308621406555176,
    "loss": 0.362949013710022,
    "runtime_seconds": 0.012409692630171776,
    "split": "validation"
  },
  "fold_index": 0,
  "mode": "nonlinear",
  "seed": 11311,
  "setting": 1,
  "total_runtime_seconds": 49.70601445948705,
  "train_metrics": {
    "dispatch_counts": [
      [
        0.0,
        3.0,
        2946.0,
        0.0,
        2.0,
        0.0,
        277.0,
        0.0
      ],
      [
        0.0,
        0.0,
        1948.0,
        0.0,
        0.0,
        1.0,
        1193.0,
        57.0
      ],
      [
        0.0,
        0.0,
        57.0,
        0.0,
        0.0,
        3138.0,
        10.0,
        0.0
      ],
      [
        0.0,
        0.0,
        79.0,
        0.0,
        3078.0,
        0.0,
        11.0,
        0.0
      ]
    ],
    "entropy_record": [
      1.3855680227279663,
      1.3856868743896484,
      1.3855053186416626,
      1.3855611085891724,
      1.3858253955841064,
      1.3853797912597656,
      1.3854613304138184,
      1.38528311252594,
      1.3855081796646118,
      1.3843235969543457,
      1.380829095840454,
      1.3670926094055176,
      1.3226689100265503,
      1.2147538661956787,
      1.0401508808135986,
      0.790462851524353,
      0.5568027496337891,
      0.41451263427734375,
      0.3391224443912506,
      0.3000525236129761,
      0.2826051115989685,
      0.2742583751678467,
      0.2728320062160492,
      0.2783603072166443,
      0.28428879380226135,
      0.2880302369594574,
      0.2920647859573364,
      0.2999400496482849,
      0.30116671323776245,
      0.3068709373474121,
      0.31138885021209717,
      0.31564652919769287,
      0.31998592615127563,
      0.32481274008750916,
      0.32926931977272034,
      0.3332631587982178,
      0.3390316963195801,
      0.34172531962394714,
      0.3447554409503937,
      0.34668272733688354,
      0.3465694189071655,
      0.34739720821380615,
      0.3515011668205261,
      0.353157639503479,
      0.3554065227508545,
      0.3558383584022522,
      0.3600156903266907,
      0.3608788847923279,
      0.3590685725212097,
      0.3620377779006958,
      0.3640246093273163,
      0.3634912669658661,
      0.3651392459869385,
      0.3652859628200531,
      0.36780625581741333,
      0.37082433700561523,
      0.370671808719635,
      0.3680025339126587,
      0.3680122494697571,
      0.3730257451534271,
      0.37218177318573,
      0.37269413471221924,
      0.3686278760433197,
      0.37633195519447327,
      0.3731004297733307,
      0.37217530608177185,
      0.37215110659599304,
      0.3762640357017517,
      0.3723510801792145,
      0.3758019208908081,
      0.373801589012146,
      0.37211155891418457,
      0.37470465898513794,
      0.3727625012397766,
      0.37485796213150024,
      0.375980406999588,
      0.3738044202327728,
      0.3761046528816223,
      0.3790021240711212,
      0.37785443663597107,
      0.3765833377838135,
      0.3799636960029602,
      0.3734900951385498,
      0.3754993677139282,
      0.37575143575668335,
      0.38074296712875366,
      0.3775993883609772,
      0.3745598793029785,
      0.3790160119533539,
      0.37576401233673096,
      0.3765231966972351,
      0.37733668088912964,
      0.3749961853027344,
      0.3750571608543396,
      0.3754347264766693,
      0.37506625056266785,
      0.3764464557170868,
      0.37843552231788635,
      0.37789207696914673,
      0.3773941993713379,
      0.37749606370925903,
      0.37348106503486633,
      0.375257283449173,
      0.3771360516548157,
      0.37926995754241943,
      0.3810686469078064,
      0.37765443325042725,
      0.3761173486709595,
      0.3747916519641876,
      0.37514615058898926,
      0.3772733807563782,
      0.3770124018192291,
      0.3778253197669983,
      0.378425270318985,
      0.37892279028892517,
      0.3761352300643921,
      0.37909573316574097,
      0.37494611740112305,
      0.37893813848495483,
      0.3793585002422333,
      0.3760823905467987,
      0.37691810727119446,
      0.37912726402282715,
      0.37380272150039673,
      0.3739321827888489,
      0.37677574157714844,
      0.378305584192276,
      0.3753453493118286,
      0.37545228004455566,
      0.37371471524238586,
      0.3778113126754761,
      0.37953367829322815,
      0.37649276852607727,
      0.3746247887611389,
      0.37571221590042114,
      0.3777278661727905,
      0.3749374747276306,
      0.37826406955718994,
      0.37745559215545654,
      0.3796362280845642,
      0.3808809220790863,
      0.3752702474594116,
      0.37647855281829834,
      0.37777242064476013,
      0.377186119556427,
      0.3755546808242798,
      0.3772788643836975,
      0.3789755403995514,
      0.3797871172428131,
      0.3772611618041992,
      0.37703001499176025,
      0.3793060779571533,
      0.37377113103866577,
      0.3765544295310974,
      0.3747093379497528,
      0.37582582235336304,
      0.37675851583480835,
      0.37926986813545227,
      0.37918248772621155,
      0.37482771277427673,
      0.37991201877593994,
      0.3777504563331604,
      0.37856900691986084,
      0.3800177276134491,
      0.3745174705982208,
      0.3818846046924591,
      0.37790679931640625,
      0.3755631148815155,
      0.3793131709098816,
      0.37751755118370056,
      0.37727779150009155,
      0.37393736839294434,
      0.37232446670532227,
      0.3777390718460083,
      0.3753772974014282,
      0.38094043731689453,
      0.37636351585388184,
      0.377309650182724,
      0.376417338848114,
      0.3786006569862366,
      0.3774455487728119,
      0.38097888231277466,
      0.376407653093338,
      0.37630218267440796,
      0.37562403082847595,
      0.37650027871131897,
      0.3785359561443329,
      0.3734426200389862,
      0.37330353260040283,
      0.3767026364803314,
      0.37848690152168274,
      0.37522777915000916,
      0.37444591522216797,
      0.3786761164665222,
      0.37660980224609375,
      0.3773614764213562,
      0.37351781129837036,
      0.3785492181777954,
      0.38014015555381775,
      0.3806825876235962,
      0.3801226019859314,
      0.37639349699020386,
      0.37701794505119324,
      0.37760090827941895,
      0.3771737813949585,
      0.3794139623641968,
      0.3756018280982971,
      0.375398725271225,
      0.38125234842300415,
      0.3739672005176544,
      0.37501341104507446,
      0.3761674761772156,
      0.37615084648132324,
      0.378702849149704,
      0.38022536039352417,
      0.37637823820114136,
      0.3751111328601837,
      0.377027690410614,
      0.3744918406009674,
      0.37486889958381653,
      0.37383466958999634,
      0.37712913751602173,
      0.37554341554641724,
      0.37726542353630066,
      0.37712061405181885,
      0.37720540165901184,
      0.37416955828666687,
      0.37661588191986084,
      0.37881240248680115,
      0.38020384311676025,
      0.37618568539619446,
      0.3816736340522766,
      0.376544713973999,
      0.3785487413406372,
      0.3764317035675049,
      0.37953561544418335,
      0.3763660788536072,
