{
  "config": {
    "early_stopping": true,
    "epochs": 601,
    "expert_lr": 0.00066719,
    "expert_momentum": 0.880688,
    "expert_num": 8,
    "expert_weight_decay": 0.0,
    "load_balancing": false,
    "ns_steps": 10,
    "optimizer_family": "muon",
    "router_lr": 0.01620794,
    "router_momentum": 0.884347,
    "router_weight_decay": 1e-05
  },
  "eval_metrics": {
    "accuracy": 94.03125,
    "dispatch_counts": [
      [
        239.0,
        0.0,
        354.0,
        185.0,
        0.0,
        1.0,
        1.0,
        49.0
      ],
      [
        2.0,
        73.0,
        184.0,
        123.0,
        231.0,
        2.0,
        5.0,
        159.0
      ],
      [
        6.0,
        0.0,
        68.0,
        102.0,
        0.0,
        0.0,
        275.0,
        362.0
      ],
      [
        8.0,
        4.0,
        58.0,
        366.0,
        2.0,
        96.0,
        182.0,
        63.0
      ]
    ],
    "entropy": 0.9005104899406433,
    "loss": 0.3712849020957947,
    "runtime_seconds": 0.00768526503816247,
    "split": "validation"
  },
  "fold_index": 2,
  "mode": "nonlinear",
  "seed": 40513,
  "setting": 4,
  "total_runtime_seconds": 21.80219978094101,
  "train_metrics": {
    "dispatch_counts": [
      [
        954.0,
        1.0,
        1392.0,
        747.0,
        0.0,
        1.0,
        20.0,
        199.0
      ],
      [
        10.0,
        294.0,
        735.0,
        488.0,
        946.0,
        4.0,
        24.0,
        617.0
      ],
      [
        14.0,
        0.0,
        241.0,
        419.0,
        8.0,
        0.0,
        1106.0,
        1461.0
      ],
      [
        30.0,
        9.0,
        230.0,
        1476.0,
        5.0,
        417.0,
        686.0,
        266.0
      ]
    ],
    "entropy_record": [
      1.3852641582489014,
      1.2767219543457031,
      1.1049699783325195,
      0.9472306370735168,
      0.8277196288108826,
      0.7579142451286316,
      0.6964100003242493,
      0.6522151231765747,
      0.6282145977020264,
      0.6031969785690308,
      0.5886019468307495,
      0.5735530853271484,
      0.5616490840911865,
      0.5602849125862122,
      0.5504721999168396,
      0.5449976325035095,
      0.5371928811073303,
      0.529775857925415,
      0.5331705212593079,
      0.5262988209724426,
      0.5249662399291992,
      0.5297067165374756,
      0.5211036205291748,
      0.5235803127288818,
      0.5158544778823853,
      0.5156635046005249,
      0.5137402415275574,
      0.508412778377533,
      0.5118424892425537,
      0.5126583576202393,
      0.5052555799484253,
      0.4986231327056885,
      0.5009089708328247,
      0.4940929412841797,
      0.49829551577568054,
      0.49189043045043945,
      0.4854833483695984,
      0.4853205680847168,
      0.479339063167572,
      0.474457710981369,
      0.4771115481853485,
      0.4731556177139282,
      0.46483609080314636,
      0.4641191363334656,
      0.4608302116394043,
      0.46053943037986755,
      0.4597996175289154,
      0.45494207739830017,
      0.4485936462879181,
      0.4505711793899536,
      0.4429982304573059,
      0.4409692883491516,
      0.4393672049045563,
      0.43133020401000977,
      0.42859700322151184,
      0.42695578932762146,
      0.4259597361087799,
      0.4175691604614258,
      0.42016854882240295,
      0.4194985032081604,
      0.41806644201278687,
      0.41889485716819763,
      0.4173777997493744,
      0.4217973053455353,
      0.4193339943885803,
      0.420013964176178,
      0.4205607771873474,
      0.4174885153770447,
      0.41887134313583374,
      0.4129319489002228,
      0.41748008131980896,
      0.4153573215007782,
      0.415422648191452,
      0.41280364990234375,
      0.4111267328262329,
      0.4092525541782379,
      0.4108387231826782,
      0.40823203325271606,
      0.41099777817726135,
      0.40938887000083923,
      0.40794727206230164,
      0.4103344678878784,
      0.4082683324813843,
      0.4037538766860962,
      0.40706753730773926,
      0.3995818793773651,
      0.40082991123199463,
      0.40134090185165405,
      0.39950478076934814,
      0.3973836302757263,
      0.3970971405506134,
      0.3927915692329407,
      0.3941165804862976,
      0.3916740417480469,
      0.38848426938056946,
      0.384609192609787,
      0.3811495006084442,
      0.38147106766700745,
      0.3827895522117615,
      0.3812255561351776,
      0.37987399101257324,
      0.37816181778907776,
      0.37931618094444275,
      0.38027337193489075,
      0.37877029180526733,
      0.3808925449848175,
      0.38030558824539185,
      0.3795486092567444,
      0.3818250596523285,
      0.3867586851119995,
      0.3843785524368286,
      0.3913465440273285,
      0.3876051604747772,
      0.3888242542743683,
      0.39499908685684204,
      0.396027147769928,
      0.4014919102191925,
      0.4053342044353485,
      0.4065375328063965,
      0.4101209342479706,
      0.41484135389328003,
      0.41726258397102356,
      0.4170083701610565,
      0.418693870306015,
      0.41620197892189026,
      0.4206313192844391,
      0.42583170533180237,
      0.42965835332870483,
      0.43528884649276733,
      0.4386999011039734,
      0.4422437250614166,
      0.4498247504234314,
      0.45132049918174744,
      0.4570971429347992,
      0.45889565348625183,
      0.4672926068305969,
      0.46797898411750793,
      0.4685860276222229,
      0.47267791628837585,
      0.4757653772830963,
      0.47910627722740173,
      0.48175251483917236,
      0.48463308811187744,
      0.49131059646606445,
      0.49057960510253906,
      0.49092724919319153,
      0.4938318729400635,
      0.49495553970336914,
      0.49893665313720703,
      0.5013811588287354,
      0.5039673447608948,
      0.5045493841171265,
      0.5080626010894775,
      0.5063958764076233,
      0.5098389983177185,
      0.5107477307319641,
      0.5160938501358032,
      0.519483208656311,
      0.5248962640762329,
      0.5256012082099915,
      0.5301401019096375,
      0.5330935716629028,
      0.537078320980072,
      0.5408836007118225,
      0.5454198122024536,
      0.5495620965957642,
      0.5525895953178406,
      0.5597409009933472,
      0.563154935836792,
      0.5729600787162781,
      0.5778522491455078,
      0.5830332636833191,
      0.5875677466392517,
      0.5951729416847229,
      0.5969846248626709,
      0.6015048027038574,
      0.6059281826019287,
      0.610082745552063,
      0.6189509630203247,
      0.6238754391670227,
      0.6306941509246826,
      0.6346219778060913,
      0.6379751563072205,
      0.644880473613739,
      0.6499879956245422,
      0.6538903117179871,
      0.6578486561775208,
      0.6654686331748962,
      0.6691848039627075,
      0.6736069321632385,
      0.6797956228256226,
      0.6831404566764832,
      0.6893549561500549,
      0.6955195665359497,
      0.7004722356796265,
      0.7031989693641663,
      0.7087841033935547,
      0.7117419242858887,
      0.7148295640945435,
      0.7186646461486816,
      0.7213833332061768,
      0.7242922782897949,
      0.7289277911186218,
      0.7342976927757263,
      0.740001380443573,
      0.744073748588562,
      0.7464945912361145,
      0.7542693614959717,
      0.7563889026641846,
      0.7607152462005615,
      0.7626688480377197,
      0.7686546444892883,
      0.7719080448150635,
      0.7747039794921875,
      0.7798744440078735,
      0.7851468920707703,
      0.7894093990325928,
      0.7938576936721802,
      0.7957932949066162,
      0.8004742860794067,
      0.8028473854064941,
      0.8050377368927002,
      0.8089365363121033,
      0.8152227401733398,
      0.8176974654197693,
      0.819328784942627,
      0.8251487612724304,
      0.8267375230789185,
      0.8306713104248047,
      0.8336848616600037,
      0.837834358215332,
      0.8423810005187988,
      0.8471580743789673,
      0.8501928448677063,
      0.8545348048210144,
      0.8545628786087036,
