{
  "config": {
    "early_stopping": true,
    "epochs": 601,
    "expert_lr": 0.00066719,
    "expert_momentum": 0.880688,
    "expert_num": 8,
    "expert_weight_decay": 0.0,
    "load_balancing": false,
    "ns_steps": 10,
    "optimizer_family": "muon",
    "router_lr": 0.01620794,
    "router_momentum": 0.884347,
    "router_weight_decay": 1e-05
  },
  "eval_metrics": {
    "accuracy": 91.125,
    "dispatch_counts": [
      [
        4.0,
        33.0,
        99.0,
        110.0,
        0.0,
        0.0,
        461.0,
        122.0
      ],
      [
        0.0,
        217.0,
        57.0,
        336.0,
        0.0,
        16.0,
        102.0,
        51.0
      ],
      [
        0.0,
        60.0,
        100.0,
        135.0,
        1.0,
        0.0,
        273.0,
        243.0
      ],
      [
        0.0,
        20.0,
        257.0,
        94.0,
        2.0,
        0.0,
        285.0,
        122.0
      ]
    ],
    "entropy": 1.2182552814483643,
    "loss": 0.40126991271972656,
    "runtime_seconds": 0.007716185413300991,
    "split": "validation"
  },
  "fold_index": 1,
  "mode": "nonlinear",
  "seed": 40512,
  "setting": 4,
  "total_runtime_seconds": 52.68261383334175,
  "train_metrics": {
    "dispatch_counts": [
      [
        14.0,
        119.0,
        438.0,
        447.0,
        0.0,
        5.0,
        1782.0,
        509.0
      ],
      [
        0.0,
        908.0,
        209.0,
        1339.0,
        0.0,
        73.0,
        352.0,
        237.0
      ],
      [
        1.0,
        189.0,
        394.0,
        587.0,
        2.0,
        0.0,
        1039.0,
        1038.0
      ],
      [
        0.0,
        62.0,
        1058.0,
        319.0,
        5.0,
        0.0,
        1143.0,
        531.0
      ]
    ],
    "entropy_record": [
      1.3852638006210327,
      1.2774646282196045,
      1.0808935165405273,
      0.9208837151527405,
      0.8291655778884888,
      0.7516637444496155,
      0.7021195888519287,
      0.6827998161315918,
      0.6549127697944641,
      0.6425471901893616,
      0.6206968426704407,
      0.6231027245521545,
      0.6112849116325378,
      0.6091908812522888,
      0.5954063534736633,
      0.5965126156806946,
      0.5890478491783142,
      0.5889222025871277,
      0.5806381702423096,
      0.583664059638977,
      0.5777952671051025,
      0.5701143741607666,
      0.5770347714424133,
      0.5718771815299988,
      0.575197696685791,
      0.5642789602279663,
      0.5666749477386475,
      0.5657656192779541,
      0.5610988736152649,
      0.558164119720459,
      0.5544091463088989,
      0.5460588932037354,
      0.5487022995948792,
      0.543289840221405,
      0.5400920510292053,
      0.5421850681304932,
      0.5393587946891785,
      0.5333770513534546,
      0.5270180702209473,
      0.5253135561943054,
      0.5202082395553589,
      0.5160900950431824,
      0.520814061164856,
      0.5117090940475464,
      0.5090206265449524,
      0.5054694414138794,
      0.5045276880264282,
      0.5012869238853455,
      0.4989430904388428,
      0.49603646993637085,
      0.4949246048927307,
      0.49541938304901123,
      0.49073556065559387,
      0.4843197464942932,
      0.4835573434829712,
      0.48049235343933105,
      0.48260873556137085,
      0.4814079999923706,
      0.4792356491088867,
      0.4809728264808655,
      0.48028838634490967,
      0.476923406124115,
      0.481137216091156,
      0.4811502695083618,
      0.4794086217880249,
      0.4813235402107239,
      0.47988319396972656,
      0.4765204191207886,
      0.4809083938598633,
      0.4776057302951813,
      0.48018795251846313,
      0.47748786211013794,
      0.4772164225578308,
      0.4745922386646271,
      0.47702568769454956,
      0.4742307662963867,
      0.47458648681640625,
      0.4743684232234955,
      0.46858346462249756,
      0.46895092725753784,
      0.46970683336257935,
      0.4655875861644745,
      0.46495121717453003,
      0.4709094166755676,
      0.4645816385746002,
      0.4661944806575775,
      0.47051504254341125,
      0.46779412031173706,
      0.470592737197876,
      0.47071951627731323,
      0.46951884031295776,
      0.46972450613975525,
      0.47247499227523804,
      0.46928662061691284,
      0.4700092673301697,
      0.46788495779037476,
      0.46687114238739014,
      0.46361175179481506,
      0.46693408489227295,
      0.4639958441257477,
      0.4640271067619324,
      0.4625486731529236,
      0.4625014066696167,
      0.461910605430603,
      0.46314066648483276,
      0.4636611044406891,
      0.4669301509857178,
      0.46418482065200806,
      0.46307507157325745,
      0.4624435007572174,
      0.4619912803173065,
      0.46348416805267334,
      0.4628961980342865,
      0.46495214104652405,
      0.46584880352020264,
      0.4649929404258728,
      0.4635007381439209,
      0.46377453207969666,
      0.4640219211578369,
      0.4686838984489441,
      0.46827784180641174,
      0.46746471524238586,
      0.4680408835411072,
      0.47105053067207336,
      0.473041296005249,
      0.47122761607170105,
      0.47457215189933777,
      0.4773494005203247,
      0.47836753726005554,
      0.48211079835891724,
      0.48279809951782227,
      0.48439905047416687,
      0.48830729722976685,
      0.49260205030441284,
      0.493875652551651,
      0.4990428686141968,
      0.5025539398193359,
      0.5094127058982849,
      0.509951114654541,
      0.5143238306045532,
      0.5175591707229614,
      0.5210232734680176,
      0.5211801528930664,
      0.5228456854820251,
      0.5264340043067932,
      0.5279774069786072,
      0.5330851674079895,
      0.5363871455192566,
      0.5388613939285278,
      0.5434172749519348,
      0.5472834706306458,
      0.5489994287490845,
      0.5520215034484863,
      0.5583905577659607,
      0.5601896643638611,
      0.5636451244354248,
      0.5677345991134644,
      0.568908154964447,
      0.5759569406509399,
      0.5802773833274841,
      0.585708498954773,
      0.5909958481788635,
      0.5952304005622864,
      0.5980615019798279,
      0.6023503541946411,
      0.6057771444320679,
      0.6080368757247925,
      0.6131355166435242,
      0.6148202419281006,
      0.6163833737373352,
      0.6218708753585815,
      0.6253688931465149,
      0.6285719871520996,
      0.6303244233131409,
      0.6340085864067078,
      0.6364433169364929,
      0.6393722891807556,
      0.6409637928009033,
      0.6451390981674194,
      0.649824321269989,
      0.6529501676559448,
      0.658961832523346,
      0.6588664650917053,
      0.6632542610168457,
      0.6671493649482727,
      0.6703711748123169,
      0.6710680723190308,
      0.6755236387252808,
      0.6768331527709961,
      0.6826813220977783,
      0.6839630007743835,
      0.6891823410987854,
      0.6925195455551147,
      0.6953453421592712,
      0.699905514717102,
      0.7033324241638184,
      0.7035462856292725,
      0.7091725468635559,
      0.7111833095550537,
      0.716802179813385,
      0.7183677554130554,
      0.7204971313476562,
      0.7234081029891968,
      0.7258433699607849,
      0.7310082912445068,
      0.7333756685256958,
      0.7375800013542175,
      0.7421614527702332,
      0.7453786730766296,
      0.7482779026031494,
      0.7522772550582886,
      0.7544904947280884,
      0.7584489583969116,
      0.7586775422096252,
      0.7659510374069214,
      0.7704339623451233,
      0.772193193435669,
      0.7751771807670593,
      0.779145359992981,
      0.7846955060958862,
      0.7859391570091248,
      0.790219247341156,
      0.7945666313171387,
      0.7974861860275269,
      0.7995028495788574,
      0.803576648235321,
      0.8071097135543823,
      0.8114759922027588,
      0.8147990703582764,
      0.8198966979980469,
      0.8222446441650391,
      0.8272750377655029,
      0.8292484283447266,
      0.8348557949066162,
      0.8358523845672607,
      0.8414483666419983,
      0.8451709151268005,
