{
  "config": {
    "early_stopping": true,
    "epochs": 601,
    "expert_lr": 0.00066719,
    "expert_momentum": 0.880688,
    "expert_num": 8,
    "expert_weight_decay": 0.0,
    "load_balancing": false,
    "ns_steps": 10,
    "optimizer_family": "muon",
    "router_lr": 0.01620794,
    "router_momentum": 0.884347,
    "router_weight_decay": 1e-05
  },
  "eval_metrics": {
    "accuracy": 93.6875,
    "dispatch_counts": [
      [
        2.0,
        0.0,
        303.0,
        10.0,
        159.0,
        25.0,
        77.0,
        252.0
      ],
      [
        204.0,
        11.0,
        286.0,
        13.0,
        74.0,
        99.0,
        73.0,
        20.0
      ],
      [
        2.0,
        239.0,
        104.0,
        2.0,
        144.0,
        241.0,
        68.0,
        12.0
      ],
      [
        1.0,
        1.0,
        67.0,
        158.0,
        246.0,
        4.0,
        299.0,
        4.0
      ]
    ],
    "entropy": 0.9281178712844849,
    "loss": 0.3760737478733063,
    "runtime_seconds": 0.007684796117246151,
    "split": "validation"
  },
  "fold_index": 0,
  "mode": "nonlinear",
  "seed": 40511,
  "setting": 4,
  "total_runtime_seconds": 39.98983711749315,
  "train_metrics": {
    "dispatch_counts": [
      [
        6.0,
        2.0,
        1242.0,
        29.0,
        594.0,
        95.0,
        310.0,
        1037.0
      ],
      [
        866.0,
        33.0,
        1157.0,
        55.0,
        285.0,
        360.0,
        262.0,
        99.0
      ],
      [
        0.0,
        1031.0,
        360.0,
        29.0,
        551.0,
        975.0,
        261.0,
        43.0
      ],
      [
        0.0,
        7.0,
        220.0,
        621.0,
        1061.0,
        14.0,
        1180.0,
        15.0
      ]
    ],
    "entropy_record": [
      1.3847482204437256,
      1.301969289779663,
      1.20247483253479,
      1.0943150520324707,
      1.0008994340896606,
      0.920993983745575,
      0.8434221148490906,
      0.7842925786972046,
      0.7382989525794983,
      0.6841762661933899,
      0.6648037433624268,
      0.6370033025741577,
      0.6122586131095886,
      0.5967112183570862,
      0.5861186981201172,
      0.5740912556648254,
      0.5705243349075317,
      0.5653806924819946,
      0.5633382797241211,
      0.5566146969795227,
      0.5524548292160034,
      0.5547374486923218,
      0.5461238026618958,
      0.5437370538711548,
      0.5380592942237854,
      0.5329957008361816,
      0.532175600528717,
      0.5322927236557007,
      0.52864670753479,
      0.5293164849281311,
      0.5261155366897583,
      0.5178293585777283,
      0.5145745873451233,
      0.5206722021102905,
      0.513196587562561,
      0.514114499092102,
      0.5115660429000854,
      0.5084785223007202,
      0.5052870512008667,
      0.5106343626976013,
      0.5075263381004333,
      0.5116860270500183,
      0.505792498588562,
      0.5023005604743958,
      0.49874991178512573,
      0.4994625449180603,
      0.5038102269172668,
      0.504616916179657,
      0.49927762150764465,
      0.4977814853191376,
      0.497387170791626,
      0.49515393376350403,
      0.4936899244785309,
      0.492034375667572,
      0.48953524231910706,
      0.4887314736843109,
      0.48522353172302246,
      0.4825401306152344,
      0.48556745052337646,
      0.4823244512081146,
      0.48307815194129944,
      0.48242706060409546,
      0.4797924757003784,
      0.4773273766040802,
      0.47666284441947937,
      0.4755060076713562,
      0.4764920175075531,
      0.47491222620010376,
      0.4734129309654236,
      0.4725671410560608,
      0.4703081250190735,
      0.4710785448551178,
      0.46810996532440186,
      0.46767228841781616,
      0.46781715750694275,
      0.46500056982040405,
      0.4621674716472626,
      0.46187824010849,
      0.4616846442222595,
      0.46121901273727417,
      0.4598500430583954,
      0.458328515291214,
      0.45458194613456726,
      0.45565134286880493,
      0.4559149444103241,
      0.4504503905773163,
      0.4485008418560028,
      0.4503501355648041,
      0.4504184424877167,
      0.45003512501716614,
      0.4452085793018341,
      0.44599682092666626,
      0.4463909864425659,
      0.4452960789203644,
      0.44597718119621277,
      0.44543614983558655,
      0.4449292719364166,
      0.4458061158657074,
      0.444715678691864,
      0.4455225467681885,
      0.4429553151130676,
      0.44455403089523315,
      0.443450003862381,
      0.4430733323097229,
      0.44173890352249146,
      0.4418066442012787,
      0.4421634376049042,
      0.4430807828903198,
      0.4421316683292389,
      0.4445880353450775,
      0.44114550948143005,
      0.44357675313949585,
      0.44055816531181335,
      0.43943196535110474,
      0.4416685998439789,
      0.44469407200813293,
      0.44491371512413025,
      0.44587478041648865,
      0.445646733045578,
      0.4494101107120514,
      0.4508039355278015,
      0.4527170956134796,
      0.4540625214576721,
      0.4548725187778473,
      0.4571150839328766,
      0.461292564868927,
      0.4613088071346283,
      0.46281081438064575,
      0.46540772914886475,
      0.46871712803840637,
      0.46954283118247986,
      0.47342169284820557,
      0.476004958152771,
      0.4783531725406647,
      0.48146384954452515,
      0.48152440786361694,
      0.48393192887306213,
      0.4833162724971771,
      0.4837365448474884,
      0.4834643602371216,
      0.4827091693878174,
      0.48399943113327026,
      0.4852147102355957,
      0.4837316572666168,
      0.48252367973327637,
      0.4824640154838562,
      0.47990554571151733,
      0.4815790057182312,
      0.4814457297325134,
      0.4821951985359192,
      0.48025447130203247,
      0.4803942143917084,
      0.4780937433242798,
      0.47669947147369385,
      0.4735872447490692,
      0.4756188988685608,
      0.4745809733867645,
      0.47291746735572815,
      0.4743531048297882,
      0.47463369369506836,
      0.47362643480300903,
      0.47538626194000244,
      0.47746214270591736,
      0.4759465754032135,
      0.4797151982784271,
      0.4808042645454407,
      0.4823731780052185,
      0.4859849214553833,
      0.48995068669319153,
      0.49154070019721985,
      0.49520039558410645,
      0.4972892999649048,
      0.4993782341480255,
      0.5035431981086731,
      0.5057318210601807,
      0.5095648169517517,
      0.5127095580101013,
      0.5132080912590027,
      0.5158805251121521,
      0.5137892365455627,
      0.5159527659416199,
      0.5187281966209412,
      0.5207676291465759,
      0.522467851638794,
      0.5229366421699524,
      0.5268703699111938,
      0.5282689332962036,
      0.5273672938346863,
      0.5291579365730286,
      0.5326521396636963,
      0.5334367156028748,
      0.5354220271110535,
      0.5351356267929077,
      0.5355056524276733,
      0.5331127643585205,
      0.5367734432220459,
      0.5382455587387085,
      0.538631021976471,
      0.5437242984771729,
      0.5418521761894226,
      0.5462221503257751,
      0.5485032200813293,
      0.5512841939926147,
      0.5496638417243958,
      0.5559505224227905,
      0.5547068119049072,
      0.5558372139930725,
      0.5586963891983032,
      0.558662474155426,
      0.5643951296806335,
      0.5651611089706421,
      0.5650070309638977,
      0.570268988609314,
      0.5719825625419617,
      0.5786228179931641,
      0.5774654150009155,
      0.5800825953483582,
      0.5848348736763,
      0.5850726366043091,
      0.5867248773574829,
      0.5878802537918091,
      0.5886617302894592,
      0.5892422795295715,
      0.5899097323417664,
      0.5879109501838684,
      0.5916879177093506,
      0.5900776386260986,
      0.5912581086158752,
      0.5896428823471069,
      0.5903948545455933,
      0.5897208452224731,
      0.593298077583313,
      0.5946313738822937,
      0.597001850605011,
      0.5965056419372559,
      0.5965859889984131,
