{
  "config": {
    "early_stopping": true,
    "epochs": 601,
    "expert_lr": 0.00082264,
    "expert_momentum": 0.887136,
    "expert_num": 4,
    "expert_weight_decay": 1e-05,
    "load_balancing": false,
    "optimizer_family": "original",
    "router_lr": 0.07833952,
    "router_momentum": 0.910836,
    "router_weight_decay": 1e-05
  },
  "eval_metrics": {
    "accuracy": 90.25,
    "dispatch_counts": [
      [
        347.0,
        342.0,
        29.0,
        89.0
      ],
      [
        236.0,
        238.0,
        0.0,
        326.0
      ],
      [
        388.0,
        397.0,
        3.0,
        13.0
      ],
      [
        293.0,
        126.0,
        373.0,
        0.0
      ]
    ],
    "entropy": 1.1160938739776611,
    "loss": 0.40945255756378174,
    "runtime_seconds": 0.004349960945546627,
    "split": "validation"
  },
  "fold_index": 4,
  "mode": "nonlinear",
  "seed": 10615,
  "setting": 1,
  "total_runtime_seconds": 19.999611533712596,
  "train_metrics": {
    "dispatch_counts": [
      [
        1366.0,
        1349.0,
        127.0,
        386.0
      ],
      [
        945.0,
        931.0,
        0.0,
        1323.0
      ],
      [
        1564.0,
        1570.0,
        9.0,
        62.0
      ],
      [
        1062.0,
        575.0,
        1531.0,
        0.0
      ]
    ],
    "entropy_record": [
      1.3860729932785034,
      1.3861943483352661,
      1.386129379272461,
      1.385976791381836,
      1.3857795000076294,
      1.3856974840164185,
      1.385803461074829,
      1.3859891891479492,
      1.3862085342407227,
      1.3860766887664795,
      1.3854948282241821,
      1.3835879564285278,
      1.3785510063171387,
      1.3622437715530396,
      1.3254163265228271,
      1.2275338172912598,
      1.0903470516204834,
      0.9731672406196594,
      0.8910064101219177,
      0.8121224045753479,
      0.7372852563858032,
      0.6901475191116333,
      0.6508803367614746,
      0.6222783923149109,
      0.6081070899963379,
      0.5912613272666931,
      0.6008844375610352,
      0.6015469431877136,
      0.6078003644943237,
      0.6203909516334534,
      0.6415902972221375,
      0.6628059148788452,
      0.6789101362228394,
      0.7014274597167969,
      0.7078108191490173,
      0.725033164024353,
      0.7474028468132019,
      0.7660406231880188,
      0.7750422358512878,
      0.79673171043396,
      0.8073869347572327,
      0.819229781627655,
      0.8290747404098511,
      0.8377163410186768,
      0.8398001194000244,
      0.8478444814682007,
      0.8472774028778076,
      0.8532046675682068,
      0.8584578037261963,
      0.8599272966384888,
      0.8660809993743896,
      0.8696475625038147,
      0.8697996139526367,
      0.8691889643669128,
      0.8713786602020264,
      0.8769862651824951,
      0.8806855082511902,
      0.8785793781280518,
      0.8766868114471436,
      0.8810073137283325,
      0.8823953866958618,
      0.8795029520988464,
      0.8822949528694153,
      0.8802763223648071,
      0.8791074752807617,
      0.8839194774627686,
      0.8843852877616882,
      0.879788875579834,
      0.8814297318458557,
      0.8813338279724121,
      0.8794776797294617,
      0.8829377293586731,
      0.8791403770446777,
      0.8740304112434387,
      0.8788334727287292,
      0.8783179521560669,
      0.8773861527442932,
      0.8857035040855408,
      0.8857919573783875,
      0.8835000395774841,
      0.8870402574539185,
      0.8896175622940063,
      0.8917414546012878,
      0.892439603805542,
      0.8957488536834717,
      0.8943628072738647,
      0.892902672290802,
      0.8971924185752869,
      0.9046306610107422,
      0.9036654829978943,
      0.9073652625083923,
      0.9090961813926697,
      0.9136367440223694,
      0.9122944474220276,
      0.9156708717346191,
      0.9167632460594177,
      0.9152560234069824,
      0.9161394238471985,
      0.9164782166481018,
      0.9177019000053406,
      0.9214043021202087,
      0.9208346009254456,
      0.9214861989021301,
      0.9169373512268066,
      0.9212391376495361,
      0.9207106232643127,
      0.9207074642181396,
      0.9196164011955261,
      0.9226614832878113,
      0.9213195443153381,
      0.9230899810791016,
      0.9228707551956177,
      0.9197828769683838,
      0.9245175719261169,
      0.922878623008728,
      0.9256555438041687,
      0.9184004664421082,
      0.92283695936203,
      0.9160262942314148,
      0.9192409515380859,
      0.9201328158378601,
      0.9151800274848938,
      0.9155576229095459,
      0.9221245050430298,
      0.9236947894096375,
      0.9262180328369141,
      0.9257559776306152,
      0.9282827377319336,
      0.9289652109146118,
      0.9319688677787781,
      0.9303476810455322,
      0.9290090799331665,
      0.9275200366973877,
      0.9272435903549194,
      0.92710280418396,
      0.926501989364624,
      0.9321817755699158,
      0.9288015961647034,
      0.9311012625694275,
      0.9270853400230408,
      0.9312020540237427,
      0.9267659187316895,
      0.9280732870101929,
      0.9280980825424194,
      0.9310083985328674,
      0.9326566457748413,
      0.9335118532180786,
      0.9376863241195679,
      0.9374584555625916,
      0.9431424140930176,
      0.9433626532554626,
      0.9431043267250061,
      0.9478002190589905,
      0.9504973292350769,
      0.9515351057052612,
      0.949944794178009,
      0.9529076814651489,
      0.9469442963600159,
      0.9514337778091431,
      0.9466825127601624,
      0.9504565596580505,
      0.9503008127212524,
      0.9489050507545471,
      0.9495190382003784,
      0.9493537545204163,
      0.9512398838996887,
      0.9526780247688293,
      0.9543405771255493,
      0.9576810002326965,
      0.9570273160934448,
      0.9536324739456177,
      0.9571564197540283,
      0.9605125188827515,
      0.9567022323608398,
      0.958081841468811,
      0.9574607014656067,
      0.9564945101737976,
      0.954697847366333,
      0.9599903225898743,
      0.9633124470710754,
      0.9644111394882202,
      0.9607588648796082,
      0.9633581042289734,
      0.9623149633407593,
      0.9635767936706543,
      0.9659236669540405,
      0.967210590839386,
      0.9649392366409302,
      0.968926191329956,
      0.9719132781028748,
      0.9695143699645996,
      0.9711414575576782,
      0.9713340997695923,
      0.973411500453949,
      0.9710689783096313,
      0.9723933339118958,
      0.9743984341621399,
      0.9754215478897095,
      0.9776286482810974,
      0.9809637665748596,
      0.980205237865448,
      0.9795263409614563,
      0.9827145934104919,
      0.98134446144104,
      0.9862402081489563,
      0.9831945896148682,
      0.9790341258049011,
      0.9803735613822937,
      0.9823629856109619,
      0.9793166518211365,
      0.9814286828041077,
      0.9774103760719299,
      0.9796087145805359,
      0.9804101586341858,
      0.9829555749893188,
      0.9853426218032837,
      0.9840163588523865,
      0.9876716136932373,
      0.9850280284881592,
      0.9889450669288635,
      0.9884527921676636,
      0.9882656931877136,
      0.9843589067459106,
      0.9887464642524719,
      0.9893385767936707,
      0.9853502511978149,
      0.9896755218505859,
      0.9935773015022278,
      0.9938073754310608,
      0.9933865070343018,
      0.9941467642784119,
      0.993184506893158,
      0.9933971762657166,
      0.9963549375534058,
      0.9975464344024658,
      0.9969617128372192,
      0.9979044198989868,
      0.9998623132705688,
      0.9980834722518921,
      1.003899097442627,
      1.0074772834777832,
      1.008937120437622,
      1.0082478523254395,
      1.0082603693008423,
      1.0091795921325684,
      1.0079431533813477,
      1.006911039352417,
      1.0072988271713257,
      1.0074803829193115,
      1.0045249462127686,
      1.0051497220993042,
      1.0079660415649414,
      1.0070518255233765,
      1.0060653686523438,
      1.0077110528945923,
      1.0082019567489624,
