{
  "config": {
    "early_stopping": true,
    "epochs": 601,
    "expert_lr": 0.0007707,
    "expert_momentum": 0.932127,
    "expert_num": 8,
    "expert_weight_decay": 1e-05,
    "load_balancing": false,
    "optimizer_family": "original",
    "router_lr": 0.02824985,
    "router_momentum": 0.928417,
    "router_weight_decay": 0.0
  },
  "eval_metrics": {
    "accuracy": 100.0,
    "dispatch_counts": [
      [
        807.0,
        0.0,
        0.0,
        0.0,
        0.0,
        0.0,
        0.0,
        0.0
      ],
      [
        0.0,
        0.0,
        0.0,
        800.0,
        0.0,
        0.0,
        0.0,
        0.0
      ],
      [
        0.0,
        0.0,
        0.0,
        0.0,
        0.0,
        0.0,
        801.0,
        0.0
      ],
      [
        0.0,
        0.0,
        0.0,
        0.0,
        792.0,
        0.0,
        0.0,
        0.0
      ]
    ],
    "entropy": 0.0,
    "loss": 0.3132616877555847,
    "runtime_seconds": 0.008551056031137705,
    "split": "validation"
  },
  "fold_index": 0,
  "mode": "nonlinear",
  "seed": 12111,
  "setting": 1,
  "total_runtime_seconds": 3.8809282472357154,
  "train_metrics": {
    "dispatch_counts": [
      [
        3226.0,
        0.0,
        0.0,
        0.0,
        0.0,
        0.0,
        1.0,
        1.0
      ],
      [
        0.0,
        0.0,
        0.0,
        3199.0,
        0.0,
        0.0,
        0.0,
        0.0
      ],
      [
        0.0,
        0.0,
        0.0,
        0.0,
        0.0,
        0.0,
        3205.0,
        0.0
      ],
      [
        0.0,
        0.0,
        0.0,
        0.0,
        3168.0,
        0.0,
        0.0,
        0.0
      ]
    ],
    "entropy_record": [
      1.3853596448898315,
      1.385445237159729,
      1.3853451013565063,
      1.3852671384811401,
      1.3855924606323242,
      1.38559091091156,
      1.3854365348815918,
      1.3849291801452637,
      1.3855361938476562,
      1.385725736618042,
      1.3854644298553467,
      1.3847739696502686,
      1.3820079565048218,
      1.3758833408355713,
      1.3525395393371582,
      1.3062686920166016,
      1.2026143074035645,
      1.030243992805481,
      0.7631932497024536,
      0.4287266135215759,
      0.16540174186229706,
      0.04680831730365753,
      0.017235906794667244,
      0.0045232707634568214,
      0.003990008495748043,
      0.0007078892667777836,
      0.0014166869223117828,
      0.0014158081030473113,
      0.0,
      0.0007087977137416601,
      0.0,
      0.0,
      0.0,
      0.0,
      0.0,
      0.0,
      0.0,
      0.0,
      0.0,
      0.0,
      0.0,
      0.0,
      0.0,
      0.0,
      0.0,
      0.0,
      0.0007087977137416601
    ],
    "epochs_ran": 47,
    "final_entropy": 0.0007087977137416601,
    "final_loss": 0.3132859170436859,
    "plot_diagnostics": null,
    "runtime_seconds": 3.8723771912045777
  }
}