{
  "config": {
    "early_stopping": true,
    "epochs": 601,
    "expert_lr": 0.00282181,
    "expert_momentum": 0.958611,
    "expert_num": 8,
    "expert_weight_decay": 0.0,
    "load_balancing": false,
    "ns_steps": 5,
    "optimizer_family": "muon",
    "router_lr": 0.02023413,
    "router_momentum": 0.924426,
    "router_weight_decay": 0.0
  },
  "eval_metrics": {
    "accuracy": 95.09375,
    "dispatch_counts": [
      [
        18.0,
        268.0,
        43.0,
        31.0,
        8.0,
        419.0,
        41.0,
        0.0
      ],
      [
        2.0,
        0.0,
        2.0,
        11.0,
        320.0,
        14.0,
        26.0,
        405.0
      ],
      [
        4.0,
        14.0,
        409.0,
        13.0,
        333.0,
        39.0,
        0.0,
        0.0
      ],
      [
        377.0,
        0.0,
        6.0,
        379.0,
        1.0,
        16.0,
        0.0,
        1.0
      ]
    ],
    "entropy": 0.43492642045021057,
    "loss": 0.3623240292072296,
    "runtime_seconds": 0.007662769872695208,
    "split": "validation"
  },
  "fold_index": 0,
  "mode": "nonlinear",
  "seed": 30311,
  "setting": 3,
  "total_runtime_seconds": 40.35502558480948,
  "train_metrics": {
    "dispatch_counts": [
      [
        101.0,
        1087.0,
        156.0,
        108.0,
        24.0,
        1680.0,
        159.0,
        0.0
      ],
      [
        12.0,
        1.0,
        18.0,
        42.0,
        1288.0,
        76.0,
        103.0,
        1577.0
      ],
      [
        15.0,
        55.0,
        1639.0,
        52.0,
        1350.0,
        139.0,
        0.0,
        0.0
      ],
      [
        1537.0,
        1.0,
        14.0,
        1522.0,
        2.0,
        40.0,
        0.0,
        2.0
      ]
    ],
    "entropy_record": [
      1.3853822946548462,
      1.2475546598434448,
      1.051145315170288,
      0.8071663975715637,
      0.6846210956573486,
      0.6040169596672058,
      0.5453675985336304,
      0.49280035495758057,
      0.45836958289146423,
      0.433553546667099,
      0.41774889826774597,
      0.40550628304481506,
      0.3977292478084564,
      0.39073365926742554,
      0.3821774423122406,
      0.37645602226257324,
      0.37242159247398376,
      0.36664873361587524,
      0.3645551800727844,
      0.3652770519256592,
      0.3613678812980652,
      0.36164867877960205,
      0.36240705847740173,
      0.36105111241340637,
      0.3577270805835724,
      0.3588288128376007,
      0.35818973183631897,
      0.35922107100486755,
      0.3566853702068329,
      0.35921651124954224,
      0.35564303398132324,
      0.3548644781112671,
      0.3566206395626068,
      0.3589591979980469,
      0.354858934879303,
      0.3566279113292694,
      0.35698428750038147,
      0.35258013010025024,
      0.35612061619758606,
      0.35531601309776306,
      0.3578643202781677,
      0.3562992811203003,
      0.35505571961402893,
      0.352790892124176,
      0.357512503862381,
      0.3554345965385437,
      0.352846622467041,
      0.3559216558933258,
      0.3563637137413025,
      0.35344693064689636,
      0.3549771308898926,
      0.35506394505500793,
      0.3550296425819397,
      0.3555309772491455,
      0.35721591114997864,
      0.355564683675766,
      0.35502105951309204,
      0.3579949736595154,
      0.35523363947868347,
      0.3519435524940491,
      0.3567688465118408,
      0.3551943898200989,
      0.35617297887802124,
      0.3554825484752655,
      0.3556008040904999,
      0.3564128279685974,
      0.35573914647102356,
      0.3587106466293335,
      0.3554171621799469,
      0.3564995229244232,
      0.35663464665412903,
      0.3567291498184204,
      0.35837626457214355,
      0.3550124168395996,
      0.35645753145217896,
      0.35602399706840515,
      0.3557192087173462,
      0.3556899428367615,
      0.35577118396759033,
      0.3570455312728882,
      0.3599013090133667,
      0.3548985421657562,
      0.35613182187080383,
      0.3563210368156433,
      0.3583759367465973,
      0.3582035005092621,
      0.35681208968162537,
      0.357494056224823,
      0.3565064072608948,
      0.35727208852767944,
      0.3576897382736206,
      0.35646435618400574,
      0.3571813404560089,
      0.3575321435928345,
      0.3583977222442627,
      0.356027752161026,
      0.35753515362739563,
      0.3589898943901062,
      0.3555822968482971,
      0.3571993112564087,
      0.35796186327934265,
      0.35685282945632935,
      0.35929954051971436,
      0.3560663163661957,
      0.35912010073661804,
      0.35746583342552185,
      0.35919466614723206,
      0.35747233033180237,
      0.3595029413700104,
      0.3574388325214386,
      0.3559889793395996,
      0.35805949568748474,
      0.3583938479423523,
      0.35779711604118347,
      0.3563534617424011,
      0.3599439859390259,
      0.356912761926651,
      0.35689276456832886,
      0.35771670937538147,
      0.3586984872817993,
      0.35841456055641174,
      0.3579305410385132,
      0.3566860556602478,
      0.3599128723144531,
      0.3574311137199402,
      0.35717183351516724,
      0.3586137890815735,
      0.35884544253349304,
      0.3594459593296051,
      0.3585106134414673,
      0.35952040553092957,
      0.35957396030426025,
      0.3584200143814087,
      0.35878685116767883,
      0.358692467212677,
      0.36026233434677124,
      0.3594624400138855,
      0.3578493595123291,
      0.3593708276748657,
      0.3578585684299469,
      0.35884642601013184,
      0.35835155844688416,
      0.36000630259513855,
      0.35965943336486816,
      0.35834458470344543,
      0.36026322841644287,
      0.3606449365615845,
      0.35995587706565857,
      0.35888707637786865,
      0.3597068190574646,
      0.3612109124660492,
      0.3594887852668762,
      0.36005929112434387,
      0.35970672965049744,
      0.3599225878715515,
      0.35994747281074524,
      0.35959187150001526,
      0.359426349401474,
      0.3605194687843323,
      0.3610750734806061,
      0.3609621524810791,
      0.3619956374168396,
      0.3599264919757843,
      0.3619600534439087,
      0.3613840341567993,
      0.36096590757369995,
      0.36035987734794617,
      0.36131617426872253,
      0.36033281683921814,
      0.36137810349464417,
      0.35975778102874756,
      0.3592236340045929,
      0.35978731513023376,
      0.36144325137138367,
      0.3614347279071808,
      0.36029163002967834,
      0.36057421565055847,
      0.360901802778244,
      0.3626165986061096,
      0.3621179461479187,
      0.3609757721424103,
      0.36251339316368103,
      0.3619857132434845,
      0.36217495799064636,
      0.36157432198524475,
      0.3610421419143677,
      0.3617384731769562,
      0.361770361661911,
      0.3599030077457428,
      0.35899779200553894,
      0.3621050715446472,
      0.36045023798942566,
      0.3616989850997925,
      0.3607763648033142,
      0.36243510246276855,
      0.3599364459514618,
      0.3605254888534546,
      0.35812005400657654,
      0.3582002520561218,
      0.3594852685928345,
      0.35851263999938965,
      0.3589131236076355,
      0.3593311905860901,
      0.35739004611968994,
      0.3565412163734436,
      0.35719233751296997,
      0.35750943422317505,
      0.3567626476287842,
      0.35728251934051514,
      0.3571541905403137,
      0.35500526428222656,
      0.35518670082092285,
      0.3556446135044098,
      0.35619649291038513,
      0.35738828778266907,
      0.35767680406570435,
      0.3582177758216858,
      0.35874831676483154,
      0.35871344804763794,
      0.35912880301475525,
      0.35882142186164856,
      0.36006519198417664,
      0.36009442806243896,
      0.3600185215473175,
      0.3611845076084137,
      0.35973647236824036,
      0.3614867627620697,
      0.36177924275398254,
      0.36217641830444336,
      0.36206018924713135,
      0.362183153629303,
      0.36201387643814087,
      0.3601228594779968,
      0.36110952496528625,
