{
  "config": {
    "early_stopping": true,
    "epochs": 601,
    "expert_lr": 0.00203377,
    "expert_momentum": 0.855772,
    "expert_num": 8,
    "expert_weight_decay": 0.0,
    "load_balancing": false,
    "optimizer_family": "original",
    "router_lr": 0.01698561,
    "router_momentum": 0.892045,
    "router_weight_decay": 1e-05
  },
  "eval_metrics": {
    "accuracy": 94.8125,
    "dispatch_counts": [
      [
        539.0,
        21.0,
        1.0,
        5.0,
        260.0,
        1.0,
        2.0,
        0.0
      ],
      [
        334.0,
        337.0,
        70.0,
        4.0,
        3.0,
        3.0,
        0.0,
        28.0
      ],
      [
        4.0,
        0.0,
        1.0,
        560.0,
        2.0,
        2.0,
        243.0,
        0.0
      ],
      [
        2.0,
        0.0,
        2.0,
        2.0,
        160.0,
        613.0,
        0.0,
        1.0
      ]
    ],
    "entropy": 0.35981014370918274,
    "loss": 0.3655441701412201,
    "runtime_seconds": 0.008490367792546749,
    "split": "validation"
  },
  "fold_index": 1,
  "mode": "nonlinear",
  "seed": 20012,
  "setting": 2,
  "total_runtime_seconds": 10.933193305507302,
  "train_metrics": {
    "dispatch_counts": [
      [
        2128.0,
        91.0,
        15.0,
        22.0,
        1047.0,
        2.0,
        9.0,
        0.0
      ],
      [
        1325.0,
        1331.0,
        270.0,
        20.0,
        13.0,
        13.0,
        2.0,
        144.0
      ],
      [
        19.0,
        5.0,
        10.0,
        2288.0,
        13.0,
        2.0,
        913.0,
        0.0
      ],
      [
        9.0,
        0.0,
        12.0,
        7.0,
        631.0,
        2450.0,
        6.0,
        3.0
      ]
    ],
    "entropy_record": [
      1.3853356838226318,
      1.3851385116577148,
      1.3847249746322632,
      1.3848140239715576,
      1.3850934505462646,
      1.385165810585022,
      1.3850613832473755,
      1.385337471961975,
      1.3845915794372559,
      1.3839373588562012,
      1.3816523551940918,
      1.3733400106430054,
      1.3497196435928345,
      1.305017352104187,
      1.2377513647079468,
      1.1597819328308105,
      1.0516825914382935,
      0.9400234818458557,
      0.8540754318237305,
      0.7615841627120972,
      0.6934270858764648,
      0.652715265750885,
      0.5910619497299194,
      0.5470032095909119,
      0.5054776072502136,
      0.4512580335140228,
      0.42072156071662903,
      0.38033556938171387,
      0.3517608344554901,
      0.32359495759010315,
      0.3035579025745392,
      0.2823072373867035,
      0.2739895284175873,
      0.2530580759048462,
      0.24924258887767792,
      0.24960947036743164,
      0.24473392963409424,
      0.22326989471912384,
      0.22375153005123138,
      0.22208216786384583,
      0.21385429799556732,
      0.2192126214504242,
      0.2118203192949295,
      0.20893853902816772,
      0.20556366443634033,
      0.21545812487602234,
      0.21025526523590088,
      0.2027559131383896,
      0.2077869325876236,
      0.2185843139886856,
      0.20787352323532104,
      0.20988377928733826,
      0.2110842913389206,
      0.21844573318958282,
      0.20764032006263733,
      0.21428252756595612,
      0.20876939594745636,
      0.2115887701511383,
      0.21210718154907227,
      0.20748284459114075,
      0.21863946318626404,
      0.2163265496492386,
      0.21282857656478882,
      0.22630931437015533,
      0.22025884687900543,
      0.22584189474582672,
      0.23042593896389008,
      0.22786793112754822,
      0.23000147938728333,
      0.23415876924991608,
      0.22222749888896942,
      0.23542265594005585,
      0.21957695484161377,
      0.22602128982543945,
      0.23098570108413696,
      0.23378883302211761,
      0.23988892138004303,
      0.24525076150894165,
      0.24284106492996216,
      0.23999546468257904,
      0.24294745922088623,
      0.24844619631767273,
      0.2520543336868286,
      0.25336164236068726,
      0.2488681674003601,
      0.258338063955307,
      0.2527535855770111,
      0.26209351420402527,
      0.26565343141555786,
      0.2622518241405487,
      0.2706770896911621,
      0.26488909125328064,
      0.27666616439819336,
      0.26653116941452026,
      0.26515936851501465,
      0.270914226770401,
      0.2802848815917969,
      0.280286580324173,
      0.28820720314979553,
      0.2969389259815216,
      0.29206082224845886,
      0.29387810826301575,
      0.29045960307121277,
      0.29848596453666687,
      0.3000939190387726,
      0.29308733344078064,
      0.3043026030063629,
      0.2993626296520233,
      0.31062430143356323,
      0.31827598810195923,
      0.3104335367679596,
      0.32007676362991333,
      0.315862238407135,
      0.31387102603912354,
      0.3238157033920288,
      0.32580986618995667,
      0.3284205198287964,
      0.33414265513420105,
      0.34009790420532227,
      0.3322914242744446,
      0.33970022201538086,
      0.3436029553413391,
      0.34090566635131836,
      0.3448566794395447,
      0.3436843752861023,
      0.3456413447856903,
      0.3559061288833618,
      0.35742416977882385,
      0.357582151889801,
      0.36526429653167725,
      0.3598690927028656,
      0.37376758456230164
    ],
    "epochs_ran": 132,
    "final_entropy": 0.37376758456230164,
    "final_loss": 0.35599446296691895,
    "plot_diagnostics": null,
    "runtime_seconds": 10.924702937714756
  }
}