{
  "config": {
    "early_stopping": true,
    "epochs": 601,
    "expert_lr": 0.00203377,
    "expert_momentum": 0.855772,
    "expert_num": 8,
    "expert_weight_decay": 0.0,
    "load_balancing": false,
    "optimizer_family": "original",
    "router_lr": 0.01698561,
    "router_momentum": 0.892045,
    "router_weight_decay": 1e-05
  },
  "eval_metrics": {
    "accuracy": 98.28125,
    "dispatch_counts": [
      [
        8.0,
        0.0,
        617.0,
        0.0,
        2.0,
        11.0,
        3.0,
        188.0
      ],
      [
        759.0,
        0.0,
        0.0,
        1.0,
        0.0,
        15.0,
        2.0,
        2.0
      ],
      [
        9.0,
        1.0,
        1.0,
        0.0,
        0.0,
        796.0,
        3.0,
        3.0
      ],
      [
        2.0,
        0.0,
        0.0,
        11.0,
        7.0,
        23.0,
        735.0,
        1.0
      ]
    ],
    "entropy": 0.139825701713562,
    "loss": 0.33037829399108887,
    "runtime_seconds": 0.012419790960848331,
    "split": "validation"
  },
  "fold_index": 3,
  "mode": "nonlinear",
  "seed": 20014,
  "setting": 2,
  "total_runtime_seconds": 49.87321913614869,
  "train_metrics": {
    "dispatch_counts": [
      [
        29.0,
        6.0,
        2446.0,
        0.0,
        4.0,
        39.0,
        9.0,
        781.0
      ],
      [
        3075.0,
        2.0,
        2.0,
        1.0,
        1.0,
        34.0,
        1.0,
        2.0
      ],
      [
        10.0,
        2.0,
        7.0,
        0.0,
        2.0,
        3207.0,
        9.0,
        12.0
      ],
      [
        18.0,
        0.0,
        4.0,
        44.0,
        20.0,
        51.0,
        2978.0,
        4.0
      ]
    ],
    "entropy_record": [
      1.3852869272232056,
      1.385316014289856,
      1.3846569061279297,
      1.384748935699463,
      1.3853585720062256,
      1.3853659629821777,
      1.3848960399627686,
      1.3850730657577515,
      1.3843708038330078,
      1.382477045059204,
      1.3719059228897095,
      1.3520958423614502,
      1.3008372783660889,
      1.2137432098388672,
      1.1069045066833496,
      0.9530025124549866,
      0.7779815793037415,
      0.5986405611038208,
      0.44900357723236084,
      0.335808664560318,
      0.2505114674568176,
      0.20846393704414368,
      0.1567327231168747,
      0.1393040418624878,
      0.12267287820577621,
      0.10920307040214539,
      0.10014182329177856,
      0.09050306677818298,
      0.08933734893798828,
      0.07906696200370789,
      0.07632489502429962,
      0.07119973003864288,
      0.07616893202066422,
      0.06928623467683792,
      0.06780079752206802,
      0.07339861989021301,
      0.06684398651123047,
      0.06643546372652054,
      0.06200652942061424,
      0.065758116543293,
      0.0615612268447876,
      0.06963764131069183,
      0.06295451521873474,
      0.06739278882741928,
      0.06740549206733704,
      0.06010203808546066,
      0.06297530233860016,
      0.0618799552321434,
      0.06122832000255585,
      0.06356299668550491,
      0.07077392935752869,
      0.06360984593629837,
      0.0552390031516552,
      0.05934729054570198,
      0.06082718074321747,
      0.05901341140270233,
      0.06106816232204437,
      0.05905009061098099,
      0.06705250591039658,
      0.056349270045757294,
      0.05460355430841446,
      0.06122266873717308,
      0.0643891915678978,
      0.05746383219957352,
      0.05491355061531067,
      0.05767915025353432,
      0.054844699800014496,
      0.05683150514960289,
      0.07237951457500458,
      0.0640483871102333,
      0.062431804835796356,
      0.057417962700128555,
      0.06301561743021011,
      0.05791985243558884,
      0.058545708656311035,
      0.06253688782453537,
      0.05533580482006073,
      0.06161001697182655,
      0.054372601211071014,
      0.06495708227157593,
      0.06195389851927757,
      0.058162420988082886,
      0.06241333857178688,
      0.06297328323125839,
      0.057029515504837036,
      0.06073848530650139,
      0.06153251975774765,
      0.0612337626516819,
      0.05813136696815491,
      0.05947137624025345,
      0.06283055245876312,
      0.06210101395845413,
      0.05556505173444748,
      0.05932879075407982,
      0.06023845821619034,
      0.057976558804512024,
      0.0517846941947937,
      0.0676460787653923,
      0.06035337969660759,
      0.060132842510938644,
      0.06052287667989731,
      0.0562351755797863,
      0.056241653859615326,
      0.06840935349464417,
      0.06548259407281876,
      0.06224798038601875,
      0.06326419115066528,
      0.05123775452375412,
      0.0591113306581974,
      0.05924193188548088,
      0.061987970024347305,
      0.06917517632246017,
      0.05643527954816818,
      0.058932386338710785,
      0.061166852712631226,
      0.06493102014064789,
      0.060608722269535065,
      0.07128559798002243,
      0.06221112608909607,
      0.06822136789560318,
      0.05655573308467865,
      0.0698946863412857,
      0.06019119918346405,
      0.06210257112979889,
      0.05289671942591667,
      0.06116509810090065,
      0.06215790659189224,
      0.061922285705804825,
      0.06148361414670944,
      0.05963859334588051,
      0.06324439495801926,
      0.07254068553447723,
      0.058947283774614334,
      0.057603754103183746,
      0.0607537180185318,
      0.05841600522398949,
      0.06537386775016785,
      0.06685275584459305,
      0.0617804229259491,
      0.06482113897800446,
      0.05398925393819809,
      0.06102216988801956,
      0.06515448540449142,
      0.060503747314214706,
      0.06863375753164291,
      0.06126001849770546,
      0.06404891610145569,
      0.06703267991542816,
      0.06431496888399124,
      0.0600869283080101,
      0.062244705855846405,
      0.06640326976776123,
      0.06448662281036377,
      0.05946818366646767,
      0.058939188718795776,
      0.06349626183509827,
      0.065769262611866,
      0.06110868975520134,
      0.06528541445732117,
      0.061332814395427704,
      0.05960460379719734,
      0.059291012585163116,
      0.06647494435310364,
      0.06411994248628616,
      0.06048852205276489,
      0.06338050961494446,
      0.05849986523389816,
      0.06718150526285172,
      0.05718512088060379,
      0.05737015977501869,
      0.06027590483427048,
      0.06606894731521606,
      0.06310638785362244,
      0.0671154260635376,
      0.06391800940036774,
      0.06489874422550201,
      0.06211458891630173,
      0.06808041036128998,
      0.06554131209850311,
      0.05976949259638786,
      0.06741185486316681,
      0.07017089426517487,
      0.06091788038611412,
      0.06132587417960167,
      0.06129162013530731,
      0.06250468641519547,
      0.06710605323314667,
      0.0640680268406868,
      0.06917695701122284,
      0.06790348142385483,
      0.06653723865747452,
      0.06418150663375854,
      0.05781978368759155,
      0.062023114413022995,
      0.06862194091081619,
      0.0643414556980133,
      0.06144338846206665,
      0.06633634120225906,
      0.0643809512257576,
      0.07177910208702087,
      0.06428998708724976,
      0.06772927939891815,
      0.06224566325545311,
      0.060940220952034,
      0.06874965876340866,
      0.06701850146055222,
      0.06925104558467865,
      0.0713585615158081,
      0.0631403774023056,
      0.06341270357370377,
      0.06486673653125763,
      0.062212053686380386,
      0.06900134682655334,
      0.07021403312683105,
      0.06550022214651108,
      0.06913647055625916,
      0.06465780735015869,
      0.06585980951786041,
      0.0602702833712101,
      0.06470310688018799,
      0.059166498482227325,
      0.06947419047355652,
      0.06721481680870056,
      0.066008061170578,
      0.06936288625001907,
      0.07491074502468109,
      0.06079676002264023,
      0.06412555277347565,
      0.06872491538524628,
      0.058385320007801056,
      0.06765490770339966,
      0.06916980445384979,
