{
  "config": {
    "early_stopping": true,
    "epochs": 601,
    "expert_lr": 0.00203377,
    "expert_momentum": 0.855772,
    "expert_num": 8,
    "expert_weight_decay": 0.0,
    "load_balancing": false,
    "optimizer_family": "original",
    "router_lr": 0.01698561,
    "router_momentum": 0.892045,
    "router_weight_decay": 1e-05
  },
  "eval_metrics": {
    "accuracy": 98.59375,
    "dispatch_counts": [
      [
        0.0,
        0.0,
        826.0,
        2.0,
        0.0,
        0.0,
        1.0,
        0.0
      ],
      [
        1.0,
        0.0,
        8.0,
        770.0,
        0.0,
        0.0,
        0.0,
        0.0
      ],
      [
        1.0,
        147.0,
        20.0,
        8.0,
        0.0,
        232.0,
        3.0,
        402.0
      ],
      [
        0.0,
        0.0,
        9.0,
        0.0,
        141.0,
        0.0,
        629.0,
        0.0
      ]
    ],
    "entropy": 0.08637244254350662,
    "loss": 0.3273654878139496,
    "runtime_seconds": 0.011998823843896389,
    "split": "validation"
  },
  "fold_index": 2,
  "mode": "nonlinear",
  "seed": 20013,
  "setting": 2,
  "total_runtime_seconds": 49.96881539793685,
  "train_metrics": {
    "dispatch_counts": [
      [
        0.0,
        0.0,
        3302.0,
        9.0,
        1.0,
        0.0,
        1.0,
        1.0
      ],
      [
        11.0,
        2.0,
        15.0,
        3079.0,
        1.0,
        3.0,
        6.0,
        1.0
      ],
      [
        1.0,
        661.0,
        100.0,
        36.0,
        5.0,
        947.0,
        19.0,
        1480.0
      ],
      [
        5.0,
        2.0,
        14.0,
        15.0,
        524.0,
        4.0,
        2546.0,
        9.0
      ]
    ],
    "entropy_record": [
      1.3851069211959839,
      1.385297179222107,
      1.3848743438720703,
      1.3849525451660156,
      1.385279893875122,
      1.3849835395812988,
      1.385204792022705,
      1.3850537538528442,
      1.384828805923462,
      1.382731556892395,
      1.3710068464279175,
      1.3489625453948975,
      1.2987196445465088,
      1.2082223892211914,
      1.0963668823242188,
      0.9367594718933105,
      0.751804769039154,
      0.5952228903770447,
      0.4441690742969513,
      0.3501273989677429,
      0.25114306807518005,
      0.20976461470127106,
      0.17278558015823364,
      0.1372624933719635,
      0.11983364820480347,
      0.11568792164325714,
      0.09665974974632263,
      0.09502483159303665,
      0.0957396924495697,
      0.08551532030105591,
      0.0894102156162262,
      0.08186337351799011,
      0.07252836972475052,
      0.07541665434837341,
      0.07150936126708984,
      0.08013985306024551,
      0.07372160255908966,
      0.07658496499061584,
      0.07265669107437134,
      0.06967808306217194,
      0.05940544977784157,
      0.06154903769493103,
      0.06743385642766953,
      0.06480725109577179,
      0.07050229609012604,
      0.060509420931339264,
      0.06958836317062378,
      0.065191850066185,
      0.06654679030179977,
      0.0692872628569603,
      0.059332095086574554,
      0.06124560907483101,
      0.06360676884651184,
      0.059204407036304474,
      0.07276125252246857,
      0.06703393161296844,
      0.061446186155080795,
      0.07534234970808029,
      0.0599069744348526,
      0.06392035633325577,
      0.058736372739076614,
      0.0668279379606247,
      0.06981299817562103,
      0.05793830007314682,
      0.06457635015249252,
      0.059829309582710266,
      0.05918322503566742,
      0.06726786494255066,
      0.06303881853818893,
      0.06651567667722702,
      0.059118371456861496,
      0.06710757315158844,
      0.06847966462373734,
      0.06644266843795776,
      0.06989793479442596,
      0.05640426278114319,
      0.058905038982629776,
      0.06873542070388794,
      0.07071873545646667,
      0.06628566980361938,
      0.06834116578102112,
      0.06672707945108414,
      0.06873181462287903,
      0.06807922571897507,
      0.06204839050769806,
      0.06320369988679886,
      0.07298487424850464,
      0.06496617197990417,
      0.0713716521859169,
      0.06987787038087845,
      0.06990313529968262,
      0.06166728585958481,
      0.06971826404333115,
      0.0730479285120964,
      0.06125921383500099,
      0.06210147216916084,
      0.05893753096461296,
      0.07233776152133942,
      0.06875099986791611,
      0.06564074754714966,
      0.0660204067826271,
      0.060247503221035004,
      0.07442819327116013,
      0.064442940056324,
      0.0693722814321518,
      0.07000485062599182,
      0.06464621424674988,
      0.06906602531671524,
      0.06930539757013321,
      0.0607927180826664,
      0.06688616424798965,
      0.06338170915842056,
      0.06894923746585846,
      0.059251151978969574,
      0.06540942937135696,
      0.06759990751743317,
      0.07539737224578857,
      0.06822969764471054,
      0.06793075054883957,
      0.06885513663291931,
      0.0705418661236763,
      0.06462674587965012,
      0.05887863412499428,
      0.06658471375703812,
      0.07123570889234543,
      0.0724237859249115,
      0.06753791123628616,
      0.06481089442968369,
      0.06743701547384262,
      0.07093203067779541,
      0.07406462728977203,
      0.06987149268388748,
      0.06479741632938385,
      0.06817928701639175,
      0.06944834440946579,
      0.07225846499204636,
      0.07393857091665268,
      0.0663684830069542,
      0.06149592995643616,
      0.07081335037946701,
      0.06184489279985428,
      0.06935499608516693,
      0.07028061896562576,
      0.0690024271607399,
      0.06663597375154495,
      0.06826861202716827,
      0.07132796943187714,
      0.061154112219810486,
      0.07121783494949341,
      0.0630432590842247,
      0.06515944004058838,
      0.06637918949127197,
      0.07308971136808395,
      0.07384331524372101,
      0.06511514633893967,
      0.07020912319421768,
      0.06536030769348145,
      0.0701657086610794,
      0.07192482799291611,
      0.06924522668123245,
      0.06827238947153091,
      0.06730355322360992,
      0.07155171036720276,
      0.07154399901628494,
      0.07863425463438034,
      0.07699474692344666,
      0.06280197203159332,
      0.0775408148765564,
      0.0742870643734932,
      0.06765422970056534,
      0.06331081688404083,
      0.06976649165153503,
      0.06879397481679916,
      0.07257963716983795,
      0.06685405224561691,
      0.07554793357849121,
      0.07034873962402344,
      0.0759393572807312,
      0.06675826013088226,
      0.0670674592256546,
      0.07061342895030975,
      0.070172518491745,
      0.07856355607509613,
      0.07036764919757843,
      0.06727399677038193,
      0.06923285871744156,
      0.07485997676849365,
      0.0695282369852066,
      0.07518211007118225,
      0.07149287313222885,
      0.07748832553625107,
      0.07549445331096649,
      0.07276040315628052,
      0.06900893151760101,
      0.06989797204732895,
      0.07218633592128754,
      0.06721561402082443,
      0.06900861859321594,
      0.06981132179498672,
      0.07167037576436996,
      0.06593015789985657,
      0.07844801247119904,
      0.06263332068920135,
      0.07762537151575089,
      0.07312840968370438,
      0.07184922695159912,
      0.07199909538030624,
      0.06818239390850067,
      0.07222429662942886,
      0.07504852861166,
      0.07583636045455933,
      0.07706359028816223,
      0.06747472286224365,
      0.07030586898326874,
      0.06771112233400345,
      0.07302040606737137,
      0.0687045156955719,
      0.07064712047576904,
      0.06940218806266785,
      0.06961612403392792,
      0.08060169219970703,
      0.07491237670183182,
      0.07938429713249207,
      0.07877374440431595,
      0.07623638957738876,
      0.07544238120317459,
      0.07649557292461395,
      0.06881152093410492,
      0.07402409613132477,
      0.0732032060623169,
      0.07487474381923676,
      0.07487645000219345,
