{
  "config": {
    "early_stopping": true,
    "epochs": 601,
    "expert_lr": 0.00257343,
    "expert_momentum": 0.891627,
    "expert_num": 4,
    "expert_weight_decay": 0.0,
    "load_balancing": false,
    "ns_steps": 5,
    "optimizer_family": "muon",
    "router_lr": 0.02817405,
    "router_momentum": 0.878908,
    "router_weight_decay": 0.0
  },
  "eval_metrics": {
    "accuracy": 93.46875,
    "dispatch_counts": [
      [
        356.0,
        179.0,
        75.0,
        218.0
      ],
      [
        212.0,
        33.0,
        186.0,
        349.0
      ],
      [
        176.0,
        378.0,
        218.0,
        40.0
      ],
      [
        232.0,
        102.0,
        357.0,
        89.0
      ]
    ],
    "entropy": 1.2288469076156616,
    "loss": 0.37848538160324097,
    "runtime_seconds": 0.004380503203719854,
    "split": "validation"
  },
  "fold_index": 0,
  "mode": "nonlinear",
  "seed": 30411,
  "setting": 3,
  "total_runtime_seconds": 3.642917489167303,
  "train_metrics": {
    "dispatch_counts": [
      [
        1355.0,
        799.0,
        322.0,
        839.0
      ],
      [
        789.0,
        142.0,
        781.0,
        1405.0
      ],
      [
        716.0,
        1554.0,
        834.0,
        146.0
      ],
      [
        934.0,
        408.0,
        1370.0,
        406.0
      ]
    ],
    "entropy_record": [
      1.385845422744751,
      1.1756948232650757,
      1.0476945638656616,
      1.0213203430175781,
      1.0458317995071411,
      1.058151364326477,
      1.0673997402191162,
      1.0811619758605957,
      1.0852530002593994,
      1.0940358638763428,
      1.1047883033752441,
      1.1164031028747559,
      1.12502121925354,
      1.1345486640930176,
      1.143240213394165,
      1.1476168632507324,
      1.1497284173965454,
      1.152038335800171,
      1.153774380683899,
      1.1523076295852661,
      1.152276635169983,
      1.154492735862732,
      1.157051920890808,
      1.1583597660064697,
      1.1612670421600342,
      1.1613181829452515,
      1.1643422842025757,
      1.167151927947998,
      1.168421745300293,
      1.1674842834472656,
      1.1692551374435425,
      1.173716425895691,
      1.1728460788726807,
      1.1750953197479248,
      1.178459882736206,
      1.1797599792480469,
      1.1824419498443604,
      1.1853137016296387,
      1.1857736110687256,
      1.1880275011062622,
      1.1904979944229126,
      1.193395733833313,
      1.1960246562957764,
      1.196531057357788,
      1.1980609893798828,
      1.200109839439392,
      1.2032690048217773,
      1.2040846347808838,
      1.2063980102539062,
      1.2080788612365723,
      1.2094383239746094,
      1.21001398563385,
      1.2120617628097534,
      1.2128616571426392,
      1.212051510810852,
      1.2145981788635254,
      1.2138649225234985,
      1.2147090435028076,
      1.2166612148284912,
      1.2188667058944702,
      1.2194006443023682,
      1.2200560569763184,
      1.2214137315750122,
      1.2207129001617432,
      1.2219324111938477,
      1.221651554107666,
      1.2225645780563354,
      1.2239253520965576,
      1.2240992784500122,
      1.225478172302246,
      1.2267346382141113,
      1.2267136573791504,
      1.2279328107833862,
      1.2300817966461182,
      1.2303180694580078,
      1.2306733131408691,
      1.232605218887329,
      1.2338224649429321
    ],
    "epochs_ran": 78,
    "final_entropy": 1.2338224649429321,
    "final_loss": 0.38381728529930115,
    "plot_diagnostics": null,
    "runtime_seconds": 3.638536985963583
  }
}