{
  "config": {
    "early_stopping": true,
    "epochs": 601,
    "expert_lr": 0.00257343,
    "expert_momentum": 0.891627,
    "expert_num": 4,
    "expert_weight_decay": 0.0,
    "load_balancing": false,
    "ns_steps": 5,
    "optimizer_family": "muon",
    "router_lr": 0.02817405,
    "router_momentum": 0.878908,
    "router_weight_decay": 0.0
  },
  "eval_metrics": {
    "accuracy": 89.46875,
    "dispatch_counts": [
      [
        56.0,
        460.0,
        5.0,
        308.0
      ],
      [
        350.0,
        215.0,
        119.0,
        95.0
      ],
      [
        148.0,
        199.0,
        465.0,
        1.0
      ],
      [
        72.0,
        466.0,
        240.0,
        1.0
      ]
    ],
    "entropy": 1.1005542278289795,
    "loss": 0.4185740351676941,
    "runtime_seconds": 0.004345887340605259,
    "split": "validation"
  },
  "fold_index": 3,
  "mode": "nonlinear",
  "seed": 30414,
  "setting": 3,
  "total_runtime_seconds": 6.014304015785456,
  "train_metrics": {
    "dispatch_counts": [
      [
        221.0,
        1847.0,
        24.0,
        1222.0
      ],
      [
        1355.0,
        883.0,
        465.0,
        415.0
      ],
      [
        614.0,
        768.0,
        1867.0,
        0.0
      ],
      [
        298.0,
        1838.0,
        975.0,
        8.0
      ]
    ],
    "entropy_record": [
      1.3857228755950928,
      1.2649589776992798,
      1.1563116312026978,
      1.0795427560806274,
      1.0620123147964478,
      1.06850266456604,
      1.0958032608032227,
      1.1054320335388184,
      1.1135262250900269,
      1.1240190267562866,
      1.1259450912475586,
      1.127640962600708,
      1.1281752586364746,
      1.1256955862045288,
      1.122811198234558,
      1.1185027360916138,
      1.1173051595687866,
      1.1113821268081665,
      1.1122362613677979,
      1.1105918884277344,
      1.1108613014221191,
      1.1073956489562988,
      1.1096200942993164,
      1.1087414026260376,
      1.1066079139709473,
      1.108263373374939,
      1.108263611793518,
      1.1093788146972656,
      1.1066434383392334,
      1.1064749956130981,
      1.1074165105819702,
      1.1073102951049805,
      1.1062837839126587,
      1.1048868894577026,
      1.1044996976852417,
      1.1018657684326172,
      1.1035857200622559,
      1.103060245513916,
      1.1036261320114136,
      1.1023240089416504,
      1.1012150049209595,
      1.1020448207855225,
      1.101314902305603,
      1.102311372756958,
      1.1026610136032104,
      1.100192904472351,
      1.1005371809005737,
      1.101611852645874,
      1.1006019115447998,
      1.1000101566314697,
      1.1015015840530396,
      1.1023350954055786,
      1.1021616458892822,
      1.1038036346435547,
      1.1059951782226562,
      1.1044379472732544,
      1.1065974235534668,
      1.1078544855117798,
      1.1090936660766602,
      1.1094588041305542,
      1.110480785369873,
      1.1101288795471191,
      1.112992763519287,
      1.1143094301223755,
      1.1130297183990479,
      1.1141102313995361,
      1.1159021854400635,
      1.1165271997451782,
      1.1165000200271606,
      1.1179542541503906,
      1.117415189743042,
      1.1206305027008057,
      1.1193503141403198,
      1.120202660560608,
      1.1202185153961182,
      1.1163818836212158,
      1.1179832220077515,
      1.113205909729004,
      1.112415075302124,
      1.1103101968765259,
      1.1082805395126343,
      1.1057677268981934,
      1.1039999723434448,
      1.0999300479888916,
      1.0960218906402588,
      1.094783902168274,
      1.0930204391479492,
      1.088550329208374,
      1.0891581773757935,
      1.0879130363464355,
      1.0862884521484375,
      1.086297631263733,
      1.0853259563446045,
      1.0859386920928955,
      1.0863590240478516,
      1.0869789123535156,
      1.0877302885055542,
      1.08812415599823,
      1.0883570909500122,
      1.087831735610962,
      1.0878416299819946,
      1.0850443840026855,
      1.086917519569397,
      1.0865224599838257,
      1.0884006023406982,
      1.0877679586410522,
      1.0900275707244873,
      1.08901846408844,
      1.0879042148590088,
      1.0872611999511719,
      1.0877084732055664,
      1.086620807647705,
      1.0849575996398926,
      1.085802674293518,
      1.0868418216705322,
      1.0888886451721191,
      1.0913218259811401,
      1.0904109477996826,
      1.0930906534194946,
      1.094102144241333,
      1.0956807136535645,
      1.0968958139419556,
      1.096351146697998,
      1.0991966724395752,
      1.0998636484146118,
      1.100217580795288,
      1.1017591953277588,
      1.1029044389724731,
      1.1043528318405151
    ],
    "epochs_ran": 129,
    "final_entropy": 1.1043528318405151,
    "final_loss": 0.41974595189094543,
    "plot_diagnostics": null,
    "runtime_seconds": 6.0099581284448504
  }
}