{
  "config": {
    "early_stopping": true,
    "epochs": 601,
    "expert_lr": 0.00136439,
    "expert_momentum": 0.958275,
    "expert_num": 4,
    "expert_weight_decay": 0.001,
    "load_balancing": false,
    "optimizer_family": "original",
    "router_lr": 0.20473445,
    "router_momentum": 0.930167,
    "router_weight_decay": 0.001
  },
  "eval_metrics": {
    "accuracy": 97.875,
    "dispatch_counts": [
      [
        0.0,
        0.0,
        5.0,
        823.0
      ],
      [
        2.0,
        778.0,
        0.0,
        0.0
      ],
      [
        793.0,
        0.0,
        19.0,
        0.0
      ],
      [
        356.0,
        0.0,
        424.0,
        0.0
      ]
    ],
    "entropy": 0.25992879271507263,
    "loss": 0.3345116674900055,
    "runtime_seconds": 0.0045469109900295734,
    "split": "validation"
  },
  "fold_index": 0,
  "mode": "nonlinear",
  "seed": 31211,
  "setting": 3,
  "total_runtime_seconds": 27.193249967880547,
  "train_metrics": {
    "dispatch_counts": [
      [
        2.0,
        0.0,
        18.0,
        3295.0
      ],
      [
        10.0,
        3107.0,
        0.0,
        0.0
      ],
      [
        3195.0,
        1.0,
        54.0,
        0.0
      ],
      [
        1380.0,
        0.0,
        1738.0,
        0.0
      ]
    ],
    "entropy_record": [
      1.3854701519012451,
      1.3854002952575684,
      1.3858075141906738,
      1.3854947090148926,
      1.3857555389404297,
      1.3855586051940918,
      1.385437250137329,
      1.3849152326583862,
      1.3752620220184326,
      1.3229800462722778,
      1.140563726425171,
      0.829282283782959,
      0.47798413038253784,
      0.42150357365608215,
      0.3969648480415344,
      0.36353132128715515,
      0.30964937806129456,
      0.26900532841682434,
      0.24615992605686188,
      0.23656785488128662,
      0.23157377541065216,
      0.23058651387691498,
      0.22868487238883972,
      0.22982807457447052,
      0.23066262900829315,
      0.22950485348701477,
      0.23115210235118866,
      0.23240283131599426,
      0.23157751560211182,
      0.23193269968032837,
      0.23289364576339722,
      0.2341277003288269,
      0.23612208664417267,
      0.23541463911533356,
      0.234437957406044,
      0.23761685192584991,
      0.23798133432865143,
      0.2377520054578781,
      0.23703719675540924,
      0.23977306485176086,
      0.2393159121274948,
      0.24006378650665283,
      0.24209600687026978,
      0.24087129533290863,
      0.2412654310464859,
      0.2428756058216095,
      0.24168312549591064,
      0.24287116527557373,
      0.24321800470352173,
      0.24433311820030212,
      0.24465720355510712,
      0.2457582950592041,
      0.24470096826553345,
      0.24400952458381653,
      0.24376322329044342,
      0.2460716962814331,
      0.24331137537956238,
      0.24600502848625183,
      0.2452252209186554,
      0.24666288495063782,
      0.24812191724777222,
      0.24594487249851227,
      0.24647916853427887,
      0.24648822844028473,
      0.24557504057884216,
      0.24899868667125702,
      0.24726147949695587,
      0.24537548422813416,
      0.2460513859987259,
      0.24706798791885376,
      0.2471151351928711,
      0.24670355021953583,
      0.2475264072418213,
      0.2489476203918457,
      0.24804820120334625,
      0.24746817350387573,
      0.2488422691822052,
      0.24601691961288452,
      0.24778173863887787,
      0.24707502126693726,
      0.24606245756149292,
      0.24937939643859863,
      0.24825792014598846,
      0.2473163604736328,
      0.24730539321899414,
      0.24918392300605774,
      0.24896441400051117,
      0.24638167023658752,
      0.24816785752773285,
      0.24919046461582184,
      0.24866588413715363,
      0.24606716632843018,
      0.2492053508758545,
      0.24729619920253754,
      0.24842830002307892,
      0.24825601279735565,
      0.24753575026988983,
      0.24885672330856323,
      0.24626794457435608,
      0.2469874620437622,
      0.2480526566505432,
      0.2489810585975647,
      0.24759837985038757,
      0.24998609721660614,
      0.24795013666152954,
      0.24825496971607208,
      0.24870999157428741,
      0.24925418198108673,
      0.24749593436717987,
      0.2494727075099945,
      0.24884602427482605,
      0.24829058349132538,
      0.24893207848072052,
      0.2477554827928543,
      0.2477642297744751,
      0.24839192628860474,
      0.249233677983284,
      0.24899889528751373,
      0.24752546846866608,
      0.24945537745952606,
      0.2484130859375,
      0.24922052025794983,
      0.24880865216255188,
      0.24907603859901428,
      0.24852800369262695,
      0.24836991727352142,
      0.25045138597488403,
      0.2492809146642685,
      0.24863968789577484,
      0.2491854429244995,
      0.24902477860450745,
      0.24863789975643158,
      0.24738019704818726,
      0.24929387867450714,
      0.24961724877357483,
      0.24744562804698944,
      0.24691981077194214,
      0.24961495399475098,
      0.2478279322385788,
      0.24866482615470886,
      0.2475387006998062,
      0.24898378551006317,
      0.2477453500032425,
      0.24772021174430847,
      0.24872952699661255,
      0.2486518770456314,
      0.247996523976326,
      0.24946078658103943,
      0.24870999157428741,
      0.24817192554473877,
      0.2480172961950302,
      0.24854779243469238,
      0.24548722803592682,
      0.25040948390960693,
      0.2478695660829544,
      0.248394176363945,
      0.24766390025615692,
      0.24739256501197815,
      0.24937064945697784,
      0.24807824194431305,
      0.2489653378725052,
      0.24708810448646545,
      0.24809886515140533,
      0.24819757044315338,
      0.24658317863941193,
      0.24703118205070496,
      0.2505427300930023,
      0.24854852259159088,
      0.24878233671188354,
      0.2503179907798767,
      0.24666398763656616,
      0.24849221110343933,
      0.2473873496055603,
      0.24833646416664124,
      0.24894993007183075,
      0.2490907907485962,
      0.24814186990261078,
      0.24833355844020844,
      0.24723593890666962,
      0.24708549678325653,
      0.2492704540491104,
      0.24727700650691986,
      0.2477315068244934,
      0.24798651039600372,
      0.24822254478931427,
      0.24892093241214752,
      0.2506329417228699,
      0.24924913048744202,
      0.24833254516124725,
      0.2481042444705963,
      0.2517508864402771,
      0.24767589569091797,
      0.24884098768234253,
      0.24813899397850037,
      0.24789543449878693,
      0.24830792844295502,
      0.2481539100408554,
      0.24997878074645996,
      0.2476179152727127,
      0.24950332939624786,
      0.24960613250732422,
      0.24764034152030945,
      0.24879586696624756,
      0.24714188277721405,
      0.24640771746635437,
      0.24726250767707825,
      0.24858719110488892,
      0.2484741508960724,
      0.2489849328994751,
      0.24962632358074188,
      0.2481742948293686,
      0.2480190098285675,
      0.24833646416664124,
      0.2478518933057785,
      0.24971260130405426,
      0.2473275065422058,
      0.24985061585903168,
      0.24794787168502808,
      0.24898292124271393,
      0.24812544882297516,
      0.24908678233623505,
      0.2505205273628235,
      0.24807855486869812,
      0.2470526099205017,
      0.24825792014598846,
      0.24928018450737,
      0.25011491775512695,
      0.24789641797542572,
      0.2480190098285675,
      0.25046446919441223,
      0.250750333070755,
      0.2495371401309967,
      0.24744562804698944,
      0.2490733414888382,
      0.24900612235069275,
      0.24992957711219788,
      0.2483353614807129,
      0.24894753098487854,
      0.24877887964248657,
      0.24797223508358002,
      0.2471276819705963,
      0.25097766518592834,
      0.2488718330860138,
      0.24989381432533264,
      0.24866347014904022,
      0.25017109513282776,
      0.24962057173252106,
      0.2502700686454773,
      0.250894695520401,
      0.2501174807548523,
