{
  "config": {
    "early_stopping": true,
    "epochs": 601,
    "expert_lr": 0.00146677,
    "expert_momentum": 0.871528,
    "expert_num": 8,
    "expert_weight_decay": 0.001,
    "load_balancing": false,
    "ns_steps": 10,
    "optimizer_family": "muon",
    "router_lr": 0.00779912,
    "router_momentum": 0.934423,
    "router_weight_decay": 1e-05
  },
  "eval_metrics": {
    "accuracy": 92.875,
    "dispatch_counts": [
      [
        74.0,
        307.0,
        355.0,
        5.0,
        11.0,
        13.0,
        33.0,
        31.0
      ],
      [
        107.0,
        29.0,
        14.0,
        0.0,
        0.0,
        266.0,
        303.0,
        60.0
      ],
      [
        34.0,
        54.0,
        27.0,
        322.0,
        22.0,
        203.0,
        27.0,
        123.0
      ],
      [
        263.0,
        30.0,
        45.0,
        0.0,
        313.0,
        45.0,
        13.0,
        71.0
      ]
    ],
    "entropy": 0.7897896766662598,
    "loss": 0.38451361656188965,
    "runtime_seconds": 0.008492203895002604,
    "split": "validation"
  },
  "fold_index": 1,
  "mode": "nonlinear",
  "seed": 21312,
  "setting": 2,
  "total_runtime_seconds": 32.733981309924275,
  "train_metrics": {
    "dispatch_counts": [
      [
        311.0,
        1191.0,
        1406.0,
        20.0,
        25.0,
        42.0,
        174.0,
        145.0
      ],
      [
        434.0,
        140.0,
        53.0,
        7.0,
        0.0,
        1021.0,
        1243.0,
        220.0
      ],
      [
        120.0,
        239.0,
        173.0,
        1258.0,
        80.0,
        814.0,
        119.0,
        447.0
      ],
      [
        1070.0,
        101.0,
        168.0,
        3.0,
        1237.0,
        187.0,
        41.0,
        311.0
      ]
    ],
    "entropy_record": [
      1.3847630023956299,
      1.3604031801223755,
      1.316183090209961,
      1.2749700546264648,
      1.2051076889038086,
      1.1521811485290527,
      1.0908068418502808,
      1.0542240142822266,
      1.022275447845459,
      0.9868414402008057,
      0.9646493196487427,
      0.9530136585235596,
      0.9460863471031189,
      0.9309921264648438,
      0.9197457432746887,
      0.9060350656509399,
      0.8845615983009338,
      0.8651300668716431,
      0.8542824983596802,
      0.8416868448257446,
      0.8352749943733215,
      0.8263405561447144,
      0.8149147033691406,
      0.7973912954330444,
      0.7975063323974609,
      0.7960307598114014,
      0.7955704927444458,
      0.7921246290206909,
      0.7939164638519287,
      0.7863474488258362,
      0.7835661172866821,
      0.7821570038795471,
      0.7885764241218567,
      0.7727786898612976,
      0.769723653793335,
      0.7701613903045654,
      0.7653241157531738,
      0.7663290500640869,
      0.7626156806945801,
      0.7645527124404907,
      0.757327675819397,
      0.7595465779304504,
      0.7657368779182434,
      0.7605284452438354,
      0.7621229887008667,
      0.7541532516479492,
      0.7613771557807922,
      0.7575948238372803,
      0.7615252137184143,
      0.7613648176193237,
      0.7630536556243896,
      0.7579477429389954,
      0.7648478746414185,
      0.7547893524169922,
      0.7592935562133789,
      0.7610988616943359,
      0.7603299021720886,
      0.7628401517868042,
      0.7562263607978821,
      0.7554153203964233,
      0.7561235427856445,
      0.753920316696167,
      0.7551413178443909,
      0.7570801973342896,
      0.7498366832733154,
      0.751569390296936,
      0.7493014335632324,
      0.7540500164031982,
      0.746777355670929,
      0.7444354295730591,
      0.7437930107116699,
      0.7463778853416443,
      0.7411363124847412,
      0.7443179488182068,
      0.737870454788208,
      0.7361173629760742,
      0.7335721850395203,
      0.7358816266059875,
      0.7389048337936401,
      0.7321470975875854,
      0.7352743744850159,
      0.7376551032066345,
      0.7352694272994995,
      0.7332822680473328,
      0.7358350157737732,
      0.7316930294036865,
      0.7280877828598022,
      0.7272771596908569,
      0.7314034104347229,
      0.731983482837677,
      0.7286964058876038,
      0.7265774011611938,
      0.7300142645835876,
      0.7283964157104492,
      0.7270058989524841,
      0.7266121506690979,
      0.7255494594573975,
      0.7272155284881592,
      0.7247939705848694,
      0.7275363206863403,
      0.7281466126441956,
      0.723903477191925,
      0.7228200435638428,
      0.7237278819084167,
      0.7251065969467163,
      0.7220124006271362,
      0.7267208695411682,
      0.7261600494384766,
      0.7244161367416382,
      0.723979651927948,
      0.7231793403625488,
      0.7247960567474365,
      0.7254101037979126,
      0.7233816385269165,
      0.7185741066932678,
      0.7220638394355774,
      0.7230558395385742,
      0.7200368046760559,
      0.7201025485992432,
      0.7180579900741577,
      0.7179931402206421,
      0.7208440899848938,
      0.7204173803329468,
      0.7144163250923157,
      0.714633047580719,
      0.7161915302276611,
      0.7155939340591431,
      0.7179912328720093,
      0.7198567986488342,
      0.7137274146080017,
      0.7191132307052612,
      0.7156308889389038,
      0.7137615084648132,
      0.7183653116226196,
      0.7178612947463989,
      0.7189128398895264,
      0.715968668460846,
      0.7180740833282471,
      0.7162149548530579,
      0.7189242839813232,
      0.7179371118545532,
      0.7193392515182495,
      0.7180757522583008,
      0.7207760810852051,
      0.7171395421028137,
      0.7197428345680237,
      0.7156648635864258,
      0.7179054021835327,
      0.7199781537055969,
      0.7194720506668091,
      0.718143105506897,
      0.7194116115570068,
      0.7218184471130371,
      0.7219758629798889,
      0.7181774377822876,
      0.7214385271072388,
      0.7181963920593262,
      0.7205870151519775,
      0.7213358879089355,
      0.7191146016120911,
      0.7236939072608948,
      0.7223421931266785,
      0.7185596823692322,
      0.7202882170677185,
      0.7223296165466309,
      0.7228601574897766,
      0.7194461822509766,
      0.7207052707672119,
      0.7253838777542114,
      0.7189702391624451,
      0.7171748876571655,
      0.7172142267227173,
      0.7200781106948853,
      0.7191384434700012,
      0.7175168991088867,
      0.717406153678894,
      0.719933271408081,
      0.7173582911491394,
      0.7164251804351807,
      0.7167749404907227,
      0.7141525745391846,
      0.7152906060218811,
      0.7130102515220642,
      0.7134643793106079,
      0.7158702611923218,
      0.713058352470398,
      0.7141761779785156,
      0.71305251121521,
      0.7146773338317871,
      0.7153400182723999,
      0.715623140335083,
      0.7163593769073486,
      0.719092845916748,
      0.7187051773071289,
      0.7188138365745544,
      0.7191368937492371,
      0.7180165648460388,
      0.7203658223152161,
      0.7178847193717957,
      0.7187427282333374,
      0.7176675796508789,
      0.7175527811050415,
      0.7178277373313904,
      0.7137658596038818,
      0.7147097587585449,
      0.7143071293830872,
      0.7134462594985962,
      0.71064692735672,
      0.7069639563560486,
      0.7043651938438416,
      0.7022156715393066,
      0.6994123458862305,
      0.6987914443016052,
      0.6961163878440857,
      0.693960428237915,
      0.6915297508239746,
      0.6901488304138184,
      0.6895679235458374,
      0.6885477304458618,
      0.6898324489593506,
      0.6878008842468262,
      0.6852196455001831,
      0.6866497993469238,
      0.6877185702323914,
      0.6859636306762695,
      0.6851915717124939,
      0.6867552399635315,
      0.6892056465148926,
      0.6875097751617432,
      0.6896011829376221,
      0.6841697692871094,
      0.687843382358551,
      0.6881188750267029,
      0.687789261341095,
      0.6881314516067505,
      0.6877610683441162,
      0.6902217268943787,
      0.6869567036628723,
