{
  "config": {
    "early_stopping": true,
    "epochs": 601,
    "expert_lr": 0.00146677,
    "expert_momentum": 0.871528,
    "expert_num": 8,
    "expert_weight_decay": 0.001,
    "load_balancing": false,
    "ns_steps": 10,
    "optimizer_family": "muon",
    "router_lr": 0.00779912,
    "router_momentum": 0.934423,
    "router_weight_decay": 1e-05
  },
  "eval_metrics": {
    "accuracy": 91.28125,
    "dispatch_counts": [
      [
        11.0,
        393.0,
        77.0,
        7.0,
        333.0,
        7.0,
        0.0,
        0.0
      ],
      [
        35.0,
        27.0,
        137.0,
        276.0,
        164.0,
        50.0,
        1.0,
        90.0
      ],
      [
        21.0,
        9.0,
        528.0,
        12.0,
        80.0,
        111.0,
        49.0,
        2.0
      ],
      [
        258.0,
        49.0,
        110.0,
        96.0,
        94.0,
        172.0,
        0.0,
        1.0
      ]
    ],
    "entropy": 0.9225839972496033,
    "loss": 0.4003068208694458,
    "runtime_seconds": 0.011330111883580685,
    "split": "validation"
  },
  "fold_index": 0,
  "mode": "nonlinear",
  "seed": 21311,
  "setting": 2,
  "total_runtime_seconds": 52.38352661719546,
  "train_metrics": {
    "dispatch_counts": [
      [
        39.0,
        1497.0,
        347.0,
        29.0,
        1359.0,
        43.0,
        1.0,
        0.0
      ],
      [
        121.0,
        91.0,
        571.0,
        1099.0,
        725.0,
        162.0,
        5.0,
        343.0
      ],
      [
        89.0,
        32.0,
        2137.0,
        60.0,
        330.0,
        414.0,
        181.0,
        7.0
      ],
      [
        1006.0,
        179.0,
        430.0,
        401.0,
        432.0,
        669.0,
        0.0,
        1.0
      ]
    ],
    "entropy_record": [
      1.3850467205047607,
      1.3494091033935547,
      1.3007676601409912,
      1.2234607934951782,
      1.1669541597366333,
      1.0869741439819336,
      1.0197142362594604,
      0.9715687036514282,
      0.9325395822525024,
      0.902385950088501,
      0.8817319869995117,
      0.863473117351532,
      0.8652709722518921,
      0.8607035875320435,
      0.8446143865585327,
      0.846480667591095,
      0.8492122888565063,
      0.8530108332633972,
      0.855140745639801,
      0.8610986471176147,
      0.862293004989624,
      0.8651630282402039,
      0.8601903319358826,
      0.8711455464363098,
      0.860535204410553,
      0.862308144569397,
      0.8643592000007629,
      0.8486217856407166,
      0.8556172847747803,
      0.845906674861908,
      0.8501567244529724,
      0.846798837184906,
      0.8513495326042175,
      0.8469338417053223,
      0.8513405919075012,
      0.8509505391120911,
      0.8541532754898071,
      0.8496723771095276,
      0.8524172306060791,
      0.8549017310142517,
      0.8555866479873657,
      0.852594256401062,
      0.854148805141449,
      0.8504469990730286,
      0.847976565361023,
      0.8481740951538086,
      0.8485274314880371,
      0.8518679141998291,
      0.8505350351333618,
      0.8493145108222961,
      0.8475784063339233,
      0.8490164875984192,
      0.8449864983558655,
      0.8456318974494934,
      0.8435284495353699,
      0.8420348763465881,
      0.8424102067947388,
      0.8397750854492188,
      0.8360908627510071,
      0.8368304967880249,
      0.8348593711853027,
      0.8351813554763794,
      0.8320661783218384,
      0.8291801810264587,
      0.8312058448791504,
      0.8317036628723145,
      0.822652280330658,
      0.8280918002128601,
      0.8293626308441162,
      0.8267863988876343,
      0.8240962028503418,
      0.8250199556350708,
      0.8280161619186401,
      0.8255568742752075,
      0.8245710730552673,
      0.8219239711761475,
      0.8184878826141357,
      0.8209240436553955,
      0.8222519159317017,
      0.8209113478660583,
      0.8204841017723083,
      0.8216647505760193,
      0.8222702741622925,
      0.8218393325805664,
      0.8185566067695618,
      0.8190206289291382,
      0.8217381238937378,
      0.8180946707725525,
      0.8235341310501099,
      0.8195874094963074,
      0.817241370677948,
      0.8186286091804504,
      0.8149102926254272,
      0.8170247077941895,
      0.8143438100814819,
      0.8101469874382019,
      0.8121413588523865,
      0.8102551698684692,
      0.8068869113922119,
      0.8077160716056824,
      0.8078711032867432,
      0.8054001331329346,
      0.8041843175888062,
      0.8057916760444641,
      0.8051072359085083,
      0.8023905158042908,
      0.8037543296813965,
      0.8020001649856567,
      0.8065913915634155,
      0.8031913042068481,
      0.8036654591560364,
      0.8047645092010498,
      0.8045236468315125,
      0.8076623678207397,
      0.8052359819412231,
      0.8029807806015015,
      0.8021791577339172,
      0.8013111352920532,
      0.8012989163398743,
      0.8057352304458618,
      0.8024056553840637,
      0.7990434765815735,
      0.7976141571998596,
      0.7984473705291748,
      0.7953442931175232,
      0.7949509620666504,
      0.7937434315681458,
      0.7919917106628418,
      0.7936238050460815,
      0.7887877821922302,
      0.791717529296875,
      0.790542483329773,
      0.787781834602356,
      0.7890357375144958,
      0.7894866466522217,
      0.788789689540863,
      0.7875480055809021,
      0.7900168895721436,
      0.7897627353668213,
      0.787627637386322,
      0.78912752866745,
      0.790206253528595,
      0.7875140905380249,
      0.7880735397338867,
      0.7858354449272156,
      0.7902858257293701,
      0.7885009050369263,
      0.7903217673301697,
      0.788472592830658,
      0.7873202562332153,
      0.7889620661735535,
      0.7875741124153137,
      0.7887393236160278,
      0.787930428981781,
      0.7854146957397461,
      0.7872530221939087,
      0.788197934627533,
      0.7870797514915466,
      0.7869998812675476,
      0.7883692383766174,
      0.7886013984680176,
      0.787500262260437,
      0.7860817909240723,
      0.7873544692993164,
      0.7856948971748352,
      0.7860732674598694,
      0.784809410572052,
      0.7892465591430664,
      0.7854763269424438,
      0.7871938347816467,
      0.7890437841415405,
      0.786108672618866,
      0.7881293892860413,
      0.7924091815948486,
      0.7890057563781738,
      0.7892137765884399,
      0.789704442024231,
      0.7891041040420532,
      0.7902795076370239,
      0.7916998863220215,
      0.7926359176635742,
      0.7910177707672119,
      0.7946664690971375,
      0.7907487750053406,
      0.7932384610176086,
      0.7967762351036072,
      0.7929878830909729,
      0.7956604361534119,
      0.7965392470359802,
      0.7948959469795227,
      0.7962837219238281,
      0.7942189574241638,
      0.796385645866394,
      0.7957568764686584,
      0.7974787354469299,
      0.7969041466712952,
      0.7942261695861816,
      0.7978483438491821,
      0.798892080783844,
      0.7997181415557861,
      0.7986077666282654,
      0.7986939549446106,
      0.7993152737617493,
      0.7991360425949097,
      0.8013284802436829,
      0.8027601838111877,
      0.8022168278694153,
      0.8013217449188232,
      0.8024107217788696,
      0.8004751801490784,
      0.802388608455658,
      0.8050507307052612,
      0.8048045039176941,
      0.8062676191329956,
      0.8053674697875977,
      0.80780428647995,
      0.8074094653129578,
      0.8069039583206177,
      0.8071932196617126,
      0.8101922869682312,
      0.8087552785873413,
      0.8112676739692688,
      0.8099848628044128,
      0.8069936037063599,
      0.8068070411682129,
      0.8087602257728577,
      0.8110328912734985,
      0.809647798538208,
      0.8101024627685547,
      0.8081167340278625,
      0.8103104829788208,
      0.8093376755714417,
      0.8085283637046814,
      0.8120377659797668,
      0.8109849095344543,
      0.8115957975387573,
      0.8109177350997925,
      0.810142457485199,
      0.8101260662078857,
