{
  "config": {
    "early_stopping": true,
    "epochs": 601,
    "expert_lr": 0.00146677,
    "expert_momentum": 0.871528,
    "expert_num": 8,
    "expert_weight_decay": 0.001,
    "load_balancing": false,
    "ns_steps": 10,
    "optimizer_family": "muon",
    "router_lr": 0.00779912,
    "router_momentum": 0.934423,
    "router_weight_decay": 1e-05
  },
  "eval_metrics": {
    "accuracy": 95.1875,
    "dispatch_counts": [
      [
        71.0,
        8.0,
        5.0,
        466.0,
        4.0,
        32.0,
        174.0,
        69.0
      ],
      [
        8.0,
        57.0,
        600.0,
        0.0,
        3.0,
        4.0,
        49.0,
        58.0
      ],
      [
        51.0,
        352.0,
        4.0,
        5.0,
        13.0,
        265.0,
        19.0,
        104.0
      ],
      [
        194.0,
        121.0,
        6.0,
        2.0,
        277.0,
        55.0,
        84.0,
        40.0
      ]
    ],
    "entropy": 0.6397067308425903,
    "loss": 0.3614494800567627,
    "runtime_seconds": 0.011325949802994728,
    "split": "validation"
  },
  "fold_index": 3,
  "mode": "nonlinear",
  "seed": 21314,
  "setting": 2,
  "total_runtime_seconds": 52.048206166829914,
  "train_metrics": {
    "dispatch_counts": [
      [
        261.0,
        48.0,
        18.0,
        1844.0,
        17.0,
        138.0,
        719.0,
        269.0
      ],
      [
        38.0,
        196.0,
        2348.0,
        3.0,
        8.0,
        22.0,
        214.0,
        289.0
      ],
      [
        228.0,
        1379.0,
        20.0,
        65.0,
        18.0,
        1061.0,
        64.0,
        414.0
      ],
      [
        763.0,
        467.0,
        33.0,
        11.0,
        1079.0,
        193.0,
        391.0,
        182.0
      ]
    ],
    "entropy_record": [
      1.3851326704025269,
      1.3552861213684082,
      1.3123492002487183,
      1.2446765899658203,
      1.1862804889678955,
      1.1165523529052734,
      1.076270580291748,
      1.0283937454223633,
      0.9814698696136475,
      0.9557972550392151,
      0.9411853551864624,
      0.9172391295433044,
      0.9096367359161377,
      0.9013867378234863,
      0.8971540331840515,
      0.886861264705658,
      0.887996256351471,
      0.8845033049583435,
      0.8785315752029419,
      0.8638880252838135,
      0.8620433211326599,
      0.856983482837677,
      0.8509313464164734,
      0.8574759364128113,
      0.8448634743690491,
      0.8418740630149841,
      0.8381809592247009,
      0.8333107233047485,
      0.8333925604820251,
      0.8372415900230408,
      0.8337579369544983,
      0.8282353281974792,
      0.8343525528907776,
      0.8272013664245605,
      0.8302228450775146,
      0.8290842771530151,
      0.8233057260513306,
      0.8277869820594788,
      0.8277912139892578,
      0.8177587985992432,
      0.8196185827255249,
      0.8170934319496155,
      0.8155159950256348,
      0.8156278729438782,
      0.8154827356338501,
      0.8110947012901306,
      0.8070647120475769,
      0.8104792237281799,
      0.8082677125930786,
      0.8015710711479187,
      0.8038884997367859,
      0.8052176237106323,
      0.7985174655914307,
      0.7999228239059448,
      0.7970893383026123,
      0.8009806871414185,
      0.7949787378311157,
      0.7942216396331787,
      0.7951076030731201,
      0.7958943843841553,
      0.7933761477470398,
      0.7913284301757812,
      0.7964726090431213,
      0.7908650040626526,
      0.7864543795585632,
      0.7875108122825623,
      0.7871304750442505,
      0.7898364067077637,
      0.7894863486289978,
      0.7867088317871094,
      0.7868670225143433,
      0.7897260785102844,
      0.786261260509491,
      0.7877088785171509,
      0.7869799733161926,
      0.7832134962081909,
      0.7851111888885498,
      0.7825807929039001,
      0.7785692811012268,
      0.7756611704826355,
      0.779011607170105,
      0.7757635116577148,
      0.773684561252594,
      0.768532395362854,
      0.7681230306625366,
      0.7691853642463684,
      0.7685487866401672,
      0.7661157846450806,
      0.7642113566398621,
      0.7632445693016052,
      0.7592465877532959,
      0.7611389756202698,
      0.7563492059707642,
      0.7555420398712158,
      0.7491710782051086,
      0.74923175573349,
      0.7435914874076843,
      0.7409156560897827,
      0.7407343983650208,
      0.738457202911377,
      0.7328323721885681,
      0.7286293506622314,
      0.72846919298172,
      0.7314227819442749,
      0.726970911026001,
      0.7211360931396484,
      0.7181927561759949,
      0.7170109748840332,
      0.7142339944839478,
      0.7110723853111267,
      0.7082981467247009,
      0.7135476469993591,
      0.7093086242675781,
      0.708252489566803,
      0.7082210779190063,
      0.7088358402252197,
      0.7030289173126221,
      0.7039778828620911,
      0.7063032984733582,
      0.7028835415840149,
      0.702592134475708,
      0.7033737897872925,
      0.6999586820602417,
      0.6981695294380188,
      0.6987701058387756,
      0.7025160789489746,
      0.6980947256088257,
      0.696870744228363,
      0.6946812272071838,
      0.697806179523468,
      0.6965175867080688,
      0.6936900615692139,
      0.6929152607917786,
      0.6938738822937012,
      0.6921015381813049,
      0.6927757263183594,
      0.6929821372032166,
      0.6912654638290405,
      0.6905709505081177,
      0.6925011277198792,
      0.6897310614585876,
      0.6889647841453552,
      0.6894075274467468,
      0.6897984147071838,
      0.6873593330383301,
      0.6852585077285767,
      0.6891758441925049,
      0.6872695684432983,
      0.6875095963478088,
      0.6846840381622314,
      0.690313458442688,
      0.6876261234283447,
      0.6861042976379395,
      0.6863529086112976,
      0.6820598244667053,
      0.6873075366020203,
      0.68648362159729,
      0.6887462139129639,
      0.6887408494949341,
      0.6848438382148743,
      0.6838032007217407,
      0.6864089965820312,
      0.6853120923042297,
      0.6870560646057129,
      0.6874783039093018,
      0.6887436509132385,
      0.6853165626525879,
      0.6846892833709717,
      0.6856447458267212,
      0.6849374175071716,
      0.6857333779335022,
      0.6876342296600342,
      0.6899682283401489,
      0.6855135560035706,
      0.6870989799499512,
      0.68553626537323,
      0.6833466291427612,
      0.685099184513092,
      0.6837040781974792,
      0.6849551200866699,
      0.6848871111869812,
      0.680871307849884,
      0.681919276714325,
      0.6789678335189819,
      0.6802078485488892,
      0.6785024404525757,
      0.6788001656532288,
      0.678221583366394,
      0.6793304085731506,
      0.6772794127464294,
      0.6763630509376526,
      0.6736944913864136,
      0.6755898594856262,
      0.6731544733047485,
      0.6709880828857422,
      0.6745003461837769,
      0.6692713499069214,
      0.6668052673339844,
      0.6663633584976196,
      0.6648350358009338,
      0.6633663177490234,
      0.6643551588058472,
      0.6601831316947937,
      0.6586904525756836,
      0.6571265459060669,
      0.6536981463432312,
      0.6556203365325928,
      0.6526110172271729,
      0.6530768275260925,
      0.6507678031921387,
      0.6512536406517029,
      0.6479326486587524,
      0.6478217244148254,
      0.6470363140106201,
      0.6452279686927795,
      0.6452851891517639,
      0.6459149122238159,
      0.6448104381561279,
      0.6445024013519287,
      0.6447498798370361,
      0.6439094543457031,
      0.6444392204284668,
      0.6429650187492371,
      0.6440912485122681,
      0.6434105634689331,
      0.643610954284668,
      0.642648458480835,
      0.6423333883285522,
      0.6448832154273987,
      0.6413546800613403,
      0.6419988870620728,
      0.6413537859916687,
      0.6429935097694397,
      0.6464099884033203,
      0.6457816362380981,
      0.6470418572425842,
      0.6500365138053894,
      0.643315315246582,
