{
  "config": {
    "early_stopping": true,
    "epochs": 601,
    "expert_lr": 0.00073708,
    "expert_momentum": 0.985526,
    "expert_num": 4,
    "expert_weight_decay": 0.001,
    "load_balancing": false,
    "ns_steps": 5,
    "optimizer_family": "muon",
    "router_lr": 0.01501351,
    "router_momentum": 0.924789,
    "router_weight_decay": 0.0
  },
  "eval_metrics": {
    "accuracy": 90.90625,
    "dispatch_counts": [
      [
        40.0,
        0.0,
        0.0,
        767.0
      ],
      [
        26.0,
        0.0,
        773.0,
        0.0
      ],
      [
        619.0,
        73.0,
        7.0,
        103.0
      ],
      [
        60.0,
        732.0,
        0.0,
        0.0
      ]
    ],
    "entropy": 0.33476489782333374,
    "loss": 0.4048267602920532,
    "runtime_seconds": 0.004411511123180389,
    "split": "validation"
  },
  "fold_index": 2,
  "mode": "nonlinear",
  "seed": 10513,
  "setting": 1,
  "total_runtime_seconds": 6.797892283182591,
  "train_metrics": {
    "dispatch_counts": [
      [
        205.0,
        0.0,
        0.0,
        3023.0
      ],
      [
        101.0,
        1.0,
        3098.0,
        0.0
      ],
      [
        2412.0,
        276.0,
        14.0,
        502.0
      ],
      [
        203.0,
        2965.0,
        0.0,
        0.0
      ]
    ],
    "entropy_record": [
      1.3858970403671265,
      1.3553416728973389,
      1.2745262384414673,
      1.1026631593704224,
      0.9754470586776733,
      0.8948667049407959,
      0.8809105157852173,
      0.8615767955780029,
      0.8372215628623962,
      0.8264527916908264,
      0.8172264099121094,
      0.8134056329727173,
      0.8158726692199707,
      0.8154009580612183,
      0.8048331141471863,
      0.815453290939331,
      0.7990046739578247,
      0.8001077175140381,
      0.7944913506507874,
      0.7894307374954224,
      0.786721408367157,
      0.7900728583335876,
      0.7783863544464111,
      0.7774527072906494,
      0.7753875255584717,
      0.7666992545127869,
      0.7603790760040283,
      0.751366376876831,
      0.7452733516693115,
      0.7476235628128052,
      0.7366605401039124,
      0.7367137670516968,
      0.7340685129165649,
      0.7343820929527283,
      0.7359640598297119,
      0.7508586049079895,
      0.7606075406074524,
      0.7717301845550537,
      0.7813855409622192,
      0.7966436147689819,
      0.8079134225845337,
      0.8150148391723633,
      0.8306162357330322,
      0.8330639600753784,
      0.8371304273605347,
      0.8381940126419067,
      0.8360488414764404,
      0.8284744620323181,
      0.8244997262954712,
      0.8194713592529297,
      0.8136355876922607,
      0.8012475967407227,
      0.792029857635498,
      0.7874377965927124,
      0.7788102030754089,
      0.7752528786659241,
      0.7696324586868286,
      0.7655808329582214,
      0.7611786127090454,
      0.7561898827552795,
      0.7544906139373779,
      0.7494683265686035,
      0.7494810819625854,
      0.7441259026527405,
      0.7424236536026001,
      0.7406738996505737,
      0.7388128042221069,
      0.7340842485427856,
      0.7349133491516113,
      0.7334359884262085,
      0.731583297252655,
      0.7307043075561523,
      0.7283966541290283,
      0.7281188368797302,
      0.7269283533096313,
      0.7249655723571777,
      0.7242656946182251,
      0.7189788222312927,
      0.717170774936676,
      0.7127837538719177,
      0.7094815969467163,
      0.7029210329055786,
      0.6976670622825623,
      0.6968399286270142,
      0.6904444694519043,
      0.6818399429321289,
      0.6792716383934021,
      0.6688675880432129,
      0.6564277410507202,
      0.6491914391517639,
      0.6417765617370605,
      0.6329585909843445,
      0.624400794506073,
      0.6134626865386963,
      0.606762707233429,
      0.5995128154754639,
      0.5888868570327759,
      0.5820320844650269,
      0.5758476853370667,
      0.5697083473205566,
      0.5648550987243652,
      0.5597460269927979,
      0.555418848991394,
      0.5517109632492065,
      0.544150710105896,
      0.539997935295105,
      0.5332733392715454,
      0.5270954966545105,
      0.5208191275596619,
      0.51275634765625,
      0.5055420398712158,
      0.5044742822647095,
      0.49665969610214233,
      0.4885307550430298,
      0.48453736305236816,
      0.47779226303100586,
      0.4708375334739685,
      0.46311283111572266,
      0.4581894278526306,
      0.4489526152610779,
      0.4437588155269623,
      0.4383055567741394,
      0.43274417519569397,
      0.42908838391304016,
      0.42312121391296387,
      0.4169563949108124,
      0.41364723443984985,
      0.40875887870788574,
      0.4064733684062958,
      0.4000355005264282,
      0.39561229944229126,
      0.39377561211586,
      0.38884538412094116,
      0.38607659935951233,
      0.38111454248428345,
      0.37450724840164185,
      0.3733464479446411,
      0.3717561662197113,
      0.3656175136566162,
      0.3572847247123718,
      0.35306107997894287,
      0.3502030372619629,
      0.35013842582702637,
      0.34608250856399536,
      0.34162968397140503
    ],
    "epochs_ran": 145,
    "final_entropy": 0.34162968397140503,
    "final_loss": 0.39728492498397827,
    "plot_diagnostics": null,
    "runtime_seconds": 6.793480772059411
  }
}