{
  "config": {
    "early_stopping": true,
    "epochs": 601,
    "expert_lr": 0.00202169,
    "expert_momentum": 0.86897,
    "expert_num": 8,
    "expert_weight_decay": 0.0,
    "load_balancing": false,
    "optimizer_family": "original",
    "router_lr": 0.0199134,
    "router_momentum": 0.964004,
    "router_weight_decay": 0.0
  },
  "eval_metrics": {
    "accuracy": 99.4375,
    "dispatch_counts": [
      [
        0.0,
        1.0,
        822.0,
        2.0,
        0.0,
        4.0,
        0.0,
        0.0
      ],
      [
        1.0,
        1.0,
        0.0,
        2.0,
        775.0,
        0.0,
        0.0,
        0.0
      ],
      [
        0.0,
        806.0,
        2.0,
        2.0,
        0.0,
        2.0,
        0.0,
        0.0
      ],
      [
        0.0,
        1.0,
        0.0,
        779.0,
        0.0,
        0.0,
        0.0,
        0.0
      ]
    ],
    "entropy": 0.02586023136973381,
    "loss": 0.3188866674900055,
    "runtime_seconds": 0.011936368886381388,
    "split": "validation"
  },
  "fold_index": 1,
  "mode": "nonlinear",
  "seed": 20712,
  "setting": 2,
  "total_runtime_seconds": 49.7723691938445,
  "train_metrics": {
    "dispatch_counts": [
      [
        0.0,
        3.0,
        3268.0,
        12.0,
        2.0,
        29.0,
        0.0,
        0.0
      ],
      [
        8.0,
        3.0,
        7.0,
        7.0,
        3088.0,
        2.0,
        1.0,
        2.0
      ],
      [
        0.0,
        3219.0,
        1.0,
        12.0,
        3.0,
        7.0,
        0.0,
        8.0
      ],
      [
        0.0,
        2.0,
        3.0,
        3109.0,
        2.0,
        1.0,
        1.0,
        0.0
      ]
    ],
    "entropy_record": [
      1.3850111961364746,
      1.3852628469467163,
      1.384880781173706,
      1.385102391242981,
      1.3853055238723755,
      1.3845493793487549,
      1.3850842714309692,
      1.384979248046875,
      1.3845889568328857,
      1.3822122812271118,
      1.3726953268051147,
      1.3402131795883179,
      1.2831745147705078,
      1.1753523349761963,
      1.0129605531692505,
      0.8089125752449036,
      0.6066755652427673,
      0.4167726933956146,
      0.2915709912776947,
      0.20570307970046997,
      0.14900965988636017,
      0.11145710200071335,
      0.08874469995498657,
      0.08193913102149963,
      0.0730980932712555,
      0.06102405861020088,
      0.06351345777511597,
      0.05300569534301758,
      0.05659748613834381,
      0.05338544771075249,
      0.05002375319600105,
      0.0476444773375988,
      0.04356105998158455,
      0.04247337579727173,
      0.0430755615234375,
      0.040254008024930954,
      0.03585720807313919,
      0.04034024477005005,
      0.04424433410167694,
      0.03868236020207405,
      0.036890607327222824,
      0.03891059756278992,
      0.03783612325787544,
      0.03389472886919975,
      0.03849147632718086,
      0.03355131670832634,
      0.03945264592766762,
      0.03193984925746918,
      0.03944294527173042,
      0.039685480296611786,
      0.036228105425834656,
      0.033887967467308044,
      0.03515148535370827,
      0.03463772311806679,
      0.035479940474033356,
      0.036183349788188934,
      0.03331265226006508,
      0.03323422744870186,
      0.03341946378350258,
      0.034111425280570984,
      0.029960231855511665,
      0.03195401653647423,
      0.037592701613903046,
      0.0337848961353302,
      0.032978687435388565,
      0.03442591056227684,
      0.034282006323337555,
      0.03621957078576088,
      0.03408183157444,
      0.03341670334339142,
      0.031965479254722595,
      0.03365282341837883,
      0.033789120614528656,
      0.03751843795180321,
      0.03635884448885918,
      0.03586850315332413,
      0.03310833126306534,
      0.03460337966680527,
      0.03221111744642258,
      0.031906601041555405,
      0.03866321220993996,
      0.028243746608495712,
      0.03183417022228241,
      0.03593655675649643,
      0.03704079985618591,
      0.033037833869457245,
      0.027584344148635864,
      0.02892385795712471,
      0.032598450779914856,
      0.033329203724861145,
      0.03321031481027603,
      0.03296562284231186,
      0.03248251974582672,
      0.036666832864284515,
      0.037989191710948944,
      0.030053986236453056,
      0.034271929413080215,
      0.035093050450086594,
      0.03245401754975319,
      0.032547470182180405,
      0.027814146131277084,
      0.033927641808986664,
      0.03116512857377529,
      0.029836926609277725,
      0.031259384006261826,
      0.031053269281983376,
      0.03526892885565758,
      0.03746896982192993,
      0.030897915363311768,
      0.035985320806503296,
      0.03467417508363724,
      0.03700295463204384,
      0.03262422978878021,
      0.035465825349092484,
      0.03190938010811806,
      0.031965624541044235,
      0.029642628505825996,
      0.031488049775362015,
      0.035863954573869705,
      0.030047543346881866,
      0.03181906044483185,
      0.030951188877224922,
      0.030072903260588646,
      0.03243156149983406,
      0.032213084399700165,
      0.03762918338179588,
      0.037533726543188095,
      0.03257276490330696,
      0.030960308387875557,
      0.03370274603366852,
      0.03514588996767998,
      0.03216751664876938,
      0.031382910907268524,
      0.03399252891540527,
      0.03563164547085762,
      0.03164498880505562,
      0.029250022023916245,
      0.034417543560266495,
      0.032247159630060196,
      0.03403690829873085,
      0.034654710441827774,
      0.031748075038194656,
      0.03287672996520996,
      0.03673294931650162,
      0.031973786652088165,
      0.03103894367814064,
      0.03373449295759201,
      0.030487582087516785,
      0.0359296053647995,
      0.029970401898026466,
      0.034264735877513885,
      0.03203856199979782,
      0.03143483027815819,
      0.03760099038481712,
      0.0314800851047039,
      0.029830805957317352,
      0.03235391527414322,
      0.0332629568874836,
      0.035381317138671875,
      0.03046029806137085,
      0.03343942388892174,
      0.033740319311618805,
      0.03032243810594082,
      0.03486331179738045,
      0.03167945519089699,
      0.03215106576681137,
      0.03252137079834938,
      0.030777035281062126,
      0.03381273150444031,
      0.031432200223207474,
      0.03370460495352745,
      0.03490980714559555,
      0.03279206529259682,
      0.031969353556632996,
      0.03180638700723648,
      0.03455757349729538,
      0.029491810128092766,
      0.03498179093003273,
      0.03178620710968971,
      0.029270922765135765,
      0.03256650269031525,
      0.029814889654517174,
      0.03260050714015961,
      0.03496837243437767,
      0.03608883172273636,
      0.033438507467508316,
      0.0311272069811821,
      0.03398949280381203,
      0.03628797084093094,
      0.0349595807492733,
      0.03746895119547844,
      0.027876513078808784,
      0.03331449255347252,
      0.03129594027996063,
      0.03338315710425377,
      0.03668515756726265,
      0.032387875020504,
      0.03370632603764534,
      0.03245052322745323,
      0.030816687270998955,
      0.028871141374111176,
      0.03410985693335533,
      0.03539957106113434,
      0.031773556023836136,
      0.03193474933505058,
      0.037366852164268494,
      0.02862870879471302,
      0.02696506679058075,
      0.03624327853322029,
      0.03414700925350189,
      0.03326606750488281,
      0.032556965947151184,
      0.032258354127407074,
      0.03539501130580902,
      0.031227709725499153,
      0.03165198490023613,
      0.03302181884646416,
      0.03264940157532692,
      0.0335516594350338,
      0.02922304905951023,
      0.033683303743600845,
      0.031190525740385056,
      0.0317782461643219,
      0.03052808903157711,
      0.03181418031454086,
      0.02923668548464775,
      0.03699182718992233,
      0.0336250402033329,
      0.031694989651441574,
      0.030916528776288033,
