{
  "config": {
    "early_stopping": true,
    "epochs": 601,
    "expert_lr": 0.00089783,
    "expert_momentum": 0.859138,
    "expert_num": 8,
    "expert_weight_decay": 1e-05,
    "load_balancing": false,
    "optimizer_family": "original",
    "router_lr": 0.07235891,
    "router_momentum": 0.892977,
    "router_weight_decay": 0.0
  },
  "eval_metrics": {
    "accuracy": 100.0,
    "dispatch_counts": [
      [
        322.0,
        485.0,
        0.0,
        0.0,
        0.0,
        0.0,
        0.0,
        0.0
      ],
      [
        0.0,
        0.0,
        0.0,
        385.0,
        415.0,
        0.0,
        0.0,
        0.0
      ],
      [
        1.0,
        0.0,
        0.0,
        0.0,
        0.0,
        0.0,
        800.0,
        0.0
      ],
      [
        0.0,
        0.0,
        0.0,
        0.0,
        0.0,
        0.0,
        0.0,
        792.0
      ]
    ],
    "entropy": 0.0021175327710807323,
    "loss": 0.3132880926132202,
    "runtime_seconds": 0.013537067919969559,
    "split": "validation"
  },
  "fold_index": 3,
  "mode": "nonlinear",
  "seed": 10314,
  "setting": 1,
  "total_runtime_seconds": 3.133222497999668,
  "train_metrics": {
    "dispatch_counts": [
      [
        1252.0,
        1976.0,
        0.0,
        0.0,
        0.0,
        0.0,
        0.0,
        0.0
      ],
      [
        1.0,
        1.0,
        0.0,
        1507.0,
        1690.0,
        0.0,
        0.0,
        0.0
      ],
      [
        1.0,
        0.0,
        0.0,
        0.0,
        0.0,
        0.0,
        3204.0,
        0.0
      ],
      [
        0.0,
        0.0,
        0.0,
        0.0,
        0.0,
        0.0,
        0.0,
        3168.0
      ]
    ],
    "entropy_record": [
      1.3850810527801514,
      1.3853460550308228,
      1.3855178356170654,
      1.3852150440216064,
      1.3857264518737793,
      1.3853428363800049,
      1.3854033946990967,
      1.3857097625732422,
      1.385319709777832,
      1.3853212594985962,
      1.3845572471618652,
      1.3775132894515991,
      1.3608109951019287,
      1.3117616176605225,
      1.1845976114273071,
      0.9252982139587402,
      0.5018779039382935,
      0.16167031228542328,
      0.04453606903553009,
      0.021153101697564125,
      0.010663313791155815,
      0.004538687877357006,
      0.004981392528861761,
      0.003557794727385044,
      0.004577239975333214,
      0.002506800228729844,
      0.0030371714383363724,
      0.0019454809371381998,
      0.0019445158541202545,
      0.001868851133622229,
      0.0035549886524677277,
      0.001944427378475666,
      0.0012716957135125995,
      0.0019429412204772234,
      0.00317577226087451,
      0.0019430300453677773,
      0.0012720681261271238,
      0.0019418481970205903
    ],
    "epochs_ran": 38,
    "final_entropy": 0.0019418481970205903,
    "final_loss": 0.3134421408176422,
    "plot_diagnostics": null,
    "runtime_seconds": 3.1196854300796986
  }
}