{
  "config": {
    "early_stopping": true,
    "epochs": 601,
    "expert_lr": 0.00089783,
    "expert_momentum": 0.859138,
    "expert_num": 8,
    "expert_weight_decay": 1e-05,
    "load_balancing": false,
    "optimizer_family": "original",
    "router_lr": 0.07235891,
    "router_momentum": 0.892977,
    "router_weight_decay": 0.0
  },
  "eval_metrics": {
    "accuracy": 100.0,
    "dispatch_counts": [
      [
        70.0,
        0.0,
        0.0,
        0.0,
        0.0,
        0.0,
        0.0,
        737.0
      ],
      [
        0.0,
        0.0,
        0.0,
        0.0,
        84.0,
        0.0,
        716.0,
        0.0
      ],
      [
        0.0,
        0.0,
        801.0,
        0.0,
        0.0,
        0.0,
        0.0,
        0.0
      ],
      [
        2.0,
        0.0,
        0.0,
        0.0,
        0.0,
        788.0,
        2.0,
        0.0
      ]
    ],
    "entropy": 0.007157140411436558,
    "loss": 0.3133177161216736,
    "runtime_seconds": 0.008433905895799398,
    "split": "validation"
  },
  "fold_index": 4,
  "mode": "nonlinear",
  "seed": 10315,
  "setting": 1,
  "total_runtime_seconds": 3.5399049259722233,
  "train_metrics": {
    "dispatch_counts": [
      [
        247.0,
        0.0,
        0.0,
        0.0,
        0.0,
        0.0,
        0.0,
        2981.0
      ],
      [
        0.0,
        0.0,
        0.0,
        0.0,
        361.0,
        0.0,
        2838.0,
        0.0
      ],
      [
        0.0,
        0.0,
        3205.0,
        0.0,
        0.0,
        0.0,
        0.0,
        0.0
      ],
      [
        8.0,
        0.0,
        0.0,
        0.0,
        0.0,
        3154.0,
        6.0,
        0.0
      ]
    ],
    "entropy_record": [
      1.385258436203003,
      1.3856462240219116,
      1.3853310346603394,
      1.385578989982605,
      1.3855807781219482,
      1.3853390216827393,
      1.3856724500656128,
      1.3848556280136108,
      1.3854683637619019,
      1.3849728107452393,
      1.3836318254470825,
      1.378960132598877,
      1.361358404159546,
      1.309348225593567,
      1.1949832439422607,
      0.9773095846176147,
      0.6544601917266846,
      0.4274057447910309,
      0.342671275138855,
      0.3128839135169983,
      0.2696378827095032,
      0.21113504469394684,
      0.16269397735595703,
      0.12423620373010635,
      0.09943625330924988,
      0.07859639078378677,
      0.06240663677453995,
      0.04846318066120148,
      0.04084327816963196,
      0.032887205481529236,
      0.02603141777217388,
      0.0210267324000597,
      0.018199075013399124,
      0.015299844555556774,
      0.013234883546829224,
      0.012798313982784748,
      0.01041839923709631,
      0.008868854492902756,
      0.007885384373366833,
      0.009453428909182549,
      0.005882925353944302,
      0.005452143959701061,
      0.006135052070021629
    ],
    "epochs_ran": 43,
    "final_entropy": 0.006135052070021629,
    "final_loss": 0.31332501769065857,
    "plot_diagnostics": null,
    "runtime_seconds": 3.531471020076424
  }
}