{
  "config": {
    "early_stopping": true,
    "epochs": 601,
    "expert_lr": 0.0009197,
    "expert_momentum": 0.949199,
    "expert_num": 4,
    "expert_weight_decay": 0.0001,
    "load_balancing": false,
    "ns_steps": 10,
    "optimizer_family": "muon",
    "router_lr": 0.04989272,
    "router_momentum": 0.922708,
    "router_weight_decay": 0.001
  },
  "eval_metrics": {
    "accuracy": 93.34375,
    "dispatch_counts": [
      [
        78.0,
        126.0,
        262.0,
        363.0
      ],
      [
        622.0,
        98.0,
        36.0,
        23.0
      ],
      [
        52.0,
        228.0,
        11.0,
        521.0
      ],
      [
        4.0,
        363.0,
        401.0,
        12.0
      ]
    ],
    "entropy": 0.9058557748794556,
    "loss": 0.37967655062675476,
    "runtime_seconds": 0.004304131958633661,
    "split": "validation"
  },
  "fold_index": 1,
  "mode": "nonlinear",
  "seed": 42112,
  "setting": 4,
  "total_runtime_seconds": 20.44871094962582,
  "train_metrics": {
    "dispatch_counts": [
      [
        338.0,
        517.0,
        1031.0,
        1428.0
      ],
      [
        2529.0,
        373.0,
        146.0,
        70.0
      ],
      [
        235.0,
        897.0,
        59.0,
        2059.0
      ],
      [
        9.0,
        1418.0,
        1614.0,
        77.0
      ]
    ],
    "entropy_record": [
      1.3856436014175415,
      1.0966970920562744,
      0.9820018410682678,
      0.931323766708374,
      0.910110592842102,
      0.9054059982299805,
      0.9042645692825317,
      0.9058120250701904,
      0.9096232056617737,
      0.9163410663604736,
      0.9217554330825806,
      0.9295918345451355,
      0.9324725866317749,
      0.9406707882881165,
      0.9470807313919067,
      0.9502555727958679,
      0.9611024856567383,
      0.9610366821289062,
      0.9681771993637085,
      0.974198043346405,
      0.9795429706573486,
      0.9820996522903442,
      0.983084499835968,
      0.9863300323486328,
      0.9886348843574524,
      0.9858763813972473,
      0.9860904216766357,
      0.9828863143920898,
      0.9816700220108032,
      0.9755557179450989,
      0.9732859134674072,
      0.9723696708679199,
      0.968075156211853,
      0.9666447043418884,
      0.9637042880058289,
      0.9649542570114136,
      0.963517427444458,
      0.9607239961624146,
      0.961801290512085,
      0.9605677723884583,
      0.9577721953392029,
      0.9564397931098938,
      0.9566889405250549,
      0.9584135413169861,
      0.9571322202682495,
      0.9569410681724548,
      0.9580289721488953,
      0.9567390084266663,
      0.9580851793289185,
      0.9599955677986145,
      0.9566962718963623,
      0.9585802555084229,
      0.9588298797607422,
      0.9562770128250122,
      0.9554979205131531,
      0.9580915570259094,
      0.9561907052993774,
      0.9554945230484009,
      0.9585225582122803,
      0.9577087163925171,
      0.9561752676963806,
      0.9580894708633423,
      0.9559745788574219,
      0.9571928977966309,
      0.9559521079063416,
      0.9562047123908997,
      0.9552966952323914,
      0.9556683301925659,
      0.9528576135635376,
      0.9526692628860474,
      0.9530722498893738,
      0.9522382020950317,
      0.9510996341705322,
      0.949828565120697,
      0.9498311281204224,
      0.9478813409805298,
      0.9477091431617737,
      0.945170521736145,
      0.947057843208313,
      0.9462883472442627,
      0.9463176727294922,
      0.9460769295692444,
      0.9446921348571777,
      0.9445871710777283,
      0.9447222352027893,
      0.9442452192306519,
      0.9445701837539673,
      0.9443615674972534,
      0.9438268542289734,
      0.9466555118560791,
      0.9473025798797607,
      0.947029173374176,
      0.9479922652244568,
      0.9478510618209839,
      0.9503424167633057,
      0.9490157961845398,
      0.9509770274162292,
      0.9515063166618347,
      0.9524490237236023,
      0.9530207514762878,
      0.9532365798950195,
      0.9544625878334045,
      0.9533649682998657,
      0.9549285173416138,
      0.9546963572502136,
      0.9541102647781372,
      0.9567078948020935,
      0.9582794904708862,
      0.9592646956443787,
      0.9593620300292969,
      0.9599992632865906,
      0.9611566066741943,
      0.9613300561904907,
      0.9605845212936401,
      0.9608192443847656,
      0.9607068300247192,
      0.9587214589118958,
      0.9596129655838013,
      0.9610328078269958,
      0.962405264377594,
      0.962343692779541,
      0.9616459608078003,
      0.9629001617431641,
      0.9628841280937195,
      0.9631287455558777,
      0.9633995294570923,
      0.9639866352081299,
      0.9649831056594849,
      0.965156078338623,
      0.9666138291358948,
      0.966401994228363,
      0.9671732187271118,
      0.9689085483551025,
      0.9680915474891663,
      0.9695287942886353,
      0.9701113700866699,
      0.9687638878822327,
      0.9699044227600098,
      0.969639778137207,
      0.9692455530166626,
      0.9708617925643921,
      0.9697367548942566,
      0.9706473350524902,
      0.9678061604499817,
      0.9684805274009705,
      0.9688718318939209,
      0.9684866070747375,
      0.9678782224655151,
      0.9677766561508179,
      0.9681063294410706,
      0.968389093875885,
      0.9692834615707397,
      0.969485342502594,
      0.970543622970581,
      0.9707854390144348,
      0.9707683324813843,
      0.9705743789672852,
      0.9727237820625305,
      0.9740877151489258,
      0.9747858047485352,
      0.9739232659339905,
      0.9730794429779053,
      0.9735203385353088,
      0.9735091328620911,
      0.9745251536369324,
      0.9761841297149658,
      0.9762260913848877,
      0.9755539894104004,
      0.9759271740913391,
      0.9760802984237671,
      0.9766436815261841,
      0.9748655557632446,
      0.9748588800430298,
      0.975367546081543,
      0.9742393493652344,
      0.9724001884460449,
      0.973645031452179,
      0.9719803333282471,
      0.971187949180603,
      0.9694482684135437,
      0.9694918990135193,
      0.9684308767318726,
      0.9671817421913147,
      0.9678605794906616,
      0.9639832973480225,
      0.9618500471115112,
      0.9603670239448547,
      0.9591732621192932,
      0.9577564001083374,
      0.9569254517555237,
      0.9547662734985352,
      0.9540188312530518,
      0.9517992734909058,
      0.950222373008728,
      0.948879063129425,
      0.9452009201049805,
      0.9439536333084106,
      0.9414516091346741,
      0.9404557347297668,
      0.9380542635917664,
      0.9363155364990234,
      0.933346152305603,
      0.9310173392295837,
      0.9282669425010681,
      0.9266554117202759,
      0.9256961345672607,
      0.9234521389007568,
      0.9225354194641113,
      0.9213265180587769,
      0.9184736013412476,
      0.9203051924705505,
      0.9190301299095154,
      0.9178871512413025,
      0.9172903299331665,
      0.9170657396316528,
      0.9170743227005005,
      0.9172144532203674,
      0.9155676960945129,
      0.9143638610839844,
      0.9161791801452637,
      0.9156622290611267,
      0.9170001745223999,
      0.9175502061843872,
      0.9150794148445129,
      0.9142254590988159,
      0.9127062559127808,
      0.9132416844367981,
      0.9105980396270752,
      0.9099600315093994,
      0.9069216251373291,
      0.9059160947799683,
      0.9044311046600342,
      0.9022195339202881,
      0.8998547792434692,
      0.8986009359359741,
      0.8980813026428223,
      0.8985716104507446,
      0.8973247408866882,
      0.8948844075202942,
      0.8948065042495728,
      0.8923068046569824,
      0.8893022537231445,
      0.886568009853363,
      0.8858294486999512,
      0.8848503828048706,
      0.8836261034011841,
      0.8804665207862854,
      0.8768258094787598,
      0.8735448122024536,
      0.8712229132652283,
      0.8713148236274719,
      0.8700988292694092,
      0.8691920638084412,
      0.8696265816688538,
      0.869033932685852,
