{
  "config": {
    "early_stopping": true,
    "epochs": 601,
    "expert_lr": 0.00078354,
    "expert_momentum": 0.969102,
    "expert_num": 4,
    "expert_weight_decay": 1e-05,
    "load_balancing": false,
    "optimizer_family": "original",
    "router_lr": 0.1068054,
    "router_momentum": 0.884072,
    "router_weight_decay": 1e-05
  },
  "eval_metrics": {
    "accuracy": 96.25,
    "dispatch_counts": [
      [
        5.0,
        0.0,
        823.0,
        1.0
      ],
      [
        672.0,
        4.0,
        1.0,
        102.0
      ],
      [
        398.0,
        34.0,
        1.0,
        379.0
      ],
      [
        11.0,
        741.0,
        1.0,
        27.0
      ]
    ],
    "entropy": 0.42141032218933105,
    "loss": 0.3507615625858307,
    "runtime_seconds": 0.004273350350558758,
    "split": "validation"
  },
  "fold_index": 1,
  "mode": "nonlinear",
  "seed": 30512,
  "setting": 3,
  "total_runtime_seconds": 27.195595771074295,
  "train_metrics": {
    "dispatch_counts": [
      [
        15.0,
        1.0,
        3292.0,
        6.0
      ],
      [
        2709.0,
        31.0,
        1.0,
        377.0
      ],
      [
        1596.0,
        109.0,
        2.0,
        1543.0
      ],
      [
        68.0,
        2906.0,
        3.0,
        141.0
      ]
    ],
    "entropy_record": [
      1.3854210376739502,
      1.3856430053710938,
      1.3857866525650024,
      1.3857927322387695,
      1.385741949081421,
      1.385555624961853,
      1.3853204250335693,
      1.385316252708435,
      1.3856704235076904,
      1.3848745822906494,
      1.381417155265808,
      1.3727672100067139,
      1.3204796314239502,
      1.1808396577835083,
      0.8614866733551025,
      0.6399431824684143,
      0.5161923766136169,
      0.4847778379917145,
      0.47771304845809937,
      0.47607553005218506,
      0.4667964577674866,
      0.4418901205062866,
      0.4145904779434204,
      0.3788496255874634,
      0.35234200954437256,
      0.33865585923194885,
      0.3265784978866577,
      0.3259541690349579,
      0.324790894985199,
      0.32135581970214844,
      0.32460999488830566,
      0.32710880041122437,
      0.3312351703643799,
      0.33495205640792847,
      0.342954158782959,
      0.3485040068626404,
      0.3532206118106842,
      0.3575868308544159,
      0.3647928833961487,
      0.36464160680770874,
      0.37083372473716736,
      0.3756997287273407,
      0.37742164731025696,
      0.3821345865726471,
      0.3896748423576355,
      0.3882126212120056,
      0.39100897312164307,
      0.39651501178741455,
      0.39485204219818115,
      0.4020784795284271,
      0.404928982257843,
      0.40597403049468994,
      0.408613383769989,
      0.41127151250839233,
      0.413053035736084,
      0.4113927185535431,
      0.41688767075538635,
      0.4163036644458771,
      0.4171704649925232,
      0.41883862018585205,
      0.4215836822986603,
      0.4234328269958496,
      0.4193906784057617,
      0.42629092931747437,
      0.4266529679298401,
      0.42522358894348145,
      0.42598390579223633,
      0.4222043752670288,
      0.42675289511680603,
      0.4274124801158905,
      0.42501139640808105,
      0.43014997243881226,
      0.4295077621936798,
      0.42772218585014343,
      0.4291365444660187,
      0.42685773968696594,
      0.4264456331729889,
      0.426719605922699,
      0.42509034276008606,
      0.42659980058670044,
      0.4305596947669983,
      0.4271756112575531,
      0.42871931195259094,
      0.42930635809898376,
      0.4267967939376831,
      0.42902910709381104,
      0.42805278301239014,
      0.4294987618923187,
      0.42718008160591125,
      0.4288490414619446,
      0.43120306730270386,
      0.42907077074050903,
      0.42919042706489563,
      0.42906951904296875,
      0.4326927661895752,
      0.42934757471084595,
      0.43213212490081787,
      0.4261166751384735,
      0.4283134639263153,
      0.431861937046051,
      0.42854177951812744,
      0.4307037889957428,
      0.4288606345653534,
      0.43080607056617737,
      0.43010130524635315,
      0.4342886209487915,
      0.4312325119972229,
      0.42923787236213684,
      0.42659178376197815,
      0.43300050497055054,
      0.4309519827365875,
      0.4322592616081238,
      0.4293726980686188,
      0.43023866415023804,
      0.4293670058250427,
      0.43163707852363586,
      0.4291059970855713,
      0.4301527142524719,
      0.4322800636291504,
      0.4331536591053009,
      0.4321582019329071,
      0.432620644569397,
      0.4309890866279602,
      0.42881229519844055,
      0.42760929465293884,
      0.4285300374031067,
      0.42761945724487305,
      0.43004536628723145,
      0.43097811937332153,
      0.4328765571117401,
      0.4284062087535858,
      0.42553389072418213,
      0.4294881820678711,
      0.4302634000778198,
      0.4317671060562134,
      0.4327910840511322,
      0.4285184442996979,
      0.42860519886016846,
      0.43128809332847595,
      0.4262006878852844,
      0.42954668402671814,
      0.43171226978302,
      0.4296455979347229,
      0.43052759766578674,
      0.4311828315258026,
      0.4313125014305115,
      0.4324307441711426,
      0.4292973279953003,
      0.4296969771385193,
      0.43061718344688416,
      0.43056520819664,
      0.4298623502254486,
      0.4302517771720886,
      0.4319113492965698,
      0.42985132336616516,
      0.43017369508743286,
      0.43432798981666565,
      0.43030694127082825,
      0.42943423986434937,
      0.4336027503013611,
      0.43122169375419617,
      0.4336917996406555,
      0.4303888976573944,
      0.431833416223526,
      0.42710328102111816,
      0.43034839630126953,
      0.4287450313568115,
      0.42898324131965637,
      0.42988091707229614,
      0.43116307258605957,
      0.4299350082874298,
      0.43093204498291016,
      0.432144433259964,
      0.43146854639053345,
      0.4282178580760956,
      0.43106627464294434,
      0.43200793862342834,
      0.4311314523220062,
      0.42935967445373535,
      0.4316770136356354,
      0.4287548065185547,
      0.42995476722717285,
      0.4313228726387024,
      0.4331522583961487,
      0.429068386554718,
      0.43240082263946533,
      0.43243521451950073,
      0.42810672521591187,
      0.4310966432094574,
      0.4243202805519104,
      0.428792268037796,
      0.4284399449825287,
      0.4284270405769348,
      0.4335612654685974,
      0.4316022992134094,
      0.42847785353660583,
      0.43192586302757263,
      0.4313872456550598,
      0.432222843170166,
      0.42925748229026794,
      0.4331477880477905,
      0.43151113390922546,
      0.430948942899704,
      0.4294498562812805,
      0.4298397898674011,
      0.4351411759853363,
      0.4253924489021301,
      0.43160003423690796,
      0.4305332601070404,
      0.4274386763572693,
      0.4313507676124573,
      0.4310925304889679,
      0.4293755292892456,
      0.4285898804664612,
      0.4311288893222809,
      0.4347863793373108,
      0.42984142899513245,
      0.43102890253067017,
      0.4324968457221985,
      0.4306422472000122,
      0.4323861002922058,
      0.4350871443748474,
      0.4299200773239136,
      0.4325060546398163,
      0.4340575933456421,
      0.43030503392219543,
      0.43336743116378784,
      0.43482133746147156,
      0.43514832854270935,
      0.4331475794315338,
      0.4327611029148102,
      0.43148061633110046,
      0.4327223598957062,
      0.42880845069885254,
      0.428834468126297,
      0.4345163404941559,
      0.4300379753112793,
      0.4290936291217804,
      0.43097490072250366,
      0.4319590628147125,
      0.43064332008361816,
      0.42963707447052,
      0.42931243777275085,
      0.42959102988243103,
      0.4292294681072235,
      0.4316674470901489,
      0.42969799041748047,
      0.4306943714618683,
      0.42862436175346375,
      0.4299580454826355,
      0.42946934700012207,
      0.4291672706604004,
      0.43076980113983154,
