{
  "config": {
    "early_stopping": true,
    "epochs": 601,
    "expert_lr": 0.00198764,
    "expert_momentum": 0.913014,
    "expert_num": 4,
    "expert_weight_decay": 0.001,
    "load_balancing": false,
    "optimizer_family": "original",
    "router_lr": 0.13033582,
    "router_momentum": 0.983026,
    "router_weight_decay": 0.0001
  },
  "eval_metrics": {
    "accuracy": 94.15625,
    "dispatch_counts": [
      [
        664.0,
        145.0,
        9.0,
        11.0
      ],
      [
        73.0,
        186.0,
        5.0,
        515.0
      ],
      [
        33.0,
        31.0,
        715.0,
        34.0
      ],
      [
        234.0,
        417.0,
        0.0,
        128.0
      ]
    ],
    "entropy": 0.7439437508583069,
    "loss": 0.3717097342014313,
    "runtime_seconds": 0.004493120592087507,
    "split": "validation"
  },
  "fold_index": 2,
  "mode": "nonlinear",
  "seed": 41113,
  "setting": 4,
  "total_runtime_seconds": 27.156017643399537,
  "train_metrics": {
    "dispatch_counts": [
      [
        2677.0,
        559.0,
        33.0,
        45.0
      ],
      [
        322.0,
        739.0,
        49.0,
        2008.0
      ],
      [
        167.0,
        123.0,
        2832.0,
        127.0
      ],
      [
        960.0,
        1656.0,
        1.0,
        502.0
      ]
    ],
    "entropy_record": [
      1.3850390911102295,
      1.3854628801345825,
      1.3853135108947754,
      1.3857107162475586,
      1.3856500387191772,
      1.3854106664657593,
      1.3851499557495117,
      1.3816962242126465,
      1.3535646200180054,
      1.208140254020691,
      0.9268053770065308,
      0.819146454334259,
      0.7654286623001099,
      0.6990845799446106,
      0.6428556442260742,
      0.5997307896614075,
      0.5747341513633728,
      0.5600542426109314,
      0.5354937314987183,
      0.5050746202468872,
      0.4755633473396301,
      0.4453504681587219,
      0.4280019700527191,
      0.4241575598716736,
      0.42811018228530884,
      0.4370442032814026,
      0.4475971460342407,
      0.45363950729370117,
      0.46432727575302124,
      0.4696193337440491,
      0.4794686734676361,
      0.48535895347595215,
      0.503324568271637,
      0.5131991505622864,
      0.5208054184913635,
      0.5308360457420349,
      0.5426756143569946,
      0.551069438457489,
      0.5589933395385742,
      0.5665925741195679,
      0.5711446404457092,
      0.5783323049545288,
      0.5859033465385437,
      0.5929725170135498,
      0.5956531763076782,
      0.6036320924758911,
      0.6130024790763855,
      0.6181508898735046,
      0.6239396333694458,
      0.6243955492973328,
      0.6328765153884888,
      0.6372324824333191,
      0.6439379453659058,
      0.6455724239349365,
      0.6539857983589172,
      0.6542272567749023,
      0.660761833190918,
      0.6648702621459961,
      0.6666793823242188,
      0.6696830987930298,
      0.6725677251815796,
      0.6735860705375671,
      0.6763783097267151,
      0.6811103820800781,
      0.6820608377456665,
      0.6835113763809204,
      0.6869995594024658,
      0.6869438886642456,
      0.6914993524551392,
      0.6918785572052002,
      0.6925094723701477,
      0.6925016045570374,
      0.6959693431854248,
      0.6959019899368286,
      0.6989081501960754,
      0.6987606883049011,
      0.7005422711372375,
      0.7031769156455994,
      0.7028050422668457,
      0.70501309633255,
      0.7059832811355591,
      0.7069096565246582,
      0.7075067758560181,
      0.7087327241897583,
      0.7099006175994873,
      0.7110705375671387,
      0.7126910090446472,
      0.7120203375816345,
      0.7138620615005493,
      0.7133205533027649,
      0.7141624093055725,
      0.7156298756599426,
      0.7187798023223877,
      0.719052791595459,
      0.7189884781837463,
      0.7168067693710327,
      0.7205054759979248,
      0.7210542559623718,
      0.719426155090332,
      0.7224006652832031,
      0.7221765518188477,
      0.7233415842056274,
      0.7246581315994263,
      0.7257121801376343,
      0.7250778675079346,
      0.7260404229164124,
      0.726595401763916,
      0.729587972164154,
      0.7282328009605408,
      0.7287495732307434,
      0.7300050854682922,
      0.7299348711967468,
      0.7290633916854858,
      0.7338531613349915,
      0.7318543195724487,
      0.7330012321472168,
      0.732452392578125,
      0.7329100370407104,
      0.7341680526733398,
      0.733218252658844,
      0.7360648512840271,
      0.7358396053314209,
      0.7358248233795166,
      0.7369851469993591,
      0.737558126449585,
      0.7373746037483215,
      0.7390995621681213,
      0.7380555868148804,
      0.7375287413597107,
      0.7391190528869629,
      0.7391549348831177,
      0.7401909828186035,
      0.7405862212181091,
      0.7404552102088928,
      0.7405242919921875,
      0.7410202026367188,
      0.7413256168365479,
      0.742267370223999,
      0.7437883615493774,
      0.7430152297019958,
      0.742961585521698,
      0.7429056763648987,
      0.7426615953445435,
      0.7435932159423828,
      0.7440181970596313,
      0.7438254356384277,
      0.7458630800247192,
      0.745635449886322,
      0.7460461854934692,
      0.7458794713020325,
      0.7458895444869995,
      0.7471414804458618,
      0.747338593006134,
      0.7459816932678223,
      0.7464277744293213,
      0.7469143867492676,
      0.7480143904685974,
      0.7489622831344604,
      0.7475939989089966,
      0.7482594847679138,
      0.7476221323013306,
      0.7488675713539124,
      0.74905925989151,
      0.7488172054290771,
      0.747861385345459,
      0.7504428029060364,
      0.7502025961875916,
      0.7513352036476135,
      0.7493501901626587,
      0.7497727870941162,
      0.7506743669509888,
      0.7515973448753357,
      0.7506020069122314,
      0.7513015866279602,
      0.7508171200752258,
      0.7519147992134094,
      0.7518263459205627,
      0.7518560886383057,
      0.7524542212486267,
      0.7514747977256775,
      0.7527836561203003,
      0.7532275319099426,
      0.7523745894432068,
      0.7529463171958923,
      0.7534000873565674,
      0.7528080344200134,
      0.7529289722442627,
      0.7526772618293762,
      0.7539284229278564,
      0.7530117034912109,
      0.7520049214363098,
      0.7551040649414062,
      0.7542247772216797,
      0.7549265623092651,
      0.7548708319664001,
      0.7539856433868408,
      0.7553396224975586,
      0.7543166875839233,
      0.7551795244216919,
      0.7549035549163818,
      0.7548074126243591,
      0.7561149597167969,
      0.7553521394729614,
      0.7553659081459045,
      0.7551814317703247,
      0.7540975213050842,
      0.7565585374832153,
      0.7549577951431274,
      0.7545455694198608,
      0.7566301226615906,
      0.7552360892295837,
      0.7553558945655823,
      0.7548325061798096,
      0.7576558589935303,
      0.7563252449035645,
      0.7570056319236755,
      0.7561424970626831,
      0.7572075128555298,
      0.7572337985038757,
      0.7563329339027405,
      0.758087158203125,
      0.7580877542495728,
      0.7578527927398682,
      0.756100594997406,
      0.7566977739334106,
      0.7570721507072449,
      0.7562527656555176,
      0.7578806281089783,
      0.7562401294708252,
      0.7577073574066162,
      0.7573442459106445,
      0.7582287788391113,
      0.7572193145751953,
      0.7567374110221863,
      0.755782961845398,
      0.7577242255210876,
      0.756926417350769,
      0.7578436136245728,
      0.7575701475143433,
      0.7564166784286499,
      0.7571873664855957,
      0.7584564685821533,
      0.7576195001602173,
      0.7583502531051636,
      0.7575435638427734,
      0.757556676864624,
      0.7591226696968079,
      0.7592040300369263,
      0.7590236067771912,
      0.7578316926956177,
      0.7577410340309143,
      0.7582137584686279,
      0.7576963901519775,
      0.7594212889671326,
      0.759032130241394,
      0.7576358318328857,
