{
  "config": {
    "early_stopping": true,
    "epochs": 601,
    "expert_lr": 0.00089442,
    "expert_momentum": 0.950949,
    "expert_num": 4,
    "expert_weight_decay": 0.0,
    "load_balancing": false,
    "optimizer_family": "original",
    "router_lr": 0.01031746,
    "router_momentum": 0.887363,
    "router_weight_decay": 1e-05
  },
  "eval_metrics": {
    "accuracy": 97.40625,
    "dispatch_counts": [
      [
        0.0,
        3.0,
        1.0,
        825.0
      ],
      [
        462.0,
        66.0,
        227.0,
        24.0
      ],
      [
        0.0,
        806.0,
        4.0,
        3.0
      ],
      [
        1.0,
        3.0,
        774.0,
        1.0
      ]
    ],
    "entropy": 0.3086899518966675,
    "loss": 0.3391846716403961,
    "runtime_seconds": 0.004625502973794937,
    "split": "validation"
  },
  "fold_index": 2,
  "mode": "nonlinear",
  "seed": 41013,
  "setting": 4,
  "total_runtime_seconds": 27.264393865596503,
  "train_metrics": {
    "dispatch_counts": [
      [
        1.0,
        5.0,
        11.0,
        3297.0
      ],
      [
        1848.0,
        237.0,
        911.0,
        122.0
      ],
      [
        1.0,
        3217.0,
        19.0,
        12.0
      ],
      [
        2.0,
        5.0,
        3108.0,
        4.0
      ]
    ],
    "entropy_record": [
      1.3852744102478027,
      1.3856078386306763,
      1.3858394622802734,
      1.385686993598938,
      1.385400414466858,
      1.3857877254486084,
      1.3858091831207275,
      1.3855700492858887,
      1.3857395648956299,
      1.3856652975082397,
      1.3854628801345825,
      1.3851511478424072,
      1.3852113485336304,
      1.3845230340957642,
      1.3825407028198242,
      1.374541163444519,
      1.364150881767273,
      1.3372882604599,
      1.291662573814392,
      1.2334749698638916,
      1.129388451576233,
      1.014388918876648,
      0.8909626007080078,
      0.7387473583221436,
      0.6369801163673401,
      0.5358937978744507,
      0.4546850919723511,
      0.392740398645401,
      0.32512226700782776,
      0.31617000699043274,
      0.2916259467601776,
      0.27900028228759766,
      0.26743853092193604,
      0.25307497382164,
      0.2531471848487854,
      0.2503437101840973,
      0.24030359089374542,
      0.23401996493339539,
      0.23113979399204254,
      0.23173066973686218,
      0.22870899736881256,
      0.22550886869430542,
      0.22301167249679565,
      0.2249692976474762,
      0.21895597875118256,
      0.2280738651752472,
      0.22748084366321564,
      0.234544575214386,
      0.2301712930202484,
      0.23340068757534027,
      0.23198837041854858,
      0.23098185658454895,
      0.22773218154907227,
      0.23275482654571533,
      0.23617610335350037,
      0.2360559105873108,
      0.23237772285938263,
      0.2398417890071869,
      0.23748137056827545,
      0.24168632924556732,
      0.2308141589164734,
      0.23467810451984406,
      0.2350630909204483,
      0.24548926949501038,
      0.23808760941028595,
      0.2373533397912979,
      0.2399251013994217,
      0.24332524836063385,
      0.23945504426956177,
      0.24317869544029236,
      0.23998737335205078,
      0.24775487184524536,
      0.2417622208595276,
      0.24445635080337524,
      0.2394963502883911,
      0.23322167992591858,
      0.2513453960418701,
      0.2562098801136017,
      0.24512624740600586,
      0.24388346076011658,
      0.25434574484825134,
      0.2522752583026886,
      0.2460855394601822,
      0.24221965670585632,
      0.24980886280536652,
      0.24569061398506165,
      0.24569439888000488,
      0.2506488561630249,
      0.24120564758777618,
      0.2518996000289917,
      0.24298453330993652,
      0.250920832157135,
      0.2517731189727783,
      0.24947206676006317,
      0.24437934160232544,
      0.25944384932518005,
      0.2533177435398102,
      0.250406950712204,
      0.24683955311775208,
      0.2498302310705185,
      0.2513422667980194,
      0.2576671540737152,
      0.2489878386259079,
      0.25037682056427,
      0.2541770339012146,
      0.25836193561553955,
      0.24343568086624146,
      0.25418469309806824,
      0.24248990416526794,
      0.25262361764907837,
      0.2557731866836548,
      0.25204992294311523,
      0.25608566403388977,
      0.2565803825855255,
      0.2555364668369293,
      0.24873283505439758,
      0.2577342987060547,
      0.2623450458049774,
      0.2563554644584656,
      0.2588450312614441,
      0.2581048011779785,
      0.2666895091533661,
      0.25138354301452637,
      0.2625604271888733,
      0.2568000555038452,
      0.2610895335674286,
      0.2514117956161499,
      0.2608577013015747,
      0.25157850980758667,
      0.2645680010318756,
      0.2641066312789917,
      0.2571706175804138,
      0.26994213461875916,
      0.2602694034576416,
      0.25799626111984253,
      0.2658843994140625,
      0.26335713267326355,
      0.2754758596420288,
      0.2653000056743622,
      0.26740896701812744,
      0.26507729291915894,
      0.2717379331588745,
      0.2644173502922058,
      0.26258549094200134,
      0.26615414023399353,
      0.261800616979599,
      0.26797688007354736,
      0.2702449560165405,
      0.26675063371658325,
      0.26462027430534363,
      0.25914663076400757,
      0.26226937770843506,
      0.2614996135234833,
      0.27275681495666504,
      0.26608985662460327,
      0.2559284269809723,
      0.26390743255615234,
      0.2662146985530853,
      0.27028363943099976,
      0.2747795283794403,
      0.26442456245422363,
      0.2722889184951782,
      0.2633121609687805,
      0.2730211913585663,
      0.2737662196159363,
      0.26653069257736206,
      0.2720824182033539,
      0.2675575315952301,
      0.26748356223106384,
      0.26378530263900757,
      0.2748028337955475,
      0.2711185812950134,
      0.28080496191978455,
      0.27392828464508057,
      0.2757253646850586,
      0.27288252115249634,
      0.279872328042984,
      0.27062490582466125,
      0.26918965578079224,
      0.27491262555122375,
      0.2750284969806671,
      0.2808791399002075,
      0.2803281843662262,
      0.27478423714637756,
      0.27906396985054016,
      0.2808951139450073,
      0.2797381579875946,
      0.2761485278606415,
      0.2799897789955139,
      0.2737455368041992,
      0.2742602229118347,
      0.27246159315109253,
      0.2807924449443817,
      0.2784276604652405,
      0.2747189402580261,
      0.2784671187400818,
      0.27942246198654175,
      0.28268298506736755,
      0.2834080159664154,
      0.28232526779174805,
      0.2753821611404419,
      0.2812183201313019,
      0.27560892701148987,
      0.2720281779766083,
      0.284931480884552,
      0.2843121290206909,
      0.28162235021591187,
      0.2762741148471832,
      0.275065153837204,
      0.29024189710617065,
      0.28841352462768555,
      0.2777555584907532,
      0.28763148188591003,
      0.277077853679657,
      0.2770185172557831,
      0.2752179205417633,
      0.28135380148887634,
      0.28483906388282776,
      0.2875977158546448,
      0.2856903672218323,
      0.2775355875492096,
      0.2837277352809906,
      0.2772495448589325,
      0.2765604257583618,
      0.2908562421798706,
      0.2857115864753723,
      0.28312626481056213,
      0.2856958508491516,
      0.28500741720199585,
      0.2828868627548218,
      0.2859882116317749,
      0.28490906953811646,
      0.27854105830192566,
      0.29117846488952637,
      0.2849535644054413,
      0.2879750728607178,
      0.29097968339920044,
      0.28966230154037476,
      0.2964160144329071,
      0.29485535621643066,
      0.29100579023361206,
      0.2815098762512207,
      0.28683343529701233,
      0.2870263159275055,
      0.29479432106018066,
      0.292673796415329,
      0.2816847860813141,
      0.28877899050712585,
      0.2867603003978729,
      0.2822296619415283,
      0.29523220658302307,
      0.28441867232322693,
