{
  "config": {
    "early_stopping": true,
    "epochs": 601,
    "expert_lr": 0.00211155,
    "expert_momentum": 0.858019,
    "expert_num": 8,
    "expert_weight_decay": 0.0,
    "load_balancing": false,
    "ns_steps": 7,
    "optimizer_family": "muon",
    "router_lr": 0.06969992,
    "router_momentum": 0.893816,
    "router_weight_decay": 0.0
  },
  "eval_metrics": {
    "accuracy": 96.53125,
    "dispatch_counts": [
      [
        4.0,
        31.0,
        25.0,
        324.0,
        15.0,
        347.0,
        7.0,
        75.0
      ],
      [
        90.0,
        21.0,
        1.0,
        0.0,
        3.0,
        2.0,
        390.0,
        273.0
      ],
      [
        180.0,
        34.0,
        412.0,
        0.0,
        2.0,
        181.0,
        1.0,
        2.0
      ],
      [
        0.0,
        397.0,
        2.0,
        0.0,
        379.0,
        0.0,
        2.0,
        0.0
      ]
    ],
    "entropy": 0.41327300667762756,
    "loss": 0.3479490578174591,
    "runtime_seconds": 0.007651584222912788,
    "split": "validation"
  },
  "fold_index": 4,
  "mode": "nonlinear",
  "seed": 30515,
  "setting": 3,
  "total_runtime_seconds": 15.750811386853456,
  "train_metrics": {
    "dispatch_counts": [
      [
        13.0,
        171.0,
        72.0,
        1276.0,
        51.0,
        1340.0,
        41.0,
        351.0
      ],
      [
        369.0,
        77.0,
        4.0,
        0.0,
        10.0,
        1.0,
        1558.0,
        1098.0
      ],
      [
        681.0,
        139.0,
        1632.0,
        0.0,
        24.0,
        765.0,
        5.0,
        4.0
      ],
      [
        0.0,
        1584.0,
        8.0,
        0.0,
        1517.0,
        1.0,
        7.0,
        1.0
      ]
    ],
    "entropy_record": [
      1.3850053548812866,
      1.0588918924331665,
      0.778060793876648,
      0.621943473815918,
      0.5406175851821899,
      0.4991304874420166,
      0.465545117855072,
      0.447273313999176,
      0.4479822814464569,
      0.4443756341934204,
      0.43250155448913574,
      0.42445820569992065,
      0.422066867351532,
      0.41155412793159485,
      0.4117628335952759,
      0.40490400791168213,
      0.39984333515167236,
      0.39513272047042847,
      0.3906175494194031,
      0.3901575803756714,
      0.3860864043235779,
      0.38787880539894104,
      0.3862123489379883,
      0.3870093524456024,
      0.38160866498947144,
      0.3817853331565857,
      0.37979811429977417,
      0.3817717432975769,
      0.38001716136932373,
      0.38096198439598083,
      0.3810843229293823,
      0.3787580728530884,
      0.3789730966091156,
      0.3806219696998596,
      0.3796856999397278,
      0.3787354826927185,
      0.37865149974823,
      0.3787189722061157,
      0.3790212869644165,
      0.37790647149086,
      0.3786121606826782,
      0.3757147192955017,
      0.3767295479774475,
      0.37661635875701904,
      0.3767819404602051,
      0.37476012110710144,
      0.3760494291782379,
      0.3774692416191101,
      0.3745749890804291,
      0.3763158321380615,
      0.37506911158561707,
      0.3738436698913574,
      0.3742786943912506,
      0.37572047114372253,
      0.3753732740879059,
      0.37452393770217896,
      0.37428054213523865,
      0.3736411929130554,
      0.37494805455207825,
      0.3742268681526184,
      0.37288573384284973,
      0.3734942078590393,
      0.3738236427307129,
      0.37462085485458374,
      0.3741057813167572,
      0.37310928106307983,
      0.3735601603984833,
      0.3736824095249176,
      0.3723236322402954,
      0.3723045587539673,
      0.37394464015960693,
      0.37300845980644226,
      0.37205684185028076,
      0.3736971914768219,
      0.3743576407432556,
      0.37451544404029846,
      0.37506526708602905,
      0.37404197454452515,
      0.3733268082141876,
      0.3738679587841034,
      0.37331295013427734,
      0.37335914373397827,
      0.37405073642730713,
      0.3746032416820526,
      0.3752584457397461,
      0.3747829794883728,
      0.374683141708374,
      0.3742249310016632,
      0.3738861382007599,
      0.37253978848457336,
      0.3745412230491638,
      0.37457677721977234,
      0.3744109272956848,
      0.3742479979991913,
      0.37323158979415894,
      0.3740542531013489,
      0.3742225766181946,
      0.3744836449623108,
      0.3733145296573639,
      0.3734993040561676,
      0.3738808035850525,
      0.3744713068008423,
      0.37369072437286377,
      0.3734499216079712,
      0.37458479404449463,
      0.37444064021110535,
      0.3741397261619568,
      0.3734210729598999,
      0.3734967112541199,
      0.373607337474823,
      0.373893141746521,
      0.37402957677841187,
      0.37427952885627747,
      0.37400490045547485,
      0.37334007024765015,
      0.37336844205856323,
      0.3738769292831421,
      0.37387585639953613,
      0.37427303194999695,
      0.3740353286266327,
      0.3735833764076233,
      0.3725746273994446,
      0.3725760579109192,
      0.37108176946640015,
      0.37165364623069763,
      0.3719137907028198,
      0.37131449580192566,
      0.3712528347969055,
      0.37043094635009766,
      0.3706687390804291,
      0.36734017729759216,
      0.36853283643722534,
      0.36794137954711914,
      0.36783915758132935,
      0.36821818351745605,
      0.36743390560150146,
      0.367745578289032,
      0.36692821979522705,
      0.36638325452804565,
      0.3632938861846924,
      0.3626440465450287,
      0.36312392354011536,
      0.3627367317676544,
      0.36233699321746826,
      0.362640380859375,
      0.3627834618091583,
      0.3629184365272522,
      0.36350756883621216,
      0.36477553844451904,
      0.3654550015926361,
      0.36650726199150085,
      0.36863839626312256,
      0.3703081011772156,
      0.3708363175392151,
      0.3702901005744934,
      0.37240803241729736,
      0.3735250234603882,
      0.3755488991737366,
      0.3773733973503113,
      0.3777630627155304,
      0.3782760798931122,
      0.38123422861099243,
      0.38352102041244507,
      0.384548544883728,
      0.3855151832103729,
      0.3873422145843506,
      0.3892257809638977,
      0.39191392064094543,
      0.3952086567878723,
      0.3969758152961731,
      0.3986552655696869,
      0.4002743065357208,
      0.40075454115867615,
      0.4024178981781006,
      0.40351077914237976,
      0.4055083990097046,
      0.4077337384223938,
      0.40987086296081543,
      0.413067102432251,
      0.41485950350761414,
      0.41841912269592285,
      0.42088571190834045,
      0.4215182960033417,
      0.42386606335639954
    ],
    "epochs_ran": 184,
    "final_entropy": 0.42386606335639954,
    "final_loss": 0.3495897352695465,
    "plot_diagnostics": null,
    "runtime_seconds": 15.743159802630544
  }
}