{
  "best_config": {
    "early_stopping": true,
    "epochs": 601,
    "expert_lr": 0.00146677,
    "expert_momentum": 0.871528,
    "expert_num": 8,
    "expert_weight_decay": 0.001,
    "load_balancing": false,
    "ns_steps": 10,
    "optimizer_family": "muon",
    "router_lr": 0.00779912,
    "router_momentum": 0.934423,
    "router_weight_decay": 1e-05
  },
  "best_trial_index": 13,
  "optimizer_family": "muon",
  "setting": 2,
  "summary": {
    "mean_runtime_seconds": 42.430839465744796,
    "mean_val_accuracy": 92.01875,
    "mean_val_entropy": 0.7825579524040223,
    "mean_val_loss": 0.3930417776107788,
    "std_runtime_seconds": 9.967791368037258,
    "std_val_accuracy": 2.117412926190827,
    "std_val_entropy": 0.09904950221966308,
    "std_val_loss": 0.02112991841229526
  }
}