{
  "config": {
    "early_stopping": true,
    "epochs": 601,
    "expert_lr": 0.00421596,
    "expert_momentum": 0.927544,
    "expert_num": 8,
    "expert_weight_decay": 0.0,
    "load_balancing": false,
    "ns_steps": 7,
    "optimizer_family": "muon",
    "router_lr": 0.00696815,
    "router_momentum": 0.981446,
    "router_weight_decay": 0.0001
  },
  "eval_metrics": {
    "accuracy": 96.125,
    "dispatch_counts": [
      [
        8.0,
        41.0,
        423.0,
        11.0,
        9.0,
        244.0,
        7.0,
        85.0
      ],
      [
        383.0,
        8.0,
        12.0,
        327.0,
        12.0,
        2.0,
        36.0,
        0.0
      ],
      [
        3.0,
        389.0,
        14.0,
        1.0,
        402.0,
        0.0,
        3.0,
        0.0
      ],
      [
        37.0,
        13.0,
        34.0,
        1.0,
        25.0,
        0.0,
        346.0,
        324.0
      ]
    ],
    "entropy": 0.4082339406013489,
    "loss": 0.3520115315914154,
    "runtime_seconds": 0.007485880982130766,
    "split": "validation"
  },
  "fold_index": 4,
  "mode": "nonlinear",
  "seed": 41915,
  "setting": 4,
  "total_runtime_seconds": 51.34396001091227,
  "train_metrics": {
    "dispatch_counts": [
      [
        18.0,
        172.0,
        1702.0,
        32.0,
        47.0,
        924.0,
        16.0,
        404.0
      ],
      [
        1518.0,
        27.0,
        38.0,
        1343.0,
        26.0,
        4.0,
        159.0,
        2.0
      ],
      [
        14.0,
        1561.0,
        51.0,
        2.0,
        1608.0,
        1.0,
        4.0,
        9.0
      ],
      [
        153.0,
        63.0,
        129.0,
        2.0,
        85.0,
        2.0,
        1383.0,
        1301.0
      ]
    ],
    "entropy_record": [
      1.3851200342178345,
      1.3486700057983398,
      1.2666131258010864,
      1.1833869218826294,
      1.0916231870651245,
      1.0125359296798706,
      0.9557251930236816,
      0.8928292989730835,
      0.8382938504219055,
      0.7760183811187744,
      0.7315034866333008,
      0.6943234205245972,
      0.6565954089164734,
      0.632296085357666,
      0.6198450922966003,
      0.5949684977531433,
      0.5786895751953125,
      0.57163006067276,
      0.553889811038971,
      0.5384007096290588,
      0.5336022973060608,
      0.532604455947876,
      0.5116467475891113,
      0.5139274597167969,
      0.5082050561904907,
      0.49823328852653503,
      0.4914131760597229,
      0.4940286874771118,
      0.48850852251052856,
      0.48494723439216614,
      0.48174893856048584,
      0.48040157556533813,
      0.4666999280452728,
      0.4690689444541931,
      0.46339237689971924,
      0.46828630566596985,
      0.4644647538661957,
      0.46120357513427734,
      0.45562461018562317,
      0.45741769671440125,
      0.45867136120796204,
      0.4531865119934082,
      0.4529748558998108,
      0.452878475189209,
      0.45059797167778015,
      0.44990596175193787,
      0.4509533643722534,
      0.44994795322418213,
      0.44425371289253235,
      0.44181346893310547,
      0.4425298571586609,
      0.44145944714546204,
      0.44126784801483154,
      0.4390367269515991,
      0.43696367740631104,
      0.4361222982406616,
      0.4388074576854706,
      0.4389474093914032,
      0.43762433528900146,
      0.43559396266937256,
      0.4358089864253998,
      0.4309123158454895,
      0.43150192499160767,
      0.4304901659488678,
      0.43137553334236145,
      0.4310658574104309,
      0.42841392755508423,
      0.4280067980289459,
      0.4289732575416565,
      0.4286845326423645,
      0.42870959639549255,
      0.42606446146965027,
      0.42681458592414856,
      0.428547203540802,
      0.4271162748336792,
      0.4254170060157776,
      0.41858088970184326,
      0.4299681484699249,
      0.4220573902130127,
      0.42491814494132996,
      0.4303046464920044,
      0.4252541959285736,
      0.4227049946784973,
      0.4233649969100952,
      0.4239969253540039,
      0.42401373386383057,
      0.41835445165634155,
      0.41795018315315247,
      0.4193671941757202,
      0.41988345980644226,
      0.42266932129859924,
      0.4188803434371948,
      0.42064085602760315,
      0.41996365785598755,
      0.4162474274635315,
      0.41963523626327515,
      0.4185786843299866,
      0.4202074110507965,
      0.42045480012893677,
      0.41735905408859253,
      0.4189627468585968,
      0.4178555905818939,
      0.41665807366371155,
      0.4190059006214142,
      0.4173930287361145,
      0.4136579632759094,
      0.41912713646888733,
      0.41311416029930115,
      0.4181666076183319,
      0.41472193598747253,
      0.41477862000465393,
      0.41760706901550293,
      0.4165398180484772,
      0.41674402356147766,
      0.41443562507629395,
      0.4145839214324951,
      0.41696077585220337,
      0.4154750406742096,
      0.4177550971508026,
      0.4177424907684326,
      0.4151509702205658,
      0.41345328092575073,
      0.41373804211616516,
      0.4135865271091461,
      0.41491836309432983,
      0.4149138629436493,
      0.41062939167022705,
      0.4092613160610199,
      0.4097042679786682,
      0.410795122385025,
      0.41470208764076233,
      0.41249072551727295,
      0.41064518690109253,
      0.41157329082489014,
      0.41426461935043335,
      0.4104200303554535,
      0.4127812385559082,
      0.411178320646286,
      0.41234463453292847,
      0.4125921428203583,
      0.413338303565979,
      0.4111519455909729,
      0.41019245982170105,
      0.41160568594932556,
      0.4093300998210907,
      0.4102928042411804,
      0.4108279347419739,
      0.40818285942077637,
      0.40642279386520386,
      0.4131782352924347,
      0.4104892611503601,
      0.4093521237373352,
      0.40853452682495117,
      0.40956154465675354,
      0.411856472492218,
      0.4110444486141205,
      0.4086764454841614,
      0.40806692838668823,
      0.4093239903450012,
      0.41414207220077515,
      0.41273462772369385,
      0.41074228286743164,
      0.40895721316337585,
      0.40930062532424927,
      0.41283372044563293,
      0.40832576155662537,
      0.4074194133281708,
      0.40771615505218506,
      0.4090299904346466,
      0.4099263846874237,
      0.40998873114585876,
      0.4085017740726471,
      0.40799614787101746,
      0.41074079275131226,
      0.4093945026397705,
      0.40850383043289185,
      0.4096372127532959,
      0.4085617661476135,
      0.40891146659851074,
      0.4072871506214142,
      0.40700334310531616,
      0.4085504412651062,
      0.40822458267211914,
      0.40693768858909607,
      0.4077974557876587,
      0.40929242968559265,
      0.4078153669834137,
      0.4082196056842804,
      0.4066283106803894,
      0.4080262780189514,
      0.40908384323120117,
      0.40436238050460815,
      0.4089338183403015,
      0.40826529264450073,
      0.404785692691803,
      0.40780529379844666,
      0.40555742383003235,
      0.40761542320251465,
      0.4082415699958801,
      0.40697598457336426,
      0.40782085061073303,
      0.4061359465122223,
      0.40672123432159424,
      0.40661364793777466,
      0.4043997526168823,
      0.40612760186195374,
      0.4081817865371704,
      0.4053007960319519,
      0.4072408676147461,
      0.4072296917438507,
      0.4066484570503235,
      0.4081353545188904,
      0.40466850996017456,
      0.40556085109710693,
      0.40633946657180786,
      0.4064835011959076,
      0.40302586555480957,
      0.4027213156223297,
      0.4054250717163086,
      0.4048768877983093,
      0.40783315896987915,
      0.4048630893230438,
      0.4080531597137451,
      0.404779851436615,
      0.40869516134262085,
      0.40608566999435425,
      0.4065963625907898,
      0.40600574016571045,
      0.4076795279979706,
      0.40563270449638367,
      0.40351828932762146,
      0.405612587928772,
      0.4071579575538635,
      0.40409407019615173,
