{
  "config": {
    "early_stopping": true,
    "epochs": 601,
    "expert_lr": 0.00421596,
    "expert_momentum": 0.927544,
    "expert_num": 8,
    "expert_weight_decay": 0.0,
    "load_balancing": false,
    "ns_steps": 7,
    "optimizer_family": "muon",
    "router_lr": 0.00696815,
    "router_momentum": 0.981446,
    "router_weight_decay": 0.0001
  },
  "eval_metrics": {
    "accuracy": 95.25,
    "dispatch_counts": [
      [
        409.0,
        5.0,
        363.0,
        1.0,
        27.0,
        7.0,
        3.0,
        14.0
      ],
      [
        45.0,
        7.0,
        1.0,
        0.0,
        258.0,
        5.0,
        69.0,
        394.0
      ],
      [
        8.0,
        372.0,
        8.0,
        1.0,
        9.0,
        395.0,
        10.0,
        9.0
      ],
      [
        7.0,
        39.0,
        11.0,
        322.0,
        8.0,
        3.0,
        369.0,
        21.0
      ]
    ],
    "entropy": 0.37999188899993896,
    "loss": 0.3607615530490875,
    "runtime_seconds": 0.007908484898507595,
    "split": "validation"
  },
  "fold_index": 1,
  "mode": "nonlinear",
  "seed": 41912,
  "setting": 4,
  "total_runtime_seconds": 37.95938556501642,
  "train_metrics": {
    "dispatch_counts": [
      [
        1612.0,
        18.0,
        1444.0,
        3.0,
        165.0,
        19.0,
        8.0,
        45.0
      ],
      [
        139.0,
        28.0,
        6.0,
        0.0,
        1083.0,
        27.0,
        254.0,
        1581.0
      ],
      [
        26.0,
        1467.0,
        27.0,
        3.0,
        36.0,
        1584.0,
        61.0,
        46.0
      ],
      [
        41.0,
        128.0,
        56.0,
        1328.0,
        29.0,
        30.0,
        1465.0,
        41.0
      ]
    ],
    "entropy_record": [
      1.3848068714141846,
      1.3507238626480103,
      1.2825210094451904,
      1.1819791793823242,
      1.082547903060913,
      0.9875844120979309,
      0.9090786576271057,
      0.8464524745941162,
      0.7781358361244202,
      0.7088631987571716,
      0.661892294883728,
      0.6239334344863892,
      0.5779992938041687,
      0.5608838200569153,
      0.5278786420822144,
      0.5153042078018188,
      0.5010405778884888,
      0.4761447608470917,
      0.4722152650356293,
      0.46402257680892944,
      0.4540729522705078,
      0.4542803168296814,
      0.44298845529556274,
      0.44088947772979736,
      0.4246407747268677,
      0.42034947872161865,
      0.4220365285873413,
      0.4166983664035797,
      0.4185231328010559,
      0.4183851480484009,
      0.40939590334892273,
      0.41849029064178467,
      0.40894585847854614,
      0.40552228689193726,
      0.4026411771774292,
      0.4064576029777527,
      0.39945653080940247,
      0.4012009799480438,
      0.3998652994632721,
      0.39637133479118347,
      0.4039466083049774,
      0.3939678370952606,
      0.39326366782188416,
      0.3909633159637451,
      0.3951452672481537,
      0.39507561922073364,
      0.3898482918739319,
      0.3936707377433777,
      0.3908621370792389,
      0.3887054920196533,
      0.39759138226509094,
      0.3844432532787323,
      0.3911679983139038,
      0.38820433616638184,
      0.38636770844459534,
      0.3880872130393982,
      0.3869068920612335,
      0.38495588302612305,
      0.3812755346298218,
      0.3889317512512207,
      0.38259536027908325,
      0.38084617257118225,
      0.3865756094455719,
      0.38342586159706116,
      0.3864353597164154,
      0.3832147419452667,
      0.3839634656906128,
      0.38564833998680115,
      0.38464707136154175,
      0.3829275667667389,
      0.3792184889316559,
      0.38148701190948486,
      0.3886869549751282,
      0.38084155321121216,
      0.3808322250843048,
      0.383993923664093,
      0.3814738690853119,
      0.3856356143951416,
      0.38360676169395447,
      0.3840435743331909,
      0.37894123792648315,
      0.3838115930557251,
      0.377675861120224,
      0.38052722811698914,
      0.38382747769355774,
      0.3829626441001892,
      0.3853917419910431,
      0.3792020380496979,
      0.382557213306427,
      0.381967693567276,
      0.3816922903060913,
      0.3802473843097687,
      0.38216009736061096,
      0.3852997422218323,
      0.379282146692276,
      0.3799459934234619,
      0.37866684794425964,
      0.3796594738960266,
      0.3806816041469574,
      0.3788596987724304,
      0.37883737683296204,
      0.37719038128852844,
      0.38029050827026367,
      0.3768060505390167,
      0.38027423620224,
      0.378976434469223,
      0.3816795349121094,
      0.3792485296726227,
      0.3803916275501251,
      0.3783474564552307,
      0.37964391708374023,
      0.37645283341407776,
      0.37913233041763306,
      0.3779381513595581,
      0.37955790758132935,
      0.379456490278244,
      0.3813028931617737,
      0.37791961431503296,
      0.3791239261627197,
      0.380524605512619,
      0.3786211907863617,
      0.38112586736679077,
      0.37979429960250854,
      0.3798165023326874,
      0.3781059980392456,
      0.37619203329086304,
      0.378452867269516,
      0.3782433569431305,
      0.37692075967788696,
      0.3769063949584961,
      0.38290321826934814,
      0.37708136439323425,
      0.38008496165275574,
      0.37922239303588867,
      0.3779675364494324,
      0.3784216046333313,
      0.3762723207473755,
      0.3756786286830902,
      0.37810227274894714,
      0.37657782435417175,
      0.3753242790699005,
      0.3767794370651245,
      0.3763881325721741,
      0.3810378909111023,
      0.37910473346710205,
      0.37860041856765747,
      0.3804820477962494,
      0.3769543170928955,
      0.3755534589290619,
      0.3771977424621582,
      0.37617355585098267,
      0.3785715103149414,
      0.3745805025100708,
      0.37546566128730774,
      0.3767243027687073,
      0.37688738107681274,
      0.3776059150695801,
      0.3794788718223572,
      0.3743818402290344,
      0.37753188610076904,
      0.3774072527885437,
      0.3782564103603363,
      0.37614235281944275,
      0.3775492310523987,
      0.3776732087135315,
      0.3759463131427765,
      0.37893980741500854,
      0.37907010316848755,
      0.37712711095809937,
      0.37825506925582886,
      0.378498911857605,
      0.3771129846572876,
      0.3767167031764984,
      0.3762147128582001,
      0.3736780285835266,
      0.37784335017204285,
      0.37481850385665894,
      0.37679898738861084,
      0.3758782148361206,
      0.3783538043498993,
      0.37796950340270996,
      0.37625256180763245,
      0.37686532735824585,
      0.37342163920402527,
      0.37371841073036194,
      0.37911269068717957,
      0.3773204982280731,
      0.37632596492767334,
      0.37705639004707336,
      0.37490740418434143,
      0.3774007558822632,
      0.37516576051712036,
      0.37328311800956726,
      0.3753877878189087,
      0.3788469433784485,
      0.3745999336242676,
      0.37209951877593994,
      0.37537282705307007,
      0.37595853209495544,
      0.3759688138961792,
      0.37560129165649414,
      0.374224454164505,
      0.37645113468170166,
      0.3771013021469116,
      0.3751780390739441,
      0.37600210309028625,
      0.374715119600296,
      0.3759622573852539,
      0.3755000829696655,
      0.3775867223739624,
      0.37309718132019043,
      0.3748084008693695,
      0.3755185306072235,
      0.37613266706466675,
      0.3760036528110504,
      0.3765750229358673,
      0.37878575921058655,
      0.3730764389038086,
      0.37539952993392944,
      0.37607696652412415,
      0.37528854608535767,
      0.3754555284976959,
      0.3758026361465454,
      0.37352246046066284,
      0.37443527579307556,
      0.3776506781578064,
      0.37290239334106445,
      0.3763697147369385,
      0.3761965036392212,
      0.37473905086517334,
      0.37650665640830994,
      0.37438690662384033,
      0.3764764070510864,
      0.3756992816925049,
      0.3747141361236572,
