{
  "config": {
    "early_stopping": true,
    "epochs": 601,
    "expert_lr": 0.00084305,
    "expert_momentum": 0.895027,
    "expert_num": 8,
    "expert_weight_decay": 0.0001,
    "load_balancing": false,
    "ns_steps": 7,
    "optimizer_family": "muon",
    "router_lr": 0.03181919,
    "router_momentum": 0.863228,
    "router_weight_decay": 1e-05
  },
  "eval_metrics": {
    "accuracy": 96.625,
    "dispatch_counts": [
      [
        22.0,
        14.0,
        358.0,
        230.0,
        1.0,
        200.0,
        2.0,
        1.0
      ],
      [
        48.0,
        47.0,
        63.0,
        274.0,
        0.0,
        0.0,
        1.0,
        347.0
      ],
      [
        395.0,
        2.0,
        25.0,
        1.0,
        0.0,
        0.0,
        386.0,
        3.0
      ],
      [
        6.0,
        387.0,
        10.0,
        0.0,
        375.0,
        0.0,
        1.0,
        1.0
      ]
    ],
    "entropy": 0.38681191205978394,
    "loss": 0.34688809514045715,
    "runtime_seconds": 0.00748237781226635,
    "split": "validation"
  },
  "fold_index": 4,
  "mode": "nonlinear",
  "seed": 30115,
  "setting": 3,
  "total_runtime_seconds": 10.527963168919086,
  "train_metrics": {
    "dispatch_counts": [
      [
        77.0,
        59.0,
        1460.0,
        892.0,
        10.0,
        807.0,
        5.0,
        5.0
      ],
      [
        231.0,
        183.0,
        246.0,
        1046.0,
        0.0,
        0.0,
        4.0,
        1407.0
      ],
      [
        1579.0,
        18.0,
        114.0,
        4.0,
        4.0,
        0.0,
        1522.0,
        9.0
      ],
      [
        23.0,
        1553.0,
        36.0,
        0.0,
        1499.0,
        0.0,
        1.0,
        6.0
      ]
    ],
    "entropy_record": [
      1.3849570751190186,
      1.1395155191421509,
      0.8237998485565186,
      0.6735106110572815,
      0.5651771426200867,
      0.5075200200080872,
      0.47901463508605957,
      0.4522673189640045,
      0.44475895166397095,
      0.43356266617774963,
      0.435284286737442,
      0.43374747037887573,
      0.42922255396842957,
      0.4310307204723358,
      0.4288080334663391,
      0.43576088547706604,
      0.4333217144012451,
      0.43327051401138306,
      0.4344424605369568,
      0.43080130219459534,
      0.42771732807159424,
      0.42173969745635986,
      0.4189557731151581,
      0.4192933440208435,
      0.41620495915412903,
      0.41264888644218445,
      0.41361939907073975,
      0.4085805416107178,
      0.40738025307655334,
      0.4049622714519501,
      0.40435856580734253,
      0.39748552441596985,
      0.3970464766025543,
      0.3964720368385315,
      0.3959667980670929,
      0.3933097720146179,
      0.3909149765968323,
      0.39128679037094116,
      0.3936502933502197,
      0.3906727731227875,
      0.3882349729537964,
      0.387113481760025,
      0.38452619314193726,
      0.38415420055389404,
      0.3815273344516754,
      0.38182616233825684,
      0.38210785388946533,
      0.38017940521240234,
      0.37913617491722107,
      0.37923431396484375,
      0.3794306516647339,
      0.37732675671577454,
      0.3771032989025116,
      0.3781646192073822,
      0.3775675594806671,
      0.3761269748210907,
      0.3773666322231293,
      0.3767503499984741,
      0.3754774332046509,
      0.37753185629844666,
      0.37833333015441895,
      0.37793758511543274,
      0.37812620401382446,
      0.3796751797199249,
      0.3788798749446869,
      0.37944909930229187,
      0.3786590099334717,
      0.3794005513191223,
      0.3796374201774597,
      0.3775283396244049,
      0.3787957727909088,
      0.37980344891548157,
      0.3799455165863037,
      0.38067105412483215,
      0.3847700357437134,
      0.382961630821228,
      0.38426488637924194,
      0.38553738594055176,
      0.3852429986000061,
      0.38447844982147217,
      0.3856440782546997,
      0.38479042053222656,
      0.3856816589832306,
      0.38627326488494873,
      0.38601601123809814,
      0.3857276737689972,
      0.3893616497516632,
      0.38874536752700806,
      0.38876640796661377,
      0.38612625002861023,
      0.3893823027610779,
      0.3876434564590454,
      0.38886764645576477,
      0.38946154713630676,
      0.38873013854026794,
      0.389816015958786,
      0.3902883529663086,
      0.38880497217178345,
      0.38998737931251526,
      0.39155086874961853,
      0.39299020171165466,
      0.3952920436859131,
      0.39589762687683105,
      0.39698871970176697,
      0.3964151442050934,
      0.3960801064968109,
      0.39414942264556885,
      0.39428573846817017,
      0.39390844106674194,
      0.3932277262210846,
      0.39217233657836914,
      0.39039644598960876,
      0.3925902545452118,
      0.39118072390556335,
      0.38916444778442383,
      0.3888612389564514,
      0.3885496258735657,
      0.38823235034942627,
      0.3870793282985687,
      0.38789865374565125,
      0.3887157738208771,
      0.3891147971153259,
      0.3931798040866852,
      0.39375922083854675
    ],
    "epochs_ran": 124,
    "final_entropy": 0.39375922083854675,
    "final_loss": 0.3443853259086609,
    "plot_diagnostics": null,
    "runtime_seconds": 10.52048079110682
  }
}