{
  "config": {
    "early_stopping": true,
    "epochs": 601,
    "expert_lr": 0.00055807,
    "expert_momentum": 0.978379,
    "expert_num": 8,
    "expert_weight_decay": 0.0,
    "load_balancing": false,
    "ns_steps": 10,
    "optimizer_family": "muon",
    "router_lr": 0.03379348,
    "router_momentum": 0.854796,
    "router_weight_decay": 1e-05
  },
  "eval_metrics": {
    "accuracy": 95.125,
    "dispatch_counts": [
      [
        1.0,
        33.0,
        167.0,
        320.0,
        242.0,
        0.0,
        49.0,
        17.0
      ],
      [
        0.0,
        386.0,
        11.0,
        4.0,
        2.0,
        1.0,
        367.0,
        8.0
      ],
      [
        201.0,
        29.0,
        8.0,
        2.0,
        166.0,
        4.0,
        18.0,
        384.0
      ],
      [
        4.0,
        11.0,
        365.0,
        6.0,
        3.0,
        362.0,
        25.0,
        4.0
      ]
    ],
    "entropy": 0.49416980147361755,
    "loss": 0.3621389865875244,
    "runtime_seconds": 0.007719730958342552,
    "split": "validation"
  },
  "fold_index": 1,
  "mode": "nonlinear",
  "seed": 41612,
  "setting": 4,
  "total_runtime_seconds": 13.539974309969693,
  "train_metrics": {
    "dispatch_counts": [
      [
        1.0,
        161.0,
        672.0,
        1258.0,
        968.0,
        3.0,
        153.0,
        98.0
      ],
      [
        6.0,
        1513.0,
        68.0,
        11.0,
        13.0,
        15.0,
        1472.0,
        20.0
      ],
      [
        774.0,
        89.0,
        29.0,
        3.0,
        665.0,
        24.0,
        96.0,
        1570.0
      ],
      [
        29.0,
        45.0,
        1507.0,
        23.0,
        7.0,
        1438.0,
        51.0,
        18.0
      ]
    ],
    "entropy_record": [
      1.3853788375854492,
      1.1804208755493164,
      0.9462482929229736,
      0.8059275150299072,
      0.7468271255493164,
      0.6995240449905396,
      0.692044198513031,
      0.666992723941803,
      0.6436615586280823,
      0.6300385594367981,
      0.6340159177780151,
      0.6255246996879578,
      0.6148601770401001,
      0.6114193201065063,
      0.6044716835021973,
      0.6066617369651794,
      0.6053263545036316,
      0.6021968722343445,
      0.6011189222335815,
      0.597324550151825,
      0.5938771963119507,
      0.5935518741607666,
      0.5893088579177856,
      0.5815735459327698,
      0.5810788869857788,
      0.5762298107147217,
      0.5722972750663757,
      0.5684468150138855,
      0.5629256963729858,
      0.5559313297271729,
      0.5532321333885193,
      0.5497965216636658,
      0.5454408526420593,
      0.538362443447113,
      0.5323414206504822,
      0.5298147797584534,
      0.526627242565155,
      0.5199922919273376,
      0.5149424076080322,
      0.5115301609039307,
      0.5037165880203247,
      0.5036550760269165,
      0.498732328414917,
      0.4930480718612671,
      0.4872415363788605,
      0.4835115075111389,
      0.4803359806537628,
      0.476725697517395,
      0.4725213050842285,
      0.46655043959617615,
      0.4630137085914612,
      0.4607960283756256,
      0.45417559146881104,
      0.45328882336616516,
      0.44847041368484497,
      0.4461425244808197,
      0.44331374764442444,
      0.4409370422363281,
      0.4379202127456665,
      0.4388510286808014,
      0.4402993321418762,
      0.4391123652458191,
      0.438478946685791,
      0.43962353467941284,
      0.44051793217658997,
      0.4409617781639099,
      0.4387299418449402,
      0.44110581278800964,
      0.43902587890625,
      0.43643054366111755,
      0.4353507459163666,
      0.43523260951042175,
      0.4373534321784973,
      0.43933331966400146,
      0.4355465769767761,
      0.434596449136734,
      0.4333410859107971,
      0.43140509724617004,
      0.4309293031692505,
      0.4275902807712555,
      0.4277157187461853,
      0.42844223976135254,
      0.4270626902580261,
      0.42268580198287964,
      0.4233413338661194,
      0.42093196511268616,
      0.42027002573013306,
      0.4160713851451874,
      0.4151054620742798,
      0.41197121143341064,
      0.4129088521003723,
      0.4117564558982849,
      0.4084843397140503,
      0.40498536825180054,
      0.4052334129810333,
      0.4038502275943756,
      0.4029514491558075,
      0.40162941813468933,
      0.3987073302268982,
      0.40166932344436646,
      0.4012329578399658,
      0.4007263779640198,
      0.40021568536758423,
      0.40094229578971863,
      0.4006175696849823,
      0.4022310674190521,
      0.4003250300884247,
      0.3988843560218811,
      0.3990382254123688,
      0.40186336636543274,
      0.40602943301200867,
      0.4089444577693939,
      0.40910279750823975,
      0.41213688254356384,
      0.41253235936164856,
      0.4134793281555176,
      0.41667452454566956,
      0.4178164303302765,
      0.4198459982872009,
      0.42137545347213745,
      0.42122334241867065,
      0.42540442943573,
      0.4270663261413574,
      0.42950597405433655,
      0.42726755142211914,
      0.4328085780143738,
      0.4357062578201294,
      0.4380137324333191,
      0.4427959620952606,
      0.4477907121181488,
      0.4508243799209595,
      0.45454391837120056,
      0.45373547077178955,
      0.4549228549003601,
      0.4559710621833801,
      0.4582381844520569,
      0.4607425034046173,
      0.46139997243881226,
      0.46407583355903625,
      0.46917489171028137,
      0.471469908952713,
      0.4727041721343994,
      0.47554463148117065,
      0.47665438055992126,
      0.47757503390312195,
      0.4772239327430725,
      0.4772801995277405,
      0.48058634996414185,
      0.4827975630760193,
      0.48767590522766113,
      0.4884903132915497,
      0.4922507107257843,
      0.49266698956489563,
      0.4971005916595459,
      0.49832937121391296,
      0.5007525682449341
    ],
    "epochs_ran": 156,
    "final_entropy": 0.5007525682449341,
    "final_loss": 0.36337417364120483,
    "plot_diagnostics": null,
    "runtime_seconds": 13.53225457901135
  }
}