{
  "config": {
    "early_stopping": true,
    "epochs": 601,
    "expert_lr": 0.00057558,
    "expert_momentum": 0.927057,
    "expert_num": 4,
    "expert_weight_decay": 0.0001,
    "load_balancing": false,
    "optimizer_family": "original",
    "router_lr": 0.08785013,
    "router_momentum": 0.980078,
    "router_weight_decay": 1e-05
  },
  "eval_metrics": {
    "accuracy": 92.59375,
    "dispatch_counts": [
      [
        488.0,
        301.0,
        18.0,
        0.0
      ],
      [
        248.0,
        526.0,
        0.0,
        26.0
      ],
      [
        279.0,
        252.0,
        50.0,
        220.0
      ],
      [
        220.0,
        163.0,
        409.0,
        0.0
      ]
    ],
    "entropy": 1.117195963859558,
    "loss": 0.3850763738155365,
    "runtime_seconds": 0.004527646116912365,
    "split": "validation"
  },
  "fold_index": 0,
  "mode": "nonlinear",
  "seed": 11911,
  "setting": 1,
  "total_runtime_seconds": 12.17718529002741,
  "train_metrics": {
    "dispatch_counts": [
      [
        2000.0,
        1180.0,
        48.0,
        0.0
      ],
      [
        1072.0,
        2038.0,
        1.0,
        88.0
      ],
      [
        1066.0,
        1034.0,
        201.0,
        904.0
      ],
      [
        874.0,
        649.0,
        1645.0,
        0.0
      ]
    ],
    "entropy_record": [
      1.3859574794769287,
      1.3861708641052246,
      1.3856923580169678,
      1.3860599994659424,
      1.3858892917633057,
      1.3858025074005127,
      1.386052131652832,
      1.3853718042373657,
      1.385846495628357,
      1.3857523202896118,
      1.385849118232727,
      1.3838934898376465,
      1.382785439491272,
      1.3721323013305664,
      1.3473492860794067,
      1.292185664176941,
      1.2092440128326416,
      1.131439447402954,
      1.0750515460968018,
      1.0393601655960083,
      1.0042555332183838,
      0.974934995174408,
      0.9464069604873657,
      0.926988959312439,
      0.9097706079483032,
      0.8980518579483032,
      0.869666576385498,
      0.857002317905426,
      0.8398794531822205,
      0.8242817521095276,
      0.8152065873146057,
      0.8108631372451782,
      0.8136838674545288,
      0.8188159465789795,
      0.8219748139381409,
      0.8365347981452942,
      0.839506983757019,
      0.8455480337142944,
      0.8566271662712097,
      0.8672735095024109,
      0.872044026851654,
      0.8823477029800415,
      0.8952239155769348,
      0.9071792960166931,
      0.9149092435836792,
      0.9244861006736755,
      0.9363706111907959,
      0.9445315003395081,
      0.9506444931030273,
      0.9570696353912354,
      0.9615730047225952,
      0.9693690538406372,
      0.9708738923072815,
      0.9785541296005249,
      0.9830149412155151,
      0.9841967225074768,
      0.9877851009368896,
      0.9929031133651733,
      0.9956214427947998,
      0.9981265068054199,
      1.0010796785354614,
      1.0053625106811523,
      1.0082190036773682,
      1.0112468004226685,
      1.015708088874817,
      1.0183079242706299,
      1.021109938621521,
      1.0240671634674072,
      1.0242393016815186,
      1.0269508361816406,
      1.031055212020874,
      1.035423994064331,
      1.038801908493042,
      1.0422024726867676,
      1.0417577028274536,
      1.044257402420044,
      1.0485506057739258,
      1.0482133626937866,
      1.0488368272781372,
      1.0527724027633667,
      1.0538593530654907,
      1.055185079574585,
      1.0575494766235352,
      1.0583741664886475,
      1.0605826377868652,
      1.0600367784500122,
      1.0622284412384033,
      1.0634677410125732,
      1.063744306564331,
      1.0641677379608154,
      1.0663090944290161,
      1.0673764944076538,
      1.0674374103546143,
      1.0708953142166138,
      1.0699706077575684,
      1.0719658136367798,
      1.0725125074386597,
      1.0755499601364136,
      1.0740790367126465,
      1.0774680376052856,
      1.0776461362838745,
      1.0800637006759644,
      1.080246090888977,
      1.0815024375915527,
      1.082204818725586,
      1.083143711090088,
      1.0831222534179688,
      1.0829416513442993,
      1.0837299823760986,
      1.0824472904205322,
      1.0846906900405884,
      1.087364673614502,
      1.0856246948242188,
      1.0846586227416992,
      1.0877426862716675,
      1.088575005531311,
      1.0866875648498535,
      1.0880711078643799,
      1.091116189956665,
      1.0888588428497314,
      1.0895949602127075,
      1.0890400409698486,
      1.0902012586593628,
      1.0908195972442627,
      1.0927927494049072,
      1.093004822731018,
      1.0916799306869507,
      1.0918806791305542,
      1.0946297645568848,
      1.0949325561523438,
      1.0941400527954102,
      1.0944808721542358,
      1.0941085815429688,
      1.0947160720825195,
      1.0946160554885864,
      1.0957728624343872,
      1.0951340198516846,
      1.0980310440063477,
      1.0960711240768433,
      1.0976760387420654,
      1.0992635488510132,
      1.0979634523391724,
      1.0973306894302368,
      1.097933053970337,
      1.0988494157791138,
      1.0997121334075928,
      1.0985691547393799,
      1.1019742488861084,
      1.1008955240249634,
      1.1025434732437134,
      1.1019219160079956,
      1.103560447692871,
      1.10462486743927,
      1.1076433658599854,
      1.106236457824707,
      1.1065304279327393,
      1.105924129486084,
      1.1074711084365845,
      1.108021855354309,
      1.1077030897140503,
      1.1084721088409424,
      1.1083120107650757,
      1.1095209121704102,
      1.1112388372421265,
      1.1095106601715088,
      1.1103579998016357,
      1.1090726852416992,
      1.1102142333984375,
      1.10758638381958,
      1.1097373962402344,
      1.1091914176940918,
      1.1058661937713623,
      1.1076661348342896,
      1.108062744140625,
      1.107444405555725,
      1.1076197624206543,
      1.1086524724960327,
      1.108311653137207,
      1.107356309890747,
      1.107090711593628,
      1.1063061952590942,
      1.1049636602401733,
      1.1061196327209473,
      1.1083707809448242,
      1.1065380573272705,
      1.1067262887954712,
      1.1057891845703125,
      1.106987714767456,
      1.106363296508789,
      1.1052831411361694,
      1.1037191152572632,
      1.1040047407150269,
      1.1023448705673218,
      1.1028858423233032,
      1.1023616790771484,
      1.1037384271621704,
      1.103971242904663,
      1.1022826433181763,
      1.1009619235992432,
      1.1017920970916748,
      1.099498987197876,
      1.1020526885986328,
      1.1011130809783936,
      1.0995360612869263,
      1.1000099182128906,
      1.101050853729248,
      1.1006189584732056,
      1.1015573740005493,
      1.1005816459655762,
      1.0995084047317505,
      1.0998508930206299,
      1.101760745048523,
      1.0996631383895874,
      1.0985420942306519,
      1.098138689994812,
      1.0991122722625732,
      1.0983129739761353,
      1.0997318029403687,
      1.1002535820007324,
      1.0996809005737305,
      1.100760579109192,
      1.0977705717086792,
      1.0982774496078491,
      1.099217414855957,
      1.0987929105758667,
      1.0976214408874512,
      1.0987242460250854,
      1.0999196767807007,
      1.0986156463623047,
      1.099522590637207,
      1.0993289947509766,
      1.0994702577590942,
      1.1005609035491943,
      1.1022922992706299,
      1.1026979684829712,
      1.103948712348938,
      1.1037298440933228,
      1.1034833192825317,
      1.1028047800064087,
      1.1028542518615723,
      1.103409767150879,
      1.1023651361465454,
      1.101880669593811,
      1.1023646593093872,
      1.0994923114776611,
      1.099389672279358,
      1.0987168550491333,
      1.0994073152542114,
      1.0981963872909546,
      1.0984679460525513,
      1.0963062047958374,
      1.0976072549819946,
      1.0985376834869385,
      1.0971580743789673,
      1.0974076986312866,
      1.0968674421310425,
      1.0980674028396606,
