{
  "config": {
    "early_stopping": true,
    "epochs": 601,
    "expert_lr": 0.00096788,
    "expert_momentum": 0.883491,
    "expert_num": 4,
    "expert_weight_decay": 1e-05,
    "load_balancing": false,
    "optimizer_family": "original",
    "router_lr": 0.03123972,
    "router_momentum": 0.88094,
    "router_weight_decay": 1e-05
  },
  "eval_metrics": {
    "accuracy": 95.9375,
    "dispatch_counts": [
      [
        0.0,
        0.0,
        0.0,
        829.0
      ],
      [
        0.0,
        779.0,
        0.0,
        0.0
      ],
      [
        0.0,
        0.0,
        0.0,
        812.0
      ],
      [
        780.0,
        0.0,
        0.0,
        0.0
      ]
    ],
    "entropy": 0.35542699694633484,
    "loss": 0.35365939140319824,
    "runtime_seconds": 0.004562916234135628,
    "split": "validation"
  },
  "fold_index": 1,
  "mode": "nonlinear",
  "seed": 31312,
  "setting": 3,
  "total_runtime_seconds": 27.573427475057542,
  "train_metrics": {
    "dispatch_counts": [
      [
        0.0,
        0.0,
        0.0,
        3314.0
      ],
      [
        0.0,
        3118.0,
        0.0,
        0.0
      ],
      [
        0.0,
        0.0,
        0.0,
        3250.0
      ],
      [
        3118.0,
        0.0,
        0.0,
        0.0
      ]
    ],
    "entropy_record": [
      1.3855791091918945,
      1.3857457637786865,
      1.3853533267974854,
      1.3851821422576904,
      1.3857202529907227,
      1.3851666450500488,
      1.3853254318237305,
      1.3852226734161377,
      1.385634183883667,
      1.3854049444198608,
      1.385344386100769,
      1.383958101272583,
      1.3822308778762817,
      1.3753814697265625,
      1.359363317489624,
      1.3139350414276123,
      1.2472718954086304,
      1.1674329042434692,
      1.0589656829833984,
      0.9356516003608704,
      0.8138917684555054,
      0.6640809774398804,
      0.5465368032455444,
      0.4642599821090698,
      0.4078991711139679,
      0.38339900970458984,
      0.3708178400993347,
      0.3667007088661194,
      0.3621271252632141,
      0.36002036929130554,
      0.35811883211135864,
      0.3568514883518219,
      0.356901615858078,
      0.35619497299194336,
      0.356901615858078,
      0.35619497299194336,
      0.35543015599250793,
      0.35543015599250793,
      0.35619497299194336,
      0.35543015599250793,
      0.35619497299194336,
      0.35619497299194336,
      0.35543015599250793,
      0.35543015599250793,
      0.35608339309692383,
      0.35543015599250793,
      0.35543015599250793,
      0.35543015599250793,
      0.35543015599250793,
      0.35543015599250793,
      0.35543015599250793,
      0.35543015599250793,
      0.35543015599250793,
      0.35543015599250793,
      0.35619497299194336,
      0.35543015599250793,
      0.35543015599250793,
      0.35543015599250793,
      0.35619497299194336,
      0.35543015599250793,
      0.35543015599250793,
      0.35608339309692383,
      0.35543015599250793,
      0.35543015599250793,
      0.35543015599250793,
      0.35543015599250793,
      0.35619497299194336,
      0.35543015599250793,
      0.35662841796875,
      0.35543015599250793,
      0.35543015599250793,
      0.35543015599250793,
      0.35543015599250793,
      0.35608339309692383,
      0.35543015599250793,
      0.35543015599250793,
      0.35543015599250793,
      0.35543015599250793,
      0.35619497299194336,
      0.35543015599250793,
      0.35543015599250793,
      0.35543015599250793,
      0.35608339309692383,
      0.35543015599250793,
      0.35543015599250793,
      0.35543015599250793,
      0.35543015599250793,
      0.35543015599250793,
      0.35543015599250793,
      0.35619497299194336,
      0.35608339309692383,
      0.35543015599250793,
      0.35543015599250793,
      0.35543015599250793,
      0.35543015599250793,
      0.35543015599250793,
      0.35543015599250793,
      0.35543015599250793,
      0.35543015599250793,
      0.35608339309692383,
      0.35543015599250793,
      0.35684818029403687,
      0.35543015599250793,
      0.35608339309692383,
      0.35543015599250793,
      0.35543015599250793,
      0.35543015599250793,
      0.35543015599250793,
      0.35543015599250793,
      0.35543015599250793,
      0.35608339309692383,
      0.35543015599250793,
      0.35543015599250793,
      0.35608339309692383,
      0.35543015599250793,
      0.35543015599250793,
      0.35543015599250793,
      0.35543015599250793,
      0.35543015599250793,
      0.35543015599250793,
      0.35543015599250793,
      0.35619497299194336,
      0.35543015599250793,
      0.35543015599250793,
      0.35543015599250793,
      0.35543015599250793,
      0.35619497299194336,
      0.35543015599250793,
      0.35543015599250793,
      0.35608339309692383,
      0.35543015599250793,
      0.35619497299194336,
      0.35543015599250793,
      0.35543015599250793,
      0.35543015599250793,
      0.35543015599250793,
      0.35543015599250793,
      0.35543015599250793,
      0.35619497299194336,
      0.35543015599250793,
      0.35543015599250793,
      0.35619497299194336,
      0.35543015599250793,
      0.35543015599250793,
      0.35543015599250793,
      0.35543015599250793,
      0.35543015599250793,
      0.35608339309692383,
      0.35543015599250793,
      0.35619497299194336,
      0.35543015599250793,
      0.35543015599250793,
      0.35543015599250793,
      0.35619497299194336,
      0.35543015599250793,
      0.35543015599250793,
      0.35543015599250793,
      0.35543015599250793,
      0.35543015599250793,
      0.35543015599250793,
      0.35543015599250793,
      0.35608339309692383,
      0.35543015599250793,
      0.35619497299194336,
      0.35543015599250793,
      0.35543015599250793,
      0.35543015599250793,
      0.35543015599250793,
      0.35619497299194336,
      0.35619497299194336,
      0.35619497299194336,
      0.35543015599250793,
      0.35619497299194336,
      0.35619497299194336,
      0.35543015599250793,
      0.3561367988586426,
      0.35543015599250793,
      0.35662841796875,
      0.35543015599250793,
      0.35619497299194336,
      0.35619497299194336,
      0.35608339309692383,
      0.35543015599250793,
      0.35543015599250793,
      0.35619497299194336,
      0.35543015599250793,
      0.35543015599250793,
      0.35543015599250793,
      0.35619497299194336,
      0.35619497299194336,
      0.35543015599250793,
      0.35619497299194336,
      0.35543015599250793,
      0.35543015599250793,
      0.35619497299194336,
      0.35619497299194336,
      0.35619497299194336,
      0.35543015599250793,
      0.35619497299194336,
      0.35619497299194336,
      0.35543015599250793,
      0.35619497299194336,
      0.35543015599250793,
      0.35608339309692383,
      0.35608339309692383,
      0.35739314556121826,
      0.35543015599250793,
      0.35543015599250793,
      0.35543015599250793,
      0.35543015599250793,
      0.35543015599250793,
      0.35608339309692383,
      0.35543015599250793,
      0.35543015599250793,
      0.35543015599250793,
      0.35543015599250793,
      0.35608339309692383,
      0.35543015599250793,
      0.35543015599250793,
      0.35543015599250793,
      0.35543015599250793,
      0.35543015599250793,
      0.35608339309692383,
      0.35543015599250793,
      0.35543015599250793,
      0.35543015599250793,
      0.35608339309692383,
      0.35608339309692383,
      0.35543015599250793,
      0.35619497299194336,
      0.35543015599250793,
      0.35619497299194336,
      0.35543015599250793,
      0.35543015599250793,
      0.35543015599250793,
      0.35619497299194336,
      0.35543015599250793,
      0.35543015599250793,
      0.35543015599250793,
      0.35619497299194336,
      0.35543015599250793,
      0.35543015599250793,
      0.35543015599250793,
      0.35543015599250793,
      0.35619497299194336,
      0.35543015599250793,
      0.35543015599250793,
      0.35543015599250793,
