{
  "config": {
    "early_stopping": true,
    "epochs": 601,
    "expert_lr": 0.00096788,
    "expert_momentum": 0.883491,
    "expert_num": 4,
    "expert_weight_decay": 1e-05,
    "load_balancing": false,
    "optimizer_family": "original",
    "router_lr": 0.03123972,
    "router_momentum": 0.88094,
    "router_weight_decay": 1e-05
  },
  "eval_metrics": {
    "accuracy": 100.0,
    "dispatch_counts": [
      [
        0.0,
        0.0,
        0.0,
        829.0
      ],
      [
        0.0,
        0.0,
        779.0,
        0.0
      ],
      [
        0.0,
        813.0,
        0.0,
        0.0
      ],
      [
        779.0,
        0.0,
        0.0,
        0.0
      ]
    ],
    "entropy": 0.0,
    "loss": 0.3132628798484802,
    "runtime_seconds": 0.004331427160650492,
    "split": "validation"
  },
  "fold_index": 2,
  "mode": "nonlinear",
  "seed": 31313,
  "setting": 3,
  "total_runtime_seconds": 2.6342383241280913,
  "train_metrics": {
    "dispatch_counts": [
      [
        0.0,
        0.0,
        0.0,
        3314.0
      ],
      [
        0.0,
        0.0,
        3118.0,
        0.0
      ],
      [
        0.0,
        3248.0,
        1.0,
        0.0
      ],
      [
        3118.0,
        0.0,
        0.0,
        1.0
      ]
    ],
    "entropy_record": [
      1.3856167793273926,
      1.3857948780059814,
      1.3858342170715332,
      1.3857364654541016,
      1.3857824802398682,
      1.3856699466705322,
      1.3854951858520508,
      1.385820984840393,
      1.3855652809143066,
      1.3857574462890625,
      1.3849358558654785,
      1.3831199407577515,
      1.3827382326126099,
      1.3705837726593018,
      1.3442219495773315,
      1.2814574241638184,
      1.1792094707489014,
      1.034454107284546,
      0.9112266302108765,
      0.8450562953948975,
      0.7967945337295532,
      0.754928708076477,
      0.7212849855422974,
      0.6815612316131592,
      0.6153954863548279,
      0.5279291272163391,
      0.44420990347862244,
      0.3550416827201843,
      0.2534623146057129,
      0.16278937458992004,
      0.08469751477241516,
      0.03931394964456558,
      0.018987620249390602,
      0.008206482976675034,
      0.006044136360287666,
      0.0038290824741125107,
      0.001314542256295681,
      0.001314542256295681,
      0.00187681894749403,
      0.00187681894749403,
      0.001314542256295681,
      0.001314542256295681,
      0.0007114111795090139,
      0.0007114111795090139,
      0.0007114111795090139,
      0.001418059691786766,
      0.0007114111795090139,
      0.0007114111795090139,
      0.0,
      0.0007114111795090139,
      0.0007066485704854131,
      0.0020164353772997856,
      0.0007114111795090139,
      0.0007114111795090139,
      0.0007114111795090139,
      0.0007114111795090139,
      0.0007114111795090139,
      0.001418059691786766
    ],
    "epochs_ran": 58,
    "final_entropy": 0.001418059691786766,
    "final_loss": 0.313289076089859,
    "plot_diagnostics": null,
    "runtime_seconds": 2.629906896967441
  }
}