{
  "config": {
    "early_stopping": true,
    "epochs": 601,
    "expert_lr": 0.00460278,
    "expert_momentum": 0.903906,
    "expert_num": 8,
    "expert_weight_decay": 1e-05,
    "load_balancing": false,
    "ns_steps": 3,
    "optimizer_family": "muon",
    "router_lr": 0.01143454,
    "router_momentum": 0.943687,
    "router_weight_decay": 0.0001
  },
  "eval_metrics": {
    "accuracy": 90.59375,
    "dispatch_counts": [
      [
        275.0,
        291.0,
        61.0,
        28.0,
        26.0,
        7.0,
        133.0,
        8.0
      ],
      [
        44.0,
        0.0,
        248.0,
        36.0,
        215.0,
        11.0,
        214.0,
        11.0
      ],
      [
        2.0,
        60.0,
        11.0,
        388.0,
        11.0,
        61.0,
        277.0,
        3.0
      ],
      [
        81.0,
        47.0,
        5.0,
        47.0,
        70.0,
        171.0,
        13.0,
        345.0
      ]
    ],
    "entropy": 0.810292661190033,
    "loss": 0.40732401609420776,
    "runtime_seconds": 0.008422605227679014,
    "split": "validation"
  },
  "fold_index": 2,
  "mode": "nonlinear",
  "seed": 22313,
  "setting": 2,
  "total_runtime_seconds": 27.68886999692768,
  "train_metrics": {
    "dispatch_counts": [
      [
        1129.0,
        1137.0,
        251.0,
        124.0,
        134.0,
        12.0,
        473.0,
        54.0
      ],
      [
        159.0,
        4.0,
        940.0,
        156.0,
        836.0,
        42.0,
        869.0,
        112.0
      ],
      [
        32.0,
        206.0,
        65.0,
        1581.0,
        27.0,
        243.0,
        1075.0,
        20.0
      ],
      [
        377.0,
        187.0,
        21.0,
        170.0,
        263.0,
        657.0,
        55.0,
        1389.0
      ]
    ],
    "entropy_record": [
      1.3851665258407593,
      1.3322502374649048,
      1.2369590997695923,
      1.152020812034607,
      1.051248550415039,
      1.0031797885894775,
      0.9700469374656677,
      0.9266583323478699,
      0.9025509357452393,
      0.8709778785705566,
      0.8491293787956238,
      0.8458669185638428,
      0.838762640953064,
      0.8236778378486633,
      0.816271960735321,
      0.8173791766166687,
      0.8154708743095398,
      0.8141409158706665,
      0.8133704662322998,
      0.8110032081604004,
      0.8035067915916443,
      0.8079589605331421,
      0.8037444353103638,
      0.8116408586502075,
      0.8055527806282043,
      0.8058246970176697,
      0.8047109246253967,
      0.8040629029273987,
      0.8079193830490112,
      0.8065531253814697,
      0.8025262355804443,
      0.8090584874153137,
      0.8059495687484741,
      0.8085693120956421,
      0.8083066344261169,
      0.8041370511054993,
      0.8060579895973206,
      0.8062253594398499,
      0.8049694299697876,
      0.8061321973800659,
      0.8112577199935913,
      0.8066693544387817,
      0.809781014919281,
      0.8077419400215149,
      0.8084301352500916,
      0.8061094880104065,
      0.8105869889259338,
      0.8118579983711243,
      0.8080307841300964,
      0.80684494972229,
      0.8106715083122253,
      0.8072043061256409,
      0.8096056580543518,
      0.8070791363716125,
      0.8071902990341187,
      0.8092015981674194,
      0.8080697059631348,
      0.8110597133636475,
      0.8063698410987854,
      0.8114982843399048,
      0.8114023804664612,
      0.8090912699699402,
      0.8115918636322021,
      0.8098498582839966,
      0.8118507266044617,
      0.8091502785682678,
      0.8120781183242798,
      0.8102673292160034,
      0.8151900172233582,
      0.8125360608100891,
      0.8137938380241394,
      0.8133886456489563,
      0.810480535030365,
      0.8111857771873474,
      0.8133607506752014,
      0.8121080994606018,
      0.8127325773239136,
      0.8141584396362305,
      0.8113952279090881,
      0.8153455257415771,
      0.8127947449684143,
      0.8090611696243286,
      0.8127250075340271,
      0.8117265701293945,
      0.8140878677368164,
      0.8135223984718323,
      0.8132500648498535,
      0.8133169412612915,
      0.812879741191864,
      0.8131892085075378,
      0.8136456608772278,
      0.8118820786476135,
      0.8124498128890991,
      0.8120284080505371,
      0.8137090802192688,
      0.8127457499504089,
      0.8120334148406982,
      0.8142979145050049,
      0.8118873238563538,
      0.8130327463150024,
      0.8111585378646851,
      0.8125610947608948,
      0.8132355809211731,
      0.8129958510398865,
      0.8153839111328125,
      0.813274085521698,
      0.8125920295715332,
      0.8161227703094482,
      0.8116434216499329,
      0.8140581846237183,
      0.8133600950241089,
      0.8133249282836914,
      0.8127377033233643,
      0.8120459914207458,
      0.8132724761962891,
      0.813349723815918,
      0.8136770725250244,
      0.8152139782905579,
      0.81355881690979,
      0.8134424686431885,
      0.8115884065628052,
      0.8141056895256042,
      0.8123250603675842,
      0.8126780390739441,
      0.8140183687210083,
      0.8126851320266724,
      0.8137890100479126,
      0.8132965564727783,
      0.8129276037216187,
      0.8136268258094788,
      0.8125959634780884,
      0.8128336071968079,
      0.8126209378242493,
      0.8167211413383484,
      0.8131436705589294,
      0.812570333480835,
      0.8144437670707703,
      0.8151000738143921,
      0.8131943345069885,
      0.8157435059547424,
      0.8135277628898621,
      0.8137611150741577,
      0.814203143119812,
      0.8148124814033508,
      0.8135926723480225,
      0.8148374557495117,
      0.8136175870895386,
      0.8134086728096008,
      0.8131689429283142,
      0.8151196837425232,
      0.8133869171142578,
      0.8133835792541504,
      0.8125966787338257,
      0.8117561340332031,
      0.8157398700714111,
      0.8110108375549316,
      0.8139708042144775,
      0.8129711747169495,
      0.8129241466522217,
      0.8118290305137634,
      0.812382161617279,
      0.8120487332344055,
      0.8137054443359375,
      0.8122376203536987,
      0.8127210140228271,
      0.8127925992012024,
      0.8113998770713806,
      0.8123267292976379,
      0.8121971487998962,
      0.8138336539268494,
      0.8108400106430054,
      0.8125264644622803,
      0.8124511241912842,
      0.8105188012123108,
      0.8127095699310303,
      0.8129782676696777,
      0.81299889087677,
      0.8118394613265991,
      0.810382068157196,
      0.812457263469696,
      0.8137621879577637,
      0.810535728931427,
      0.8119209408760071,
      0.8131352066993713,
      0.8118240833282471,
      0.8139664530754089,
      0.8107578754425049,
      0.8124710321426392,
      0.8093716502189636,
      0.8118903636932373,
      0.8121366500854492,
      0.8151951432228088,
      0.814588725566864,
      0.8138061165809631,
      0.814154863357544,
      0.8156569004058838,
      0.8184486627578735,
      0.8180727958679199,
      0.8200063109397888,
      0.8207826614379883,
      0.8190382122993469,
      0.8207328915596008,
      0.8219150304794312,
      0.8213476538658142,
      0.8225479125976562,
      0.8234415650367737,
      0.8221619725227356,
      0.8231880068778992,
      0.8246782422065735,
      0.8250268697738647,
      0.8230291604995728,
      0.8265074491500854,
      0.826505720615387,
      0.8249152898788452,
      0.8239518404006958,
      0.8235563039779663,
      0.8224523663520813,
      0.822090744972229,
      0.8224373459815979,
      0.8229745626449585,
      0.8218808174133301,
      0.8218302726745605,
      0.8223219513893127,
      0.8215459585189819,
      0.8209513425827026,
      0.8199407458305359,
      0.8188790082931519,
      0.820794939994812,
      0.8192591667175293,
      0.8193385601043701,
      0.8174917697906494,
      0.8163530826568604,
      0.8175965547561646,
      0.8167279958724976,
      0.8163164258003235,
      0.8191335201263428,
      0.81662917137146,
      0.8174126148223877,
