{
  "config": {
    "early_stopping": true,
    "epochs": 601,
    "expert_lr": 0.00460278,
    "expert_momentum": 0.903906,
    "expert_num": 8,
    "expert_weight_decay": 1e-05,
    "load_balancing": false,
    "ns_steps": 3,
    "optimizer_family": "muon",
    "router_lr": 0.01143454,
    "router_momentum": 0.943687,
    "router_weight_decay": 0.0001
  },
  "eval_metrics": {
    "accuracy": 92.0625,
    "dispatch_counts": [
      [
        35.0,
        3.0,
        52.0,
        219.0,
        131.0,
        9.0,
        338.0,
        41.0
      ],
      [
        20.0,
        15.0,
        331.0,
        98.0,
        8.0,
        291.0,
        6.0,
        11.0
      ],
      [
        29.0,
        295.0,
        28.0,
        82.0,
        2.0,
        11.0,
        11.0,
        354.0
      ],
      [
        348.0,
        57.0,
        26.0,
        2.0,
        236.0,
        62.0,
        28.0,
        21.0
      ]
    ],
    "entropy": 0.7171066999435425,
    "loss": 0.3926365375518799,
    "runtime_seconds": 0.008468389045447111,
    "split": "validation"
  },
  "fold_index": 0,
  "mode": "nonlinear",
  "seed": 22311,
  "setting": 2,
  "total_runtime_seconds": 26.308287082705647,
  "train_metrics": {
    "dispatch_counts": [
      [
        136.0,
        26.0,
        186.0,
        837.0,
        575.0,
        39.0,
        1360.0,
        156.0
      ],
      [
        93.0,
        76.0,
        1289.0,
        428.0,
        37.0,
        1132.0,
        24.0,
        38.0
      ],
      [
        123.0,
        1200.0,
        130.0,
        286.0,
        13.0,
        50.0,
        43.0,
        1405.0
      ],
      [
        1346.0,
        227.0,
        140.0,
        20.0,
        921.0,
        223.0,
        128.0,
        113.0
      ]
    ],
    "entropy_record": [
      1.3852216005325317,
      1.3318465948104858,
      1.235338807106018,
      1.1263924837112427,
      1.0449343919754028,
      0.9935468435287476,
      0.9640260338783264,
      0.9375826120376587,
      0.9004525542259216,
      0.8654897212982178,
      0.8605164885520935,
      0.8368890285491943,
      0.8171142935752869,
      0.808241605758667,
      0.7956361770629883,
      0.7855136394500732,
      0.7770591974258423,
      0.7730112075805664,
      0.7700687050819397,
      0.7642694711685181,
      0.7664568424224854,
      0.7592163681983948,
      0.7555981874465942,
      0.7535794377326965,
      0.7490489482879639,
      0.7464622855186462,
      0.7431058883666992,
      0.7493531107902527,
      0.7491787075996399,
      0.7435922622680664,
      0.7417188882827759,
      0.7425758838653564,
      0.746638834476471,
      0.7407541275024414,
      0.7410924434661865,
      0.7477543950080872,
      0.7413579225540161,
      0.7390169501304626,
      0.7410387992858887,
      0.7400363087654114,
      0.7384602427482605,
      0.7406103610992432,
      0.7399004697799683,
      0.7372746467590332,
      0.7408045530319214,
      0.7390744090080261,
      0.7353633642196655,
      0.7396924495697021,
      0.7361308932304382,
      0.7377409338951111,
      0.7404682636260986,
      0.7327975034713745,
      0.7416082620620728,
      0.7379118800163269,
      0.735919177532196,
      0.7359632849693298,
      0.7298972606658936,
      0.73564213514328,
      0.7367977499961853,
      0.7369670271873474,
      0.7365729212760925,
      0.7341734766960144,
      0.7339369058609009,
      0.7335004210472107,
      0.7352216243743896,
      0.7338466644287109,
      0.7340008616447449,
      0.7309655547142029,
      0.7354142069816589,
      0.7349674701690674,
      0.7334389090538025,
      0.7340874671936035,
      0.7312811017036438,
      0.733726978302002,
      0.7319185733795166,
      0.7345090508460999,
      0.7365951538085938,
      0.7341809868812561,
      0.7347651124000549,
      0.7326401472091675,
      0.7336402535438538,
      0.7339714169502258,
      0.7337669730186462,
      0.7325432896614075,
      0.7325738072395325,
      0.7330732345581055,
      0.7307562232017517,
      0.7325953841209412,
      0.7315540909767151,
      0.730283260345459,
      0.7313668727874756,
      0.7328291535377502,
      0.7309488654136658,
      0.7317343950271606,
      0.7333134412765503,
      0.7302785515785217,
      0.7291316986083984,
      0.7331435084342957,
      0.7321658730506897,
      0.7333745956420898,
      0.7290856242179871,
      0.7303494215011597,
      0.7303951978683472,
      0.7312652468681335,
      0.7310684323310852,
      0.7340573072433472,
      0.7341431975364685,
      0.7307498455047607,
      0.7310153841972351,
      0.7318331003189087,
      0.7322402000427246,
      0.7302892208099365,
      0.7302922010421753,
      0.7314963936805725,
      0.7309299111366272,
      0.7333760261535645,
      0.7303905487060547,
      0.7309791445732117,
      0.7304524183273315,
      0.7295665740966797,
      0.7287593483924866,
      0.7311543226242065,
      0.7296976447105408,
      0.7299028635025024,
      0.7304341793060303,
      0.7298601865768433,
      0.728091835975647,
      0.730783224105835,
      0.7321946024894714,
      0.7301744222640991,
      0.7291009426116943,
      0.7319661974906921,
      0.730463981628418,
      0.730308473110199,
      0.7320446372032166,
      0.7290710210800171,
      0.7285376787185669,
      0.729286789894104,
      0.7303728461265564,
      0.7298091650009155,
      0.7312371730804443,
      0.7314900159835815,
      0.7285251617431641,
      0.7303009629249573,
      0.7297038435935974,
      0.7299472093582153,
      0.7316738367080688,
      0.7299408912658691,
      0.7312459945678711,
      0.7290831208229065,
      0.7282009124755859,
      0.729986846446991,
      0.7308667898178101,
      0.7314407229423523,
      0.729330837726593,
      0.7332072257995605,
      0.7301788330078125,
      0.7311409115791321,
      0.7308045625686646,
      0.7312385439872742,
      0.7312359809875488,
      0.731391191482544,
      0.7309402823448181,
      0.7304913997650146,
      0.7315728068351746,
      0.7317070960998535,
      0.7308679819107056,
      0.730208694934845,
      0.7315186262130737,
      0.7302557229995728,
      0.728611171245575,
      0.7308080792427063,
      0.7305040955543518,
      0.731805145740509,
      0.7313202023506165,
      0.7317290306091309,
      0.7315489649772644,
      0.7318739295005798,
      0.7317832708358765,
      0.7312976717948914,
      0.7299184799194336,
      0.7307003140449524,
      0.73124098777771,
      0.732194721698761,
      0.7303451895713806,
      0.7297484278678894,
      0.7314586043357849,
      0.7336123585700989,
      0.7308125495910645,
      0.7320975661277771,
      0.7325279712677002,
      0.7333511114120483,
      0.7323353290557861,
      0.7313395738601685,
      0.7323514223098755,
      0.7325704097747803,
      0.7315629720687866,
      0.7329078912734985,
      0.7307987809181213,
      0.7334815859794617,
      0.7317240238189697,
      0.7311400771141052,
      0.7315003275871277,
      0.7321308851242065,
      0.732827365398407,
      0.7324919104576111,
      0.7323172092437744,
      0.7336212992668152,
      0.7326301336288452,
      0.733005166053772,
      0.7333906888961792,
      0.7324855327606201,
      0.7321485280990601,
      0.7333664894104004,
      0.7323558330535889,
      0.7322178483009338,
      0.7328675985336304,
      0.7330146431922913,
      0.7323707938194275,
      0.7334988117218018,
      0.7324312329292297,
      0.7336084842681885,
      0.7330477237701416,
      0.7346444129943848,
      0.7332998514175415,
      0.733666718006134,
      0.7344771027565002,
      0.7326740622520447,
      0.7347650527954102,
      0.7352896928787231,
      0.7345786690711975,
      0.7351083755493164,
      0.7349568605422974,
      0.7324000000953674,
      0.734767735004425,
      0.732559859752655,
      0.7352203130722046,
      0.734116792678833,
