{
  "config": {
    "early_stopping": true,
    "epochs": 601,
    "expert_lr": 0.00265098,
    "expert_momentum": 0.909853,
    "expert_num": 4,
    "expert_weight_decay": 0.0,
    "load_balancing": false,
    "ns_steps": 3,
    "optimizer_family": "muon",
    "router_lr": 0.01867836,
    "router_momentum": 0.93952,
    "router_weight_decay": 0.0
  },
  "eval_metrics": {
    "accuracy": 90.03125,
    "dispatch_counts": [
      [
        207.0,
        353.0,
        16.0,
        252.0
      ],
      [
        118.0,
        221.0,
        4.0,
        437.0
      ],
      [
        128.0,
        351.0,
        257.0,
        76.0
      ],
      [
        336.0,
        58.0,
        372.0,
        14.0
      ]
    ],
    "entropy": 1.1039533615112305,
    "loss": 0.41300883889198303,
    "runtime_seconds": 0.0042519476264715195,
    "split": "validation"
  },
  "fold_index": 4,
  "mode": "nonlinear",
  "seed": 31015,
  "setting": 3,
  "total_runtime_seconds": 6.0261972905136645,
  "train_metrics": {
    "dispatch_counts": [
      [
        843.0,
        1372.0,
        50.0,
        1050.0
      ],
      [
        547.0,
        832.0,
        15.0,
        1723.0
      ],
      [
        462.0,
        1387.0,
        1061.0,
        340.0
      ],
      [
        1348.0,
        258.0,
        1453.0,
        59.0
      ]
    ],
    "entropy_record": [
      1.3857017755508423,
      1.3185124397277832,
      1.132796049118042,
      1.0698940753936768,
      1.0555813312530518,
      1.060988187789917,
      1.0668838024139404,
      1.069953441619873,
      1.0758713483810425,
      1.0837650299072266,
      1.081288456916809,
      1.0857363939285278,
      1.0895037651062012,
      1.0870678424835205,
      1.0932995080947876,
      1.0939509868621826,
      1.097880482673645,
      1.1019339561462402,
      1.106041669845581,
      1.1082872152328491,
      1.1094026565551758,
      1.1091015338897705,
      1.1125948429107666,
      1.1142040491104126,
      1.1127326488494873,
      1.1118556261062622,
      1.1152865886688232,
      1.1159231662750244,
      1.1188178062438965,
      1.1159873008728027,
      1.1184871196746826,
      1.1190781593322754,
      1.1209089756011963,
      1.12129807472229,
      1.1187149286270142,
      1.1201841831207275,
      1.1211246252059937,
      1.1235542297363281,
      1.123455286026001,
      1.120847463607788,
      1.1201770305633545,
      1.1185293197631836,
      1.1198992729187012,
      1.1187940835952759,
      1.1185373067855835,
      1.1187230348587036,
      1.1190733909606934,
      1.1169707775115967,
      1.117031216621399,
      1.1160284280776978,
      1.1157711744308472,
      1.1152994632720947,
      1.113722324371338,
      1.114594578742981,
      1.1140669584274292,
      1.1133837699890137,
      1.113585114479065,
      1.112502098083496,
      1.1115244626998901,
      1.109241247177124,
      1.1109976768493652,
      1.1093393564224243,
      1.1111834049224854,
      1.110818862915039,
      1.1095768213272095,
      1.1112960577011108,
      1.109318733215332,
      1.108008623123169,
      1.1086547374725342,
      1.111554741859436,
      1.1101984977722168,
      1.1083282232284546,
      1.1094996929168701,
      1.1080142259597778,
      1.108126163482666,
      1.1090922355651855,
      1.1071916818618774,
      1.1084649562835693,
      1.1093019247055054,
      1.1094436645507812,
      1.109919548034668,
      1.1098874807357788,
      1.108039140701294,
      1.1083651781082153,
      1.1082483530044556,
      1.1103503704071045,
      1.1081403493881226,
      1.1082348823547363,
      1.1099549531936646,
      1.1087781190872192,
      1.1087454557418823,
      1.108768105506897,
      1.1094155311584473,
      1.1082662343978882,
      1.1085081100463867,
      1.1084707975387573,
      1.1088712215423584,
      1.1084012985229492,
      1.107637643814087,
      1.1097371578216553,
      1.1085116863250732,
      1.1086993217468262,
      1.1086711883544922,
      1.109007716178894,
      1.10881507396698,
      1.1082159280776978,
      1.1085882186889648,
      1.1107559204101562,
      1.1088076829910278,
      1.106541395187378,
      1.107292890548706,
      1.1080495119094849,
      1.1081757545471191,
      1.1085723638534546,
      1.1092530488967896,
      1.107879400253296,
      1.108863115310669,
      1.1094344854354858,
      1.1087884902954102,
      1.1091992855072021,
      1.1098530292510986,
      1.1095478534698486,
      1.109294056892395,
      1.1100534200668335,
      1.1089305877685547,
      1.1094746589660645,
      1.1098872423171997,
      1.1094027757644653,
      1.1102149486541748,
      1.110162615776062
    ],
    "epochs_ran": 130,
    "final_entropy": 1.110162615776062,
    "final_loss": 0.41388657689094543,
    "plot_diagnostics": null,
    "runtime_seconds": 6.021945342887193
  }
}