{
  "config": {
    "early_stopping": true,
    "epochs": 601,
    "expert_lr": 0.00265098,
    "expert_momentum": 0.909853,
    "expert_num": 4,
    "expert_weight_decay": 0.0,
    "load_balancing": false,
    "ns_steps": 3,
    "optimizer_family": "muon",
    "router_lr": 0.01867836,
    "router_momentum": 0.93952,
    "router_weight_decay": 0.0
  },
  "eval_metrics": {
    "accuracy": 94.28125,
    "dispatch_counts": [
      [
        107.0,
        273.0,
        36.0,
        412.0
      ],
      [
        303.0,
        57.0,
        420.0,
        0.0
      ],
      [
        158.0,
        538.0,
        96.0,
        20.0
      ],
      [
        382.0,
        206.0,
        18.0,
        174.0
      ]
    ],
    "entropy": 1.0530965328216553,
    "loss": 0.370449036359787,
    "runtime_seconds": 0.004327193833887577,
    "split": "validation"
  },
  "fold_index": 0,
  "mode": "nonlinear",
  "seed": 31011,
  "setting": 3,
  "total_runtime_seconds": 27.67436724063009,
  "train_metrics": {
    "dispatch_counts": [
      [
        459.0,
        1110.0,
        117.0,
        1629.0
      ],
      [
        1264.0,
        191.0,
        1662.0,
        0.0
      ],
      [
        687.0,
        2137.0,
        354.0,
        72.0
      ],
      [
        1512.0,
        829.0,
        76.0,
        701.0
      ]
    ],
    "entropy_record": [
      1.3858201503753662,
      1.3536335229873657,
      1.2710649967193604,
      1.2290723323822021,
      1.214725375175476,
      1.2043731212615967,
      1.196593165397644,
      1.1820626258850098,
      1.1687257289886475,
      1.1608766317367554,
      1.153420329093933,
      1.143843173980713,
      1.132119059562683,
      1.113796353340149,
      1.1045544147491455,
      1.0970544815063477,
      1.0879542827606201,
      1.074870228767395,
      1.0629138946533203,
      1.060115098953247,
      1.0495595932006836,
      1.0450897216796875,
      1.0401490926742554,
      1.0341591835021973,
      1.028527021408081,
      1.0238345861434937,
      1.0184357166290283,
      1.0178940296173096,
      1.0185587406158447,
      1.012904167175293,
      1.0139484405517578,
      1.0124118328094482,
      1.0132849216461182,
      1.0102052688598633,
      1.0121350288391113,
      1.0101841688156128,
      1.010144829750061,
      1.0119272470474243,
      1.0118862390518188,
      1.010222315788269,
      1.0114094018936157,
      1.0094366073608398,
      1.0110865831375122,
      1.0086679458618164,
      1.0091019868850708,
      1.010765552520752,
      1.0130016803741455,
      1.0118677616119385,
      1.0124613046646118,
      1.0133064985275269,
      1.0125091075897217,
      1.0132601261138916,
      1.0133143663406372,
      1.0141829252243042,
      1.0153647661209106,
      1.0172650814056396,
      1.0182276964187622,
      1.0182898044586182,
      1.0173343420028687,
      1.019060492515564,
      1.0215184688568115,
      1.019915223121643,
      1.022792935371399,
      1.0233780145645142,
      1.0230369567871094,
      1.0241570472717285,
      1.0252143144607544,
      1.0273174047470093,
      1.025757074356079,
      1.0261104106903076,
      1.0269527435302734,
      1.0286140441894531,
      1.0282413959503174,
      1.028734803199768,
      1.030012607574463,
      1.0320652723312378,
      1.030442714691162,
      1.031961441040039,
      1.032631754875183,
      1.0323516130447388,
      1.032212257385254,
      1.0329660177230835,
      1.0351996421813965,
      1.0346986055374146,
      1.0363993644714355,
      1.0352535247802734,
      1.0382020473480225,
      1.0374524593353271,
      1.037496566772461,
      1.0395444631576538,
      1.039584994316101,
      1.0385797023773193,
      1.0394623279571533,
      1.0399442911148071,
      1.0400643348693848,
      1.0411051511764526,
      1.040189266204834,
      1.0405014753341675,
      1.0414754152297974,
      1.0398099422454834,
      1.0397577285766602,
      1.0393266677856445,
      1.0384228229522705,
      1.0341302156448364,
      1.0341373682022095,
      1.0328235626220703,
      1.0304125547409058,
      1.0290436744689941,
      1.0269348621368408,
      1.0259108543395996,
      1.023400902748108,
      1.0231187343597412,
      1.0210241079330444,
      1.0202614068984985,
      1.017022728919983,
      1.0187360048294067,
      1.0172244310379028,
      1.0159131288528442,
      1.0155867338180542,
      1.0140838623046875,
      1.0140846967697144,
      1.0145556926727295,
      1.0145587921142578,
      1.0142570734024048,
      1.0134121179580688,
      1.0125294923782349,
      1.0123405456542969,
      1.0123318433761597,
      1.0142977237701416,
      1.0122556686401367,
      1.013244390487671,
      1.0116875171661377,
      1.01167631149292,
      1.010422706604004,
      1.0105661153793335,
      1.0110349655151367,
      1.0107775926589966,
      1.0101486444473267,
      1.0095750093460083,
      1.0098414421081543,
      1.0089763402938843,
      1.0100810527801514,
      1.0094927549362183,
      1.0102415084838867,
      1.0102653503417969,
      1.0107444524765015,
      1.0117692947387695,
      1.0115658044815063,
      1.0126591920852661,
      1.011580228805542,
      1.0119136571884155,
      1.012416958808899,
      1.0133309364318848,
      1.0127127170562744,
      1.0138691663742065,
      1.0147110223770142,
      1.0137799978256226,
      1.0148221254348755,
      1.0138285160064697,
      1.0147740840911865,
      1.0155022144317627,
      1.0129607915878296,
      1.0138190984725952,
      1.0133072137832642,
      1.0133287906646729,
      1.0124704837799072,
      1.01183021068573,
      1.0125619173049927,
      1.0126409530639648,
      1.0122970342636108,
      1.0104615688323975,
      1.0112946033477783,
      1.0103986263275146,
      1.0100867748260498,
      1.0100607872009277,
      1.0100419521331787,
      1.011138916015625,
      1.0100630521774292,
      1.0118120908737183,
      1.0101019144058228,
      1.011452317237854,
      1.0108096599578857,
      1.0104215145111084,
      1.0101895332336426,
      1.0100640058517456,
      1.0106992721557617,
      1.0102875232696533,
      1.0090608596801758,
      1.0102988481521606,
      1.0118615627288818,
      1.011075735092163,
      1.0114974975585938,
      1.011770486831665,
      1.010911464691162,
      1.0115586519241333,
      1.0110028982162476,
      1.0100244283676147,
      1.011010766029358,
      1.0110292434692383,
      1.0117074251174927,
      1.0106874704360962,
      1.0105392932891846,
      1.009961485862732,
      1.0099965333938599,
      1.0096391439437866,
      1.0089162588119507,
      1.0086596012115479,
      1.00898277759552,
      1.0082390308380127,
      1.0082143545150757,
      1.008803129196167,
      1.0080416202545166,
      1.0075626373291016,
      1.0063745975494385,
      1.0076274871826172,
      1.006746530532837,
      1.0068776607513428,
      1.0056040287017822,
      1.0070223808288574,
      1.0051687955856323,
      1.0052653551101685,
      1.0044257640838623,
      1.0061653852462769,
      1.0069500207901,
      1.0072959661483765,
      1.0076103210449219,
      1.0093927383422852,
      1.0080554485321045,
      1.0088304281234741,
      1.0080180168151855,
      1.0080292224884033,
      1.0065197944641113,
      1.0063802003860474,
      1.006117820739746,
      1.0054113864898682,
      1.006131649017334,
      1.0058081150054932,
      1.0068798065185547,
      1.0083818435668945,
      1.0078096389770508,
      1.0089832544326782,
      1.0091551542282104,
      1.0107582807540894,
      1.0114349126815796,
      1.0130741596221924,
      1.012492299079895,
      1.0137207508087158,
      1.0129681825637817,
      1.0128847360610962,
      1.0132293701171875,
      1.0131182670593262,
      1.0131103992462158,
      1.0130499601364136,
      1.0139316320419312,
      1.0143436193466187,
      1.015264630317688,
