{
  "config": {
    "early_stopping": true,
    "epochs": 601,
    "expert_lr": 0.00187347,
    "expert_momentum": 0.935087,
    "expert_num": 4,
    "expert_weight_decay": 0.0001,
    "load_balancing": false,
    "ns_steps": 3,
    "optimizer_family": "muon",
    "router_lr": 0.07787825,
    "router_momentum": 0.902137,
    "router_weight_decay": 0.001
  },
  "eval_metrics": {
    "accuracy": 92.21875,
    "dispatch_counts": [
      [
        347.0,
        288.0,
        192.0,
        1.0
      ],
      [
        0.0,
        15.0,
        3.0,
        762.0
      ],
      [
        430.0,
        107.0,
        275.0,
        0.0
      ],
      [
        352.0,
        281.0,
        147.0,
        0.0
      ]
    ],
    "entropy": 0.8367092609405518,
    "loss": 0.391028493642807,
    "runtime_seconds": 0.004309089854359627,
    "split": "validation"
  },
  "fold_index": 0,
  "mode": "nonlinear",
  "seed": 30211,
  "setting": 3,
  "total_runtime_seconds": 5.1009006458334625,
  "train_metrics": {
    "dispatch_counts": [
      [
        1466.0,
        1111.0,
        736.0,
        2.0
      ],
      [
        3.0,
        62.0,
        8.0,
        3044.0
      ],
      [
        1680.0,
        437.0,
        1130.0,
        3.0
      ],
      [
        1364.0,
        1167.0,
        587.0,
        0.0
      ]
    ],
    "entropy_record": [
      1.3854320049285889,
      1.1137382984161377,
      0.9616031646728516,
      0.9008331298828125,
      0.8711926937103271,
      0.8452205061912537,
      0.8316328525543213,
      0.8231735229492188,
      0.8150554299354553,
      0.8160057067871094,
      0.8206447958946228,
      0.8141822814941406,
      0.804987370967865,
      0.7996337413787842,
      0.7989374995231628,
      0.7961959838867188,
      0.797075092792511,
      0.7935439944267273,
      0.7938923239707947,
      0.7865010499954224,
      0.7797884941101074,
      0.7770150303840637,
      0.7720621824264526,
      0.7693645358085632,
      0.7655782103538513,
      0.7625753283500671,
      0.7636736631393433,
      0.7598806619644165,
      0.7600257396697998,
      0.7580221891403198,
      0.7572781443595886,
      0.7548836469650269,
      0.755345344543457,
      0.7540148496627808,
      0.7522650957107544,
      0.7490455508232117,
      0.7482634782791138,
      0.7469222545623779,
      0.747121274471283,
      0.7448832392692566,
      0.7438271045684814,
      0.7436344623565674,
      0.7426310181617737,
      0.7424129247665405,
      0.7422828674316406,
      0.741992175579071,
      0.7433153390884399,
      0.7451193928718567,
      0.747560441493988,
      0.7501162886619568,
      0.7509560585021973,
      0.7539796829223633,
      0.7550090551376343,
      0.7580841779708862,
      0.7620413303375244,
      0.7660675644874573,
      0.7683525085449219,
      0.7718936204910278,
      0.7745825052261353,
      0.777349591255188,
      0.7795075178146362,
      0.7830066680908203,
      0.7856003642082214,
      0.789427638053894,
      0.7907949686050415,
      0.7942047715187073,
      0.7963464260101318,
      0.7979888319969177,
      0.7996624708175659,
      0.8004583120346069,
      0.8022278547286987,
      0.8039374947547913,
      0.8050340414047241,
      0.8068366050720215,
      0.8078689575195312,
      0.809187114238739,
      0.8098312020301819,
      0.8106747269630432,
      0.8122259378433228,
      0.8131042718887329,
      0.814334511756897,
      0.8153685331344604,
      0.8159958720207214,
      0.8174970746040344,
      0.8183361887931824,
      0.8203074336051941,
      0.8221084475517273,
      0.8226765394210815,
      0.8248347640037537,
      0.8262728452682495,
      0.8285954594612122,
      0.8301658034324646,
      0.831125020980835,
      0.8317528367042542,
      0.8328988552093506,
      0.8332242369651794,
      0.8337931632995605,
      0.8338652849197388,
      0.8344476222991943,
      0.8350379467010498,
      0.8354629278182983,
      0.8352875113487244,
      0.8358523845672607,
      0.8364633917808533,
      0.8370372653007507,
      0.8379627466201782,
      0.8381240963935852,
      0.8375157117843628,
      0.837553083896637,
      0.8381535410881042,
      0.8383946418762207
    ],
    "epochs_ran": 111,
    "final_entropy": 0.8383946418762207,
    "final_loss": 0.39063316583633423,
    "plot_diagnostics": null,
    "runtime_seconds": 5.096591555979103
  }
}