{
  "config": {
    "early_stopping": true,
    "epochs": 601,
    "expert_lr": 0.00187347,
    "expert_momentum": 0.935087,
    "expert_num": 4,
    "expert_weight_decay": 0.0001,
    "load_balancing": false,
    "ns_steps": 3,
    "optimizer_family": "muon",
    "router_lr": 0.07787825,
    "router_momentum": 0.902137,
    "router_weight_decay": 0.001
  },
  "eval_metrics": {
    "accuracy": 94.96875,
    "dispatch_counts": [
      [
        85.0,
        412.0,
        327.0,
        4.0
      ],
      [
        122.0,
        167.0,
        132.0,
        359.0
      ],
      [
        512.0,
        100.0,
        188.0,
        12.0
      ],
      [
        267.0,
        136.0,
        188.0,
        189.0
      ]
    ],
    "entropy": 1.153801679611206,
    "loss": 0.36339038610458374,
    "runtime_seconds": 0.004250918980687857,
    "split": "validation"
  },
  "fold_index": 4,
  "mode": "nonlinear",
  "seed": 30215,
  "setting": 3,
  "total_runtime_seconds": 17.395596691407263,
  "train_metrics": {
    "dispatch_counts": [
      [
        315.0,
        1646.0,
        1341.0,
        13.0
      ],
      [
        465.0,
        646.0,
        541.0,
        1465.0
      ],
      [
        1992.0,
        455.0,
        740.0,
        63.0
      ],
      [
        1054.0,
        544.0,
        773.0,
        747.0
      ]
    ],
    "entropy_record": [
      1.3853800296783447,
      1.0262082815170288,
      0.9765649437904358,
      0.9789189100265503,
      1.0052003860473633,
      1.0287361145019531,
      1.0476980209350586,
      1.0614372491836548,
      1.0742006301879883,
      1.077034592628479,
      1.0736194849014282,
      1.0699561834335327,
      1.0643846988677979,
      1.0542607307434082,
      1.04678475856781,
      1.0378835201263428,
      1.0279767513275146,
      1.0183132886886597,
      1.0107572078704834,
      1.002935767173767,
      0.9967601895332336,
      0.9906728267669678,
      0.9886348247528076,
      0.9838951826095581,
      0.979495644569397,
      0.9733459949493408,
      0.972541093826294,
      0.9655211567878723,
      0.9630162715911865,
      0.9604560136795044,
      0.9572871923446655,
      0.9527418613433838,
      0.9494606852531433,
      0.9454094767570496,
      0.9408288598060608,
      0.9352630972862244,
      0.9308927655220032,
      0.9254379272460938,
      0.920042872428894,
      0.9147159457206726,
      0.9099342823028564,
      0.9064679741859436,
      0.9036471843719482,
      0.9023091793060303,
      0.9003754258155823,
      0.8989461660385132,
      0.8982382416725159,
      0.8975347280502319,
      0.8962169885635376,
      0.8937748074531555,
      0.8943756222724915,
      0.8927979469299316,
      0.8939589858055115,
      0.8953390121459961,
      0.8953311443328857,
      0.8974786996841431,
      0.9002625346183777,
      0.901729166507721,
      0.905813455581665,
      0.9078624844551086,
      0.9132031798362732,
      0.9160582423210144,
      0.9208129048347473,
      0.9230459928512573,
      0.9259076118469238,
      0.9277366399765015,
      0.9319971799850464,
      0.9338922500610352,
      0.9363682270050049,
      0.9395865201950073,
      0.9424421787261963,
      0.9450362920761108,
      0.9511585831642151,
      0.9525951147079468,
      0.9553996920585632,
      0.9580457806587219,
      0.9608408808708191,
      0.9631911516189575,
      0.965915322303772,
      0.9687436819076538,
      0.970424473285675,
      0.9722774624824524,
      0.9741363525390625,
      0.9764523506164551,
      0.9784367084503174,
      0.9782939553260803,
      0.9796121716499329,
      0.9797115325927734,
      0.9822072386741638,
      0.9782818555831909,
      0.9793907999992371,
      0.9789747595787048,
      0.9805184006690979,
      0.9803362488746643,
      0.9802535176277161,
      0.9828534722328186,
      0.9838739633560181,
      0.9847392439842224,
      0.9850510954856873,
      0.9831949472427368,
      0.9858587980270386,
      0.9844430685043335,
      0.9869418740272522,
      0.9886454939842224,
      0.9915801882743835,
      0.9935449957847595,
      0.9964049458503723,
      0.9971038103103638,
      0.9979236125946045,
      0.9983037114143372,
      0.999472975730896,
      1.001093864440918,
      1.0031226873397827,
      1.004965901374817,
      1.0043781995773315,
      1.0030717849731445,
      1.0016088485717773,
      1.0012089014053345,
      0.9978204965591431,
      0.9954248666763306,
      0.9925174713134766,
      0.9914049506187439,
      0.9891003966331482,
      0.9868238568305969,
      0.9814947247505188,
      0.9784906506538391,
      0.9736681580543518,
      0.9704872965812683,
      0.9659484624862671,
      0.9642273783683777,
      0.9592245221138,
      0.9553863406181335,
      0.95406574010849,
      0.9527150392532349,
      0.9489972591400146,
      0.9483643770217896,
      0.9446955323219299,
      0.9428346157073975,
      0.9405440092086792,
      0.9376904964447021,
      0.9334104061126709,
      0.9283177256584167,
      0.9238748550415039,
      0.9204578399658203,
      0.9166032671928406,
      0.9167709350585938,
      0.9139499664306641,
      0.9111894369125366,
      0.9079532623291016,
      0.9067369103431702,
      0.9071705341339111,
      0.9087737202644348,
      0.9091861844062805,
      0.9098078608512878,
      0.9105560183525085,
      0.9162238240242004,
      0.9197880029678345,
      0.9237905144691467,
      0.9290693998336792,
      0.9315314292907715,
      0.9349629282951355,
      0.9370678663253784,
      0.9393289089202881,
      0.9377585053443909,
      0.9376232624053955,
      0.9374454617500305,
      0.9359071850776672,
      0.9366703033447266,
      0.9368816614151001,
      0.9373548030853271,
      0.9377873539924622,
      0.9393889904022217,
      0.9438080787658691,
      0.9472233057022095,
      0.9495756030082703,
      0.949700117111206,
      0.9548184275627136,
      0.9575517177581787,
      0.9621321558952332,
      0.9651775360107422,
      0.9692220091819763,
      0.977151095867157,
      0.9803765416145325,
      0.982058048248291,
      0.9847538471221924,
      0.9861329197883606,
      0.9872186779975891,
      0.9905388951301575,
      0.9911518692970276,
      0.9930435419082642,
      0.9945366382598877,
      0.99632728099823,
      0.9977837204933167,
      0.9990535378456116,
      0.9980548024177551,
      0.9998818039894104,
      1.0020593404769897,
      1.0047357082366943,
      1.0063197612762451,
      1.0085653066635132,
      1.0081729888916016,
      1.0085035562515259,
      1.0100576877593994,
      1.0131076574325562,
      1.0146760940551758,
      1.015855312347412,
      1.0155189037322998,
      1.020334005355835,
      1.0229120254516602,
      1.0219638347625732,
      1.019538164138794,
      1.0190443992614746,
      1.0194233655929565,
      1.0207405090332031,
      1.0224963426589966,
      1.023711919784546,
      1.02547025680542,
      1.026025414466858,
      1.0276808738708496,
      1.0278072357177734,
      1.0285701751708984,
      1.0298672914505005,
      1.0320382118225098,
      1.0362639427185059,
      1.0347610712051392,
      1.0355842113494873,
      1.0357624292373657,
      1.0360199213027954,
      1.037296175956726,
      1.0388741493225098,
      1.0412322282791138,
      1.0420247316360474,
      1.0428203344345093,
      1.0433588027954102,
      1.044363260269165,
      1.0437206029891968,
      1.042754054069519,
      1.042918086051941,
      1.0429413318634033,
      1.0437592267990112,
      1.04287588596344,
      1.0452909469604492,
      1.049379587173462,
      1.0514435768127441,
      1.0528497695922852,
      1.0535037517547607,
      1.053283929824829,
      1.0521137714385986,
      1.0529152154922485,
      1.050774335861206,
      1.0496289730072021,
      1.051612377166748,
      1.0547456741333008,
      1.057626724243164,
      1.0593221187591553,
      1.0615922212600708,
