{
  "config": {
    "early_stopping": true,
    "epochs": 601,
    "expert_lr": 0.00163046,
    "expert_momentum": 0.929455,
    "expert_num": 8,
    "expert_weight_decay": 0.0001,
    "load_balancing": false,
    "ns_steps": 5,
    "optimizer_family": "muon",
    "router_lr": 0.00665545,
    "router_momentum": 0.965327,
    "router_weight_decay": 0.001
  },
  "eval_metrics": {
    "accuracy": 92.1875,
    "dispatch_counts": [
      [
        26.0,
        0.0,
        297.0,
        337.0,
        23.0,
        72.0,
        52.0,
        0.0
      ],
      [
        140.0,
        322.0,
        175.0,
        17.0,
        42.0,
        11.0,
        2.0,
        90.0
      ],
      [
        310.0,
        3.0,
        2.0,
        19.0,
        333.0,
        0.0,
        130.0,
        5.0
      ],
      [
        0.0,
        155.0,
        11.0,
        31.0,
        144.0,
        208.0,
        214.0,
        29.0
      ]
    ],
    "entropy": 0.796704888343811,
    "loss": 0.3913865387439728,
    "runtime_seconds": 0.012595136649906635,
    "split": "validation"
  },
  "fold_index": 2,
  "mode": "nonlinear",
  "seed": 11313,
  "setting": 1,
  "total_runtime_seconds": 51.45091303344816,
  "train_metrics": {
    "dispatch_counts": [
      [
        115.0,
        0.0,
        1103.0,
        1344.0,
        139.0,
        295.0,
        229.0,
        3.0
      ],
      [
        511.0,
        1318.0,
        689.0,
        101.0,
        154.0,
        59.0,
        13.0,
        355.0
      ],
      [
        1186.0,
        7.0,
        15.0,
        81.0,
        1294.0,
        1.0,
        591.0,
        29.0
      ],
      [
        1.0,
        708.0,
        21.0,
        124.0,
        551.0,
        826.0,
        804.0,
        133.0
      ]
    ],
    "entropy_record": [
      1.3852026462554932,
      1.357961893081665,
      1.3286420106887817,
      1.2846208810806274,
      1.2366094589233398,
      1.1887784004211426,
      1.1334812641143799,
      1.1072641611099243,
      1.0805124044418335,
      1.0580732822418213,
      1.0611048936843872,
      1.0521434545516968,
      1.0372200012207031,
      1.0322679281234741,
      1.0194170475006104,
      1.0069466829299927,
      0.9955929517745972,
      0.9830281138420105,
      0.991012692451477,
      0.9837033152580261,
      0.9794982075691223,
      0.9838261008262634,
      0.9755323529243469,
      0.9717585444450378,
      0.9716285467147827,
      0.962307870388031,
      0.9581388235092163,
      0.9547135233879089,
      0.9492119550704956,
      0.9478398561477661,
      0.9422731399536133,
      0.9412562847137451,
      0.9269615411758423,
      0.928752601146698,
      0.9248318672180176,
      0.9236353635787964,
      0.908435046672821,
      0.9054019451141357,
      0.9043394327163696,
      0.9019365310668945,
      0.8927841186523438,
      0.884329080581665,
      0.8878128528594971,
      0.8840855360031128,
      0.8767626881599426,
      0.8779964447021484,
      0.8747909665107727,
      0.8699657917022705,
      0.8706556558609009,
      0.8660649657249451,
      0.8632081747055054,
      0.8612017631530762,
      0.8594366312026978,
      0.8557570576667786,
      0.8498215675354004,
      0.8522014617919922,
      0.854554295539856,
      0.8470669984817505,
      0.845451295375824,
      0.8419920206069946,
      0.8409661054611206,
      0.8385953903198242,
      0.8357663154602051,
      0.8423800468444824,
      0.8415827751159668,
      0.8402727842330933,
      0.8359147906303406,
      0.8341236710548401,
      0.8344475626945496,
      0.8330050110816956,
      0.8310794830322266,
      0.8314736485481262,
      0.8263939619064331,
      0.826274037361145,
      0.8293024301528931,
      0.8286552429199219,
      0.8277369141578674,
      0.825839638710022,
      0.8247648477554321,
      0.8257202506065369,
      0.8226776123046875,
      0.8254876732826233,
      0.8233538866043091,
      0.8231064677238464,
      0.8242654204368591,
      0.8222413063049316,
      0.8223728537559509,
      0.822478175163269,
      0.8213508129119873,
      0.8228020668029785,
      0.8226508498191833,
      0.8200865983963013,
      0.8195377588272095,
      0.8193103075027466,
      0.8197097182273865,
      0.8181237578392029,
      0.815474271774292,
      0.8212677836418152,
      0.8192332983016968,
      0.8171291351318359,
      0.8190338015556335,
      0.8236693739891052,
      0.8151733875274658,
      0.8161355257034302,
      0.8173650503158569,
      0.8206896781921387,
      0.8158364295959473,
      0.8162283301353455,
      0.8154201507568359,
      0.8139766454696655,
      0.818604588508606,
      0.8161771893501282,
      0.8189036250114441,
      0.8178496360778809,
      0.814802885055542,
      0.8104681372642517,
      0.815231204032898,
      0.8140578866004944,
      0.8156123757362366,
      0.8173462152481079,
      0.8144820928573608,
      0.8160490393638611,
      0.8163249492645264,
      0.8166132569313049,
      0.8162752985954285,
      0.8149970173835754,
      0.8164597153663635,
      0.8139498829841614,
      0.8127724528312683,
      0.813435971736908,
      0.8118579387664795,
      0.8129957318305969,
      0.8108720779418945,
      0.8130674362182617,
      0.8166171312332153,
      0.8096257448196411,
      0.8118112683296204,
      0.8099057674407959,
      0.8118864297866821,
      0.8143395781517029,
      0.8110777139663696,
      0.8121106028556824,
      0.8134560585021973,
      0.813008189201355,
      0.8125413656234741,
      0.8115459084510803,
      0.8131134510040283,
      0.8106339573860168,
      0.8131915926933289,
      0.8091729879379272,
      0.8091229796409607,
      0.810012936592102,
      0.8109337687492371,
      0.8111878633499146,
      0.8125609159469604,
      0.8116636872291565,
      0.8117561936378479,
      0.813582718372345,
      0.8119218349456787,
      0.8100524544715881,
      0.8126134872436523,
      0.8101869225502014,
      0.8113117218017578,
      0.810788094997406,
      0.8122944235801697,
      0.808408260345459,
      0.8110417723655701,
      0.8089460134506226,
      0.809135913848877,
      0.8086239099502563,
      0.8099992275238037,
      0.8094894886016846,
      0.8097845911979675,
      0.807440996170044,
      0.8082093000411987,
      0.811160147190094,
      0.8106272220611572,
      0.8126938343048096,
      0.8106982111930847,
      0.8072820901870728,
      0.8099283576011658,
      0.8079073429107666,
      0.8099635243415833,
      0.8077372908592224,
      0.8103218078613281,
      0.8085224032402039,
      0.8109923601150513,
      0.8109484910964966,
      0.8108893632888794,
      0.8108184933662415,
      0.811238706111908,
      0.8095443844795227,
      0.8067353963851929,
      0.8091573119163513,
      0.8086624145507812,
      0.8092284798622131,
      0.8059295415878296,
      0.8114373087882996,
      0.8073102235794067,
      0.8072037696838379,
      0.8122546672821045,
      0.8090486526489258,
      0.8096457719802856,
      0.808506429195404,
      0.8098757266998291,
      0.8105059266090393,
      0.8063787221908569,
      0.8083653450012207,
      0.8076075315475464,
      0.8086560368537903,
      0.8104250431060791,
      0.8092543482780457,
      0.8074676394462585,
      0.808677077293396,
      0.8087063431739807,
      0.809951901435852,
      0.8073967099189758,
      0.8091418743133545,
      0.8077043890953064,
      0.8082802295684814,
      0.809619665145874,
      0.8094172477722168,
      0.8087230920791626,
      0.8090555667877197,
      0.8081324100494385,
      0.8083040714263916,
      0.8095778226852417,
      0.809212327003479,
      0.8066948056221008,
      0.8064848184585571,
      0.8095234036445618,
      0.8093811273574829,
      0.8090099692344666,
      0.8092878460884094,
      0.8075207471847534,
      0.8065763711929321,
      0.8072476983070374,
      0.8082918524742126,
