{
  "config": {
    "early_stopping": true,
    "epochs": 601,
    "expert_lr": 0.00163046,
    "expert_momentum": 0.929455,
    "expert_num": 8,
    "expert_weight_decay": 0.0001,
    "load_balancing": false,
    "ns_steps": 5,
    "optimizer_family": "muon",
    "router_lr": 0.00665545,
    "router_momentum": 0.965327,
    "router_weight_decay": 0.001
  },
  "eval_metrics": {
    "accuracy": 94.59375,
    "dispatch_counts": [
      [
        1.0,
        22.0,
        400.0,
        17.0,
        0.0,
        27.0,
        2.0,
        338.0
      ],
      [
        12.0,
        376.0,
        17.0,
        9.0,
        207.0,
        3.0,
        132.0,
        44.0
      ],
      [
        220.0,
        2.0,
        28.0,
        366.0,
        6.0,
        2.0,
        135.0,
        42.0
      ],
      [
        218.0,
        22.0,
        11.0,
        9.0,
        123.0,
        354.0,
        4.0,
        51.0
      ]
    ],
    "entropy": 0.6130326986312866,
    "loss": 0.36732402443885803,
    "runtime_seconds": 0.011618271935731173,
    "split": "validation"
  },
  "fold_index": 3,
  "mode": "nonlinear",
  "seed": 11314,
  "setting": 1,
  "total_runtime_seconds": 51.096628891304135,
  "train_metrics": {
    "dispatch_counts": [
      [
        15.0,
        89.0,
        1582.0,
        101.0,
        4.0,
        109.0,
        2.0,
        1326.0
      ],
      [
        33.0,
        1511.0,
        58.0,
        15.0,
        905.0,
        9.0,
        497.0,
        171.0
      ],
      [
        904.0,
        5.0,
        114.0,
        1464.0,
        12.0,
        12.0,
        552.0,
        142.0
      ],
      [
        819.0,
        89.0,
        71.0,
        23.0,
        523.0,
        1386.0,
        16.0,
        241.0
      ]
    ],
    "entropy_record": [
      1.3855764865875244,
      1.349164605140686,
      1.3162590265274048,
      1.2528877258300781,
      1.170191764831543,
      1.0947462320327759,
      1.0283124446868896,
      0.9536648988723755,
      0.9137030243873596,
      0.8865288496017456,
      0.8499261140823364,
      0.8359398245811462,
      0.8109766244888306,
      0.789836049079895,
      0.7833199501037598,
      0.7639633417129517,
      0.7446574568748474,
      0.7406312227249146,
      0.7247446179389954,
      0.7093539237976074,
      0.7023218870162964,
      0.6938983201980591,
      0.6879758834838867,
      0.6802129149436951,
      0.6770719885826111,
      0.6714175343513489,
      0.6656103730201721,
      0.6564101576805115,
      0.6553387641906738,
      0.6453832983970642,
      0.63894122838974,
      0.6429650783538818,
      0.6424342393875122,
      0.6304345726966858,
      0.632881760597229,
      0.6353892087936401,
      0.6274170875549316,
      0.6212284564971924,
      0.6259685158729553,
      0.6286900043487549,
      0.622832715511322,
      0.6207774877548218,
      0.6192060708999634,
      0.6169875860214233,
      0.6146561503410339,
      0.6226816177368164,
      0.6133908033370972,
      0.6157034635543823,
      0.6142933964729309,
      0.6129752397537231,
      0.6122223138809204,
      0.6112323999404907,
      0.6141528487205505,
      0.6084075570106506,
      0.6142576932907104,
      0.6131249070167542,
      0.6063054800033569,
      0.6139941215515137,
      0.6052155494689941,
      0.6086665391921997,
      0.6073298454284668,
      0.6036877632141113,
      0.6046192049980164,
      0.6083483695983887,
      0.608918309211731,
      0.6090188026428223,
      0.6067847609519958,
      0.6093975305557251,
      0.6058614253997803,
      0.6051145195960999,
      0.6048164367675781,
      0.6033744812011719,
      0.6058574914932251,
      0.6071817278862,
      0.6051636338233948,
      0.6099275350570679,
      0.6064548492431641,
      0.6057392954826355,
      0.6037542223930359,
      0.601864755153656,
      0.6044009923934937,
      0.601311206817627,
      0.6068064570426941,
      0.6063011884689331,
      0.6059495210647583,
      0.6026026606559753,
      0.6010547876358032,
      0.6075477600097656,
      0.6020128726959229,
      0.6021144390106201,
      0.6043493151664734,
      0.6074509620666504,
      0.602404773235321,
      0.6031026840209961,
      0.6042138338088989,
      0.6012939214706421,
      0.6064224243164062,
      0.606176495552063,
      0.6017012596130371,
      0.5985018610954285,
      0.60362309217453,
      0.6030415892601013,
      0.6049910187721252,
      0.6052877306938171,
      0.606748640537262,
      0.6054645776748657,
      0.6054325699806213,
      0.6060706377029419,
      0.6065682768821716,
      0.6043367385864258,
      0.6057215332984924,
      0.6022898554801941,
      0.60297030210495,
      0.6039934158325195,
      0.6002451777458191,
      0.6030882596969604,
      0.601115345954895,
      0.6004962921142578,
      0.6050517559051514,
      0.6017983555793762,
      0.6034417152404785,
      0.6030076742172241,
      0.6049968600273132,
      0.6035146713256836,
      0.6058008670806885,
      0.6040480732917786,
      0.6042357683181763,
      0.6033622026443481,
      0.6018234491348267,
      0.6042863726615906,
      0.6052486896514893,
      0.6019823551177979,
      0.6030346751213074,
      0.6064835786819458,
      0.6064052581787109,
      0.6043457984924316,
      0.6035041809082031,
      0.6052049994468689,
      0.6014761328697205,
      0.6044967770576477,
      0.6061229109764099,
      0.6064581274986267,
      0.6045761704444885,
      0.6062564253807068,
      0.6038727164268494,
      0.6020455956459045,
      0.6043409109115601,
      0.6066949963569641,
      0.6064033508300781,
      0.6057038903236389,
      0.6042106747627258,
      0.6011044979095459,
      0.6035376787185669,
      0.6045021414756775,
      0.6002782583236694,
      0.6071374416351318,
      0.6068798303604126,
      0.6038262844085693,
      0.6045553088188171,
      0.6034600734710693,
      0.6057410836219788,
      0.6036328673362732,
      0.6039571166038513,
      0.6027729511260986,
      0.6028646230697632,
      0.6056675910949707,
      0.6053240895271301,
      0.6027612090110779,
      0.6039427518844604,
      0.606294572353363,
      0.6067169308662415,
      0.6038606762886047,
      0.6052791476249695,
      0.602973461151123,
      0.6048704981803894,
      0.6045151352882385,
      0.6035948395729065,
      0.6037776470184326,
      0.6040384769439697,
      0.6015599966049194,
      0.6062130331993103,
      0.604877769947052,
      0.6042811274528503,
      0.6039883494377136,
      0.6058908700942993,
      0.6040096282958984,
      0.6036346554756165,
      0.6042027473449707,
      0.607025146484375,
      0.6034992933273315,
      0.6043071746826172,
      0.601431131362915,
      0.6043621301651001,
      0.6051399111747742,
      0.6052188873291016,
      0.6042981147766113,
      0.6044175028800964,
      0.6070756316184998,
      0.6065833568572998,
      0.6057103276252747,
      0.605393648147583,
      0.6050112247467041,
      0.6074696183204651,
      0.6014330983161926,
      0.6053195595741272,
      0.6075262427330017,
      0.604973554611206,
      0.6059945821762085,
      0.6036502122879028,
      0.604631245136261,
      0.6035058498382568,
      0.6046141386032104,
      0.6061363220214844,
      0.6022449135780334,
      0.6047778725624084,
      0.6045528054237366,
      0.6056271195411682,
      0.603515625,
      0.606917679309845,
      0.6053837537765503,
      0.6050363183021545,
      0.6034690737724304,
      0.6066300272941589,
      0.6052411794662476,
      0.6055386066436768,
      0.6056632995605469,
      0.6081448793411255,
      0.6063575744628906,
      0.6076022386550903,
      0.6031192541122437,
      0.6061587333679199,
      0.6033399701118469,
      0.6054636240005493,
      0.6047932505607605,
      0.6029465198516846,
      0.606499195098877,
      0.606394350528717,
      0.6044275164604187,
      0.6051868796348572,
