{
  "config": {
    "early_stopping": true,
    "epochs": 601,
    "expert_lr": 0.00225054,
    "expert_momentum": 0.947709,
    "expert_num": 4,
    "expert_weight_decay": 1e-05,
    "load_balancing": false,
    "optimizer_family": "original",
    "router_lr": 0.05307169,
    "router_momentum": 0.911688,
    "router_weight_decay": 0.0
  },
  "eval_metrics": {
    "accuracy": 93.1875,
    "dispatch_counts": [
      [
        199.0,
        9.0,
        0.0,
        620.0
      ],
      [
        0.0,
        772.0,
        0.0,
        8.0
      ],
      [
        2.0,
        722.0,
        22.0,
        66.0
      ],
      [
        151.0,
        18.0,
        588.0,
        23.0
      ]
    ],
    "entropy": 0.5926485061645508,
    "loss": 0.3814801275730133,
    "runtime_seconds": 0.004613713826984167,
    "split": "validation"
  },
  "fold_index": 4,
  "mode": "nonlinear",
  "seed": 40515,
  "setting": 4,
  "total_runtime_seconds": 27.028956905938685,
  "train_metrics": {
    "dispatch_counts": [
      [
        756.0,
        24.0,
        0.0,
        2535.0
      ],
      [
        3.0,
        3082.0,
        0.0,
        32.0
      ],
      [
        13.0,
        2811.0,
        103.0,
        323.0
      ],
      [
        523.0,
        70.0,
        2393.0,
        132.0
      ]
    ],
    "entropy_record": [
      1.3853528499603271,
      1.3855712413787842,
      1.3858470916748047,
      1.3857594728469849,
      1.3855397701263428,
      1.385414481163025,
      1.3855822086334229,
      1.385352611541748,
      1.379830241203308,
      1.3527358770370483,
      1.2628482580184937,
      1.0911908149719238,
      0.9656825661659241,
      0.881527304649353,
      0.8447785377502441,
      0.8171586394309998,
      0.7967153787612915,
      0.7738136053085327,
      0.7464941740036011,
      0.7205387949943542,
      0.6977575421333313,
      0.6761492490768433,
      0.6612922549247742,
      0.645638108253479,
      0.6316983699798584,
      0.627862274646759,
      0.6200398802757263,
      0.6252884864807129,
      0.610636830329895,
      0.6136873960494995,
      0.6047179102897644,
      0.6044535636901855,
      0.6042519211769104,
      0.6067043542861938,
      0.6086887717247009,
      0.6049013137817383,
      0.6003109812736511,
      0.6007113456726074,
      0.5975556373596191,
      0.6032488346099854,
      0.5991296768188477,
      0.5967810153961182,
      0.6004042029380798,
      0.5998741984367371,
      0.5971960425376892,
      0.5949772000312805,
      0.597150444984436,
      0.5975033640861511,
      0.5959756970405579,
      0.599390983581543,
      0.5966782569885254,
      0.5973072052001953,
      0.5988789200782776,
      0.6008443236351013,
      0.5959606766700745,
      0.5990090370178223,
      0.5957638025283813,
      0.600096583366394,
      0.5968716740608215,
      0.5921467542648315,
      0.5969332456588745,
      0.588785707950592,
      0.6003423929214478,
      0.6012976765632629,
      0.5990010499954224,
      0.5975173711776733,
      0.6012784838676453,
      0.5978343486785889,
      0.599359393119812,
      0.5995088815689087,
      0.6006275415420532,
      0.5968302488327026,
      0.5978902578353882,
      0.6018269062042236,
      0.5994679927825928,
      0.5970182418823242,
      0.5962611436843872,
      0.59703129529953,
      0.6003162860870361,
      0.5957348942756653,
      0.5982480645179749,
      0.5984909534454346,
      0.5957147479057312,
      0.5963807106018066,
      0.5969896912574768,
      0.6022225618362427,
      0.5982919931411743,
      0.5962111949920654,
      0.5947319269180298,
      0.5927720665931702,
      0.5955936908721924,
      0.6009399890899658,
      0.6000484228134155,
      0.6000192165374756,
      0.5969265699386597,
      0.59710693359375,
      0.6001818776130676,
      0.5935460925102234,
      0.6005567908287048,
      0.6000848412513733,
      0.5969330072402954,
      0.5977605581283569,
      0.5969170928001404,
      0.6005343198776245,
      0.5967166423797607,
      0.5977693200111389,
      0.5994291305541992,
      0.5986641049385071,
      0.6016228199005127,
      0.6039749979972839,
      0.5962238311767578,
      0.6007223129272461,
      0.5987242460250854,
      0.5969350337982178,
      0.599822998046875,
      0.5987313985824585,
      0.5991603136062622,
      0.6016866564750671,
      0.5956239700317383,
      0.5958462953567505,
      0.6007026433944702,
      0.598286509513855,
      0.6013213396072388,
      0.5969688892364502,
      0.5974732637405396,
      0.5966134071350098,
      0.5985560417175293,
      0.5987982153892517,
      0.6001971960067749,
      0.5977835655212402,
      0.6005241274833679,
      0.5986549854278564,
      0.6009181141853333,
      0.5983116626739502,
      0.5998914837837219,
      0.6007881760597229,
      0.5975773334503174,
      0.6005208492279053,
      0.6011190414428711,
      0.5977262258529663,
      0.6045546531677246,
      0.5955874919891357,
      0.5965198278427124,
      0.6043392419815063,
      0.5992679595947266,
      0.5959644317626953,
      0.6005027890205383,
      0.597164511680603,
      0.600077748298645,
      0.5996504426002502,
      0.6006453037261963,
      0.6029277443885803,
      0.6010798215866089,
      0.6002373695373535,
      0.5987069606781006,
      0.5998805165290833,
      0.6027670502662659,
      0.6009782552719116,
      0.6041474342346191,
      0.6019563674926758,
      0.6022318005561829,
      0.6030982732772827,
      0.5995754599571228,
      0.6012255549430847,
      0.5999431610107422,
      0.5982790589332581,
      0.5987358689308167,
      0.597445547580719,
      0.605258584022522,
      0.6004460453987122,
      0.5988104939460754,
      0.6004348993301392,
      0.6037170886993408,
      0.6021115779876709,
      0.5978802442550659,
      0.5980566143989563,
      0.5998191237449646,
      0.5962238311767578,
      0.5993149280548096,
      0.5983359813690186,
      0.5965255498886108,
      0.6031813025474548,
      0.6000984907150269,
      0.5993504524230957,
      0.5992344617843628,
      0.6008211970329285,
      0.6023131608963013,
      0.5992290377616882,
      0.6003245115280151,
      0.6040396690368652,
      0.5984952449798584,
      0.6035858392715454,
      0.599008321762085,
      0.5970705151557922,
      0.59659743309021,
      0.5971972346305847,
      0.6068164110183716,
      0.6022946238517761,
      0.6015790700912476,
      0.6031925082206726,
      0.6023588180541992,
      0.6039189100265503,
      0.599821925163269,
      0.6061227321624756,
      0.6019771695137024,
      0.5960114002227783,
      0.6010779142379761,
      0.6014135479927063,
      0.6012847423553467,
      0.5984659790992737,
      0.600358247756958,
      0.600585401058197,
      0.6019881963729858,
      0.599768877029419,
      0.6005600094795227,
      0.6018059253692627,
      0.6041085720062256,
      0.5974492430686951,
      0.6008834838867188,
      0.599530816078186,
      0.6026294231414795,
      0.6015196442604065,
      0.6064467430114746,
      0.600223183631897,
      0.6008816957473755,
      0.6033920049667358,
      0.6039649248123169,
      0.5960646867752075,
      0.6054177284240723,
      0.5983754396438599,
      0.598779559135437,
      0.5994849801063538,
      0.6036339998245239,
      0.6032123565673828,
      0.6060621738433838,
      0.60662442445755,
      0.6055570840835571,
      0.6031209230422974,
      0.6040849685668945,
      0.6020073890686035,
      0.6024404764175415,
      0.6068214178085327,
      0.5998091697692871,
      0.599693238735199,
      0.6069066524505615,
      0.6011163592338562,
      0.6032523512840271,
      0.6036584973335266,
      0.6051709651947021,
      0.6037466526031494,
      0.6039756536483765,
      0.6023756861686707,
      0.6048363447189331,
      0.6029534339904785,
      0.6063425540924072,
      0.6048852205276489,
      0.5998236536979675,
