{
  "config": {
    "early_stopping": true,
    "epochs": 601,
    "expert_lr": 0.00460266,
    "expert_momentum": 0.935619,
    "expert_num": 8,
    "expert_weight_decay": 0.0001,
    "load_balancing": false,
    "optimizer_family": "original",
    "router_lr": 0.14918693,
    "router_momentum": 0.906759,
    "router_weight_decay": 0.001
  },
  "eval_metrics": {
    "accuracy": 99.15625,
    "dispatch_counts": [
      [
        817.0,
        0.0,
        6.0,
        0.0,
        0.0,
        2.0,
        2.0,
        2.0
      ],
      [
        2.0,
        1.0,
        4.0,
        2.0,
        1.0,
        2.0,
        0.0,
        767.0
      ],
      [
        6.0,
        40.0,
        0.0,
        731.0,
        22.0,
        8.0,
        2.0,
        4.0
      ],
      [
        0.0,
        0.0,
        0.0,
        1.0,
        0.0,
        776.0,
        0.0,
        2.0
      ]
    ],
    "entropy": 0.06708298623561859,
    "loss": 0.3217149078845978,
    "runtime_seconds": 0.01208946481347084,
    "split": "validation"
  },
  "fold_index": 3,
  "mode": "nonlinear",
  "seed": 21514,
  "setting": 2,
  "total_runtime_seconds": 49.280180473811924,
  "train_metrics": {
    "dispatch_counts": [
      [
        3280.0,
        4.0,
        10.0,
        2.0,
        0.0,
        13.0,
        3.0,
        2.0
      ],
      [
        11.0,
        4.0,
        14.0,
        1.0,
        0.0,
        6.0,
        2.0,
        3080.0
      ],
      [
        16.0,
        235.0,
        2.0,
        2883.0,
        85.0,
        20.0,
        4.0,
        4.0
      ],
      [
        3.0,
        0.0,
        2.0,
        0.0,
        0.0,
        3112.0,
        0.0,
        2.0
      ]
    ],
    "entropy_record": [
      1.3849433660507202,
      1.3853394985198975,
      1.384338140487671,
      1.3853051662445068,
      1.3850855827331543,
      1.3798495531082153,
      1.3307403326034546,
      1.0747288465499878,
      0.5571221709251404,
      0.22843211889266968,
      0.1352161467075348,
      0.07726724445819855,
      0.061528682708740234,
      0.05596885830163956,
      0.049410440027713776,
      0.0475466288626194,
      0.04220797121524811,
      0.043530259281396866,
      0.04504650458693504,
      0.04619643837213516,
      0.04429764300584793,
      0.04213383421301842,
      0.04203270375728607,
      0.04581809043884277,
      0.04153377562761307,
      0.04251346364617348,
      0.03895774856209755,
      0.04391650855541229,
      0.03734881058335304,
      0.040592748671770096,
      0.04118206351995468,
      0.03985688090324402,
      0.04160664230585098,
      0.04263550043106079,
      0.0389108806848526,
      0.04054707661271095,
      0.038765378296375275,
      0.04055960848927498,
      0.03840502351522446,
      0.03872321918606758,
      0.040353886783123016,
      0.03698541969060898,
      0.0374113991856575,
      0.03842748701572418,
      0.0401458740234375,
      0.04107493907213211,
      0.04177501052618027,
      0.0430426150560379,
      0.04107026383280754,
      0.041611213237047195,
      0.03919435665011406,
      0.039976805448532104,
      0.04084591194987297,
      0.04125577583909035,
      0.0423998199403286,
      0.04103044420480728,
      0.03917406499385834,
      0.04044610261917114,
      0.038784872740507126,
      0.04343699291348457,
      0.04014348238706589,
      0.040413230657577515,
      0.03801364824175835,
      0.03874173387885094,
      0.03618187829852104,
      0.039791811257600784,
      0.037783581763505936,
      0.039327867329120636,
      0.041022077202796936,
      0.038256969302892685,
      0.04288081079721451,
      0.042401134967803955,
      0.038751181215047836,
      0.041376546025276184,
      0.0377940908074379,
      0.04099864885210991,
      0.04230448603630066,
      0.03983452543616295,
      0.04374728724360466,
      0.03985581547021866,
      0.04022540897130966,
      0.0430222824215889,
      0.04229241609573364,
      0.03736433759331703,
      0.04217955097556114,
      0.03983946517109871,
      0.039918452501297,
      0.039103902876377106,
      0.039457593113183975,
      0.042784616351127625,
      0.041872166097164154,
      0.04380927234888077,
      0.040602318942546844,
      0.03764228895306587,
      0.045302633196115494,
      0.04109049215912819,
      0.04017361253499985,
      0.039431069046258926,
      0.040387511253356934,
      0.039924394339323044,
      0.04090740531682968,
      0.04629850760102272,
      0.04179103672504425,
      0.04059327766299248,
      0.04186683148145676,
      0.042618125677108765,
      0.03671606257557869,
      0.03972550481557846,
      0.0400998592376709,
      0.04072071984410286,
      0.040224313735961914,
      0.04129193350672722,
      0.03869206830859184,
      0.03993724286556244,
      0.03981442376971245,
      0.04264061152935028,
      0.04006874933838844,
      0.037555404007434845,
      0.03755342587828636,
      0.03950363025069237,
      0.0407402403652668,
      0.04007808864116669,
      0.03887306526303291,
      0.0399385467171669,
      0.03745918720960617,
      0.04583563283085823,
      0.040628645569086075,
      0.043199796229600906,
      0.04030441492795944,
      0.04286280646920204,
      0.0427866131067276,
      0.04480956494808197,
      0.04439236596226692,
      0.03867301717400551,
      0.0416579432785511,
      0.04222487658262253,
      0.04082483798265457,
      0.04019151255488396,
      0.03965342789888382,
      0.04054885357618332,
      0.03935275599360466,
      0.03911218419671059,
      0.039876312017440796,
      0.04070417955517769,
      0.038335125893354416,
      0.0360049307346344,
      0.04545595496892929,
      0.04402600973844528,
      0.040386587381362915,
      0.038999445736408234,
      0.042336203157901764,
      0.03906631097197533,
      0.043041832745075226,
      0.04090343788266182,
      0.0423998087644577,
      0.040521156042814255,
      0.04343804344534874,
      0.04008021205663681,
      0.04255412518978119,
      0.04222091659903526,
      0.03991767764091492,
      0.04429319500923157,
      0.042964741587638855,
      0.04083200916647911,
      0.04051392152905464,
      0.04347663000226021,
      0.03957454860210419,
      0.04342600703239441,
      0.043887872248888016,
      0.04455339536070824,
      0.03947128355503082,
      0.045158836990594864,
      0.04080464690923691,
      0.03907547518610954,
      0.03636985644698143,
      0.03901861235499382,
      0.043187547475099564,
      0.04214862361550331,
      0.04117274284362793,
      0.04260020703077316,
      0.038313038647174835,
      0.042007725685834885,
      0.040120113641023636,
      0.0411449670791626,
      0.03772200271487236,
      0.03979113698005676,
      0.04161421209573746,
      0.043416306376457214,
      0.03978065401315689,
      0.04146929830312729,
      0.04177362099289894,
      0.04160244017839432,
      0.03913034871220589,
      0.04338105767965317,
      0.041473012417554855,
      0.04158208891749382,
      0.03950908035039902,
      0.04143688827753067,
      0.043974172323942184,
      0.03914568945765495,
      0.045704230666160583,
      0.04445856809616089,
      0.04144762456417084,
      0.04210483282804489,
      0.041181448847055435,
      0.04335446283221245,
      0.041689470410346985,
      0.04409419000148773,
      0.0411861315369606,
      0.04526657611131668,
      0.03948023542761803,
      0.04419200122356415,
      0.039629701524972916,
      0.038492199033498764,
      0.04375646635890007,
      0.04124348983168602,
      0.04001292586326599,
      0.04439612850546837,
      0.04338175803422928,
      0.03687478229403496,
      0.039997294545173645,
      0.04474327713251114,
      0.03960292041301727,
      0.04152553528547287,
      0.03878515213727951,
      0.0413333959877491,
      0.039672352373600006,
      0.041448600590229034,
      0.03911742940545082,
      0.041854336857795715,
