{
  "config": {
    "early_stopping": true,
    "epochs": 601,
    "expert_lr": 0.00460266,
    "expert_momentum": 0.935619,
    "expert_num": 8,
    "expert_weight_decay": 0.0001,
    "load_balancing": false,
    "optimizer_family": "original",
    "router_lr": 0.14918693,
    "router_momentum": 0.906759,
    "router_weight_decay": 0.001
  },
  "eval_metrics": {
    "accuracy": 98.53125,
    "dispatch_counts": [
      [
        0.0,
        0.0,
        6.0,
        0.0,
        0.0,
        1.0,
        822.0,
        0.0
      ],
      [
        0.0,
        0.0,
        5.0,
        0.0,
        770.0,
        1.0,
        3.0,
        0.0
      ],
      [
        0.0,
        1.0,
        536.0,
        0.0,
        5.0,
        242.0,
        9.0,
        19.0
      ],
      [
        0.0,
        0.0,
        10.0,
        1.0,
        2.0,
        0.0,
        0.0,
        767.0
      ]
    ],
    "entropy": 0.1024099811911583,
    "loss": 0.327839195728302,
    "runtime_seconds": 0.01212029904127121,
    "split": "validation"
  },
  "fold_index": 1,
  "mode": "nonlinear",
  "seed": 21512,
  "setting": 2,
  "total_runtime_seconds": 49.509564778767526,
  "train_metrics": {
    "dispatch_counts": [
      [
        0.0,
        0.0,
        39.0,
        0.0,
        3.0,
        0.0,
        3268.0,
        4.0
      ],
      [
        3.0,
        0.0,
        15.0,
        2.0,
        3081.0,
        2.0,
        8.0,
        7.0
      ],
      [
        0.0,
        0.0,
        2189.0,
        0.0,
        15.0,
        957.0,
        33.0,
        56.0
      ],
      [
        0.0,
        0.0,
        38.0,
        0.0,
        3.0,
        0.0,
        4.0,
        3073.0
      ]
    ],
    "entropy_record": [
      1.3850557804107666,
      1.385272741317749,
      1.3845524787902832,
      1.385068655014038,
      1.3852251768112183,
      1.3798004388809204,
      1.3040802478790283,
      0.9818745255470276,
      0.45597344636917114,
      0.21423202753067017,
      0.14832738041877747,
      0.11603045463562012,
      0.10232900083065033,
      0.1012377068400383,
      0.09411501884460449,
      0.08685305714607239,
      0.0857217088341713,
      0.0894138514995575,
      0.08338214457035065,
      0.08842863142490387,
      0.0821935310959816,
      0.0847950205206871,
      0.08301942050457001,
      0.08167761564254761,
      0.08717456459999084,
      0.08145707845687866,
      0.07984191179275513,
      0.08782508224248886,
      0.08371319621801376,
      0.08176302909851074,
      0.08203009516000748,
      0.08393131196498871,
      0.08305028825998306,
      0.08562996983528137,
      0.08262968063354492,
      0.08438181132078171,
      0.08174939453601837,
      0.08196605741977692,
      0.08576635271310806,
      0.08287893235683441,
      0.08266797661781311,
      0.08660809695720673,
      0.08384047448635101,
      0.08349789679050446,
      0.08490884304046631,
      0.08315494656562805,
      0.08111240714788437,
      0.08865935355424881,
      0.08427795767784119,
      0.08348318189382553,
      0.0892658606171608,
      0.08648020029067993,
      0.08284851163625717,
      0.08510635793209076,
      0.08505827188491821,
      0.0832589864730835,
      0.08371834456920624,
      0.08295383304357529,
      0.0849921926856041,
      0.0834040567278862,
      0.08461977541446686,
      0.08495311439037323,
      0.08340434730052948,
      0.08466549962759018,
      0.08277320861816406,
      0.08299297094345093,
      0.08340267837047577,
      0.08987675607204437,
      0.08419200778007507,
      0.08278265595436096,
      0.08246827870607376,
      0.08552198112010956,
      0.08656354993581772,
      0.08618021756410599,
      0.08751006424427032,
      0.08510373532772064,
      0.08219188451766968,
      0.08189687132835388,
      0.08692936599254608,
      0.08494128286838531,
      0.08517122268676758,
      0.08487498015165329,
      0.08413232862949371,
      0.08429870754480362,
      0.08430296182632446,
      0.08683322370052338,
      0.08542484790086746,
      0.08806051313877106,
      0.08490242063999176,
      0.08223923295736313,
      0.08560740947723389,
      0.08662410825490952,
      0.08707419782876968,
      0.08542554825544357,
      0.0823918804526329,
      0.08388873189687729,
      0.08482985198497772,
      0.09039729833602905,
      0.08088737726211548,
      0.084175705909729,
      0.08639463782310486,
      0.08264878392219543,
      0.08695252239704132,
      0.08222547173500061,
      0.08248048275709152,
      0.08298137784004211,
      0.08646658062934875,
      0.0828554555773735,
      0.08686915785074234,
      0.08531241863965988,
      0.08593270182609558,
      0.08199865370988846,
      0.0839684009552002,
      0.08402842283248901,
      0.08286908268928528,
      0.08836641907691956,
      0.08659110963344574,
      0.08392272889614105,
      0.08559760451316833,
      0.0833091139793396,
      0.08382955938577652,
      0.08644033968448639,
      0.08410069346427917,
      0.0911007821559906,
      0.08484593033790588,
      0.08634684979915619,
      0.08722539991140366,
      0.0812402218580246,
      0.08326094597578049,
      0.08310560882091522,
      0.08113746345043182,
      0.0864514708518982,
      0.0855615958571434,
      0.08778419345617294,
      0.08697028458118439,
      0.08388593792915344,
      0.08461995422840118,
      0.08778002858161926,
      0.08436739444732666,
      0.09003555029630661,
      0.08882950246334076,
      0.08244410902261734,
      0.08866045624017715,
      0.08694492280483246,
      0.08603084832429886,
      0.08899319171905518,
      0.08801815658807755,
      0.0873209610581398,
      0.08284192532300949,
      0.08407148718833923,
      0.08777253329753876,
      0.08573958277702332,
      0.09099777042865753,
      0.08570536971092224,
      0.0804368332028389,
      0.08377549052238464,
      0.0871874988079071,
      0.0875997245311737,
      0.08500154316425323,
      0.08719577640295029,
      0.07907390594482422,
      0.08254238963127136,
      0.08613626658916473,
      0.08822044730186462,
      0.08846721053123474,
      0.0886281356215477,
      0.08463852107524872,
      0.08691228926181793,
      0.08514769375324249,
      0.08836732804775238,
      0.08799691498279572,
      0.08664585649967194,
      0.0855160504579544,
      0.08635930716991425,
      0.08715358376502991,
      0.08878990262746811,
      0.08634502440690994,
      0.08589652180671692,
      0.09009761363267899,
      0.08802260458469391,
      0.0852886438369751,
      0.08576935529708862,
      0.08684767782688141,
      0.08564158529043198,
      0.08416319638490677,
      0.08549052476882935,
      0.08417777717113495,
      0.08092696219682693,
      0.0867985188961029,
      0.08554287999868393,
      0.08783654123544693,
      0.08918078243732452,
      0.08886586874723434,
      0.08792872726917267,
      0.0868603065609932,
      0.08846054971218109,
      0.08784495294094086,
      0.08800239861011505,
      0.08554588258266449,
      0.0896143689751625,
      0.08605615794658661,
      0.08495323359966278,
      0.0841205045580864,
      0.0839802473783493,
      0.08812643587589264,
      0.08689781278371811,
      0.08832557499408722,
      0.08826418220996857,
      0.08772491663694382,
      0.08257360011339188,
      0.08819133043289185,
      0.0891764909029007,
      0.08693990856409073,
      0.08940614759922028,
      0.08990771323442459,
      0.08996639400720596,
      0.09095191210508347,
      0.08758510649204254,
      0.08414047956466675,
      0.09019514173269272,
      0.09215953201055527,
      0.08944070339202881,
      0.0892469510436058,
      0.08629753440618515,
      0.0878564715385437,
      0.08146543800830841,
      0.08727794885635376,
      0.09029563516378403,
      0.08902504295110703,
      0.09190911054611206,
      0.08390464633703232,
      0.08668834716081619,
