{
  "config": {
    "early_stopping": true,
    "epochs": 601,
    "expert_lr": 0.00460266,
    "expert_momentum": 0.935619,
    "expert_num": 8,
    "expert_weight_decay": 0.0001,
    "load_balancing": false,
    "optimizer_family": "original",
    "router_lr": 0.14918693,
    "router_momentum": 0.906759,
    "router_weight_decay": 0.001
  },
  "eval_metrics": {
    "accuracy": 98.9375,
    "dispatch_counts": [
      [
        0.0,
        0.0,
        0.0,
        0.0,
        0.0,
        0.0,
        827.0,
        1.0
      ],
      [
        0.0,
        0.0,
        0.0,
        772.0,
        1.0,
        1.0,
        5.0,
        1.0
      ],
      [
        0.0,
        0.0,
        1.0,
        1.0,
        0.0,
        0.0,
        1.0,
        809.0
      ],
      [
        0.0,
        273.0,
        283.0,
        1.0,
        0.0,
        210.0,
        5.0,
        8.0
      ]
    ],
    "entropy": 0.04923611879348755,
    "loss": 0.32388660311698914,
    "runtime_seconds": 0.012273974251002073,
    "split": "validation"
  },
  "fold_index": 0,
  "mode": "nonlinear",
  "seed": 21511,
  "setting": 2,
  "total_runtime_seconds": 49.35577720357105,
  "train_metrics": {
    "dispatch_counts": [
      [
        0.0,
        0.0,
        0.0,
        2.0,
        0.0,
        0.0,
        3308.0,
        5.0
      ],
      [
        1.0,
        0.0,
        1.0,
        3091.0,
        7.0,
        0.0,
        11.0,
        6.0
      ],
      [
        0.0,
        0.0,
        1.0,
        1.0,
        2.0,
        0.0,
        8.0,
        3238.0
      ],
      [
        8.0,
        1115.0,
        1191.0,
        10.0,
        1.0,
        743.0,
        26.0,
        24.0
      ]
    ],
    "entropy_record": [
      1.385406732559204,
      1.3855558633804321,
      1.3853352069854736,
      1.3852866888046265,
      1.3848744630813599,
      1.3778778314590454,
      1.2948753833770752,
      0.874969482421875,
      0.2545974552631378,
      0.08908708393573761,
      0.06974014639854431,
      0.05431628227233887,
      0.05089472606778145,
      0.04454277455806732,
      0.04838297516107559,
      0.04150302708148956,
      0.04427994042634964,
      0.046004656702280045,
      0.04377174377441406,
      0.044958531856536865,
      0.043700747191905975,
      0.04399508610367775,
      0.04632741957902908,
      0.04000169411301613,
      0.04304822161793709,
      0.04246792569756508,
      0.04123389720916748,
      0.04157917946577072,
      0.04432958737015724,
      0.04350978881120682,
      0.04494347423315048,
      0.04204656556248665,
      0.040962040424346924,
      0.043366193771362305,
      0.04358239471912384,
      0.04362177103757858,
      0.03735007345676422,
      0.04500136524438858,
      0.040990814566612244,
      0.04592487961053848,
      0.04445943236351013,
      0.04422805458307266,
      0.04246604070067406,
      0.04158592224121094,
      0.0425000935792923,
      0.045639827847480774,
      0.04571524262428284,
      0.04406015947461128,
      0.042285095900297165,
      0.04262518137693405,
      0.046382952481508255,
      0.042854659259319305,
      0.04123566672205925,
      0.04318028688430786,
      0.04281716048717499,
      0.04526621848344803,
      0.04483013227581978,
      0.04154343530535698,
      0.042606305330991745,
      0.042378854006528854,
      0.045893289148807526,
      0.043313272297382355,
      0.04405240714550018,
      0.04553205147385597,
      0.04817458242177963,
      0.04615841433405876,
      0.04312422499060631,
      0.04169924184679985,
      0.044668927788734436,
      0.04355259984731674,
      0.04130512475967407,
      0.04321736842393875,
      0.044011496007442474,
      0.04555173218250275,
      0.04314704239368439,
      0.04425512254238129,
      0.04347311705350876,
      0.0427059531211853,
      0.04487130790948868,
      0.04559606313705444,
      0.040928490459918976,
      0.04561885818839073,
      0.043292708694934845,
      0.047394901514053345,
      0.0382600761950016,
      0.04159238934516907,
      0.04587129130959511,
      0.04697814956307411,
      0.042343396693468094,
      0.04409141466021538,
      0.045844972133636475,
      0.045575398951768875,
      0.04396670684218407,
      0.040773723274469376,
      0.044470448046922684,
      0.04054675251245499,
      0.04409236088395119,
      0.04675184190273285,
      0.04285483807325363,
      0.0429169237613678,
      0.04332878068089485,
      0.04901209473609924,
      0.043734487146139145,
      0.0449315644800663,
      0.04402124136686325,
      0.04053836315870285,
      0.041605718433856964,
      0.04561392962932587,
      0.04395924508571625,
      0.04332410544157028,
      0.04192199558019638,
      0.04163755476474762,
      0.04652583599090576,
      0.04362542927265167,
      0.043226175010204315,
      0.041565947234630585,
      0.04579225182533264,
      0.044850755482912064,
      0.04362936317920685,
      0.046210139989852905,
      0.03945237770676613,
      0.04357961565256119,
      0.04510948807001114,
      0.04348062723875046,
      0.04265981167554855,
      0.045378345996141434,
      0.04660169035196304,
      0.043638311326503754,
      0.04489403963088989,
      0.041737258434295654,
      0.04477039352059364,
      0.04147714748978615,
      0.045694880187511444,
      0.04496786743402481,
      0.04422369226813316,
      0.043988991528749466,
      0.04491425305604935,
      0.045744746923446655,
      0.04675783962011337,
      0.04698517173528671,
      0.04726037383079529,
      0.04465978965163231,
      0.0488104484975338,
      0.04441620409488678,
      0.04325149580836296,
      0.04345570504665375,
      0.04119844362139702,
      0.044105757027864456,
      0.04273853823542595,
      0.04222986102104187,
      0.04651191830635071,
      0.04606304317712784,
      0.04271640628576279,
      0.04457661509513855,
      0.04457515850663185,
      0.04648960381746292,
      0.044867318123579025,
      0.044555626809597015,
      0.04441048204898834,
      0.04406590014696121,
      0.04124771058559418,
      0.04291161522269249,
      0.04526887089014053,
      0.045269086956977844,
      0.047275763005018234,
      0.046490348875522614,
      0.0463876947760582,
      0.04403465986251831,
      0.042456548660993576,
      0.043574631214141846,
      0.04383411258459091,
      0.04313412308692932,
      0.04698850214481354,
      0.04603421688079834,
      0.04941157251596451,
      0.039131663739681244,
      0.047669678926467896,
      0.04503939300775528,
      0.044209618121385574,
      0.04349750280380249,
      0.04630584269762039,
      0.04786961153149605,
      0.04208061471581459,
      0.041611842811107635,
      0.044305913150310516,
      0.04278188198804855,
      0.041909437626600266,
      0.0461648628115654,
      0.04213981330394745,
      0.04708489775657654,
      0.03991909325122833,
      0.046083517372608185,
      0.042485691606998444,
      0.04562583193182945,
      0.0440794862806797,
      0.044275496155023575,
      0.04302288591861725,
      0.05103354901075363,
      0.04703405871987343,
      0.04648531973361969,
      0.046327680349349976,
      0.04137107729911804,
      0.04210997372865677,
      0.043198112398386,
      0.04519904404878616,
      0.043545641005039215,
      0.039998915046453476,
      0.041567012667655945,
      0.047514498233795166,
      0.04007551074028015,
      0.042701005935668945,
      0.0480940118432045,
      0.04611588269472122,
      0.04649472236633301,
      0.04905861243605614,
      0.04594970494508743,
      0.04607829079031944,
      0.04782019555568695,
      0.04201823100447655,
      0.045983847230672836,
      0.04526670277118683,
      0.04686766862869263,
      0.04340830072760582,
      0.04430310055613518,
      0.04854691028594971,
      0.04581479728221893,
      0.041269756853580475,
      0.04374191537499428,
      0.042499445378780365,
