{
  "config": {
    "early_stopping": true,
    "epochs": 601,
    "expert_lr": 0.00170061,
    "expert_momentum": 0.858507,
    "expert_num": 4,
    "expert_weight_decay": 1e-05,
    "load_balancing": false,
    "optimizer_family": "original",
    "router_lr": 0.07487727,
    "router_momentum": 0.886261,
    "router_weight_decay": 0.0001
  },
  "eval_metrics": {
    "accuracy": 93.9375,
    "dispatch_counts": [
      [
        0.0,
        829.0,
        0.0,
        0.0
      ],
      [
        0.0,
        1.0,
        778.0,
        0.0
      ],
      [
        2.0,
        275.0,
        461.0,
        75.0
      ],
      [
        770.0,
        3.0,
        6.0,
        0.0
      ]
    ],
    "entropy": 0.47442591190338135,
    "loss": 0.37358516454696655,
    "runtime_seconds": 0.004352849908173084,
    "split": "validation"
  },
  "fold_index": 2,
  "mode": "nonlinear",
  "seed": 40813,
  "setting": 4,
  "total_runtime_seconds": 27.422145824879408,
  "train_metrics": {
    "dispatch_counts": [
      [
        3.0,
        3307.0,
        4.0,
        0.0
      ],
      [
        4.0,
        6.0,
        3108.0,
        0.0
      ],
      [
        12.0,
        1063.0,
        1795.0,
        379.0
      ],
      [
        3092.0,
        11.0,
        14.0,
        2.0
      ]
    ],
    "entropy_record": [
      1.3855228424072266,
      1.3853368759155273,
      1.3858336210250854,
      1.3848750591278076,
      1.3855633735656738,
      1.3855040073394775,
      1.3856403827667236,
      1.3855502605438232,
      1.3846111297607422,
      1.382067322731018,
      1.3632402420043945,
      1.2917935848236084,
      1.0735772848129272,
      0.8094239830970764,
      0.6502532958984375,
      0.5842826962471008,
      0.5515441298484802,
      0.5446654558181763,
      0.5376423597335815,
      0.5353634357452393,
      0.536621630191803,
      0.534111738204956,
      0.5355890989303589,
      0.5331611037254333,
      0.5266912579536438,
      0.5194060206413269,
      0.5039480924606323,
      0.4862772226333618,
      0.4681718349456787,
      0.4509880244731903,
      0.4350717067718506,
      0.4231482148170471,
      0.4097842872142792,
      0.39578405022621155,
      0.3939291834831238,
      0.37980982661247253,
      0.3795868456363678,
      0.37169837951660156,
      0.3658914566040039,
      0.36060941219329834,
      0.3577154874801636,
      0.35702329874038696,
      0.3562059998512268,
      0.35098814964294434,
      0.3522782325744629,
      0.3485496938228607,
      0.3488627076148987,
      0.3465114235877991,
      0.3430067300796509,
      0.3474711775779724,
      0.35238662362098694,
      0.34804782271385193,
      0.351039320230484,
      0.3474079370498657,
      0.347920686006546,
      0.3474169373512268,
      0.3490661382675171,
      0.35318905115127563,
      0.35202014446258545,
      0.3531213700771332,
      0.3556056618690491,
      0.357444167137146,
      0.35884273052215576,
      0.36240145564079285,
      0.3602939248085022,
      0.35765206813812256,
      0.3602488040924072,
      0.3606626093387604,
      0.36155104637145996,
      0.3616439402103424,
      0.3611249029636383,
      0.36462318897247314,
      0.36570170521736145,
      0.3677983582019806,
      0.3687571883201599,
      0.36427420377731323,
      0.3725008964538574,
      0.37208840250968933,
      0.37249821424484253,
      0.3723689019680023,
      0.37224894762039185,
      0.3753715753555298,
      0.37563443183898926,
      0.3741944432258606,
      0.37723255157470703,
      0.37565141916275024,
      0.377948522567749,
      0.37944111227989197,
      0.3818557858467102,
      0.38430124521255493,
      0.3874155282974243,
      0.3848791718482971,
      0.3858402967453003,
      0.38808584213256836,
      0.3876217007637024,
      0.38695210218429565,
      0.39103665947914124,
      0.3873688578605652,
      0.3941449522972107,
      0.38752397894859314,
      0.39099985361099243,
      0.3902016580104828,
      0.39275017380714417,
      0.3932490646839142,
      0.3963123857975006,
      0.3968971073627472,
      0.39340323209762573,
      0.3968871235847473,
      0.3964424729347229,
      0.3997698128223419,
      0.3998916447162628,
      0.4003799259662628,
      0.40219002962112427,
      0.40423938632011414,
      0.39836281538009644,
      0.4020143151283264,
      0.40360480546951294,
      0.4050113558769226,
      0.4104710519313812,
      0.40758201479911804,
      0.4018966555595398,
      0.4087693989276886,
      0.40621769428253174,
      0.4091060757637024,
      0.4043717682361603,
      0.4056117534637451,
      0.4062380790710449,
      0.4115598499774933,
      0.41127678751945496,
      0.40740907192230225,
      0.4091925024986267,
      0.41282957792282104,
      0.4140050411224365,
      0.4123947322368622,
      0.41490352153778076,
      0.4196903705596924,
      0.4181824326515198,
      0.41251227259635925,
      0.41987377405166626,
      0.41836437582969666,
      0.4157216548919678,
      0.4145670533180237,
      0.42137670516967773,
      0.4214193820953369,
      0.4226053059101105,
      0.42328929901123047,
      0.41887760162353516,
      0.4209708571434021,
      0.4216635823249817,
      0.4257470667362213,
      0.4273699223995209,
      0.425180047750473,
      0.4199278950691223,
      0.4222251772880554,
      0.4242362082004547,
      0.4272560477256775,
      0.42792844772338867,
      0.42297428846359253,
      0.42336130142211914,
      0.42503082752227783,
      0.42462602257728577,
      0.42418694496154785,
      0.4266952872276306,
      0.43308916687965393,
      0.42708736658096313,
      0.4294256269931793,
      0.42889437079429626,
      0.42472267150878906,
      0.43139198422431946,
      0.4294072687625885,
      0.42866262793540955,
      0.4320700466632843,
      0.4294836223125458,
      0.4345329999923706,
      0.4319104552268982,
      0.43161311745643616,
      0.4269993305206299,
      0.4326731264591217,
      0.4303988814353943,
      0.43034929037094116,
      0.4339180886745453,
      0.4296965003013611,
      0.43772393465042114,
      0.4357404112815857,
      0.43649721145629883,
      0.4362187683582306,
      0.4340459108352661,
      0.43363264203071594,
      0.43597567081451416,
      0.43637749552726746,
      0.433552086353302,
      0.43182384967803955,
      0.4346514642238617,
      0.4351832866668701,
      0.4346764087677002,
      0.43793660402297974,
      0.43656766414642334,
      0.43720918893814087,
      0.43268072605133057,
      0.4393002986907959,
      0.4363996982574463,
      0.4381992220878601,
      0.4360538125038147,
      0.4401659667491913,
      0.43879571557044983,
      0.4396975040435791,
      0.438962459564209,
      0.439515620470047,
      0.4421868622303009,
      0.43981072306632996,
      0.44039154052734375,
      0.4446047246456146,
      0.4397599995136261,
      0.44033798575401306,
      0.4389866590499878,
      0.4462590217590332,
      0.44481128454208374,
      0.44189929962158203,
      0.4428330659866333,
      0.4403260052204132,
      0.44869711995124817,
      0.4448436498641968,
      0.4400930404663086,
      0.4468517601490021,
      0.4431712031364441,
      0.44366246461868286,
      0.44293999671936035,
      0.4450097680091858,
      0.44322633743286133,
      0.4442736804485321,
      0.4472199082374573,
      0.4413212835788727,
      0.4466683268547058,
      0.4416697025299072,
      0.44960132241249084,
      0.4423868954181671,
      0.4434794783592224,
      0.44580358266830444,
      0.4463382661342621,
      0.4440632462501526,
      0.44508177042007446,
      0.4519515037536621,
      0.44707947969436646,
      0.4494699537754059,
      0.44838204979896545,
      0.44190287590026855,
      0.4476166367530823,
      0.44671908020973206,
      0.4481407701969147,
      0.4468258023262024,
      0.45136550068855286,
      0.4480995535850525,
      0.4502195119857788,
