{
  "config": {
    "early_stopping": true,
    "epochs": 601,
    "expert_lr": 0.00170061,
    "expert_momentum": 0.858507,
    "expert_num": 4,
    "expert_weight_decay": 1e-05,
    "load_balancing": false,
    "optimizer_family": "original",
    "router_lr": 0.07487727,
    "router_momentum": 0.886261,
    "router_weight_decay": 0.0001
  },
  "eval_metrics": {
    "accuracy": 95.21875,
    "dispatch_counts": [
      [
        33.0,
        10.0,
        729.0,
        57.0
      ],
      [
        12.0,
        742.0,
        17.0,
        8.0
      ],
      [
        573.0,
        6.0,
        38.0,
        196.0
      ],
      [
        253.0,
        0.0,
        158.0,
        368.0
      ]
    ],
    "entropy": 0.6428393125534058,
    "loss": 0.36092448234558105,
    "runtime_seconds": 0.004360890947282314,
    "split": "validation"
  },
  "fold_index": 3,
  "mode": "nonlinear",
  "seed": 40814,
  "setting": 4,
  "total_runtime_seconds": 27.345134648960084,
  "train_metrics": {
    "dispatch_counts": [
      [
        157.0,
        41.0,
        2909.0,
        207.0
      ],
      [
        66.0,
        2987.0,
        38.0,
        27.0
      ],
      [
        2283.0,
        40.0,
        154.0,
        772.0
      ],
      [
        1042.0,
        11.0,
        604.0,
        1462.0
      ]
    ],
    "entropy_record": [
      1.3854752779006958,
      1.3856083154678345,
      1.3856594562530518,
      1.3854210376739502,
      1.3854930400848389,
      1.3854646682739258,
      1.3855116367340088,
      1.3851875066757202,
      1.3808465003967285,
      1.3636029958724976,
      1.2838233709335327,
      1.0476151704788208,
      0.7000703811645508,
      0.5581411123275757,
      0.5078492164611816,
      0.5053826570510864,
      0.5001998543739319,
      0.4944266676902771,
      0.49052679538726807,
      0.48194199800491333,
      0.4697893261909485,
      0.45961084961891174,
      0.44612225890159607,
      0.4268518388271332,
      0.4155946969985962,
      0.4124627113342285,
      0.4144606292247772,
      0.41857314109802246,
      0.425871878862381,
      0.4337330162525177,
      0.44392773509025574,
      0.4589363932609558,
      0.47329196333885193,
      0.4853515923023224,
      0.497619092464447,
      0.5071924328804016,
      0.5214434862136841,
      0.5323931574821472,
      0.5389223694801331,
      0.5522602200508118,
      0.5516115427017212,
      0.5646660327911377,
      0.573089063167572,
      0.5770986080169678,
      0.580973744392395,
      0.5895177721977234,
      0.594303548336029,
      0.5984556674957275,
      0.6009620428085327,
      0.6036460995674133,
      0.6081359386444092,
      0.6091638207435608,
      0.6134803295135498,
      0.6127524971961975,
      0.6144213080406189,
      0.6151804327964783,
      0.6210932731628418,
      0.6238316893577576,
      0.6221650838851929,
      0.6293991208076477,
      0.6265500783920288,
      0.6267129182815552,
      0.6286801099777222,
      0.6315061450004578,
      0.6262285709381104,
      0.6322862505912781,
      0.6320686340332031,
      0.6336230039596558,
      0.6342578530311584,
      0.6306031942367554,
      0.635067343711853,
      0.63189297914505,
      0.6371493339538574,
      0.6362032890319824,
      0.6395227313041687,
      0.6391987800598145,
      0.6368751525878906,
      0.6364296674728394,
      0.6399591565132141,
      0.6369920372962952,
      0.6366003751754761,
      0.637857973575592,
      0.642647385597229,
      0.6385350227355957,
      0.6429798603057861,
      0.643569827079773,
      0.6428369879722595,
      0.6419589519500732,
      0.6382888555526733,
      0.6427514553070068,
      0.6423495411872864,
      0.6366817951202393,
      0.6403037905693054,
      0.6448147296905518,
      0.6434944868087769,
      0.6433271765708923,
      0.6383589506149292,
      0.6408454179763794,
      0.6445013880729675,
      0.6444018483161926,
      0.6430807113647461,
      0.6439424753189087,
      0.6430495977401733,
      0.6437683701515198,
      0.6459417343139648,
      0.6437986493110657,
      0.6440675854682922,
      0.6428476572036743,
      0.6485996246337891,
      0.6428042650222778,
      0.6457779407501221,
      0.6434170007705688,
      0.6426835656166077,
      0.6459873914718628,
      0.6489478349685669,
      0.6448994278907776,
      0.6472760438919067,
      0.6446235775947571,
      0.6457222700119019,
      0.6482055187225342,
      0.6487354040145874,
      0.6454379558563232,
      0.6443831324577332,
      0.6464529037475586,
      0.6477524638175964,
      0.6451088190078735,
      0.6468266248703003,
      0.6480031609535217,
      0.6460132002830505,
      0.6498956084251404,
      0.6479310393333435,
      0.6434332132339478,
      0.6492911577224731,
      0.6478084921836853,
      0.6452227234840393,
      0.649495005607605,
      0.6504713296890259,
      0.6487182378768921,
      0.6479590535163879,
      0.648530125617981,
      0.6455743312835693,
      0.647621750831604,
      0.6482354402542114,
      0.6508865356445312,
      0.6470069289207458,
      0.6515771746635437,
      0.6488571763038635,
      0.6466279625892639,
      0.6432737708091736,
      0.6538026928901672,
      0.6494548916816711,
      0.6436660289764404,
      0.6472966074943542,
      0.6438713073730469,
      0.6459636688232422,
      0.6465011835098267,
      0.6477054953575134,
      0.6499723196029663,
      0.6486849784851074,
      0.6485562920570374,
      0.6444429755210876,
      0.6490408778190613,
      0.6485615968704224,
      0.6494274139404297,
      0.6473144292831421,
      0.6415847539901733,
      0.6466794013977051,
      0.6463590860366821,
      0.6464293003082275,
      0.649642825126648,
      0.6434126496315002,
      0.6489687561988831,
      0.6447460055351257,
      0.6484775543212891,
      0.6496067047119141,
      0.6476786136627197,
      0.6453223824501038,
      0.6452752351760864,
      0.64806067943573,
      0.6478453874588013,
      0.6512667536735535,
      0.646641194820404,
      0.6472671031951904,
      0.6485244035720825,
      0.6486449837684631,
      0.648345947265625,
      0.6480202078819275,
      0.6485201120376587,
      0.6478285193443298,
      0.648271381855011,
      0.644934892654419,
      0.6501550078392029,
      0.6467142701148987,
      0.6504507064819336,
      0.6479232311248779,
      0.6470036506652832,
      0.6443520188331604,
      0.6446387767791748,
      0.6481212377548218,
      0.6484001278877258,
      0.6533137559890747,
      0.651036262512207,
      0.6494938135147095,
      0.647486686706543,
      0.6450356841087341,
      0.6498113870620728,
      0.6459921598434448,
      0.6494762897491455,
      0.648640513420105,
      0.6462543606758118,
      0.6493132710456848,
      0.647709846496582,
      0.6484753489494324,
      0.6461349725723267,
      0.6471299529075623,
      0.650850236415863,
      0.6519339680671692,
      0.6436774730682373,
      0.6522646546363831,
      0.6428440809249878,
      0.6433863043785095,
      0.6490536332130432,
      0.6481550335884094,
      0.6461917161941528,
      0.649674117565155,
      0.649456262588501,
      0.6499435305595398,
      0.6489086151123047,
      0.6500908732414246,
      0.65096515417099,
      0.6462080478668213,
      0.6468682289123535,
      0.6451483964920044,
      0.6476776003837585,
      0.6505492925643921,
      0.6496511101722717,
      0.6500360369682312,
      0.6465656757354736,
      0.6491831541061401,
      0.6464937925338745,
      0.6494845151901245,
      0.6478763818740845,
      0.6476552486419678,
      0.6486366391181946,
      0.6474882364273071,
      0.6449511647224426,
      0.6462883353233337,
      0.6495298147201538,
      0.6486989855766296,
      0.6508042812347412,
      0.6519956588745117,
      0.6481034159660339,
      0.6478078961372375,
      0.649377167224884,
      0.651445746421814,
      0.648129403591156,
