{
  "config": {
    "early_stopping": true,
    "epochs": 601,
    "expert_lr": 0.00348252,
    "expert_momentum": 0.871131,
    "expert_num": 4,
    "expert_weight_decay": 0.0,
    "load_balancing": false,
    "optimizer_family": "original",
    "router_lr": 0.02952058,
    "router_momentum": 0.961892,
    "router_weight_decay": 0.0001
  },
  "eval_metrics": {
    "accuracy": 96.40625,
    "dispatch_counts": [
      [
        0.0,
        789.0,
        40.0,
        0.0
      ],
      [
        0.0,
        548.0,
        0.0,
        231.0
      ],
      [
        812.0,
        0.0,
        0.0,
        0.0
      ],
      [
        0.0,
        0.0,
        772.0,
        8.0
      ]
    ],
    "entropy": 0.34355056285858154,
    "loss": 0.34920111298561096,
    "runtime_seconds": 0.0044199931435287,
    "split": "validation"
  },
  "fold_index": 1,
  "mode": "nonlinear",
  "seed": 30212,
  "setting": 3,
  "total_runtime_seconds": 27.109585693106055,
  "train_metrics": {
    "dispatch_counts": [
      [
        0.0,
        3218.0,
        96.0,
        0.0
      ],
      [
        0.0,
        2141.0,
        0.0,
        977.0
      ],
      [
        3250.0,
        0.0,
        0.0,
        0.0
      ],
      [
        0.0,
        0.0,
        3095.0,
        23.0
      ]
    ],
    "entropy_record": [
      1.3855878114700317,
      1.385836124420166,
      1.3855767250061035,
      1.385657787322998,
      1.3857133388519287,
      1.385605812072754,
      1.384595274925232,
      1.3814427852630615,
      1.3620578050613403,
      1.284452199935913,
      1.1323951482772827,
      0.9215494990348816,
      0.7204548716545105,
      0.5981956124305725,
      0.5143710374832153,
      0.4713171422481537,
      0.4360615015029907,
      0.40908104181289673,
      0.38848310708999634,
      0.3718893527984619,
      0.36910179257392883,
      0.3513157367706299,
      0.3509063720703125,
      0.3501743674278259,
      0.3407098054885864,
      0.34038597345352173,
      0.33559486269950867,
      0.3376339375972748,
      0.3351021707057953,
      0.33074748516082764,
      0.33124178647994995,
      0.33067983388900757,
      0.32653287053108215,
      0.3309587240219116,
      0.33170926570892334,
      0.33289745450019836,
      0.3308846652507782,
      0.33018019795417786,
      0.32610538601875305,
      0.32854515314102173,
      0.32494744658470154,
      0.32914644479751587,
      0.3259080946445465,
      0.32521477341651917,
      0.32843178510665894,
      0.32226094603538513,
      0.32366010546684265,
      0.3320085108280182,
      0.32714322209358215,
      0.331656813621521,
      0.32692214846611023,
      0.32688525319099426,
      0.3242107927799225,
      0.3310730755329132,
      0.3242310583591461,
      0.32614240050315857,
      0.3259640634059906,
      0.3304702937602997,
      0.32273951172828674,
      0.3286804258823395,
      0.326650470495224,
      0.324582576751709,
      0.32564955949783325,
      0.32586658000946045,
      0.3262132704257965,
      0.32827574014663696,
      0.32556819915771484,
      0.3280555307865143,
      0.3293205499649048,
      0.3282651901245117,
      0.327629953622818,
      0.32246094942092896,
      0.3265986740589142,
      0.3252532184123993,
      0.3254360854625702,
      0.32154005765914917,
      0.3253369927406311,
      0.3284541666507721,
      0.32634443044662476,
      0.32975825667381287,
      0.32488149404525757,
      0.32720357179641724,
      0.3298330307006836,
      0.3281443417072296,
      0.3292294144630432,
      0.32875174283981323,
      0.32766446471214294,
      0.3264421820640564,
      0.3269946575164795,
      0.33059993386268616,
      0.3266678750514984,
      0.3277704119682312,
      0.32636263966560364,
      0.3271595537662506,
      0.3251911699771881,
      0.32650840282440186,
      0.3270520269870758,
      0.3312179744243622,
      0.3320222496986389,
      0.32738763093948364,
      0.3290868103504181,
      0.3291984796524048,
      0.32464978098869324,
      0.32502931356430054,
      0.3282935619354248,
      0.32555368542671204,
      0.32682207226753235,
      0.3238438367843628,
      0.3280588984489441,
      0.325143963098526,
      0.3282667100429535,
      0.3249683082103729,
      0.3278442919254303,
      0.32342803478240967,
      0.32884183526039124,
      0.323909193277359,
      0.32431760430336,
      0.32743629813194275,
      0.32630816102027893,
      0.3308458626270294,
      0.32746899127960205,
      0.32640019059181213,
      0.3263521194458008,
      0.3276413083076477,
      0.3264574706554413,
      0.3284035623073578,
      0.32536715269088745,
      0.3248690962791443,
      0.3266557455062866,
      0.32608741521835327,
      0.3289724290370941,
      0.3246961832046509,
      0.3265839219093323,
      0.3253852427005768,
      0.32329878211021423,
      0.3277376890182495,
      0.32942473888397217,
      0.32381540536880493,
      0.32529574632644653,
      0.32844090461730957,
      0.32318198680877686,
      0.32708847522735596,
      0.3266027569770813,
      0.32671698927879333,
      0.32476943731307983,
      0.3286752700805664,
      0.32697367668151855,
      0.32802996039390564,
      0.3292371332645416,
      0.3268355131149292,
      0.32700297236442566,
      0.3282594382762909,
      0.32771065831184387,
      0.3288693428039551,
      0.32894599437713623,
      0.32803598046302795,
      0.32772591710090637,
      0.32656335830688477,
      0.326933890581131,
      0.32878273725509644,
      0.33057650923728943,
      0.3253096640110016,
      0.3271341919898987,
      0.3284253478050232,
      0.327095627784729,
      0.3284253478050232,
      0.3269992470741272,
      0.32662880420684814,
      0.327247679233551,
      0.32629406452178955,
      0.32511135935783386,
      0.3261861205101013,
      0.3280118405818939,
      0.32862648367881775,
      0.330860435962677,
      0.32601073384284973,
      0.32770177721977234,
      0.3293205499649048,
      0.3272184133529663,
      0.3292693793773651,
      0.32407134771347046,
      0.3267862796783447,
      0.32846856117248535,
      0.32577311992645264,
      0.3269045948982239,
      0.3262408375740051,
      0.3281884491443634,
      0.330629825592041,
      0.3293444514274597,
      0.3273685574531555,
      0.3268567621707916,
      0.32650279998779297,
      0.32625579833984375,
      0.32758161425590515,
      0.32510215044021606,
      0.32863977551460266,
      0.32857954502105713,
      0.3245607614517212,
      0.32692721486091614,
      0.3247791826725006,
      0.3275071680545807,
      0.3265821933746338,
      0.32772296667099,
      0.32691720128059387,
      0.3258415758609772,
      0.32720357179641724,
      0.3244827687740326,
      0.3273216784000397,
      0.3274831473827362,
      0.3269999027252197,
      0.326469749212265,
      0.328784316778183,
      0.3268130421638489,
      0.3288883864879608,
      0.32558777928352356,
      0.32498258352279663,
      0.32653847336769104,
      0.3214404582977295,
      0.32664936780929565,
      0.3279288113117218,
      0.3266538083553314,
      0.325815349817276,
      0.323518842458725,
      0.3270590603351593,
      0.32768163084983826,
      0.32528063654899597,
      0.3233846127986908,
      0.3264397382736206,
      0.32766690850257874,
      0.32375189661979675,
      0.32581937313079834,
      0.32685592770576477,
      0.3248727321624756,
      0.32612136006355286,
      0.3282594680786133,
      0.3301609456539154,
      0.32679861783981323,
      0.3262377381324768,
      0.3242722749710083,
      0.3274065852165222,
      0.3258707523345947,
      0.3286692500114441,
      0.3248230814933777,
      0.3252222537994385,
      0.32591715455055237,
      0.3227965831756592,
      0.32416608929634094,
      0.32463914155960083,
      0.32350829243659973,
      0.32513484358787537,
      0.3255440294742584,
      0.3215331733226776,
      0.3266429305076599,
