{
  "config": {
    "early_stopping": true,
    "epochs": 601,
    "expert_lr": 0.0044244,
    "expert_momentum": 0.937733,
    "expert_num": 8,
    "expert_weight_decay": 0.0,
    "load_balancing": false,
    "optimizer_family": "original",
    "router_lr": 0.19119167,
    "router_momentum": 0.967342,
    "router_weight_decay": 0.0
  },
  "eval_metrics": {
    "accuracy": 99.9375,
    "dispatch_counts": [
      [
        131.0,
        0.0,
        695.0,
        0.0,
        0.0,
        0.0,
        2.0,
        1.0
      ],
      [
        0.0,
        779.0,
        0.0,
        0.0,
        0.0,
        0.0,
        0.0,
        0.0
      ],
      [
        0.0,
        0.0,
        0.0,
        3.0,
        0.0,
        0.0,
        0.0,
        810.0
      ],
      [
        0.0,
        0.0,
        0.0,
        0.0,
        0.0,
        0.0,
        779.0,
        0.0
      ]
    ],
    "entropy": 0.006759349722415209,
    "loss": 0.3138866722583771,
    "runtime_seconds": 0.007498996797949076,
    "split": "validation"
  },
  "fold_index": 3,
  "mode": "nonlinear",
  "seed": 32014,
  "setting": 3,
  "total_runtime_seconds": 2.010667414870113,
  "train_metrics": {
    "dispatch_counts": [
      [
        548.0,
        0.0,
        2764.0,
        0.0,
        0.0,
        0.0,
        0.0,
        2.0
      ],
      [
        0.0,
        3118.0,
        0.0,
        0.0,
        0.0,
        0.0,
        0.0,
        0.0
      ],
      [
        0.0,
        0.0,
        0.0,
        14.0,
        0.0,
        0.0,
        0.0,
        3235.0
      ],
      [
        0.0,
        0.0,
        0.0,
        0.0,
        0.0,
        0.0,
        3119.0,
        0.0
      ]
    ],
    "entropy_record": [
      1.3850682973861694,
      1.3851451873779297,
      1.3853405714035034,
      1.3852605819702148,
      1.3854306936264038,
      1.379375696182251,
      1.304305911064148,
      0.8920892477035522,
      0.44781944155693054,
      0.3001713156700134,
      0.2029588520526886,
      0.09061989188194275,
      0.04777742549777031,
      0.028811756521463394,
      0.015716657042503357,
      0.01105518825352192,
      0.0048416838981211185,
      0.006004290655255318,
      0.002404931001365185,
      0.0039036960806697607,
      0.002919911639764905,
      0.004124881234019995,
      0.0029193111695349216,
      0.003625938668847084,
      0.0013107742415741086
    ],
    "epochs_ran": 25,
    "final_entropy": 0.0013107742415741086,
    "final_loss": 0.313417911529541,
    "plot_diagnostics": null,
    "runtime_seconds": 2.003168418072164
  }
}