{
  "config": {
    "early_stopping": true,
    "epochs": 601,
    "expert_lr": 0.0011491,
    "expert_momentum": 0.926497,
    "expert_num": 4,
    "expert_weight_decay": 0.0001,
    "load_balancing": false,
    "optimizer_family": "original",
    "router_lr": 0.16686298,
    "router_momentum": 0.962266,
    "router_weight_decay": 0.001
  },
  "eval_metrics": {
    "accuracy": 99.09375,
    "dispatch_counts": [
      [
        796.0,
        4.0,
        29.0,
        0.0
      ],
      [
        0.0,
        0.0,
        318.0,
        461.0
      ],
      [
        1.0,
        6.0,
        775.0,
        30.0
      ],
      [
        0.0,
        752.0,
        26.0,
        2.0
      ]
    ],
    "entropy": 0.3473432958126068,
    "loss": 0.32236653566360474,
    "runtime_seconds": 0.004484950099140406,
    "split": "validation"
  },
  "fold_index": 1,
  "mode": "nonlinear",
  "seed": 32312,
  "setting": 3,
  "total_runtime_seconds": 27.207265637349337,
  "train_metrics": {
    "dispatch_counts": [
      [
        3200.0,
        9.0,
        104.0,
        1.0
      ],
      [
        2.0,
        2.0,
        1266.0,
        1848.0
      ],
      [
        22.0,
        31.0,
        3068.0,
        129.0
      ],
      [
        6.0,
        2983.0,
        124.0,
        5.0
      ]
    ],
    "entropy_record": [
      1.385545253753662,
      1.385697603225708,
      1.3856892585754395,
      1.3854209184646606,
      1.385128140449524,
      1.385791301727295,
      1.3855187892913818,
      1.3852310180664062,
      1.3826652765274048,
      1.3672358989715576,
      1.2990992069244385,
      1.0106744766235352,
      0.6606013774871826,
      0.5054893493652344,
      0.476921021938324,
      0.4676688015460968,
      0.4567539393901825,
      0.4523268938064575,
      0.4557564854621887,
      0.452115535736084,
      0.4402261972427368,
      0.4235990643501282,
      0.404643177986145,
      0.36737895011901855,
      0.3238736391067505,
      0.28898900747299194,
      0.2621205449104309,
      0.24695740640163422,
      0.2428590953350067,
      0.23701751232147217,
      0.2389325648546219,
      0.23800311982631683,
      0.2397724986076355,
      0.2420688420534134,
      0.2440432757139206,
      0.24499163031578064,
      0.2495071291923523,
      0.25053051114082336,
      0.2579808831214905,
      0.26141080260276794,
      0.2655419409275055,
      0.2671351432800293,
      0.26914772391319275,
      0.27314186096191406,
      0.2781287133693695,
      0.28367018699645996,
      0.28695863485336304,
      0.2858975827693939,
      0.29060521721839905,
      0.29226839542388916,
      0.2955840826034546,
      0.29585814476013184,
      0.2978648245334625,
      0.29946649074554443,
      0.30061396956443787,
      0.3017982542514801,
      0.30385908484458923,
      0.305462509393692,
      0.3060699701309204,
      0.30723387002944946,
      0.3089139461517334,
      0.3068382441997528,
      0.3109573721885681,
      0.31060850620269775,
      0.31148526072502136,
      0.31305840611457825,
      0.313632607460022,
      0.31493043899536133,
      0.3158262073993683,
      0.3159252107143402,
      0.32155945897102356,
      0.3187029957771301,
      0.31643491983413696,
      0.31882789731025696,
      0.32125866413116455,
      0.3205997943878174,
      0.32121455669403076,
      0.3206709921360016,
      0.32096755504608154,
      0.32204073667526245,
      0.321585088968277,
      0.32443028688430786,
      0.32253915071487427,
      0.32414913177490234,
      0.32514405250549316,
      0.32463017106056213,
      0.32455548644065857,
      0.3230106234550476,
      0.324704647064209,
      0.3256956934928894,
      0.3247929811477661,
      0.3264586925506592,
      0.32684287428855896,
      0.3261354863643646,
      0.32761070132255554,
      0.32838061451911926,
      0.3249274492263794,
      0.3268428146839142,
      0.32690557837486267,
      0.3275587558746338,
      0.3284493684768677,
      0.32769960165023804,
      0.32962092757225037,
      0.32839176058769226,
      0.3278423547744751,
      0.32817918062210083,
      0.32877498865127563,
      0.3286128640174866,
      0.328651487827301,
      0.3297402262687683,
      0.32912030816078186,
      0.32741105556488037,
      0.331361323595047,
      0.33141863346099854,
      0.330361932516098,
      0.33131688833236694,
      0.32917138934135437,
      0.33004942536354065,
      0.33044442534446716,
      0.33021220564842224,
      0.329842209815979,
      0.3306314945220947,
      0.32981857657432556,
      0.3316448926925659,
      0.3316139876842499,
      0.33038365840911865,
      0.3315238356590271,
      0.33144357800483704,
      0.3297942280769348,
      0.33268699049949646,
      0.3318816125392914,
      0.3310137391090393,
      0.3322364389896393,
      0.3327181935310364,
      0.33292683959007263,
      0.3327329754829407,
      0.3311249613761902,
      0.33183223009109497,
      0.3336276412010193,
      0.3309388756752014,
      0.3321337401866913,
      0.3338329792022705,
      0.33387666940689087,
      0.334707647562027,
      0.3327661454677582,
      0.33321142196655273,
      0.3318995237350464,
      0.331318199634552,
      0.33300235867500305,
      0.3314118981361389,
      0.33350566029548645,
      0.33398711681365967,
      0.3326683044433594,
      0.33364245295524597,
      0.33263257145881653,
      0.33365604281425476,
      0.33273813128471375,
      0.3329319953918457,
      0.3334019184112549,
      0.33280086517333984,
      0.3330405652523041,
      0.33580440282821655,
      0.3345677852630615,
      0.33298689126968384,
      0.33517175912857056,
      0.33490613102912903,
      0.3345329165458679,
      0.33341288566589355,
      0.3370133936405182,
      0.33501136302948,
      0.33425891399383545,
      0.3332909941673279,
      0.33439120650291443,
      0.33532488346099854,
      0.335460901260376,
      0.33323392271995544,
      0.33402031660079956,
      0.333767831325531,
      0.33616939187049866,
      0.33428001403808594,
      0.3359058201313019,
      0.3381732702255249,
      0.335271954536438,
      0.3344092071056366,
      0.33418309688568115,
      0.3344258666038513,
      0.3320182263851166,
      0.33475685119628906,
      0.33294203877449036,
      0.33576449751853943,
      0.3354884088039398,
      0.33721593022346497,
      0.33510079979896545,
      0.335029661655426,
      0.3341212272644043,
      0.3378031551837921,
      0.336570143699646,
      0.3361530005931854,
      0.3340255320072174,
      0.33414989709854126,
      0.3357347249984741,
      0.3332667648792267,
      0.33427006006240845,
      0.33581337332725525,
      0.3368721008300781,
      0.3361854553222656,
      0.3345622420310974,
      0.33367305994033813,
      0.33612731099128723,
      0.33340978622436523,
      0.33494535088539124,
      0.3369390070438385,
      0.33474886417388916,
      0.33477646112442017,
      0.33639073371887207,
      0.3377000689506531,
      0.3367129862308502,
      0.3352389335632324,
      0.3369143009185791,
      0.3374403715133667,
      0.3361823260784149,
      0.3374024033546448,
      0.33705881237983704,
      0.3383327126502991,
      0.33735203742980957,
      0.33736902475357056,
      0.33721816539764404,
      0.3380046486854553,
      0.335310161113739,
      0.3319650888442993,
      0.3349946439266205,
      0.3352220356464386,
      0.3356083631515503,
      0.33527353405952454,
      0.33691465854644775,
      0.3343951106071472,
      0.33304357528686523,
      0.33836060762405396,
      0.33535534143447876,
      0.3359106481075287,
      0.3356646001338959,
      0.33530765771865845,
      0.33617010712623596,
      0.33696693181991577,
      0.33722707629203796,
      0.3368038833141327,
      0.33595675230026245,
      0.33535337448120117,
      0.33799082040786743,
      0.3362180292606354,
      0.3345333933830261,
      0.3374045193195343,
