{
  "config": {
    "early_stopping": true,
    "epochs": 601,
    "expert_lr": 0.0011491,
    "expert_momentum": 0.926497,
    "expert_num": 4,
    "expert_weight_decay": 0.0001,
    "load_balancing": false,
    "optimizer_family": "original",
    "router_lr": 0.16686298,
    "router_momentum": 0.962266,
    "router_weight_decay": 0.001
  },
  "eval_metrics": {
    "accuracy": 96.96875,
    "dispatch_counts": [
      [
        0.0,
        0.0,
        0.0,
        829.0
      ],
      [
        0.0,
        39.0,
        740.0,
        0.0
      ],
      [
        35.0,
        296.0,
        476.0,
        6.0
      ],
      [
        759.0,
        20.0,
        0.0,
        0.0
      ]
    ],
    "entropy": 0.3720349073410034,
    "loss": 0.34357720613479614,
    "runtime_seconds": 0.004373414907604456,
    "split": "validation"
  },
  "fold_index": 2,
  "mode": "nonlinear",
  "seed": 32313,
  "setting": 3,
  "total_runtime_seconds": 27.166571342851967,
  "train_metrics": {
    "dispatch_counts": [
      [
        0.0,
        3.0,
        1.0,
        3310.0
      ],
      [
        1.0,
        152.0,
        2965.0,
        0.0
      ],
      [
        105.0,
        1193.0,
        1936.0,
        15.0
      ],
      [
        3034.0,
        84.0,
        1.0,
        0.0
      ]
    ],
    "entropy_record": [
      1.385817289352417,
      1.3848987817764282,
      1.385562777519226,
      1.385598063468933,
      1.3853968381881714,
      1.3854713439941406,
      1.385512113571167,
      1.384914517402649,
      1.3816648721694946,
      1.3645339012145996,
      1.2878444194793701,
      0.993712306022644,
      0.6639059782028198,
      0.5103284120559692,
      0.47854238748550415,
      0.47489452362060547,
      0.4671975076198578,
      0.4473828077316284,
      0.422712117433548,
      0.4035845994949341,
      0.3849250376224518,
      0.37126976251602173,
      0.364127516746521,
      0.36012664437294006,
      0.3542760908603668,
      0.3505924642086029,
      0.3471030592918396,
      0.34645044803619385,
      0.3433997631072998,
      0.3435734212398529,
      0.3406303822994232,
      0.34000062942504883,
      0.3369385302066803,
      0.33800971508026123,
      0.33638614416122437,
      0.33572977781295776,
      0.3366692364215851,
      0.33501213788986206,
      0.3363092243671417,
      0.3356669247150421,
      0.3331262469291687,
      0.3339090943336487,
      0.33398884534835815,
      0.3346967399120331,
      0.33361801505088806,
      0.33534935116767883,
      0.3343518376350403,
      0.33542317152023315,
      0.33294549584388733,
      0.336523175239563,
      0.3359924256801605,
      0.33542224764823914,
      0.33627474308013916,
      0.3362535834312439,
      0.3341692090034485,
      0.33727091550827026,
      0.33686116337776184,
      0.33848991990089417,
      0.3367045521736145,
      0.3387646973133087,
      0.33715978264808655,
      0.33736056089401245,
      0.33739933371543884,
      0.3385128676891327,
      0.33775627613067627,
      0.33918893337249756,
      0.3386949300765991,
      0.33953288197517395,
      0.33957621455192566,
      0.3384196162223816,
      0.33806344866752625,
      0.33770492672920227,
      0.3392902612686157,
      0.3381774127483368,
      0.3398433029651642,
      0.3397165834903717,
      0.33908915519714355,
      0.3394645154476166,
      0.3402043581008911,
      0.34087514877319336,
      0.34015172719955444,
      0.34014055132865906,
      0.34079673886299133,
      0.3405647277832031,
      0.34057438373565674,
      0.34169602394104004,
      0.34183353185653687,
      0.3427964448928833,
      0.3417314887046814,
      0.341208279132843,
      0.342902272939682,
      0.3436026871204376,
      0.3422785699367523,
      0.343208372592926,
      0.3439233601093292,
      0.3420802354812622,
      0.3432216942310333,
      0.3435809314250946,
      0.34313490986824036,
      0.34378698468208313,
      0.34393489360809326,
      0.3436236083507538,
      0.34486159682273865,
      0.3446659743785858,
      0.3436020016670227,
      0.34376707673072815,
      0.34466058015823364,
      0.34308257699012756,
      0.3442402482032776,
      0.345300555229187,
      0.3437722623348236,
      0.3435704708099365,
      0.34439709782600403,
      0.34301260113716125,
      0.3442307114601135,
      0.34650757908821106,
      0.34555506706237793,
      0.3444916903972626,
      0.34529808163642883,
      0.34677329659461975,
      0.3448043465614319,
      0.3452470004558563,
      0.3454321026802063,
      0.3459206819534302,
      0.3453371226787567,
      0.3457818329334259,
      0.34556806087493896,
      0.3464355170726776,
      0.34412088990211487,
      0.34484726190567017,
      0.3450337052345276,
      0.3447200357913971,
      0.34389039874076843,
      0.34516409039497375,
      0.345875084400177,
      0.34485384821891785,
      0.3453062176704407,
      0.3455425798892975,
      0.3459886610507965,
      0.344814270734787,
      0.34509900212287903,
      0.3467477858066559,
      0.34654268622398376,
      0.3450172543525696,
      0.3464948534965515,
      0.3466353714466095,
      0.34601619839668274,
      0.34629103541374207,
      0.34630897641181946,
      0.3477899730205536,
      0.34505218267440796,
      0.34578946232795715,
      0.34646502137184143,
      0.34648406505584717,
      0.3459218442440033,
      0.3461255133152008,
      0.34674328565597534,
      0.34600192308425903,
      0.34619051218032837,
      0.3439861238002777,
      0.3462317883968353,
      0.3462732136249542,
      0.3461505174636841,
      0.34627005457878113,
      0.3468146324157715,
      0.3462732136249542,
      0.3459104001522064,
      0.34699615836143494,
      0.3473120331764221,
      0.3457448482513428,
      0.3466354012489319,
      0.34643831849098206,
      0.34578925371170044,
      0.34771639108657837,
      0.3461930751800537,
      0.34700557589530945,
      0.34882891178131104,
      0.3479902744293213,
      0.3458963930606842,
      0.3455907106399536,
      0.34760361909866333,
      0.3469591438770294,
      0.3463110029697418,
      0.3463781476020813,
      0.34724077582359314,
      0.346608430147171,
      0.3464244306087494,
      0.34615853428840637,
      0.3464830219745636,
      0.3469083607196808,
      0.3473614454269409,
      0.3472984731197357,
      0.3448792099952698,
      0.3469821810722351,
      0.3472512662410736,
      0.3463613986968994,
      0.345973938703537,
      0.3460576832294464,
      0.34511861205101013,
      0.3452162444591522,
      0.34654501080513,
      0.3463543653488159,
      0.3465997278690338,
      0.34731507301330566,
      0.3460715115070343,
      0.3455600440502167,
      0.34590187668800354,
      0.34714439511299133,
      0.3488447666168213,
      0.34509533643722534,
      0.34675371646881104,
      0.3457653522491455,
      0.34686368703842163,
      0.3477252423763275,
      0.34446293115615845,
      0.34670352935791016,
      0.3473134934902191,
      0.3471946120262146,
      0.3453061580657959,
      0.3476565182209015,
      0.3451932668685913,
      0.3469345271587372,
      0.34476563334465027,
      0.3472983241081238,
      0.34690454602241516,
      0.34574422240257263,
      0.34681424498558044,
      0.34504440426826477,
      0.34628820419311523,
      0.3481808006763458,
      0.3468272387981415,
      0.3446432948112488,
      0.3480467200279236,
      0.3459944427013397,
      0.34711113572120667,
      0.3462141156196594,
      0.3461480140686035,
      0.3442910313606262,
      0.3466756045818329,
      0.3468625545501709,
      0.34698787331581116,
      0.34469786286354065,
      0.3489348590373993,
      0.3450401723384857,
      0.3487572968006134,
      0.3468911945819855,
      0.34505125880241394,
      0.3451046943664551,
      0.34722116589546204,
      0.34525397419929504,
      0.3451061546802521,
      0.34717613458633423,
