{
  "config": {
    "early_stopping": true,
    "epochs": 601,
    "expert_lr": 0.0016131,
    "expert_momentum": 0.887434,
    "expert_num": 8,
    "expert_weight_decay": 1e-05,
    "load_balancing": false,
    "ns_steps": 3,
    "optimizer_family": "muon",
    "router_lr": 0.03379281,
    "router_momentum": 0.931153,
    "router_weight_decay": 0.001
  },
  "eval_metrics": {
    "accuracy": 87.9375,
    "dispatch_counts": [
      [
        10.0,
        216.0,
        52.0,
        197.0,
        73.0,
        4.0,
        0.0,
        277.0
      ],
      [
        267.0,
        56.0,
        325.0,
        49.0,
        24.0,
        23.0,
        0.0,
        35.0
      ],
      [
        10.0,
        201.0,
        210.0,
        2.0,
        1.0,
        277.0,
        0.0,
        112.0
      ],
      [
        60.0,
        20.0,
        182.0,
        126.0,
        296.0,
        83.0,
        0.0,
        12.0
      ]
    ],
    "entropy": 0.9727285504341125,
    "loss": 0.4338865280151367,
    "runtime_seconds": 0.00856166472658515,
    "split": "validation"
  },
  "fold_index": 2,
  "mode": "nonlinear",
  "seed": 20413,
  "setting": 2,
  "total_runtime_seconds": 44.361724821384996,
  "train_metrics": {
    "dispatch_counts": [
      [
        23.0,
        842.0,
        186.0,
        832.0,
        294.0,
        7.0,
        0.0,
        1130.0
      ],
      [
        1052.0,
        216.0,
        1262.0,
        196.0,
        154.0,
        117.0,
        0.0,
        121.0
      ],
      [
        61.0,
        875.0,
        770.0,
        18.0,
        8.0,
        1103.0,
        0.0,
        414.0
      ],
      [
        297.0,
        72.0,
        689.0,
        539.0,
        1192.0,
        302.0,
        0.0,
        28.0
      ]
    ],
    "entropy_record": [
      1.3847750425338745,
      1.2153834104537964,
      1.1330124139785767,
      1.11350417137146,
      1.0796339511871338,
      1.0482882261276245,
      1.0280065536499023,
      1.0234123468399048,
      1.0110563039779663,
      1.009315013885498,
      0.9981843829154968,
      0.9976121783256531,
      0.9966191053390503,
      0.9925866723060608,
      0.9889348149299622,
      0.9863883852958679,
      0.9854038953781128,
      0.9816421270370483,
      0.9789091348648071,
      0.9759149551391602,
      0.9725512862205505,
      0.9731863737106323,
      0.968565821647644,
      0.9713666439056396,
      0.9679285883903503,
      0.9666226506233215,
      0.9674966335296631,
      0.9683493375778198,
      0.9646283984184265,
      0.9665126800537109,
      0.9650716185569763,
      0.964473307132721,
      0.9622132778167725,
      0.9612061977386475,
      0.9631008505821228,
      0.9619897603988647,
      0.9610602855682373,
      0.9617505073547363,
      0.9628623723983765,
      0.9610928297042847,
      0.9609385132789612,
      0.9622572660446167,
      0.9620134830474854,
      0.9616576433181763,
      0.9638097286224365,
      0.9639778137207031,
      0.9656773805618286,
      0.9637723565101624,
      0.9664946794509888,
      0.9656211137771606,
      0.9665772914886475,
      0.967272937297821,
      0.9662556648254395,
      0.9678619503974915,
      0.9678274393081665,
      0.9673234820365906,
      0.9675828218460083,
      0.9678049087524414,
      0.9654915928840637,
      0.9664998650550842,
      0.9654392004013062,
      0.9674391746520996,
      0.9683244228363037,
      0.9673688411712646,
      0.9684880971908569,
      0.9673170447349548,
      0.967899739742279,
      0.9682058095932007,
      0.966162919998169,
      0.9655373096466064,
      0.9683045148849487,
      0.965237021446228,
      0.9665676951408386,
      0.9662458300590515,
      0.9658296704292297,
      0.9667385220527649,
      0.9657236337661743,
      0.9667959809303284,
      0.9664063453674316,
      0.9672253727912903,
      0.9658463001251221,
      0.9664463996887207,
      0.9659152626991272,
      0.9659970998764038,
      0.9654219746589661,
      0.9650492072105408,
      0.9661504626274109,
      0.965224027633667,
      0.9646100997924805,
      0.962621808052063,
      0.9638201594352722,
      0.9629096984863281,
      0.9643761515617371,
      0.9637082815170288,
      0.9638795256614685,
      0.9630534648895264,
      0.9645320773124695,
      0.9641579389572144,
      0.9639194011688232,
      0.9637436866760254,
      0.9623595476150513,
      0.9625202417373657,
      0.9630564451217651,
      0.9633408784866333,
      0.962864100933075,
      0.9630249738693237,
      0.9614289402961731,
      0.9614613652229309,
      0.9636228084564209,
      0.9615234136581421,
      0.9629073143005371,
      0.9612323045730591,
      0.9614722728729248,
      0.9619626998901367,
      0.9620428085327148,
      0.9619836807250977,
      0.9624481797218323,
      0.9614593982696533,
      0.9634492993354797,
      0.9626638889312744,
      0.9609370827674866,
      0.9622262716293335,
      0.9622426629066467,
      0.9613351821899414,
      0.9604306221008301,
      0.9606419205665588,
      0.9605287313461304,
      0.9592255353927612,
      0.9604726433753967,
      0.9609476923942566,
      0.9600398540496826,
      0.9611719250679016,
      0.9607226848602295,
      0.9601247906684875,
      0.9608567953109741,
      0.9592490196228027,
      0.9607318043708801,
      0.9610254764556885,
      0.9600874185562134,
      0.9601044058799744,
      0.959397554397583,
      0.9592593908309937,
      0.9612500667572021,
      0.9608003497123718,
      0.9609102606773376,
      0.9615055322647095,
      0.9614788293838501,
      0.9630512595176697,
      0.963635265827179,
      0.9644343852996826,
      0.9640446305274963,
      0.9658597707748413,
      0.9658816456794739,
      0.9651991724967957,
      0.9663825035095215,
      0.9660483598709106,
      0.9669729471206665,
      0.9662485122680664,
      0.9655104875564575,
      0.9661368727684021,
      0.9656002521514893,
      0.963774561882019,
      0.9644946455955505,
      0.9648556709289551,
      0.9648833274841309,
      0.9648125171661377,
      0.9644193649291992,
      0.9643471240997314,
      0.9645748138427734,
      0.9628174304962158,
      0.9628479480743408,
      0.96445631980896,
      0.9640928506851196,
      0.9633004665374756,
      0.9641002416610718,
      0.9642359614372253,
      0.9635254144668579,
      0.9624698758125305,
      0.9616402387619019,
      0.9602581858634949,
      0.9612498879432678,
      0.9593530893325806,
      0.9569903612136841,
      0.9573426842689514,
      0.9551936984062195,
      0.9549546241760254,
      0.9555678963661194,
      0.9554376602172852,
      0.953931450843811,
      0.9538698196411133,
      0.9534800052642822,
      0.9514591693878174,
      0.9518223404884338,
      0.9506235122680664,
      0.9503403306007385,
      0.949678897857666,
      0.9512543678283691,
      0.9509223699569702,
      0.9516794085502625,
      0.9518395066261292,
      0.9511146545410156,
      0.9517268538475037,
      0.9519996643066406,
      0.9511003494262695,
      0.9523906111717224,
      0.952358603477478,
      0.9523069858551025,
      0.9523647427558899,
      0.9530667662620544,
      0.9520150423049927,
      0.9519611597061157,
      0.9521079659461975,
      0.951547384262085,
      0.9502723813056946,
      0.9505191445350647,
      0.949306309223175,
      0.9492794275283813,
      0.9473439455032349,
      0.9473723769187927,
      0.9484203457832336,
      0.9481396079063416,
      0.9475207924842834,
      0.9475814700126648,
      0.947733998298645,
      0.9462683200836182,
      0.9459763169288635,
      0.9459719657897949,
      0.9449115991592407,
      0.9427855610847473,
      0.9431248903274536,
      0.9425502419471741,
      0.9423980116844177,
      0.9420864582061768,
      0.9426672458648682,
      0.9428268671035767,
      0.9432415962219238,
      0.9445276260375977,
      0.942773699760437,
