{
  "config": {
    "early_stopping": true,
    "epochs": 601,
    "expert_lr": 0.00116505,
    "expert_momentum": 0.8573,
    "expert_num": 8,
    "expert_weight_decay": 0.0001,
    "load_balancing": false,
    "optimizer_family": "original",
    "router_lr": 0.27024269,
    "router_momentum": 0.959122,
    "router_weight_decay": 0.0
  },
  "eval_metrics": {
    "accuracy": 99.75,
    "dispatch_counts": [
      [
        18.0,
        0.0,
        778.0,
        0.0,
        0.0,
        0.0,
        0.0,
        11.0
      ],
      [
        0.0,
        0.0,
        0.0,
        797.0,
        0.0,
        3.0,
        0.0,
        0.0
      ],
      [
        0.0,
        0.0,
        0.0,
        0.0,
        0.0,
        398.0,
        0.0,
        403.0
      ],
      [
        0.0,
        777.0,
        0.0,
        0.0,
        0.0,
        0.0,
        0.0,
        15.0
      ]
    ],
    "entropy": 0.04170961678028107,
    "loss": 0.3157616853713989,
    "runtime_seconds": 0.012998864986002445,
    "split": "validation"
  },
  "fold_index": 0,
  "mode": "nonlinear",
  "seed": 11211,
  "setting": 1,
  "total_runtime_seconds": 49.77216427028179,
  "train_metrics": {
    "dispatch_counts": [
      [
        82.0,
        0.0,
        3087.0,
        0.0,
        0.0,
        1.0,
        0.0,
        58.0
      ],
      [
        0.0,
        0.0,
        0.0,
        3186.0,
        0.0,
        9.0,
        0.0,
        4.0
      ],
      [
        0.0,
        0.0,
        0.0,
        0.0,
        0.0,
        1581.0,
        0.0,
        1624.0
      ],
      [
        0.0,
        3113.0,
        0.0,
        0.0,
        0.0,
        5.0,
        0.0,
        50.0
      ]
    ],
    "entropy_record": [
      1.3851453065872192,
      1.3850640058517456,
      1.385664701461792,
      1.3851853609085083,
      1.3855493068695068,
      1.385467529296875,
      1.3854888677597046,
      1.3851382732391357,
      1.382590651512146,
      1.3698818683624268,
      1.3222991228103638,
      1.1375523805618286,
      0.6569759249687195,
      0.29019805788993835,
      0.1890796571969986,
      0.10568178445100784,
      0.04986988753080368,
      0.022932667285203934,
      0.013030488044023514,
      0.012599319219589233,
      0.009043658152222633,
      0.012120809406042099,
      0.012836260721087456,
      0.016233863309025764,
      0.01766200363636017,
      0.020906351506710052,
      0.022435536608099937,
      0.02507474273443222,
      0.0256997998803854,
      0.028988681733608246,
      0.030151475220918655,
      0.030500341206789017,
      0.02968544140458107,
      0.03336706385016441,
      0.03402996435761452,
      0.035957470536231995,
      0.03603498265147209,
      0.03614602982997894,
      0.03653757646679878,
      0.03783426433801651,
      0.03909575194120407,
      0.03863758221268654,
      0.03850168734788895,
      0.03916442021727562,
      0.03971529379487038,
      0.04101840406656265,
      0.041054122149944305,
      0.040445711463689804,
      0.04203648492693901,
      0.04060988873243332,
      0.04186461493372917,
      0.0426226370036602,
      0.041918180882930756,
      0.042281441390514374,
      0.04304412752389908,
      0.04239185154438019,
      0.042758312076330185,
      0.04329604282975197,
      0.04345324635505676,
      0.04421046003699303,
      0.044219404458999634,
      0.044496145099401474,
      0.04414772987365723,
      0.04428742080926895,
      0.04457777366042137,
      0.04448369890451431,
      0.045066580176353455,
      0.04357996582984924,
      0.045186251401901245,
      0.04511912539601326,
      0.044011544436216354,
      0.04560811445116997,
      0.04669952392578125,
      0.04644763469696045,
      0.04615272209048271,
      0.045759160071611404,
      0.04640346020460129,
      0.04671915993094444,
      0.04702126979827881,
      0.0461541973054409,
      0.04644415155053139,
      0.04724428057670593,
      0.04614037275314331,
      0.04698224365711212,
      0.04644567146897316,
      0.046975456178188324,
      0.046139832586050034,
      0.04644763469696045,
      0.0471838153898716,
      0.04588470235466957,
      0.04688594862818718,
      0.046975456178188324,
      0.04670443385839462,
      0.04746546968817711,
      0.046631574630737305,
      0.045944418758153915,
      0.046894725412130356,
      0.04725733771920204,
      0.04724183306097984,
      0.04754278436303139,
      0.04643699899315834,
      0.047470495104789734,
      0.04870053380727768,
      0.04743588715791702,
      0.045897454023361206,
      0.047414395958185196,
      0.04825128614902496,
      0.04645745828747749,
      0.04760400950908661,
      0.046765148639678955,
      0.04941774532198906,
      0.0469873771071434,
      0.04744482785463333,
      0.046714309602975845,
      0.047715816646814346,
      0.04750338941812515,
      0.04743208736181259,
      0.04850476607680321,
      0.04698667675256729,
      0.047722816467285156,
      0.04803910851478577,
      0.04770251736044884,
      0.04684946686029434,
      0.047178592532873154,
      0.04734740033745766,
      0.047417838126420975,
      0.04755507409572601,
      0.04798197001218796,
      0.047559842467308044,
      0.04669113829731941,
      0.04778747633099556,
      0.04842716455459595,
      0.04770251736044884,
      0.04757418856024742,
      0.04765990003943443,
      0.047243908047676086,
      0.04659275710582733,
      0.04717417061328888,
      0.048492610454559326,
      0.047700729221105576,
      0.04832873120903969,
      0.04833191633224487,
      0.046700045466423035,
      0.0469910129904747,
      0.04850255697965622,
      0.04767853021621704,
      0.04851038008928299,
      0.04842958226799965,
      0.04713865742087364,
      0.04897907003760338,
      0.04783317819237709,
      0.04842958226799965,
      0.04896799102425575,
      0.047871075570583344,
      0.04865123704075813,
      0.04751073941588402,
      0.04853624850511551,
      0.04895808920264244,
      0.04725853353738785,
      0.047993678599596024,
      0.0474570207297802,
      0.049908597022295,
      0.04794204607605934,
      0.048604294657707214,
      0.048788368701934814,
      0.0485096275806427,
      0.048758767545223236,
      0.04748702049255371,
      0.04878786951303482,
      0.047954149544239044,
      0.047895871102809906,
      0.04737095162272453,
      0.04848768189549446,
      0.046433743089437485,
      0.048229020088911057,
      0.048788368701934814,
      0.04894782230257988,
      0.04858217015862465,
      0.04760605841875076,
      0.04816349595785141,
      0.04897907003760338,
      0.04648110643029213,
      0.04770926386117935,
      0.04724618047475815,
      0.04742104560136795,
      0.04814587160944939,
      0.04825986549258232,
      0.04695622995495796,
      0.046587321907281876,
      0.04745206981897354,
      0.04667925089597702,
      0.04844333231449127,
      0.04670882225036621,
      0.04778561368584633,
      0.04842637851834297,
      0.04744400829076767,
      0.04783770442008972,
      0.04814838990569115,
      0.04739101603627205,
      0.04895808920264244,
      0.047803331166505814,
      0.04644159600138664,
      0.04670443385839462,
      0.0479908213019371,
      0.04676330089569092,
      0.04670443385839462,
      0.04914422705769539,
      0.04852927476167679,
      0.047693755477666855,
      0.0480404794216156,
      0.04716469347476959,
      0.04649762809276581,
      0.046797312796115875,
      0.047718312591314316,
      0.047613631933927536,
      0.04714762046933174,
      0.04805931821465492,
      0.04850255697965622,
      0.048712458461523056,
      0.0466955229640007,
      0.04813496768474579,
      0.04778584837913513,
      0.04923612251877785,
      0.04814587160944939,
      0.047709763050079346,
      0.046622905880212784,
      0.04752100259065628,
      0.04635842144489288,
      0.048418667167425156,
      0.04853542149066925,
