{
  "config": {
    "early_stopping": true,
    "epochs": 601,
    "expert_lr": 0.00340612,
    "expert_momentum": 0.976141,
    "expert_num": 8,
    "expert_weight_decay": 0.0001,
    "load_balancing": false,
    "optimizer_family": "original",
    "router_lr": 0.05976029,
    "router_momentum": 0.927005,
    "router_weight_decay": 1e-05
  },
  "eval_metrics": {
    "accuracy": 100.0,
    "dispatch_counts": [
      [
        0.0,
        0.0,
        2.0,
        805.0,
        0.0,
        0.0,
        0.0,
        0.0
      ],
      [
        0.0,
        0.0,
        0.0,
        0.0,
        800.0,
        0.0,
        0.0,
        0.0
      ],
      [
        0.0,
        0.0,
        0.0,
        1.0,
        0.0,
        4.0,
        0.0,
        796.0
      ],
      [
        11.0,
        0.0,
        0.0,
        0.0,
        0.0,
        0.0,
        781.0,
        0.0
      ]
    ],
    "entropy": 0.0024035763926804066,
    "loss": 0.3132616877555847,
    "runtime_seconds": 0.007552608847618103,
    "split": "validation"
  },
  "fold_index": 4,
  "mode": "nonlinear",
  "seed": 10515,
  "setting": 1,
  "total_runtime_seconds": 1.539875763002783,
  "train_metrics": {
    "dispatch_counts": [
      [
        0.0,
        0.0,
        4.0,
        3224.0,
        0.0,
        0.0,
        0.0,
        0.0
      ],
      [
        0.0,
        1.0,
        0.0,
        0.0,
        3198.0,
        0.0,
        0.0,
        0.0
      ],
      [
        0.0,
        0.0,
        0.0,
        0.0,
        0.0,
        7.0,
        0.0,
        3198.0
      ],
      [
        29.0,
        9.0,
        0.0,
        0.0,
        1.0,
        0.0,
        3129.0,
        0.0
      ]
    ],
    "entropy_record": [
      1.3851783275604248,
      1.3856098651885986,
      1.3852266073226929,
      1.3853939771652222,
      1.3851028680801392,
      1.385156512260437,
      1.3817634582519531,
      1.3531339168548584,
      1.2365235090255737,
      0.9632749557495117,
      0.5585924386978149,
      0.2275899350643158,
      0.0740961804986,
      0.024037275463342667,
      0.012047473341226578,
      0.004478369373828173,
      0.0015424902085214853,
      0.0013514002785086632,
      0.0009626061655580997
    ],
    "epochs_ran": 19,
    "final_entropy": 0.0009626061655580997,
    "final_loss": 0.3132961690425873,
    "plot_diagnostics": null,
    "runtime_seconds": 1.532323154155165
  }
}