{
  "config": {
    "early_stopping": true,
    "epochs": 601,
    "expert_lr": 0.00302625,
    "expert_momentum": 0.936625,
    "expert_num": 8,
    "expert_weight_decay": 0.0,
    "load_balancing": false,
    "ns_steps": 10,
    "optimizer_family": "muon",
    "router_lr": 0.08414639,
    "router_momentum": 0.881709,
    "router_weight_decay": 0.001
  },
  "eval_metrics": {
    "accuracy": 89.6875,
    "dispatch_counts": [
      [
        350.0,
        8.0,
        6.0,
        0.0,
        30.0,
        1.0,
        162.0,
        271.0
      ],
      [
        46.0,
        90.0,
        118.0,
        153.0,
        48.0,
        47.0,
        18.0,
        260.0
      ],
      [
        46.0,
        245.0,
        300.0,
        2.0,
        41.0,
        1.0,
        168.0,
        9.0
      ],
      [
        60.0,
        20.0,
        80.0,
        0.0,
        369.0,
        188.0,
        18.0,
        45.0
      ]
    ],
    "entropy": 0.8653850555419922,
    "loss": 0.41638651490211487,
    "runtime_seconds": 0.008558004628866911,
    "split": "validation"
  },
  "fold_index": 0,
  "mode": "nonlinear",
  "seed": 21711,
  "setting": 2,
  "total_runtime_seconds": 14.281849422492087,
  "train_metrics": {
    "dispatch_counts": [
      [
        1408.0,
        36.0,
        51.0,
        1.0,
        125.0,
        8.0,
        635.0,
        1051.0
      ],
      [
        201.0,
        389.0,
        418.0,
        641.0,
        192.0,
        182.0,
        88.0,
        1006.0
      ],
      [
        179.0,
        954.0,
        1182.0,
        2.0,
        190.0,
        5.0,
        675.0,
        63.0
      ],
      [
        244.0,
        85.0,
        335.0,
        2.0,
        1470.0,
        731.0,
        75.0,
        176.0
      ]
    ],
    "entropy_record": [
      1.3853119611740112,
      1.1074334383010864,
      0.9846742153167725,
      0.9875016808509827,
      0.9904614090919495,
      0.9756060242652893,
      0.9649774432182312,
      0.9314935207366943,
      0.9266915321350098,
      0.911489725112915,
      0.8895318508148193,
      0.879431962966919,
      0.8745676279067993,
      0.8669613599777222,
      0.8632568120956421,
      0.8599413633346558,
      0.8555139303207397,
      0.8502330183982849,
      0.8444385528564453,
      0.8434349298477173,
      0.8376529812812805,
      0.8349051475524902,
      0.8341249823570251,
      0.8294066190719604,
      0.8284467458724976,
      0.8256014585494995,
      0.8276277184486389,
      0.8261961340904236,
      0.822826087474823,
      0.8223289251327515,
      0.8220741152763367,
      0.8208804130554199,
      0.8205309510231018,
      0.8161729574203491,
      0.8184040188789368,
      0.8171038627624512,
      0.8188374042510986,
      0.8176569938659668,
      0.816264271736145,
      0.8168410062789917,
      0.8171351552009583,
      0.8143805861473083,
      0.8155192136764526,
      0.8154021501541138,
      0.8153136372566223,
      0.8170907497406006,
      0.813630223274231,
      0.814079225063324,
      0.8119907379150391,
      0.8119493126869202,
      0.8131909370422363,
      0.8128178715705872,
      0.8122957944869995,
      0.8121246099472046,
      0.8115435838699341,
      0.8101751804351807,
      0.8113215565681458,
      0.8096565008163452,
      0.8117310404777527,
      0.8100079298019409,
      0.8098477125167847,
      0.8097267746925354,
      0.8102384805679321,
      0.8109888434410095,
      0.8097306489944458,
      0.8109476566314697,
      0.8117799758911133,
      0.8128459453582764,
      0.8125141263008118,
      0.812890887260437,
      0.8143970966339111,
      0.8144748210906982,
      0.8144675493240356,
      0.815025806427002,
      0.8140747547149658,
      0.8157777786254883,
      0.8155831098556519,
      0.8149292469024658,
      0.8164718151092529,
      0.8158980011940002,
      0.8173595070838928,
      0.817850649356842,
      0.8182055950164795,
      0.8173884153366089,
      0.816383421421051,
      0.8177510499954224,
      0.8188180923461914,
      0.8186707496643066,
      0.8186884522438049,
      0.8170614242553711,
      0.8178167939186096,
      0.8185520172119141,
      0.8184279203414917,
      0.8191407918930054,
      0.8194452524185181,
      0.8193197250366211,
      0.8197792768478394,
      0.8192111253738403,
      0.8187552690505981,
      0.8175735473632812,
      0.8164941072463989,
      0.8156373500823975,
      0.8159809112548828,
      0.814929723739624,
      0.814522385597229,
      0.8147576451301575,
      0.8146613240242004,
      0.8147153258323669,
      0.8128628730773926,
      0.8144181966781616,
      0.8148956298828125,
      0.8166490197181702,
      0.8168774843215942,
      0.8184446096420288,
      0.8176742196083069,
      0.8181305527687073,
      0.8173307180404663,
      0.8182719349861145,
      0.8182648420333862,
      0.8168618679046631,
      0.8163499236106873,
      0.815427303314209,
      0.816144585609436,
      0.8153454661369324,
      0.8157389163970947,
      0.8144855499267578,
      0.813444197177887,
      0.8146529197692871,
      0.8128858804702759,
      0.8119643330574036,
      0.8123729228973389,
      0.8136827349662781,
      0.8143002390861511,
      0.8183759450912476,
      0.8215773701667786,
      0.8266621828079224,
      0.8300076723098755,
      0.8347668647766113,
      0.8367483615875244,
      0.8384920954704285,
      0.8411527872085571,
      0.8429966568946838,
      0.8457551002502441,
      0.8484134674072266,
      0.8523397445678711,
      0.8554673790931702,
      0.8584578037261963,
      0.8608623743057251,
      0.8631237149238586,
      0.862400472164154,
      0.8627234697341919,
      0.8628480434417725,
      0.8624625205993652,
      0.8633577227592468,
      0.8632802963256836,
      0.8656943440437317,
      0.868276834487915,
      0.8717232942581177,
      0.8729473948478699,
      0.8751088380813599,
      0.8779147863388062,
      0.8823042511940002,
      0.8846273422241211,
      0.8876901865005493,
      0.8893893361091614
    ],
    "epochs_ran": 165,
    "final_entropy": 0.8893893361091614,
    "final_loss": 0.4257615804672241,
    "plot_diagnostics": null,
    "runtime_seconds": 14.27329141786322
  }
}