setting,optimizer_family,best_expert_num,cv_mean_accuracy,cv_std_accuracy,cv_mean_loss,cv_std_loss,cv_mean_runtime_seconds,final_mean_accuracy,final_std_accuracy,final_mean_loss,final_std_loss,final_mean_entropy,final_std_entropy,final_mean_train_runtime_seconds,final_std_train_runtime_seconds
1,muon,8,93.88125,1.1309564536267522,0.3744490385055542,0.011309562347799793,51.2126599627547,91.64125,0.9617253376094463,0.3968501567840576,0.009617210512908146,0.6685038328170776,0.06032925603383391,61.021156585216524,4.49499272999706
1,original,8,99.99375,0.012499999999999999,0.31333585977554324,0.00014834403991699217,40.83244718806818,99.9825,0.029154759474227524,0.3134861171245575,0.0003742670113677017,0.012893567606806756,0.017426259216643595,39.54386391742155,27.626311388511468
2,muon,8,92.01875,2.117412926190827,0.3930417776107788,0.02112991841229526,42.430839465744796,89.9525,0.9395361222433115,0.41356916427612306,0.00950208025605165,0.849040412902832,0.08656677387040261,33.78296540509909,7.735006510825888
2,original,8,99.1625,0.15486889616704833,0.32157023549079894,0.0015467919362949127,49.811766837816684,98.3275,1.60340263190504,0.32996301651000975,0.01599760322413215,0.1286084596067667,0.16992762222533322,59.91702973535284,3.019198090232462
3,muon,8,98.61875,0.8782084035125148,0.327074134349823,0.008782059879950796,51.2733533680439,98.75999999999999,0.395829824545849,0.3256616532802582,0.0039582849387369765,0.18906285166740416,0.08853874761196336,62.91970303049311,0.13563151520581132
3,original,8,100.0,0.0,0.3132616877555847,0.0,49.64491431415081,100.0,0.0,0.3132616877555847,0.0,0.0,0.0,61.54169888496399,0.1080207067992826
4,muon,8,96.84375,0.9059266664581631,0.3448240637779236,0.009059238595178376,50.63568982789293,97.365,0.5565181937726725,0.3396115839481354,0.005565173465522117,0.3069391280412674,0.1364422771568952,62.66974138719961,0.1605671215692962
4,original,8,99.26875,0.21794494717703367,0.32060652375221255,0.002203029830734203,49.8156738021411,98.66875,1.538119793774204,0.3265434384346008,0.015329850143366934,0.11166250295937061,0.18472275921428669,61.69141594134271,0.0506374220918964
