{
  "config": {
    "early_stopping": true,
    "epochs": 601,
    "expert_lr": 0.00059705,
    "expert_momentum": 0.893294,
    "expert_num": 4,
    "expert_weight_decay": 0.0001,
    "load_balancing": false,
    "ns_steps": 5,
    "optimizer_family": "muon",
    "router_lr": 0.04605615,
    "router_momentum": 0.989888,
    "router_weight_decay": 1e-05
  },
  "eval_metrics": {
    "accuracy": 94.71875,
    "dispatch_counts": [
      [
        444.0,
        86.0,
        204.0,
        95.0
      ],
      [
        7.0,
        44.0,
        340.0,
        388.0
      ],
      [
        37.0,
        259.0,
        396.0,
        120.0
      ],
      [
        488.0,
        14.0,
        191.0,
        87.0
      ]
    ],
    "entropy": 1.1095547676086426,
    "loss": 0.36606135964393616,
    "runtime_seconds": 0.00462467223405838,
    "split": "validation"
  },
  "fold_index": 1,
  "mode": "nonlinear",
  "seed": 30712,
  "setting": 3,
  "total_runtime_seconds": 28.136561384424567,
  "train_metrics": {
    "dispatch_counts": [
      [
        1725.0,
        290.0,
        932.0,
        367.0
      ],
      [
        40.0,
        178.0,
        1349.0,
        1551.0
      ],
      [
        159.0,
        1042.0,
        1573.0,
        476.0
      ],
      [
        1925.0,
        47.0,
        761.0,
        385.0
      ]
    ],
    "entropy_record": [
      1.3857280015945435,
      1.2129360437393188,
      0.9926595091819763,
      0.9092122316360474,
      0.8438830375671387,
      0.8052784204483032,
      0.7900545001029968,
      0.7858110666275024,
      0.7959359884262085,
      0.8121817111968994,
      0.8308762311935425,
      0.8516653776168823,
      0.8748694062232971,
      0.8980751633644104,
      0.9169963598251343,
      0.939637303352356,
      0.9571971893310547,
      0.9704473614692688,
      0.9853810667991638,
      0.9913885593414307,
      1.002389669418335,
      1.008304476737976,
      1.015575885772705,
      1.020161509513855,
      1.025909423828125,
      1.027579665184021,
      1.032991647720337,
      1.0353198051452637,
      1.0349012613296509,
      1.0391733646392822,
      1.03998863697052,
      1.0409115552902222,
      1.040884017944336,
      1.042581558227539,
      1.045698642730713,
      1.046417474746704,
      1.0471222400665283,
      1.0466972589492798,
      1.0476608276367188,
      1.049785852432251,
      1.0515117645263672,
      1.0526636838912964,
      1.05180025100708,
      1.0529899597167969,
      1.0520998239517212,
      1.0528626441955566,
      1.0526015758514404,
      1.052519679069519,
      1.0516613721847534,
      1.05192232131958,
      1.050970196723938,
      1.0516690015792847,
      1.05051851272583,
      1.0504770278930664,
      1.0511894226074219,
      1.0523977279663086,
      1.052489995956421,
      1.0524033308029175,
      1.0519886016845703,
      1.0513068437576294,
      1.0528647899627686,
      1.054890751838684,
      1.0543415546417236,
      1.0548090934753418,
      1.0557925701141357,
      1.055631399154663,
      1.055907130241394,
      1.0567760467529297,
      1.0560121536254883,
      1.0562210083007812,
      1.0560184717178345,
      1.0566891431808472,
      1.0569199323654175,
      1.0573288202285767,
      1.0579099655151367,
      1.058677077293396,
      1.0582659244537354,
      1.0578100681304932,
      1.058099389076233,
      1.0576162338256836,
      1.0584306716918945,
      1.0612037181854248,
      1.0597255229949951,
      1.0602933168411255,
      1.061916708946228,
      1.0625410079956055,
      1.062853455543518,
      1.0627739429473877,
      1.0633773803710938,
      1.063615322113037,
      1.0629448890686035,
      1.064052939414978,
      1.063073754310608,
      1.0635040998458862,
      1.063947319984436,
      1.0638984441757202,
      1.064166784286499,
      1.0640925168991089,
      1.0648283958435059,
      1.0641025304794312,
      1.064720630645752,
      1.0640103816986084,
      1.0644687414169312,
      1.0652920007705688,
      1.0643322467803955,
      1.0651764869689941,
      1.0646854639053345,
      1.0660340785980225,
      1.0653588771820068,
      1.0665031671524048,
      1.0668091773986816,
      1.067034363746643,
      1.0668901205062866,
      1.0670565366744995,
      1.068261981010437,
      1.0687808990478516,
      1.068328619003296,
      1.069301962852478,
      1.069818377494812,
      1.0701289176940918,
      1.0701805353164673,
      1.071284294128418,
      1.0716981887817383,
      1.0716971158981323,
      1.0719764232635498,
      1.0722370147705078,
      1.0727179050445557,
      1.0725319385528564,
      1.074832558631897,
      1.0754358768463135,
      1.0749927759170532,
      1.0752967596054077,
      1.0762778520584106,
      1.0760185718536377,
      1.075013518333435,
      1.0768816471099854,
      1.0768095254898071,
      1.0771464109420776,
      1.0778427124023438,
      1.0780434608459473,
      1.0784066915512085,
      1.0790036916732788,
      1.0782667398452759,
      1.0788991451263428,
      1.079338788986206,
      1.0800970792770386,
      1.0804600715637207,
      1.0806111097335815,
      1.08137047290802,
      1.0816787481307983,
      1.0816943645477295,
      1.0813878774642944,
      1.0817646980285645,
      1.0812625885009766,
      1.0814011096954346,
      1.0830328464508057,
      1.082037091255188,
      1.0830445289611816,
      1.0836008787155151,
      1.083473801612854,
      1.0834743976593018,
      1.0840015411376953,
      1.0841729640960693,
      1.0844781398773193,
      1.0850844383239746,
      1.0852144956588745,
      1.0857491493225098,
      1.085594892501831,
      1.0866410732269287,
      1.086387038230896,
      1.086479663848877,
      1.087338924407959,
      1.0870492458343506,
      1.0875626802444458,
      1.087073802947998,
      1.0880906581878662,
      1.0884591341018677,
      1.087268590927124,
      1.0879557132720947,
      1.0884159803390503,
      1.0888562202453613,
      1.0890443325042725,
      1.0890156030654907,
      1.0887954235076904,
      1.0891740322113037,
      1.0893782377243042,
      1.0904541015625,
      1.090073585510254,
      1.0902296304702759,
      1.0899580717086792,
      1.0902819633483887,
      1.0903534889221191,
      1.090376377105713,
      1.090923547744751,
      1.0903345346450806,
      1.0906035900115967,
      1.0911648273468018,
      1.0914839506149292,
      1.0922995805740356,
      1.0922973155975342,
      1.0931189060211182,
      1.0920008420944214,
      1.093363881111145,
      1.0930585861206055,
      1.093189001083374,
      1.0936981439590454,
      1.093999981880188,
      1.094208836555481,
      1.0936251878738403,
      1.0946099758148193,
      1.0952399969100952,
      1.0938135385513306,
      1.0955920219421387,
      1.0953837633132935,
      1.095160961151123,
      1.095563530921936,
      1.0947282314300537,
      1.0959211587905884,
      1.0964455604553223,
      1.0965453386306763,
      1.0968183279037476,
      1.097172737121582,
      1.0975953340530396,
      1.097459077835083,
      1.0977201461791992,
      1.0982115268707275,
      1.0982218980789185,
      1.0989930629730225,
      1.0992337465286255,
      1.0993947982788086,
      1.100100040435791,
      1.099902868270874,
      1.1000317335128784,
      1.100118637084961,
      1.101004719734192,
      1.1004722118377686,
      1.1007519960403442,
      1.1006003618240356,
      1.101115345954895,
      1.1013450622558594,
      1.1012153625488281,
      1.1016556024551392,
      1.101838231086731,
      1.1023422479629517,
      1.1017037630081177,
      1.102243185043335,
      1.1028096675872803,
      1.102627158164978,
      1.1031594276428223,
      1.1034209728240967,
      1.1036796569824219,
      1.1040310859680176,
      1.1038166284561157,
      1.103879451751709,
      1.1040716171264648,
      1.1040761470794678,
      1.1043864488601685,
