{
  "config": {
    "early_stopping": true,
    "epochs": 601,
    "expert_lr": 0.00059705,
    "expert_momentum": 0.893294,
    "expert_num": 4,
    "expert_weight_decay": 0.0001,
    "load_balancing": false,
    "ns_steps": 5,
    "optimizer_family": "muon",
    "router_lr": 0.04605615,
    "router_momentum": 0.989888,
    "router_weight_decay": 1e-05
  },
  "eval_metrics": {
    "accuracy": 91.9375,
    "dispatch_counts": [
      [
        428.0,
        34.0,
        355.0,
        11.0
      ],
      [
        36.0,
        259.0,
        79.0,
        406.0
      ],
      [
        58.0,
        271.0,
        184.0,
        299.0
      ],
      [
        95.0,
        352.0,
        204.0,
        129.0
      ]
    ],
    "entropy": 1.1315028667449951,
    "loss": 0.39355960488319397,
    "runtime_seconds": 0.004522425122559071,
    "split": "validation"
  },
  "fold_index": 4,
  "mode": "nonlinear",
  "seed": 30715,
  "setting": 3,
  "total_runtime_seconds": 28.211471588816494,
  "train_metrics": {
    "dispatch_counts": [
      [
        1728.0,
        106.0,
        1418.0,
        63.0
      ],
      [
        164.0,
        1060.0,
        345.0,
        1548.0
      ],
      [
        261.0,
        1041.0,
        786.0,
        1162.0
      ],
      [
        357.0,
        1390.0,
        857.0,
        514.0
      ]
    ],
    "entropy_record": [
      1.3857600688934326,
      1.2660727500915527,
      1.09842050075531,
      1.065725564956665,
      1.0465075969696045,
      1.0396583080291748,
      1.0344834327697754,
      1.0336687564849854,
      1.034381628036499,
      1.0333802700042725,
      1.037409782409668,
      1.0356700420379639,
      1.0369600057601929,
      1.0367662906646729,
      1.0342621803283691,
      1.0352356433868408,
      1.0320000648498535,
      1.033553123474121,
      1.0351431369781494,
      1.0332388877868652,
      1.0336581468582153,
      1.032881259918213,
      1.0328447818756104,
      1.0342216491699219,
      1.0321139097213745,
      1.0334117412567139,
      1.031962513923645,
      1.0328444242477417,
      1.0318833589553833,
      1.0333575010299683,
      1.0322885513305664,
      1.0328195095062256,
      1.033514142036438,
      1.0312577486038208,
      1.0326361656188965,
      1.0323855876922607,
      1.0331249237060547,
      1.0339927673339844,
      1.0343977212905884,
      1.0337510108947754,
      1.0347342491149902,
      1.0334604978561401,
      1.0337315797805786,
      1.0346190929412842,
      1.0345631837844849,
      1.0338261127471924,
      1.0350652933120728,
      1.0363202095031738,
      1.036946177482605,
      1.0388803482055664,
      1.038367748260498,
      1.0404495000839233,
      1.0403962135314941,
      1.040935754776001,
      1.0424723625183105,
      1.043465495109558,
      1.044485092163086,
      1.0453296899795532,
      1.048566460609436,
      1.0482566356658936,
      1.049446940422058,
      1.049476981163025,
      1.0512914657592773,
      1.0533784627914429,
      1.0534589290618896,
      1.05436110496521,
      1.0552444458007812,
      1.0553224086761475,
      1.0556938648223877,
      1.0587599277496338,
      1.0588182210922241,
      1.0611828565597534,
      1.0621953010559082,
      1.0638504028320312,
      1.064998745918274,
      1.0657284259796143,
      1.0660918951034546,
      1.0677627325057983,
      1.0684927701950073,
      1.0692553520202637,
      1.070364236831665,
      1.072375774383545,
      1.0726568698883057,
      1.0738906860351562,
      1.0752195119857788,
      1.0761979818344116,
      1.077227234840393,
      1.0782217979431152,
      1.0779399871826172,
      1.0793025493621826,
      1.0794470310211182,
      1.0815601348876953,
      1.082395315170288,
      1.0827198028564453,
      1.083747148513794,
      1.0830966234207153,
      1.0839877128601074,
      1.0840953588485718,
      1.0846245288848877,
      1.0857573747634888,
      1.086968183517456,
      1.0876774787902832,
      1.0882818698883057,
      1.088255524635315,
      1.0907021760940552,
      1.0915803909301758,
      1.0920099020004272,
      1.093911051750183,
      1.0945196151733398,
      1.0946342945098877,
      1.0957955121994019,
      1.0953656435012817,
      1.0968801975250244,
      1.0973880290985107,
      1.0985270738601685,
      1.0983726978302002,
      1.0988883972167969,
      1.1002857685089111,
      1.099989891052246,
      1.1002744436264038,
      1.101245641708374,
      1.1015418767929077,
      1.1029549837112427,
      1.1029646396636963,
      1.1031978130340576,
      1.1034045219421387,
      1.1038192510604858,
      1.1039388179779053,
      1.1040223836898804,
      1.1043474674224854,
      1.104474663734436,
      1.1053235530853271,
      1.1051902770996094,
      1.1064696311950684,
      1.107630729675293,
      1.1078866720199585,
      1.1074475049972534,
      1.1091922521591187,
      1.1095778942108154,
      1.1106427907943726,
      1.1110949516296387,
      1.1111217737197876,
      1.1115384101867676,
      1.1123727560043335,
      1.1122031211853027,
      1.1135770082473755,
      1.1134086847305298,
      1.1142983436584473,
      1.1144641637802124,
      1.114790439605713,
      1.1155823469161987,
      1.1154097318649292,
      1.1153793334960938,
      1.1157350540161133,
      1.1163593530654907,
      1.1168162822723389,
      1.1169171333312988,
      1.1173522472381592,
      1.1174979209899902,
      1.1173899173736572,
      1.1182820796966553,
      1.1183265447616577,
      1.119265079498291,
      1.119675636291504,
      1.120155930519104,
      1.1209039688110352,
      1.120397925376892,
      1.1212999820709229,
      1.1215829849243164,
      1.121455192565918,
      1.1217446327209473,
      1.122157335281372,
      1.1224509477615356,
      1.1225028038024902,
      1.122863531112671,
      1.1233152151107788,
      1.1229259967803955,
      1.1233924627304077,
      1.1232445240020752,
      1.123697280883789,
      1.1234489679336548,
      1.123809814453125,
      1.1243621110916138,
      1.1238858699798584,
      1.1244226694107056,
      1.1245594024658203,
      1.1247212886810303,
      1.1243672370910645,
      1.1244773864746094,
      1.1246767044067383,
      1.124868631362915,
      1.124991774559021,
      1.1255524158477783,
      1.1258450746536255,
      1.126151204109192,
      1.1260714530944824,
      1.1263411045074463,
      1.126536250114441,
      1.1266108751296997,
      1.1270768642425537,
      1.1270153522491455,
      1.1275794506072998,
      1.1270393133163452,
      1.1281079053878784,
      1.1281797885894775,
      1.127913236618042,
      1.1281802654266357,
      1.1278377771377563,
      1.1285862922668457,
      1.1278469562530518,
      1.1282408237457275,
      1.1278328895568848,
      1.128413200378418,
      1.1281468868255615,
      1.1294572353363037,
      1.1288148164749146,
      1.1287428140640259,
      1.1287468671798706,
      1.1287792921066284,
      1.1291911602020264,
      1.1296993494033813,
      1.1293995380401611,
      1.1295872926712036,
      1.1300265789031982,
      1.12965726852417,
      1.1299123764038086,
      1.1298762559890747,
      1.1300286054611206,
      1.1304943561553955,
      1.1302248239517212,
      1.1304265260696411,
      1.1309289932250977,
      1.1308135986328125,
      1.1306140422821045,
      1.1310704946517944,
      1.1308541297912598,
      1.1309428215026855,
      1.1312671899795532,
      1.1312828063964844,
      1.1312215328216553,
      1.131540060043335,
      1.1315996646881104,
      1.131502628326416,
      1.1314929723739624,
      1.131904125213623,
      1.1324636936187744,
      1.1322730779647827,
      1.1326130628585815,
      1.1328543424606323,
      1.1328322887420654,
      1.1326560974121094,
      1.1329249143600464,
      1.1331273317337036,
      1.1324849128723145,
      1.1330679655075073,
      1.1330451965332031,
