{
  "config": {
    "early_stopping": true,
    "epochs": 601,
    "expert_lr": 0.00059705,
    "expert_momentum": 0.893294,
    "expert_num": 4,
    "expert_weight_decay": 0.0001,
    "load_balancing": false,
    "ns_steps": 5,
    "optimizer_family": "muon",
    "router_lr": 0.04605615,
    "router_momentum": 0.989888,
    "router_weight_decay": 1e-05
  },
  "eval_metrics": {
    "accuracy": 96.25,
    "dispatch_counts": [
      [
        7.0,
        382.0,
        39.0,
        401.0
      ],
      [
        37.0,
        13.0,
        464.0,
        265.0
      ],
      [
        12.0,
        450.0,
        267.0,
        84.0
      ],
      [
        420.0,
        22.0,
        32.0,
        305.0
      ]
    ],
    "entropy": 0.9618971347808838,
    "loss": 0.35074734687805176,
    "runtime_seconds": 0.004463454242795706,
    "split": "validation"
  },
  "fold_index": 3,
  "mode": "nonlinear",
  "seed": 30714,
  "setting": 3,
  "total_runtime_seconds": 28.06908212043345,
  "train_metrics": {
    "dispatch_counts": [
      [
        61.0,
        1511.0,
        163.0,
        1579.0
      ],
      [
        167.0,
        67.0,
        1862.0,
        1022.0
      ],
      [
        73.0,
        1795.0,
        1087.0,
        294.0
      ],
      [
        1647.0,
        102.0,
        118.0,
        1252.0
      ]
    ],
    "entropy_record": [
      1.3856699466705322,
      1.2262938022613525,
      1.1393824815750122,
      1.1012985706329346,
      1.1020984649658203,
      1.099599838256836,
      1.1003466844558716,
      1.1017073392868042,
      1.1033484935760498,
      1.1017951965332031,
      1.1027781963348389,
      1.1048462390899658,
      1.1078583002090454,
      1.1064790487289429,
      1.1074416637420654,
      1.1087735891342163,
      1.108307123184204,
      1.1085436344146729,
      1.1090729236602783,
      1.1084569692611694,
      1.1077098846435547,
      1.1067603826522827,
      1.1065845489501953,
      1.1060022115707397,
      1.1024237871170044,
      1.1015760898590088,
      1.0993621349334717,
      1.095717430114746,
      1.0950610637664795,
      1.0903253555297852,
      1.0870589017868042,
      1.082058310508728,
      1.0785462856292725,
      1.0755373239517212,
      1.0706616640090942,
      1.0670803785324097,
      1.0622596740722656,
      1.0592577457427979,
      1.05564546585083,
      1.0505568981170654,
      1.049986481666565,
      1.046419620513916,
      1.0427556037902832,
      1.0392261743545532,
      1.037902593612671,
      1.037670373916626,
      1.0344133377075195,
      1.0327939987182617,
      1.0327203273773193,
      1.0315183401107788,
      1.0293364524841309,
      1.0302907228469849,
      1.0279183387756348,
      1.0274791717529297,
      1.0261683464050293,
      1.0271908044815063,
      1.0267199277877808,
      1.0250672101974487,
      1.024359941482544,
      1.0234156847000122,
      1.0232443809509277,
      1.0228056907653809,
      1.0205084085464478,
      1.0215319395065308,
      1.020275354385376,
      1.020068883895874,
      1.020200490951538,
      1.0184326171875,
      1.018951654434204,
      1.0181113481521606,
      1.017493486404419,
      1.0171946287155151,
      1.0173944234848022,
      1.0166988372802734,
      1.0178794860839844,
      1.0169124603271484,
      1.0170048475265503,
      1.016545057296753,
      1.0157716274261475,
      1.0156828165054321,
      1.0156073570251465,
      1.0165646076202393,
      1.0148043632507324,
      1.0151898860931396,
      1.01554536819458,
      1.0155236721038818,
      1.0168043375015259,
      1.0164356231689453,
      1.0167778730392456,
      1.0157136917114258,
      1.0145587921142578,
      1.014660120010376,
      1.015162706375122,
      1.0154203176498413,
      1.0144248008728027,
      1.0143498182296753,
      1.014891505241394,
      1.0138723850250244,
      1.0151175260543823,
      1.0141899585723877,
      1.0129671096801758,
      1.0148334503173828,
      1.0141370296478271,
      1.0139468908309937,
      1.013688325881958,
      1.0135456323623657,
      1.0122547149658203,
      1.0131652355194092,
      1.0134952068328857,
      1.013485312461853,
      1.0135722160339355,
      1.0124998092651367,
      1.013242483139038,
      1.0127564668655396,
      1.0125505924224854,
      1.0119872093200684,
      1.0112190246582031,
      1.0119121074676514,
      1.0122787952423096,
      1.0124561786651611,
      1.010913372039795,
      1.0123357772827148,
      1.0119737386703491,
      1.0109385251998901,
      1.0096622705459595,
      1.0097261667251587,
      1.0097085237503052,
      1.0092943906784058,
      1.007385015487671,
      1.007962942123413,
      1.007035255432129,
      1.0065760612487793,
      1.00725519657135,
      1.0065457820892334,
      1.0069057941436768,
      1.0059599876403809,
      1.0063269138336182,
      1.0054094791412354,
      1.005250096321106,
      1.0044833421707153,
      1.005331039428711,
      1.0048060417175293,
      1.0045197010040283,
      1.0038825273513794,
      1.0041334629058838,
      1.002320647239685,
      1.003197431564331,
      1.0026861429214478,
      1.0033936500549316,
      1.002985954284668,
      1.0027542114257812,
      1.0035651922225952,
      1.0027920007705688,
      1.0026485919952393,
      1.0014010667800903,
      1.002268671989441,
      1.0013477802276611,
      1.001756191253662,
      1.001389503479004,
      1.0011073350906372,
      1.0011132955551147,
      1.001262903213501,
      1.0006000995635986,
      1.0016077756881714,
      1.0011423826217651,
      1.0006332397460938,
      1.001061201095581,
      1.0001686811447144,
      1.0011134147644043,
      1.0003199577331543,
      1.0011672973632812,
      1.0000004768371582,
      1.0006849765777588,
      1.0002312660217285,
      0.9997807741165161,
      1.0000827312469482,
      0.9997100830078125,
      1.0000168085098267,
      0.998978316783905,
      0.99968421459198,
      0.9995623826980591,
      0.998466432094574,
      0.9993966817855835,
      0.999454915523529,
      0.9983102679252625,
      0.9987049102783203,
      0.9985696077346802,
      0.9979536533355713,
      0.9980174899101257,
      0.9983006715774536,
      0.9970006346702576,
      0.9980360269546509,
      0.997462809085846,
      0.9975179433822632,
      0.9968119859695435,
      0.9974375367164612,
      0.9971174001693726,
      0.9967225790023804,
      0.9968702793121338,
      0.9977781176567078,
      0.9968369007110596,
      0.9963141679763794,
      0.9968422651290894,
      0.9969021081924438,
      0.9964946508407593,
      0.9960964918136597,
      0.9966375827789307,
      0.996596097946167,
      0.9962278604507446,
      0.995397686958313,
      0.9961690902709961,
      0.9958897829055786,
      0.9959758520126343,
      0.9956045746803284,
      0.995220422744751,
      0.9951974153518677,
      0.995492696762085,
      0.9959852695465088,
      0.9954830408096313,
      0.9955798387527466,
      0.9950176477432251,
      0.9955796003341675,
      0.9954278469085693,
      0.9953532814979553,
      0.9956023693084717,
      0.9957214593887329,
      0.9956029653549194,
      0.9950739741325378,
      0.995590090751648,
      0.9960514307022095,
      0.9952605962753296,
      0.9944329261779785,
      0.9946193695068359,
      0.9943205714225769,
      0.9943065643310547,
      0.9945409297943115,
      0.9940876960754395,
      0.9939102530479431,
      0.9931163787841797,
      0.9940987825393677,
      0.9937336444854736,
      0.9938050508499146,
      0.993970513343811,
      0.9938106536865234,
      0.9930191040039062,
      0.9926750659942627,
      0.9926979541778564,
      0.992969274520874,
      0.9930253028869629,
      0.9919880628585815,
      0.9924319982528687,
      0.9927924275398254,
      0.9916694760322571,
      0.9921141266822815,
      0.9925065040588379,
      0.9925353527069092,
