{
  "config": {
    "early_stopping": true,
    "epochs": 601,
    "expert_lr": 0.00185005,
    "expert_momentum": 0.932984,
    "expert_num": 4,
    "expert_weight_decay": 1e-05,
    "load_balancing": false,
    "optimizer_family": "original",
    "router_lr": 0.0252981,
    "router_momentum": 0.934049,
    "router_weight_decay": 0.0001
  },
  "eval_metrics": {
    "accuracy": 95.40625,
    "dispatch_counts": [
      [
        797.0,
        8.0,
        1.0,
        23.0
      ],
      [
        0.0,
        3.0,
        776.0,
        0.0
      ],
      [
        2.0,
        805.0,
        4.0,
        1.0
      ],
      [
        4.0,
        770.0,
        5.0,
        1.0
      ]
    ],
    "entropy": 0.3981100022792816,
    "loss": 0.35920676589012146,
    "runtime_seconds": 0.004431294277310371,
    "split": "validation"
  },
  "fold_index": 1,
  "mode": "nonlinear",
  "seed": 41812,
  "setting": 4,
  "total_runtime_seconds": 27.237852096557617,
  "train_metrics": {
    "dispatch_counts": [
      [
        3168.0,
        30.0,
        10.0,
        106.0
      ],
      [
        4.0,
        19.0,
        3095.0,
        0.0
      ],
      [
        11.0,
        3220.0,
        17.0,
        2.0
      ],
      [
        15.0,
        3080.0,
        17.0,
        6.0
      ]
    ],
    "entropy_record": [
      1.3854684829711914,
      1.3856462240219116,
      1.385715126991272,
      1.3856877088546753,
      1.3854933977127075,
      1.385750651359558,
      1.385434627532959,
      1.3853425979614258,
      1.3826009035110474,
      1.3771495819091797,
      1.3443653583526611,
      1.2642219066619873,
      1.1217663288116455,
      0.9131497740745544,
      0.7473527193069458,
      0.6598559617996216,
      0.5889509916305542,
      0.5481182932853699,
      0.5116419792175293,
      0.4790218472480774,
      0.4606529176235199,
      0.44603344798088074,
      0.4303365647792816,
      0.42364439368247986,
      0.4189721345901489,
      0.41266316175460815,
      0.4126235544681549,
      0.40590429306030273,
      0.4030545651912689,
      0.40969571471214294,
      0.40280458331108093,
      0.40145429968833923,
      0.4072926342487335,
      0.40371257066726685,
      0.4033392667770386,
      0.40309688448905945,
      0.39722102880477905,
      0.39552247524261475,
      0.399665892124176,
      0.4013354778289795,
      0.39540064334869385,
      0.4016690254211426,
      0.39770349860191345,
      0.39602139592170715,
      0.3969357907772064,
      0.3998669981956482,
      0.3961065411567688,
      0.3982466161251068,
      0.4013402462005615,
      0.4036242961883545,
      0.3976103961467743,
      0.40387678146362305,
      0.3999479413032532,
      0.39827316999435425,
      0.39891013503074646,
      0.4000309705734253,
      0.3990892469882965,
      0.4033476710319519,
      0.40021976828575134,
      0.3974287509918213,
      0.3996447026729584,
      0.39664071798324585,
      0.40156978368759155,
      0.39644062519073486,
      0.40226078033447266,
      0.40205082297325134,
      0.39905020594596863,
      0.4012404978275299,
      0.3980533182621002,
      0.3973199427127838,
      0.4013218879699707,
      0.3988145589828491,
      0.39906933903694153,
      0.4000881016254425,
      0.40165141224861145,
      0.40118715167045593,
      0.39654773473739624,
      0.39975714683532715,
      0.39970043301582336,
      0.39952749013900757,
      0.4016743302345276,
      0.3994113802909851,
      0.3986719250679016,
      0.4006597101688385,
      0.40004968643188477,
      0.3996517062187195,
      0.4017595946788788,
      0.39621326327323914,
      0.3998441994190216,
      0.4015328288078308,
      0.3938256800174713,
      0.40030404925346375,
      0.39885413646698,
      0.39751237630844116,
      0.40104907751083374,
      0.3987528383731842,
      0.39850959181785583,
      0.3977119028568268,
      0.39530232548713684,
      0.39913222193717957,
      0.3991822600364685,
      0.40028485655784607,
      0.4008094370365143,
      0.4029286503791809,
      0.39300456643104553,
      0.401380330324173,
      0.40273317694664,
      0.3986991345882416,
      0.3994305729866028,
      0.3965713381767273,
      0.4011339247226715,
      0.40007585287094116,
      0.399515837430954,
      0.3979003429412842,
      0.3993456959724426,
      0.3963179886341095,
      0.40246647596359253,
      0.400036096572876,
      0.4004655182361603,
      0.3997708559036255,
      0.3964295983314514,
      0.40152090787887573,
      0.3991380035877228,
      0.4003099203109741,
      0.3969598114490509,
      0.4028802812099457,
      0.40246063470840454,
      0.40161314606666565,
      0.40017080307006836,
      0.4007376730442047,
      0.3995231091976166,
      0.39677461981773376,
      0.40170320868492126,
      0.39992332458496094,
      0.4024510383605957,
      0.39508670568466187,
      0.40221476554870605,
      0.40301960706710815,
      0.404201865196228,
      0.4039609432220459,
      0.3997177183628082,
      0.4005107283592224,
      0.39909854531288147,
      0.40007421374320984,
      0.39973145723342896,
      0.4016716778278351,
      0.39927324652671814,
      0.39755573868751526,
      0.40100425481796265,
      0.39805933833122253,
      0.4012473225593567,
      0.39823105931282043,
      0.4007575809955597,
      0.39989984035491943,
      0.4007415175437927,
      0.40155214071273804,
      0.4019080698490143,
      0.40068987011909485,
      0.40158432722091675,
      0.3982481360435486,
      0.3988367021083832,
      0.40200766921043396,
      0.40275099873542786,
      0.4009844660758972,
      0.3998333215713501,
      0.4016530513763428,
      0.405061811208725,
      0.3978620767593384,
      0.4007621705532074,
      0.40114402770996094,
      0.39554113149642944,
      0.3994933068752289,
      0.39810287952423096,
      0.39808470010757446,
      0.40257957577705383,
      0.39977315068244934,
      0.40218085050582886,
      0.3976895213127136,
      0.4024994969367981,
      0.40743157267570496,
      0.40546050667762756,
      0.40115222334861755,
      0.4025701880455017,
      0.4035308063030243,
      0.40027227997779846,
      0.3999149799346924,
      0.39782842993736267,
      0.3980659544467926,
      0.40205061435699463,
      0.4023778736591339,
      0.40141674876213074,
      0.39980506896972656,
      0.3995087146759033,
      0.40217384696006775,
      0.40171509981155396,
      0.3997005224227905,
      0.39934325218200684,
      0.4054824709892273,
      0.40242913365364075,
      0.400187611579895,
      0.4000844657421112,
      0.4010956287384033,
      0.4058612883090973,
      0.40016087889671326,
      0.40031078457832336,
      0.4016912877559662,
      0.40336063504219055,
      0.3983387351036072,
      0.4018550515174866,
      0.40114572644233704,
      0.4028770625591278,
      0.40199145674705505,
      0.3973924219608307,
      0.40539073944091797,
      0.40280604362487793,
      0.40161779522895813,
      0.40191107988357544,
      0.4021153450012207,
      0.4026646018028259,
      0.405569463968277,
      0.4045122265815735,
      0.4029819667339325,
      0.4049701392650604,
      0.40313565731048584,
      0.4034394919872284,
      0.4012998640537262,
      0.4024467468261719,
      0.39924392104148865,
      0.403598815202713,
      0.4002251625061035,
      0.39795640110969543,
      0.39843684434890747,
      0.3982197642326355,
      0.4007606506347656,
      0.4045422077178955,
      0.40165194869041443,
      0.4018336236476898,
      0.4041783809661865,
      0.39795708656311035,
      0.3991684019565582,
      0.40568602085113525,
      0.3980819880962372,
      0.40059179067611694,
      0.4012415111064911,
      0.4013018012046814,
      0.40213102102279663,
      0.4010663330554962,
      0.4017159938812256,
      0.40227851271629333,
      0.4007878601551056,
      0.4005576968193054,
      0.40327924489974976,
