{
  "config": {
    "early_stopping": true,
    "epochs": 601,
    "expert_lr": 0.00185005,
    "expert_momentum": 0.932984,
    "expert_num": 4,
    "expert_weight_decay": 1e-05,
    "load_balancing": false,
    "optimizer_family": "original",
    "router_lr": 0.0252981,
    "router_momentum": 0.934049,
    "router_weight_decay": 0.0001
  },
  "eval_metrics": {
    "accuracy": 96.71875,
    "dispatch_counts": [
      [
        3.0,
        0.0,
        2.0,
        824.0
      ],
      [
        392.0,
        385.0,
        1.0,
        1.0
      ],
      [
        731.0,
        70.0,
        2.0,
        10.0
      ],
      [
        6.0,
        1.0,
        772.0,
        0.0
      ]
    ],
    "entropy": 0.3389027416706085,
    "loss": 0.3461470901966095,
    "runtime_seconds": 0.004536165855824947,
    "split": "validation"
  },
  "fold_index": 2,
  "mode": "nonlinear",
  "seed": 41813,
  "setting": 4,
  "total_runtime_seconds": 27.193840967025608,
  "train_metrics": {
    "dispatch_counts": [
      [
        33.0,
        6.0,
        11.0,
        3264.0
      ],
      [
        1558.0,
        1549.0,
        3.0,
        8.0
      ],
      [
        2959.0,
        227.0,
        26.0,
        37.0
      ],
      [
        18.0,
        3.0,
        3097.0,
        1.0
      ]
    ],
    "entropy_record": [
      1.3858221769332886,
      1.3854806423187256,
      1.3853235244750977,
      1.3857247829437256,
      1.3857001066207886,
      1.3853371143341064,
      1.385648250579834,
      1.385014533996582,
      1.3847609758377075,
      1.3778091669082642,
      1.3519612550735474,
      1.2771532535552979,
      1.1381475925445557,
      0.9420957565307617,
      0.7678797841072083,
      0.6396945714950562,
      0.5690232515335083,
      0.5340186357498169,
      0.4999184012413025,
      0.4808894991874695,
      0.44763314723968506,
      0.42278164625167847,
      0.4100995361804962,
      0.3804077208042145,
      0.361854612827301,
      0.3498728275299072,
      0.34845244884490967,
      0.343057245016098,
      0.33308690786361694,
      0.32578587532043457,
      0.32805296778678894,
      0.3282545208930969,
      0.32618245482444763,
      0.33029207587242126,
      0.32332977652549744,
      0.3262270987033844,
      0.32660937309265137,
      0.33420687913894653,
      0.3350382447242737,
      0.33392801880836487,
      0.33531543612480164,
      0.33920222520828247,
      0.3304915726184845,
      0.33789217472076416,
      0.3403644859790802,
      0.3376898169517517,
      0.33549201488494873,
      0.3435095250606537,
      0.3414788544178009,
      0.34386301040649414,
      0.341354101896286,
      0.34197160601615906,
      0.33833643794059753,
      0.3391033411026001,
      0.34062322974205017,
      0.342704713344574,
      0.335592657327652,
      0.34620073437690735,
      0.34901195764541626,
      0.3470907509326935,
      0.3397305905818939,
      0.34811559319496155,
      0.3450013995170593,
      0.3445318937301636,
      0.34891822934150696,
      0.3482442796230316,
      0.348656564950943,
      0.3480192720890045,
      0.34761863946914673,
      0.346068412065506,
      0.3482264280319214,
      0.3509466052055359,
      0.3480735421180725,
      0.3444148600101471,
      0.34244900941848755,
      0.34572383761405945,
      0.3429114520549774,
      0.3486787676811218,
      0.34860125184059143,
      0.35261300206184387,
      0.349684476852417,
      0.3512153923511505,
      0.3522007167339325,
      0.3491414189338684,
      0.35034504532814026,
      0.35114604234695435,
      0.34888043999671936,
      0.3484649956226349,
      0.34922119975090027,
      0.3504105806350708,
      0.35268932580947876,
      0.34658554196357727,
      0.348568856716156,
      0.34739500284194946,
      0.3510361909866333,
      0.34803956747055054,
      0.3467201590538025,
      0.34912142157554626,
      0.34914395213127136,
      0.3449728488922119,
      0.34680411219596863,
      0.3501037061214447,
      0.3453490138053894,
      0.3465677797794342,
      0.351325660943985,
      0.35037750005722046,
      0.3464316129684448,
      0.35127437114715576,
      0.3546088933944702,
      0.3557317554950714,
      0.350715696811676,
      0.350673645734787,
      0.3489624559879303,
      0.34517374634742737,
      0.35237085819244385,
      0.34768128395080566,
      0.3473619520664215,
      0.345990926027298,
      0.3539905846118927,
      0.34832507371902466,
      0.34866809844970703,
      0.35066792368888855,
      0.3489423990249634,
      0.3467581272125244,
      0.35001444816589355,
      0.3500451147556305,
      0.3431360423564911,
      0.35127338767051697,
      0.35047098994255066,
      0.350819855928421,
      0.34924623370170593,
      0.35261327028274536,
      0.3495708703994751,
      0.3473222851753235,
      0.34965768456459045,
      0.3455018103122711,
      0.3459204435348511,
      0.3500520884990692,
      0.3476001024246216,
      0.35242271423339844,
      0.34829437732696533,
      0.3531712293624878,
      0.35272520780563354,
      0.3445616662502289,
      0.34755125641822815,
      0.3435380160808563,
      0.3521605432033539,
      0.3500671684741974,
      0.3481080234050751,
      0.35225316882133484,
      0.34646669030189514,
      0.3519938290119171,
      0.35331106185913086,
      0.34551987051963806,
      0.35259565711021423,
      0.3476882576942444,
      0.35196882486343384,
      0.34943887591362,
      0.3489786684513092,
      0.3483971953392029,
      0.35049694776535034,
      0.3509282171726227,
      0.3479640781879425,
      0.3527070879936218,
      0.34849461913108826,
      0.3472652733325958,
      0.34972143173217773,
      0.35025790333747864,
      0.3498073220252991,
      0.3463929295539856,
      0.35018226504325867,
      0.34506794810295105,
      0.35114043951034546,
      0.35145068168640137,
      0.3490244150161743,
      0.34477171301841736,
      0.3535468280315399,
      0.34524378180503845,
      0.35125112533569336,
      0.35463422536849976,
      0.3448522686958313,
      0.34999707341194153,
      0.3527396619319916,
      0.34826594591140747,
      0.35154300928115845,
      0.34545469284057617,
      0.34334811568260193,
      0.3542766273021698,
      0.34414076805114746,
      0.3462449312210083,
      0.3420926630496979,
      0.34860044717788696,
      0.34931591153144836,
      0.3451920747756958,
      0.34823355078697205,
      0.35170039534568787,
      0.35148885846138,
      0.34738031029701233,
      0.3499957025051117,
      0.34650853276252747,
      0.3478468358516693,
      0.3465452790260315,
      0.34961217641830444,
      0.35232073068618774,
      0.35120633244514465,
      0.3512421250343323,
      0.3431665003299713,
      0.3512348532676697,
      0.35052865743637085,
      0.3490197956562042,
      0.3517971634864807,
      0.35254719853401184,
      0.35141775012016296,
      0.347103089094162,
      0.352103054523468,
      0.3473556339740753,
      0.34833723306655884,
      0.3488355278968811,
      0.350125253200531,
      0.3499765396118164,
      0.3501918613910675,
      0.34519898891448975,
      0.35372716188430786,
      0.35287904739379883,
      0.3492448031902313,
      0.3497314751148224,
      0.3503595292568207,
      0.3490366041660309,
      0.3509586453437805,
      0.3516589105129242,
      0.3498229384422302,
      0.3446524441242218,
      0.35400718450546265,
      0.35055747628211975,
      0.3490903377532959,
      0.3511776030063629,
      0.34872135519981384,
      0.3524162471294403,
      0.348477303981781,
      0.3532426655292511,
      0.3542928993701935,
      0.3472900092601776,
      0.3559459447860718,
      0.34766900539398193,
      0.34830716252326965,
      0.3466586470603943,
      0.3494538366794586,
      0.34992778301239014,
      0.3499811887741089,
      0.3504025638103485,
      0.3458736836910248,
      0.35257238149642944,
      0.351904958486557,
