{
  "config": {
    "early_stopping": true,
    "epochs": 601,
    "expert_lr": 0.00098395,
    "expert_momentum": 0.875867,
    "expert_num": 4,
    "expert_weight_decay": 0.0001,
    "load_balancing": false,
    "optimizer_family": "original",
    "router_lr": 0.13909528,
    "router_momentum": 0.939587,
    "router_weight_decay": 1e-05
  },
  "eval_metrics": {
    "accuracy": 91.1875,
    "dispatch_counts": [
      [
        153.0,
        9.0,
        403.0,
        264.0
      ],
      [
        580.0,
        4.0,
        147.0,
        48.0
      ],
      [
        25.0,
        659.0,
        104.0,
        24.0
      ],
      [
        49.0,
        1.0,
        160.0,
        570.0
      ]
    ],
    "entropy": 0.8052647709846497,
    "loss": 0.40143629908561707,
    "runtime_seconds": 0.004449374973773956,
    "split": "validation"
  },
  "fold_index": 1,
  "mode": "nonlinear",
  "seed": 20112,
  "setting": 2,
  "total_runtime_seconds": 27.425527650862932,
  "train_metrics": {
    "dispatch_counts": [
      [
        589.0,
        44.0,
        1623.0,
        1058.0
      ],
      [
        2288.0,
        7.0,
        640.0,
        183.0
      ],
      [
        65.0,
        2648.0,
        471.0,
        66.0
      ],
      [
        180.0,
        12.0,
        612.0,
        2314.0
      ]
    ],
    "entropy_record": [
      1.385770559310913,
      1.3855384588241577,
      1.3853566646575928,
      1.3856303691864014,
      1.3857091665267944,
      1.385091781616211,
      1.385789155960083,
      1.3850159645080566,
      1.3845710754394531,
      1.3793138265609741,
      1.3479700088500977,
      1.249173879623413,
      0.9732680320739746,
      0.6797479391098022,
      0.5644850730895996,
      0.5249420404434204,
      0.5249102711677551,
      0.5245340466499329,
      0.5232325196266174,
      0.5281458497047424,
      0.5186026096343994,
      0.5174763798713684,
      0.5125120282173157,
      0.5142704248428345,
      0.5062147378921509,
      0.510444164276123,
      0.5061310529708862,
      0.5090768337249756,
      0.5100120306015015,
      0.510516881942749,
      0.5192923545837402,
      0.5252872705459595,
      0.5338370203971863,
      0.5420024394989014,
      0.5544176697731018,
      0.5653984546661377,
      0.5780931115150452,
      0.5862060785293579,
      0.5931771397590637,
      0.6078784465789795,
      0.6146417856216431,
      0.622238039970398,
      0.6251323819160461,
      0.6311151385307312,
      0.6348855495452881,
      0.6333353519439697,
      0.6352847814559937,
      0.6378109455108643,
      0.6410409212112427,
      0.6425236463546753,
      0.6449545621871948,
      0.6476888656616211,
      0.6526700258255005,
      0.6547623872756958,
      0.6557639837265015,
      0.6644657254219055,
      0.6667187213897705,
      0.6649085283279419,
      0.6675719022750854,
      0.6683498620986938,
      0.6687402725219727,
      0.6676614284515381,
      0.6662856340408325,
      0.6693344712257385,
      0.6671772599220276,
      0.667508065700531,
      0.6690395474433899,
      0.6699618101119995,
      0.672778844833374,
      0.6749556660652161,
      0.6773638725280762,
      0.6766661405563354,
      0.678717851638794,
      0.6800618171691895,
      0.6819823384284973,
      0.6849490404129028,
      0.6846016645431519,
      0.6856659650802612,
      0.6875425577163696,
      0.690544843673706,
      0.6913691759109497,
      0.6952806711196899,
      0.7000147104263306,
      0.6994736790657043,
      0.704078197479248,
      0.7055147290229797,
      0.7087482213973999,
      0.7133609056472778,
      0.7156803607940674,
      0.717267632484436,
      0.720590353012085,
      0.7237418293952942,
      0.7254992723464966,
      0.7269232273101807,
      0.7279407978057861,
      0.7309188842773438,
      0.731332540512085,
      0.732163667678833,
      0.7320632934570312,
      0.7381484508514404,
      0.7365974187850952,
      0.7400487661361694,
      0.7419265508651733,
      0.7445508241653442,
      0.746181070804596,
      0.7500481605529785,
      0.750775933265686,
      0.7532236576080322,
      0.752467930316925,
      0.7583560943603516,
      0.7569797039031982,
      0.7590733766555786,
      0.7617799043655396,
      0.7628124952316284,
      0.7652343511581421,
      0.7641915082931519,
      0.7648465037345886,
      0.7645770311355591,
      0.7649469971656799,
      0.7666338682174683,
      0.7670356035232544,
      0.7664934992790222,
      0.7664778828620911,
      0.7688099145889282,
      0.7702193260192871,
      0.7698994278907776,
      0.7710375785827637,
      0.7720918655395508,
      0.7711942195892334,
      0.7741127014160156,
      0.7738595008850098,
      0.7734906673431396,
      0.7765730619430542,
      0.7767341732978821,
      0.7748267650604248,
      0.7784528732299805,
      0.7789518237113953,
      0.7797518968582153,
      0.7784130573272705,
      0.7797718048095703,
      0.7786667346954346,
      0.7803335189819336,
      0.7799991369247437,
      0.781409502029419,
      0.782904326915741,
      0.7807644009590149,
      0.7837584614753723,
      0.7844246625900269,
      0.7843191623687744,
      0.7875336408615112,
      0.7863101959228516,
      0.7883846759796143,
      0.7875728607177734,
      0.7877415418624878,
      0.7908636331558228,
      0.7901419401168823,
      0.7910199761390686,
      0.7903606295585632,
      0.7918511629104614,
      0.7925260066986084,
      0.7932835817337036,
      0.7910995483398438,
      0.7894974946975708,
      0.7923505306243896,
      0.7916080951690674,
      0.7936263084411621,
      0.7935470342636108,
      0.7945219874382019,
      0.7937109470367432,
      0.7937783002853394,
      0.7943020462989807,
      0.7959351539611816,
      0.7950531244277954,
      0.7951459288597107,
      0.7969711422920227,
      0.7947670817375183,
      0.7959458827972412,
      0.793675422668457,
      0.79597008228302,
      0.7950714230537415,
      0.7981181144714355,
      0.7946282625198364,
      0.795064389705658,
      0.7960492372512817,
      0.7952132225036621,
      0.7971107959747314,
      0.7976223230361938,
      0.7961462736129761,
      0.7995762825012207,
      0.795233428478241,
      0.7970857620239258,
      0.7978909015655518,
      0.7974371910095215,
      0.7996667623519897,
      0.7966080904006958,
      0.7991414666175842,
      0.8002275228500366,
      0.7994695901870728,
      0.8001533150672913,
      0.8012750148773193,
      0.8007206916809082,
      0.8003929853439331,
      0.8000020980834961,
      0.8007106781005859,
      0.8019417524337769,
      0.8006112575531006,
      0.8002620935440063,
      0.8017997741699219,
      0.7999693155288696,
      0.8007047176361084,
      0.7979596853256226,
      0.7956620454788208,
      0.7945859432220459,
      0.7921699285507202,
      0.7904950380325317,
      0.7899072170257568,
      0.7894563674926758,
      0.7883398532867432,
      0.789952278137207,
      0.7850214242935181,
      0.7872112393379211,
      0.7867820262908936,
      0.7846992611885071,
      0.7817963361740112,
      0.7827626466751099,
      0.7820627689361572,
      0.7813123464584351,
      0.7817341089248657,
      0.7820782661437988,
      0.78086256980896,
      0.7808610796928406,
      0.780896782875061,
      0.7831860780715942,
      0.7817535400390625,
      0.7831943035125732,
      0.7809435725212097,
      0.7807439565658569,
      0.7809374928474426,
      0.7794244289398193,
      0.7810906171798706,
      0.7827109098434448,
      0.7794585227966309,
      0.7828786969184875,
      0.7841419577598572,
      0.7825269103050232,
      0.7785391807556152,
      0.7827796936035156,
      0.7772735357284546,
      0.7780524492263794,
      0.7792086601257324,
      0.7789663076400757,
      0.7803577184677124,
      0.7765964865684509,
      0.7763004899024963,
      0.7775668501853943,
      0.7749413251876831,
