{
  "config": {
    "early_stopping": true,
    "epochs": 601,
    "expert_lr": 0.00098395,
    "expert_momentum": 0.875867,
    "expert_num": 4,
    "expert_weight_decay": 0.0001,
    "load_balancing": false,
    "optimizer_family": "original",
    "router_lr": 0.13909528,
    "router_momentum": 0.939587,
    "router_weight_decay": 1e-05
  },
  "eval_metrics": {
    "accuracy": 99.09375,
    "dispatch_counts": [
      [
        0.0,
        826.0,
        2.0,
        0.0
      ],
      [
        1.0,
        2.0,
        7.0,
        770.0
      ],
      [
        0.0,
        3.0,
        809.0,
        0.0
      ],
      [
        773.0,
        1.0,
        6.0,
        0.0
      ]
    ],
    "entropy": 0.04347096011042595,
    "loss": 0.3223789632320404,
    "runtime_seconds": 0.0043201451189816,
    "split": "validation"
  },
  "fold_index": 4,
  "mode": "nonlinear",
  "seed": 20115,
  "setting": 2,
  "total_runtime_seconds": 27.42435948178172,
  "train_metrics": {
    "dispatch_counts": [
      [
        2.0,
        3306.0,
        6.0,
        1.0
      ],
      [
        2.0,
        7.0,
        19.0,
        3089.0
      ],
      [
        1.0,
        5.0,
        3240.0,
        4.0
      ],
      [
        3092.0,
        7.0,
        14.0,
        5.0
      ]
    ],
    "entropy_record": [
      1.3857578039169312,
      1.3858058452606201,
      1.3855183124542236,
      1.3853884935379028,
      1.3854563236236572,
      1.3856502771377563,
      1.3857249021530151,
      1.3851872682571411,
      1.3840997219085693,
      1.3813761472702026,
      1.3649780750274658,
      1.3001649379730225,
      1.0896258354187012,
      0.8593345284461975,
      0.797924816608429,
      0.7794417142868042,
      0.723926842212677,
      0.6433867812156677,
      0.5585472583770752,
      0.4819498658180237,
      0.40236279368400574,
      0.3416570723056793,
      0.28130996227264404,
      0.2382601946592331,
      0.2023531049489975,
      0.1643787920475006,
      0.1444822996854782,
      0.12019858509302139,
      0.10361382365226746,
      0.09720326215028763,
      0.08622743934392929,
      0.0797058641910553,
      0.07606787979602814,
      0.07254073023796082,
      0.06571370363235474,
      0.06345391273498535,
      0.05649947002530098,
      0.05716165155172348,
      0.05675724521279335,
      0.055060915648937225,
      0.05245540291070938,
      0.049846868962049484,
      0.054054006934165955,
      0.04872638359665871,
      0.046788498759269714,
      0.047311652451753616,
      0.047472450882196426,
      0.0449751578271389,
      0.046704165637493134,
      0.04433593526482582,
      0.04438427835702896,
      0.043537773191928864,
      0.04296107590198517,
      0.04382188245654106,
      0.04289325699210167,
      0.04190114140510559,
      0.041956108063459396,
      0.039488792419433594,
      0.04083232954144478,
      0.040943339467048645,
      0.04272651672363281,
      0.042742691934108734,
      0.03987119346857071,
      0.03905518352985382,
      0.04076971113681793,
      0.04171151667833328,
      0.0419573076069355,
      0.03921159356832504,
      0.04080556705594063,
      0.04132074490189552,
      0.04061179235577583,
      0.039195358753204346,
      0.03958430513739586,
      0.040875330567359924,
      0.04066348448395729,
      0.04014913737773895,
      0.03963996469974518,
      0.04066550359129906,
      0.03935941681265831,
      0.04052935168147087,
      0.03867543116211891,
      0.03888322412967682,
      0.039662349969148636,
      0.039153389632701874,
      0.03934299945831299,
      0.039022382348775864,
      0.03964058309793472,
      0.03928978741168976,
      0.04074656590819359,
      0.04020172357559204,
      0.03848409652709961,
      0.03983725607395172,
      0.038958124816417694,
      0.04010453820228577,
      0.0395536907017231,
      0.03935142606496811,
      0.03897567838430405,
      0.04160787910223007,
      0.04172660782933235,
      0.03883783519268036,
      0.03865119814872742,
      0.040080778300762177,
      0.04202673211693764,
      0.03887635096907616,
      0.03915194422006607,
      0.04111390933394432,
      0.04015028849244118,
      0.038309402763843536,
      0.0402648039162159,
      0.03841620683670044,
      0.04136292636394501,
      0.039594829082489014,
      0.03986768051981926,
      0.04002520442008972,
      0.04032638296484947,
      0.0400640033185482,
      0.039501968771219254,
      0.04098536819219589,
      0.040214285254478455,
      0.04013920575380325,
      0.039240408688783646,
      0.03892087936401367,
      0.038031674921512604,
      0.03969563916325569,
      0.04098603501915932,
      0.03874329850077629,
      0.04061107710003853,
      0.04091974347829819,
      0.03978760167956352,
      0.0378517284989357,
      0.039917342364788055,
      0.03987395018339157,
      0.03963429853320122,
      0.040059320628643036,
      0.04046031832695007,
      0.03974885493516922,
      0.039345938712358475,
      0.03943492844700813,
      0.038256797939538956,
      0.04023183882236481,
      0.039696890860795975,
      0.039752762764692307,
      0.04061988741159439,
      0.039064954966306686,
      0.0404975563287735,
      0.03901911526918411,
      0.03899962082505226,
      0.03998430073261261,
      0.037913236767053604,
      0.03985651209950447,
      0.03934299945831299,
      0.04028543829917908,
      0.03975016623735428,
      0.039853885769844055,
      0.0390143021941185,
      0.03923433646559715,
      0.040080178529024124,
      0.039213962852954865,
      0.04142498970031738,
      0.0400368757545948,
      0.03958255797624588,
      0.04076765477657318,
      0.03966379910707474,
      0.03768421709537506,
      0.042605407536029816,
      0.03987882658839226,
      0.03952794149518013,
      0.040861163288354874,
      0.03958258777856827,
      0.039673078805208206,
      0.040173545479774475,
      0.03967693820595741,
      0.03990531340241432,
      0.04010072350502014,
      0.041259776800870895,
      0.03845420479774475,
      0.03932198882102966,
      0.039728403091430664,
      0.04022832214832306,
      0.03918619453907013,
      0.04011458158493042,
      0.04116776958107948,
      0.0392332524061203,
      0.039773523807525635,
      0.03967204689979553,
      0.04098453372716904,
      0.039296794682741165,
      0.04112027585506439,
      0.04015028849244118,
      0.0417093001306057,
      0.04005857929587364,
      0.04096993803977966,
      0.04172192141413689,
      0.04027394950389862,
      0.04032951593399048,
      0.04078853502869606,
      0.0413658544421196,
      0.039369333535432816,
      0.039673078805208206,
      0.039680365473032,
      0.04056723788380623,
      0.03941560536623001,
      0.04120544344186783,
      0.04024149477481842,
      0.041328370571136475,
      0.041966356337070465,
      0.03959159925580025,
      0.03918635845184326,
      0.04100125655531883,
      0.04005872458219528,
      0.03884489834308624,
      0.040953174233436584,
      0.039662547409534454,
      0.03932121396064758,
      0.041838519275188446,
      0.04206289350986481,
      0.0401432178914547,
      0.040248386561870575,
      0.04003877192735672,
      0.04070276767015457,
      0.03830989822745323,
      0.0419401191174984,
      0.03872441500425339,
      0.041576534509658813,
      0.03896607458591461,
      0.039903491735458374,
      0.039752762764692307,
      0.03972131013870239,
      0.03956964612007141,
      0.03980705142021179,
      0.039296794682741165,
      0.04055079072713852,
      0.04008418694138527,
      0.04323408752679825,
      0.03997068852186203,
      0.03961615636944771,
      0.03918635845184326,
      0.0391814261674881,
      0.039942894130945206,
      0.03966379910707474,
      0.04139275103807449,
      0.03995746746659279,
      0.0411493293941021,
      0.03966309875249863,
      0.0407559871673584,
      0.04030776023864746,
