{
  "config": {
    "early_stopping": true,
    "epochs": 601,
    "expert_lr": 0.00098395,
    "expert_momentum": 0.875867,
    "expert_num": 4,
    "expert_weight_decay": 0.0001,
    "load_balancing": false,
    "optimizer_family": "original",
    "router_lr": 0.13909528,
    "router_momentum": 0.939587,
    "router_weight_decay": 1e-05
  },
  "eval_metrics": {
    "accuracy": 91.8125,
    "dispatch_counts": [
      [
        183.0,
        5.0,
        1.0,
        639.0
      ],
      [
        385.0,
        127.0,
        18.0,
        250.0
      ],
      [
        297.0,
        494.0,
        17.0,
        4.0
      ],
      [
        126.0,
        29.0,
        605.0,
        20.0
      ]
    ],
    "entropy": 0.8033679723739624,
    "loss": 0.3952537477016449,
    "runtime_seconds": 0.004288864322006702,
    "split": "validation"
  },
  "fold_index": 0,
  "mode": "nonlinear",
  "seed": 20111,
  "setting": 2,
  "total_runtime_seconds": 23.250338315498084,
  "train_metrics": {
    "dispatch_counts": [
      [
        715.0,
        10.0,
        17.0,
        2573.0
      ],
      [
        1529.0,
        529.0,
        89.0,
        970.0
      ],
      [
        1146.0,
        2030.0,
        58.0,
        16.0
      ],
      [
        541.0,
        128.0,
        2370.0,
        79.0
      ]
    ],
    "entropy_record": [
      1.385844349861145,
      1.3854851722717285,
      1.3855763673782349,
      1.3857260942459106,
      1.3855339288711548,
      1.3856873512268066,
      1.3852025270462036,
      1.3854378461837769,
      1.3847630023956299,
      1.3829641342163086,
      1.3662949800491333,
      1.3047401905059814,
      1.1092458963394165,
      0.7629861831665039,
      0.6050618886947632,
      0.5508664846420288,
      0.5124297738075256,
      0.506845235824585,
      0.48959365487098694,
      0.48686593770980835,
      0.48768746852874756,
      0.48837560415267944,
      0.4877346158027649,
      0.48883503675460815,
      0.4889203906059265,
      0.48990678787231445,
      0.4931841492652893,
      0.49453699588775635,
      0.49651476740837097,
      0.49467575550079346,
      0.4971137046813965,
      0.493943989276886,
      0.49432581663131714,
      0.4967688322067261,
      0.4988396167755127,
      0.5016393661499023,
      0.5063972473144531,
      0.5070937871932983,
      0.5117710828781128,
      0.5122697353363037,
      0.514180600643158,
      0.5205458402633667,
      0.5245909690856934,
      0.5282009243965149,
      0.5334142446517944,
      0.5372339487075806,
      0.5416247844696045,
      0.5442410707473755,
      0.5521404147148132,
      0.5559903383255005,
      0.5629158020019531,
      0.5688560009002686,
      0.5735395550727844,
      0.5759556889533997,
      0.5811733603477478,
      0.5843366980552673,
      0.5905808806419373,
      0.5958366990089417,
      0.5977106690406799,
      0.6040892601013184,
      0.6075315475463867,
      0.6149227023124695,
      0.6180999875068665,
      0.6228698492050171,
      0.6245993971824646,
      0.6315332651138306,
      0.6324500441551208,
      0.6376610398292542,
      0.6423474550247192,
      0.6458228826522827,
      0.6512344479560852,
      0.65519118309021,
      0.6576129794120789,
      0.6570414304733276,
      0.6610498428344727,
      0.6592811942100525,
      0.6645027995109558,
      0.6686715483665466,
      0.6667599678039551,
      0.6706880927085876,
      0.670567512512207,
      0.6740437150001526,
      0.6786234378814697,
      0.6783567667007446,
      0.6811957359313965,
      0.6836589574813843,
      0.6842964887619019,
      0.6901080012321472,
      0.6931208372116089,
      0.6924734115600586,
      0.6958411931991577,
      0.6985309720039368,
      0.7016764879226685,
      0.704992413520813,
      0.7046871185302734,
      0.7075627446174622,
      0.7108885645866394,
      0.7129534482955933,
      0.717218279838562,
      0.717673659324646,
      0.7214444875717163,
      0.7233439683914185,
      0.723101019859314,
      0.7250268459320068,
      0.7283217310905457,
      0.7308470010757446,
      0.732937753200531,
      0.7339826822280884,
      0.7379714846611023,
      0.7385383248329163,
      0.7409243583679199,
      0.7430940866470337,
      0.7459236979484558,
      0.7457081079483032,
      0.74853515625,
      0.7478649020195007,
      0.7450308799743652,
      0.7453961968421936,
      0.7478431463241577,
      0.7474464178085327,
      0.7474514245986938,
      0.747389018535614,
      0.745265543460846,
      0.7442598938941956,
      0.7461630702018738,
      0.7433509826660156,
      0.7459695935249329,
      0.7441407442092896,
      0.7463117837905884,
      0.7446602582931519,
      0.7450694441795349,
      0.7478119134902954,
      0.745003342628479,
      0.7470554709434509,
      0.7447340488433838,
      0.7470980882644653,
      0.7456470131874084,
      0.7450553178787231,
      0.744425892829895,
      0.7459168434143066,
      0.7437730431556702,
      0.7429064512252808,
      0.7417060136795044,
      0.7389073371887207,
      0.7393850088119507,
      0.7389464974403381,
      0.7400459051132202,
      0.7404769062995911,
      0.7432202100753784,
      0.7428995370864868,
      0.7416727542877197,
      0.7435373067855835,
      0.7416667342185974,
      0.74311363697052,
      0.7396930456161499,
      0.7411766052246094,
      0.7414669990539551,
      0.7408061027526855,
      0.7410584688186646,
      0.7423460483551025,
      0.7421035766601562,
      0.7425013780593872,
      0.7399262189865112,
      0.7406492829322815,
      0.7439581751823425,
      0.7424917817115784,
      0.7402822375297546,
      0.7439080476760864,
      0.7434284090995789,
      0.7432138919830322,
      0.7434585094451904,
      0.7428271770477295,
      0.7444448471069336,
      0.7465962171554565,
      0.7458726763725281,
      0.7475699186325073,
      0.7447880506515503,
      0.7452889680862427,
      0.7451719641685486,
      0.7430455684661865,
      0.742031455039978,
      0.7404674887657166,
      0.7390009164810181,
      0.7377247214317322,
      0.7358927726745605,
      0.7325945496559143,
      0.7324624061584473,
      0.7286109924316406,
      0.7339290380477905,
      0.7286415100097656,
      0.7271775007247925,
      0.7281707525253296,
      0.7273455262184143,
      0.7265860438346863,
      0.7281902432441711,
      0.7257677316665649,
      0.725490152835846,
      0.7257237434387207,
      0.7263724207878113,
      0.7285990715026855,
      0.7270470857620239,
      0.7238451242446899,
      0.7253329753875732,
      0.7264134287834167,
      0.7255225777626038,
      0.7271435260772705,
      0.7274965047836304,
      0.724425196647644,
      0.7261887192726135,
      0.7284526228904724,
      0.7248485088348389,
      0.7257721424102783,
      0.7253152132034302,
      0.7258027791976929,
      0.7262200117111206,
      0.7251121997833252,
      0.7264893651008606,
      0.7282233238220215,
      0.7263971567153931,
      0.7278812527656555,
      0.7297074198722839,
      0.729220986366272,
      0.7360835075378418,
      0.7330104112625122,
      0.7337061762809753,
      0.7396082282066345,
      0.7338753342628479,
      0.7364233136177063,
      0.7371496558189392,
      0.7380164265632629,
      0.7385776042938232,
      0.7384591102600098,
      0.7402466535568237,
      0.7410060167312622,
      0.7415882349014282,
      0.7437596321105957,
      0.7430710196495056,
      0.7445406913757324,
      0.7435719966888428,
      0.7424578666687012,
      0.7440125942230225,
      0.7405980825424194,
      0.7415570616722107,
      0.7409998178482056,
      0.7432337999343872,
      0.742784321308136,
      0.745033860206604,
      0.743962287902832,
      0.7452308535575867,
      0.7451358437538147,
      0.7466905117034912,
      0.7450467348098755,
      0.7450982332229614,
      0.7459475994110107,
      0.745823860168457,
      0.7462853193283081,
