{
  "config": {
    "early_stopping": true,
    "epochs": 601,
    "expert_lr": 0.00098395,
    "expert_momentum": 0.875867,
    "expert_num": 4,
    "expert_weight_decay": 0.0001,
    "load_balancing": false,
    "optimizer_family": "original",
    "router_lr": 0.13909528,
    "router_momentum": 0.939587,
    "router_weight_decay": 1e-05
  },
  "eval_metrics": {
    "accuracy": 91.25,
    "dispatch_counts": [
      [
        569.0,
        4.0,
        74.0,
        182.0
      ],
      [
        13.0,
        598.0,
        74.0,
        94.0
      ],
      [
        31.0,
        3.0,
        448.0,
        331.0
      ],
      [
        96.0,
        17.0,
        330.0,
        336.0
      ]
    ],
    "entropy": 0.8863143920898438,
    "loss": 0.3990534245967865,
    "runtime_seconds": 0.004300688859075308,
    "split": "validation"
  },
  "fold_index": 3,
  "mode": "nonlinear",
  "seed": 20114,
  "setting": 2,
  "total_runtime_seconds": 4.753271501976997,
  "train_metrics": {
    "dispatch_counts": [
      [
        2340.0,
        6.0,
        268.0,
        700.0
      ],
      [
        40.0,
        2336.0,
        330.0,
        412.0
      ],
      [
        153.0,
        22.0,
        1804.0,
        1270.0
      ],
      [
        409.0,
        63.0,
        1290.0,
        1357.0
      ]
    ],
    "entropy_record": [
      1.385663628578186,
      1.3855663537979126,
      1.3852781057357788,
      1.3857694864273071,
      1.385764241218567,
      1.38558030128479,
      1.3854656219482422,
      1.3847463130950928,
      1.3854947090148926,
      1.384687900543213,
      1.3795769214630127,
      1.3655351400375366,
      1.3068087100982666,
      1.134979009628296,
      0.8072827458381653,
      0.6187496781349182,
      0.5699900388717651,
      0.5506978034973145,
      0.5423316955566406,
      0.5408672094345093,
      0.5348413586616516,
      0.537168025970459,
      0.5423731803894043,
      0.5462608337402344,
      0.5486497282981873,
      0.5495990514755249,
      0.5514809489250183,
      0.5539020895957947,
      0.5590147376060486,
      0.5676476955413818,
      0.5695978403091431,
      0.5771715044975281,
      0.5877805948257446,
      0.5924450159072876,
      0.5982913374900818,
      0.6048107743263245,
      0.6110665202140808,
      0.6216720342636108,
      0.6255574226379395,
      0.6313868165016174,
      0.6338753700256348,
      0.6403385996818542,
      0.6445586681365967,
      0.6534315943717957,
      0.6560306549072266,
      0.6665863990783691,
      0.6768851280212402,
      0.6802000999450684,
      0.6825379133224487,
      0.6879034042358398,
      0.69267338514328,
      0.6947063207626343,
      0.7031772136688232,
      0.7054362297058105,
      0.7107242941856384,
      0.7177581191062927,
      0.7209941148757935,
      0.7281116247177124,
      0.7300834655761719,
      0.7344956398010254,
      0.7339587211608887,
      0.7373363971710205,
      0.741669774055481,
      0.7456259727478027,
      0.7451554536819458,
      0.7481826543807983,
      0.751630425453186,
      0.7531580924987793,
      0.7575253248214722,
      0.7612520456314087,
      0.7665321826934814,
      0.7692559957504272,
      0.7705835103988647,
      0.7719295024871826,
      0.7740968465805054,
      0.7768821716308594,
      0.7801235914230347,
      0.7826427221298218,
      0.7849636077880859,
      0.7874051928520203,
      0.7956140637397766,
      0.7991272211074829,
      0.8035025596618652,
      0.8072167634963989,
      0.8086305260658264,
      0.8125146627426147,
      0.8161886930465698,
      0.8183135986328125,
      0.8254727721214294,
      0.8291616439819336,
      0.831112265586853,
      0.8341466188430786,
      0.8374603390693665,
      0.8389873504638672,
      0.8409607410430908,
      0.839698314666748,
      0.8474023342132568,
      0.8500461578369141,
      0.8516979813575745,
      0.8577314615249634,
      0.8691180944442749,
      0.8769338726997375,
      0.8814151883125305,
      0.890803873538971
    ],
    "epochs_ran": 104,
    "final_entropy": 0.890803873538971,
    "final_loss": 0.3899046778678894,
    "plot_diagnostics": null,
    "runtime_seconds": 4.748970813117921
  }
}