{
  "config": {
    "early_stopping": true,
    "epochs": 601,
    "expert_lr": 0.00093476,
    "expert_momentum": 0.874792,
    "expert_num": 4,
    "expert_weight_decay": 1e-05,
    "load_balancing": false,
    "ns_steps": 10,
    "optimizer_family": "muon",
    "router_lr": 0.03548849,
    "router_momentum": 0.921689,
    "router_weight_decay": 1e-05
  },
  "eval_metrics": {
    "accuracy": 88.3125,
    "dispatch_counts": [
      [
        67.0,
        313.0,
        443.0,
        5.0
      ],
      [
        39.0,
        159.0,
        383.0,
        199.0
      ],
      [
        387.0,
        215.0,
        34.0,
        176.0
      ],
      [
        39.0,
        30.0,
        287.0,
        424.0
      ]
    ],
    "entropy": 1.0998753309249878,
    "loss": 0.43058323860168457,
    "runtime_seconds": 0.004335506819188595,
    "split": "validation"
  },
  "fold_index": 0,
  "mode": "nonlinear",
  "seed": 32011,
  "setting": 3,
  "total_runtime_seconds": 12.06202444061637,
  "train_metrics": {
    "dispatch_counts": [
      [
        238.0,
        1303.0,
        1753.0,
        21.0
      ],
      [
        168.0,
        636.0,
        1486.0,
        827.0
      ],
      [
        1560.0,
        866.0,
        135.0,
        689.0
      ],
      [
        116.0,
        145.0,
        1169.0,
        1688.0
      ]
    ],
    "entropy_record": [
      1.3854891061782837,
      1.1253373622894287,
      1.0325796604156494,
      1.0322126150131226,
      1.0295358896255493,
      1.0564461946487427,
      1.073423147201538,
      1.083913803100586,
      1.088620901107788,
      1.0912837982177734,
      1.0975764989852905,
      1.0987775325775146,
      1.097107172012329,
      1.0963257551193237,
      1.094436764717102,
      1.0950202941894531,
      1.0943992137908936,
      1.0900039672851562,
      1.093138575553894,
      1.0891038179397583,
      1.0892382860183716,
      1.0886039733886719,
      1.0870780944824219,
      1.0861666202545166,
      1.0829228162765503,
      1.0809063911437988,
      1.0786099433898926,
      1.0772771835327148,
      1.0739160776138306,
      1.0724983215332031,
      1.0683667659759521,
      1.0654128789901733,
      1.0619020462036133,
      1.0598845481872559,
      1.055849552154541,
      1.0551131963729858,
      1.0525875091552734,
      1.0495209693908691,
      1.0447496175765991,
      1.0451221466064453,
      1.0403817892074585,
      1.0390312671661377,
      1.036677598953247,
      1.035913109779358,
      1.0334210395812988,
      1.0324006080627441,
      1.0309088230133057,
      1.0273925065994263,
      1.0268681049346924,
      1.0232980251312256,
      1.0245455503463745,
      1.0212578773498535,
      1.0216312408447266,
      1.0197231769561768,
      1.0182472467422485,
      1.0194519758224487,
      1.0177677869796753,
      1.0178592205047607,
      1.0198588371276855,
      1.0180469751358032,
      1.0172184705734253,
      1.0151236057281494,
      1.0157034397125244,
      1.0151748657226562,
      1.0154669284820557,
      1.016124963760376,
      1.0156089067459106,
      1.0154650211334229,
      1.0147955417633057,
      1.0150437355041504,
      1.0149705410003662,
      1.014208436012268,
      1.0153071880340576,
      1.0144858360290527,
      1.0143201351165771,
      1.0149332284927368,
      1.014119029045105,
      1.016101598739624,
      1.0170046091079712,
      1.0185242891311646,
      1.0205364227294922,
      1.0203022956848145,
      1.021552324295044,
      1.0224838256835938,
      1.0223772525787354,
      1.0261046886444092,
      1.026942491531372,
      1.0277518033981323,
      1.0307780504226685,
      1.0318562984466553,
      1.0340518951416016,
      1.0355764627456665,
      1.0354746580123901,
      1.0366092920303345,
      1.0377329587936401,
      1.0377904176712036,
      1.0367261171340942,
      1.0367012023925781,
      1.0355514287948608,
      1.0360608100891113,
      1.0365961790084839,
      1.036895513534546,
      1.0361870527267456,
      1.0371356010437012,
      1.0371798276901245,
      1.0370843410491943,
      1.0357732772827148,
      1.0376521348953247,
      1.0375725030899048,
      1.0370080471038818,
      1.0372270345687866,
      1.0359523296356201,
      1.0357393026351929,
      1.0364289283752441,
      1.0361113548278809,
      1.0359210968017578,
      1.0356343984603882,
      1.0378737449645996,
      1.0372205972671509,
      1.03542959690094,
      1.0370135307312012,
      1.0368530750274658,
      1.0370982885360718,
      1.0358737707138062,
      1.0363783836364746,
      1.0375691652297974,
      1.0366449356079102,
      1.0371428728103638,
      1.038251519203186,
      1.0392847061157227,
      1.0398492813110352,
      1.0403763055801392,
      1.0409247875213623,
      1.0422520637512207,
      1.0400913953781128,
      1.040036678314209,
      1.0400547981262207,
      1.042021632194519,
      1.042250633239746,
      1.0433353185653687,
      1.0445890426635742,
      1.0426208972930908,
      1.0432034730911255,
      1.0440878868103027,
      1.0433638095855713,
      1.0440037250518799,
      1.0432084798812866,
      1.0422260761260986,
      1.0411685705184937,
      1.0415905714035034,
      1.0413388013839722,
      1.0407037734985352,
      1.0396565198898315,
      1.0400816202163696,
      1.0405317544937134,
      1.0397814512252808,
      1.039501428604126,
      1.039005994796753,
      1.0382773876190186,
      1.0366783142089844,
      1.0368293523788452,
      1.0360052585601807,
      1.0349252223968506,
      1.0344948768615723,
      1.0343230962753296,
      1.0334692001342773,
      1.032576560974121,
      1.0322760343551636,
      1.0325623750686646,
      1.032233715057373,
      1.0335379838943481,
      1.0329347848892212,
      1.0325157642364502,
      1.0343587398529053,
      1.034684419631958,
      1.0347199440002441,
      1.0361008644104004,
      1.0386782884597778,
      1.0397592782974243,
      1.0409259796142578,
      1.0443048477172852,
      1.044906735420227,
      1.0450891256332397,
      1.0459554195404053,
      1.0472025871276855,
      1.0476734638214111,
      1.0476644039154053,
      1.0487706661224365,
      1.0498093366622925,
      1.050850749015808,
      1.0511455535888672,
      1.0529358386993408,
      1.0551226139068604,
      1.055462121963501,
      1.0578242540359497,
      1.0577107667922974,
      1.059959053993225,
      1.0607112646102905,
      1.0610102415084839,
      1.0615988969802856,
      1.062474250793457,
      1.0649826526641846,
      1.0669889450073242,
      1.0676321983337402,
      1.067999243736267,
      1.0685901641845703,
      1.0700260400772095,
      1.0713127851486206,
      1.0705252885818481,
      1.0718485116958618,
      1.074042797088623,
      1.0756676197052002,
      1.0769821405410767,
      1.0771485567092896,
      1.0783206224441528,
      1.0793163776397705,
      1.0805473327636719,
      1.0806167125701904,
      1.0817075967788696,
      1.0826268196105957,
      1.0832233428955078,
      1.0846468210220337,
      1.08556067943573,
      1.086432695388794,
      1.086963176727295,
      1.0885988473892212,
      1.089388370513916,
      1.090449571609497,
      1.0900789499282837,
      1.0913336277008057,
      1.0920366048812866,
      1.0930405855178833,
      1.093764066696167,
      1.0940824747085571,
      1.0940766334533691,
      1.0946518182754517,
      1.095665454864502,
      1.0956345796585083,
      1.0959327220916748,
      1.0965814590454102,
      1.096460223197937,
      1.0966720581054688,
      1.0972503423690796,
      1.0964808464050293,
      1.0975154638290405,
      1.0976893901824951,
      1.0971322059631348,
      1.0973129272460938,
      1.0975871086120605,
      1.097346544265747,
      1.0970302820205688
    ],
    "epochs_ran": 251,
    "final_entropy": 1.0970302820205688,
    "final_loss": 0.4169442057609558,