{
  "config": {
    "early_stopping": true,
    "epochs": 601,
    "expert_lr": 0.00093476,
    "expert_momentum": 0.874792,
    "expert_num": 4,
    "expert_weight_decay": 1e-05,
    "load_balancing": false,
    "ns_steps": 10,
    "optimizer_family": "muon",
    "router_lr": 0.03548849,
    "router_momentum": 0.921689,
    "router_weight_decay": 1e-05
  },
  "eval_metrics": {
    "accuracy": 93.6875,
    "dispatch_counts": [
      [
        31.0,
        122.0,
        554.0,
        121.0
      ],
      [
        344.0,
        200.0,
        20.0,
        216.0
      ],
      [
        74.0,
        255.0,
        159.0,
        324.0
      ],
      [
        382.0,
        353.0,
        11.0,
        34.0
      ]
    ],
    "entropy": 1.0779733657836914,
    "loss": 0.37634095549583435,
    "runtime_seconds": 0.004304598085582256,
    "split": "validation"
  },
  "fold_index": 4,
  "mode": "nonlinear",
  "seed": 32015,
  "setting": 3,
  "total_runtime_seconds": 9.486010832246393,
  "train_metrics": {
    "dispatch_counts": [
      [
        134.0,
        501.0,
        2174.0,
        506.0
      ],
      [
        1394.0,
        778.0,
        115.0,
        830.0
      ],
      [
        260.0,
        996.0,
        688.0,
        1306.0
      ],
      [
        1510.0,
        1427.0,
        79.0,
        102.0
      ]
    ],
    "entropy_record": [
      1.3856205940246582,
      1.2327418327331543,
      1.0675828456878662,
      1.0297415256500244,
      1.0012136697769165,
      0.988286554813385,
      0.9898718595504761,
      0.985224187374115,
      0.9775346517562866,
      0.995455265045166,
      0.9979687333106995,
      1.0059157609939575,
      1.0081791877746582,
      1.0087127685546875,
      1.015682578086853,
      1.0193665027618408,
      1.0259970426559448,
      1.0242365598678589,
      1.0282953977584839,
      1.0318021774291992,
      1.0349782705307007,
      1.0346370935440063,
      1.0360069274902344,
      1.0398824214935303,
      1.0388373136520386,
      1.0391972064971924,
      1.042961835861206,
      1.044872522354126,
      1.043681263923645,
      1.0435974597930908,
      1.0410338640213013,
      1.0409431457519531,
      1.039661169052124,
      1.0366895198822021,
      1.0360755920410156,
      1.0326272249221802,
      1.0290753841400146,
      1.0265965461730957,
      1.0221794843673706,
      1.0188438892364502,
      1.0131475925445557,
      1.0100654363632202,
      1.0077621936798096,
      1.004902720451355,
      1.0046947002410889,
      1.002158761024475,
      1.001647710800171,
      0.9991244673728943,
      0.9978040456771851,
      0.9981565475463867,
      0.9967160224914551,
      0.9975628852844238,
      0.9967409372329712,
      0.9970680475234985,
      0.9983449578285217,
      0.9967964887619019,
      0.996649980545044,
      0.9966346025466919,
      0.9976524114608765,
      0.9971462488174438,
      0.9967260360717773,
      0.9968432188034058,
      0.9964761734008789,
      0.9987331628799438,
      1.0001411437988281,
      0.9997775554656982,
      1.0025547742843628,
      1.0019348859786987,
      1.0032250881195068,
      1.0049104690551758,
      1.0048530101776123,
      1.0052270889282227,
      1.0064972639083862,
      1.0076639652252197,
      1.010785698890686,
      1.009566068649292,
      1.0118640661239624,
      1.0148969888687134,
      1.013899326324463,
      1.0168228149414062,
      1.0162748098373413,
      1.0182552337646484,
      1.019613265991211,
      1.0200518369674683,
      1.0204445123672485,
      1.0214136838912964,
      1.023425579071045,
      1.0244227647781372,
      1.0248081684112549,
      1.0266964435577393,
      1.028870940208435,
      1.0301640033721924,
      1.0311534404754639,
      1.0328235626220703,
      1.034347414970398,
      1.0354810953140259,
      1.037890911102295,
      1.0402177572250366,
      1.0397968292236328,
      1.0431580543518066,
      1.0429027080535889,
      1.0433909893035889,
      1.0463296175003052,
      1.0463889837265015,
      1.0461703538894653,
      1.048233985900879,
      1.0476949214935303,
      1.0483496189117432,
      1.0473984479904175,
      1.0486594438552856,
      1.0496550798416138,
      1.0492725372314453,
      1.048837423324585,
      1.0496766567230225,
      1.0490386486053467,
      1.0493252277374268,
      1.0520926713943481,
      1.0518450736999512,
      1.0529141426086426,
      1.0534465312957764,
      1.0526245832443237,
      1.0527540445327759,
      1.0541362762451172,
      1.0538444519042969,
      1.0537141561508179,
      1.0540369749069214,
      1.0537041425704956,
      1.0546780824661255,
      1.0555076599121094,
      1.056778907775879,
      1.055742859840393,
      1.0572450160980225,
      1.0584996938705444,
      1.0579876899719238,
      1.0592901706695557,
      1.0592020750045776,
      1.0591589212417603,
      1.0614997148513794,
      1.0601806640625,
      1.0615994930267334,
      1.0632444620132446,
      1.064012050628662,
      1.0640804767608643,
      1.0665297508239746,
      1.0663096904754639,
      1.0670431852340698,
      1.0677303075790405,
      1.0681630373001099,
      1.0692039728164673,
      1.0687330961227417,
      1.0702831745147705,
      1.0707862377166748,
      1.072064995765686,
      1.0722393989562988,
      1.0741833448410034,
      1.0738526582717896,
      1.0742930173873901,
      1.0748164653778076,
      1.0762019157409668,
      1.0763092041015625,
      1.0777945518493652,
      1.0783909559249878,
      1.0786336660385132,
      1.0794117450714111,
      1.0809611082077026,
      1.080344796180725,
      1.08161199092865,
      1.0819599628448486,
      1.0824999809265137,
      1.083089828491211,
      1.0841041803359985,
      1.0838825702667236,
      1.083832025527954,
      1.0838806629180908,
      1.084479808807373,
      1.0853351354599,
      1.0855443477630615,
      1.086506724357605,
      1.087509036064148,
      1.0872150659561157,
      1.0890936851501465,
      1.0888891220092773,
      1.0886352062225342,
      1.0892446041107178,
      1.0895172357559204,
      1.0906935930252075,
      1.09095299243927,
      1.0899361371994019,
      1.0917308330535889,
      1.0916080474853516,
      1.0917953252792358,
      1.091334342956543,
      1.0920875072479248,
      1.0910050868988037,
      1.0899688005447388,
      1.090739130973816,
      1.0889778137207031
    ],
    "epochs_ran": 197,
    "final_entropy": 1.0889778137207031,
    "final_loss": 0.35792213678359985,
    "plot_diagnostics": null,
    "runtime_seconds": 9.48170623416081
  }
}