{
  "config": {
    "early_stopping": true,
    "epochs": 601,
    "expert_lr": 0.00093476,
    "expert_momentum": 0.874792,
    "expert_num": 4,
    "expert_weight_decay": 1e-05,
    "load_balancing": false,
    "ns_steps": 10,
    "optimizer_family": "muon",
    "router_lr": 0.03548849,
    "router_momentum": 0.921689,
    "router_weight_decay": 1e-05
  },
  "eval_metrics": {
    "accuracy": 89.8125,
    "dispatch_counts": [
      [
        420.0,
        19.0,
        328.0,
        62.0
      ],
      [
        6.0,
        401.0,
        2.0,
        370.0
      ],
      [
        256.0,
        108.0,
        42.0,
        406.0
      ],
      [
        287.0,
        71.0,
        305.0,
        117.0
      ]
    ],
    "entropy": 1.0490994453430176,
    "loss": 0.4157104790210724,
    "runtime_seconds": 0.004299334716051817,
    "split": "validation"
  },
  "fold_index": 1,
  "mode": "nonlinear",
  "seed": 32012,
  "setting": 3,
  "total_runtime_seconds": 4.551630523987114,
  "train_metrics": {
    "dispatch_counts": [
      [
        1764.0,
        84.0,
        1246.0,
        220.0
      ],
      [
        20.0,
        1604.0,
        12.0,
        1482.0
      ],
      [
        1008.0,
        464.0,
        132.0,
        1646.0
      ],
      [
        1104.0,
        355.0,
        1203.0,
        456.0
      ]
    ],
    "entropy_record": [
      1.3852620124816895,
      1.2776392698287964,
      1.160088062286377,
      1.0811760425567627,
      1.0347259044647217,
      1.0336118936538696,
      1.0352739095687866,
      1.0329588651657104,
      1.0375454425811768,
      1.0365025997161865,
      1.0344111919403076,
      1.0287353992462158,
      1.0255098342895508,
      1.0253190994262695,
      1.019065022468567,
      1.0188682079315186,
      1.0222328901290894,
      1.022215485572815,
      1.023019790649414,
      1.024804711341858,
      1.0274810791015625,
      1.0298097133636475,
      1.0282424688339233,
      1.0293058156967163,
      1.0285226106643677,
      1.0312035083770752,
      1.0298277139663696,
      1.0297057628631592,
      1.0314215421676636,
      1.030493974685669,
      1.0325086116790771,
      1.031500220298767,
      1.0332493782043457,
      1.035666823387146,
      1.035298466682434,
      1.0364960432052612,
      1.0371898412704468,
      1.0394747257232666,
      1.0418087244033813,
      1.0405421257019043,
      1.039370059967041,
      1.0403940677642822,
      1.0395275354385376,
      1.0384917259216309,
      1.0394859313964844,
      1.0387368202209473,
      1.039003610610962,
      1.037309169769287,
      1.0372295379638672,
      1.0373923778533936,
      1.0362001657485962,
      1.0358878374099731,
      1.036101222038269,
      1.0363388061523438,
      1.0352283716201782,
      1.0362558364868164,
      1.0351777076721191,
      1.0346622467041016,
      1.0359364748001099,
      1.0357799530029297,
      1.0375444889068604,
      1.0354673862457275,
      1.0366671085357666,
      1.0363366603851318,
      1.0357890129089355,
      1.0354456901550293,
      1.035178780555725,
      1.0351428985595703,
      1.037124752998352,
      1.035888910293579,
      1.0383856296539307,
      1.0392396450042725,
      1.0391454696655273,
      1.0382012128829956,
      1.0385913848876953,
      1.0389724969863892,
      1.0400596857070923,
      1.0401692390441895,
      1.0407507419586182,
      1.041558027267456,
      1.0427756309509277,
      1.0419785976409912,
      1.042370319366455,
      1.043973445892334,
      1.0432722568511963,
      1.0443600416183472,
      1.044703722000122,
      1.0452330112457275,
      1.0447264909744263,
      1.045526385307312,
      1.0469655990600586,
      1.046440601348877,
      1.0450595617294312,
      1.0459614992141724,
      1.0469748973846436
    ],
    "epochs_ran": 95,
    "final_entropy": 1.0469748973846436,
    "final_loss": 0.4169163107872009,
    "plot_diagnostics": null,
    "runtime_seconds": 4.547331189271063
  }
}