{
  "config": {
    "early_stopping": true,
    "epochs": 601,
    "expert_lr": 0.00064253,
    "expert_momentum": 0.861752,
    "expert_num": 4,
    "expert_weight_decay": 0.0001,
    "load_balancing": false,
    "ns_steps": 5,
    "optimizer_family": "muon",
    "router_lr": 0.08742069,
    "router_momentum": 0.988047,
    "router_weight_decay": 0.0
  },
  "eval_metrics": {
    "accuracy": 91.75,
    "dispatch_counts": [
      [
        109.0,
        28.0,
        102.0,
        590.0
      ],
      [
        604.0,
        36.0,
        97.0,
        42.0
      ],
      [
        8.0,
        582.0,
        181.0,
        41.0
      ],
      [
        30.0,
        233.0,
        495.0,
        22.0
      ]
    ],
    "entropy": 0.8256334066390991,
    "loss": 0.3956708610057831,
    "runtime_seconds": 0.004491291008889675,
    "split": "validation"
  },
  "fold_index": 1,
  "mode": "nonlinear",
  "seed": 21512,
  "setting": 2,
  "total_runtime_seconds": 28.18003382300958,
  "train_metrics": {
    "dispatch_counts": [
      [
        438.0,
        96.0,
        397.0,
        2383.0
      ],
      [
        2393.0,
        115.0,
        413.0,
        197.0
      ],
      [
        49.0,
        2440.0,
        647.0,
        114.0
      ],
      [
        100.0,
        1043.0,
        1904.0,
        71.0
      ]
    ],
    "entropy_record": [
      1.3853249549865723,
      1.2272677421569824,
      1.1942349672317505,
      1.1775909662246704,
      1.1788742542266846,
      1.1741927862167358,
      1.167024850845337,
      1.1626700162887573,
      1.165340781211853,
      1.1680699586868286,
      1.1733001470565796,
      1.1749799251556396,
      1.1756079196929932,
      1.1765295267105103,
      1.176202416419983,
      1.1733397245407104,
      1.1722768545150757,
      1.167876958847046,
      1.165283441543579,
      1.1620018482208252,
      1.1563167572021484,
      1.1545674800872803,
      1.1495914459228516,
      1.1457008123397827,
      1.1444103717803955,
      1.141495704650879,
      1.1415764093399048,
      1.1400362253189087,
      1.1386866569519043,
      1.1401400566101074,
      1.1404303312301636,
      1.1411285400390625,
      1.1392064094543457,
      1.1364834308624268,
      1.1369143724441528,
      1.134974479675293,
      1.1342757940292358,
      1.1323580741882324,
      1.1310863494873047,
      1.1295561790466309,
      1.12864351272583,
      1.1278934478759766,
      1.127483606338501,
      1.12539541721344,
      1.1247137784957886,
      1.1238842010498047,
      1.12376868724823,
      1.1220729351043701,
      1.1211702823638916,
      1.1199002265930176,
      1.118104100227356,
      1.1179429292678833,
      1.1176813840866089,
      1.1173574924468994,
      1.1166410446166992,
      1.1168475151062012,
      1.115754246711731,
      1.115005612373352,
      1.1144437789916992,
      1.1141347885131836,
      1.1121991872787476,
      1.112231969833374,
      1.1129599809646606,
      1.1107827425003052,
      1.1094655990600586,
      1.1090877056121826,
      1.107979655265808,
      1.1064094305038452,
      1.1064667701721191,
      1.1042910814285278,
      1.1024409532546997,
      1.1005725860595703,
      1.0983989238739014,
      1.0976067781448364,
      1.0966161489486694,
      1.0949574708938599,
      1.0931432247161865,
      1.0918651819229126,
      1.0911258459091187,
      1.0904552936553955,
      1.0883338451385498,
      1.0876460075378418,
      1.0857012271881104,
      1.0847103595733643,
      1.0830918550491333,
      1.081960678100586,
      1.0811997652053833,
      1.077751636505127,
      1.0770303010940552,
      1.0748721361160278,
      1.0743125677108765,
      1.071934700012207,
      1.0713530778884888,
      1.0696731805801392,
      1.067678689956665,
      1.0665316581726074,
      1.0645649433135986,
      1.0623964071273804,
      1.0603437423706055,
      1.0590401887893677,
      1.0581004619598389,
      1.0551379919052124,
      1.0536819696426392,
      1.0520228147506714,
      1.0493571758270264,
      1.0491162538528442,
      1.0469108819961548,
      1.0455137491226196,
      1.0440399646759033,
      1.0423673391342163,
      1.0400748252868652,
      1.0386664867401123,
      1.0377949476242065,
      1.0367776155471802,
      1.0348360538482666,
      1.033713698387146,
      1.0323389768600464,
      1.0307610034942627,
      1.0285615921020508,
      1.0275063514709473,
      1.0253046751022339,
      1.023046612739563,
      1.021410584449768,
      1.0200200080871582,
      1.0185428857803345,
      1.017203450202942,
      1.0150487422943115,
      1.0131243467330933,
      1.0126935243606567,
      1.0118377208709717,
      1.0099824666976929,
      1.0090519189834595,
      1.0087038278579712,
      1.0070828199386597,
      1.005310297012329,
      1.003347396850586,
      1.0016895532608032,
      1.000638484954834,
      0.9984664916992188,
      0.9977253675460815,
      0.996020495891571,
      0.9952772855758667,
      0.994865357875824,
      0.9920464754104614,
      0.9907968044281006,
      0.9891368746757507,
      0.9873867630958557,
      0.9865719676017761,
      0.9853922128677368,
      0.9840413928031921,
      0.9824457168579102,
      0.9815916419029236,
      0.9795470237731934,
      0.9782137870788574,
      0.9777974486351013,
      0.9763138890266418,
      0.9743417501449585,
      0.974288284778595,
      0.9736828804016113,
      0.9723941087722778,
      0.9714372158050537,
      0.9713574051856995,
      0.9698909521102905,
      0.9691154956817627,
      0.9687069654464722,
      0.968080461025238,
      0.9681752324104309,
      0.9666534066200256,
      0.9660500884056091,
      0.9643821716308594,
      0.9638766646385193,
      0.9629236459732056,
      0.9614444971084595,
      0.9617187976837158,
      0.960796594619751,
      0.9601630568504333,
      0.9598885774612427,
      0.9594563245773315,
      0.9585984349250793,
      0.9573132991790771,
      0.9568572044372559,
      0.9567329287528992,
      0.9565020799636841,
      0.9559041857719421,
      0.9560612440109253,
      0.954769492149353,
      0.9540926218032837,
      0.9529027938842773,
      0.9519281983375549,
      0.9517492055892944,
      0.9513754844665527,
      0.951735258102417,
      0.9500784873962402,
      0.9504041075706482,
      0.949390172958374,
      0.9472548961639404,
      0.9470309615135193,
      0.9465965628623962,
      0.9472970962524414,
      0.9461463689804077,
      0.9452237486839294,
      0.9447960257530212,
      0.9441432356834412,
      0.9437633156776428,
      0.9431226253509521,
      0.9428126811981201,
      0.9420781135559082,
      0.9423297643661499,
      0.9415903687477112,
      0.9410851001739502,
      0.940559446811676,
      0.9404662847518921,
      0.9395132660865784,
      0.9381601810455322,
      0.9375638961791992,
      0.9371176362037659,
      0.9366485476493835,
      0.9357415437698364,
      0.9359249472618103,
      0.935316264629364,
      0.9342979192733765,
      0.9339296817779541,
      0.9332900643348694,
      0.9322355389595032,
      0.931467592716217,
      0.9306178092956543,
      0.9300833940505981,
      0.9303866624832153,
      0.9293458461761475,
      0.9293659925460815,
      0.9285632371902466,
      0.9276553392410278,
      0.927638053894043,
      0.9272477030754089,
      0.9272492527961731,
      0.9258167743682861,
      0.9260539412498474,
      0.9250322580337524,
      0.9238033294677734,
      0.9233940243721008,
      0.9240182042121887,
      0.923902690410614,
      0.922836422920227,
      0.9229272603988647,
      0.9219256043434143,
      0.9221487045288086,
      0.9220592379570007,
      0.9220192432403564,
      0.9212590456008911,
      0.920236349105835,
      0.9194914102554321,
      0.918861985206604,
      0.9181332588195801,
      0.9182326197624207,
      0.9178783893585205,
      0.9168967604637146,
