{
  "config": {
    "early_stopping": true,
    "epochs": 601,
    "expert_lr": 0.00064253,
    "expert_momentum": 0.861752,
    "expert_num": 4,
    "expert_weight_decay": 0.0001,
    "load_balancing": false,
    "ns_steps": 5,
    "optimizer_family": "muon",
    "router_lr": 0.08742069,
    "router_momentum": 0.988047,
    "router_weight_decay": 0.0
  },
  "eval_metrics": {
    "accuracy": 88.5625,
    "dispatch_counts": [
      [
        126.0,
        417.0,
        217.0,
        68.0
      ],
      [
        451.0,
        73.0,
        107.0,
        149.0
      ],
      [
        161.0,
        320.0,
        216.0,
        115.0
      ],
      [
        17.0,
        55.0,
        321.0,
        387.0
      ]
    ],
    "entropy": 1.1589808464050293,
    "loss": 0.4275851845741272,
    "runtime_seconds": 0.004372065886855125,
    "split": "validation"
  },
  "fold_index": 0,
  "mode": "nonlinear",
  "seed": 21511,
  "setting": 2,
  "total_runtime_seconds": 25.140022289007902,
  "train_metrics": {
    "dispatch_counts": [
      [
        480.0,
        1720.0,
        864.0,
        251.0
      ],
      [
        1768.0,
        311.0,
        450.0,
        588.0
      ],
      [
        724.0,
        1209.0,
        844.0,
        473.0
      ],
      [
        53.0,
        265.0,
        1315.0,
        1485.0
      ]
    ],
    "entropy_record": [
      1.385683536529541,
      1.3206013441085815,
      1.2274179458618164,
      1.256787657737732,
      1.2531453371047974,
      1.2492159605026245,
      1.2293875217437744,
      1.210958480834961,
      1.2030831575393677,
      1.19925057888031,
      1.2004151344299316,
      1.1964572668075562,
      1.192556619644165,
      1.1896393299102783,
      1.1884127855300903,
      1.1872279644012451,
      1.1856229305267334,
      1.1821409463882446,
      1.1769345998764038,
      1.1706304550170898,
      1.1639084815979004,
      1.1558808088302612,
      1.1527726650238037,
      1.1484614610671997,
      1.1473898887634277,
      1.144484281539917,
      1.1432942152023315,
      1.1463470458984375,
      1.1496137380599976,
      1.1517753601074219,
      1.1545075178146362,
      1.1578458547592163,
      1.1598621606826782,
      1.1647672653198242,
      1.1690313816070557,
      1.1709370613098145,
      1.1739970445632935,
      1.1767938137054443,
      1.1777524948120117,
      1.1781766414642334,
      1.182113528251648,
      1.18229341506958,
      1.1831626892089844,
      1.1842060089111328,
      1.1863359212875366,
      1.1867051124572754,
      1.1882822513580322,
      1.188794732093811,
      1.186384677886963,
      1.1867032051086426,
      1.1859583854675293,
      1.1837159395217896,
      1.183010458946228,
      1.1824618577957153,
      1.1814044713974,
      1.1803325414657593,
      1.1785812377929688,
      1.1775189638137817,
      1.1769531965255737,
      1.1748502254486084,
      1.1734431982040405,
      1.1724681854248047,
      1.1693298816680908,
      1.1671853065490723,
      1.1665621995925903,
      1.1643285751342773,
      1.1633559465408325,
      1.1615345478057861,
      1.1613223552703857,
      1.1599606275558472,
      1.15821373462677,
      1.155826210975647,
      1.1548826694488525,
      1.15380859375,
      1.153481364250183,
      1.1523901224136353,
      1.1517668962478638,
      1.150663137435913,
      1.149309754371643,
      1.1473385095596313,
      1.145297884941101,
      1.1438167095184326,
      1.1417948007583618,
      1.1404857635498047,
      1.1393364667892456,
      1.138838291168213,
      1.1380996704101562,
      1.136987566947937,
      1.1373399496078491,
      1.1364022493362427,
      1.1364588737487793,
      1.1356825828552246,
      1.1339399814605713,
      1.1328154802322388,
      1.1327805519104004,
      1.1330640316009521,
      1.1323668956756592,
      1.133043885231018,
      1.1330161094665527,
      1.1322989463806152,
      1.1327409744262695,
      1.1331137418746948,
      1.1319353580474854,
      1.1315298080444336,
      1.130277395248413,
      1.1296197175979614,
      1.1295807361602783,
      1.1285772323608398,
      1.1276144981384277,
      1.1265708208084106,
      1.1268802881240845,
      1.1272270679473877,
      1.127220869064331,
      1.1268243789672852,
      1.1267690658569336,
      1.1270796060562134,
      1.126100778579712,
      1.1259758472442627,
      1.125929832458496,
      1.1260415315628052,
      1.125921607017517,
      1.1259039640426636,
      1.1259979009628296,
      1.1264278888702393,
      1.126304030418396,
      1.1256558895111084,
      1.126765489578247,
      1.1264514923095703,
      1.1267101764678955,
      1.1264501810073853,
      1.1271965503692627,
      1.127234935760498,
      1.1276729106903076,
      1.1276308298110962,
      1.1278191804885864,
      1.1283148527145386,
      1.129371166229248,
      1.1288723945617676,
      1.1297580003738403,
      1.1295104026794434,
      1.1298946142196655,
      1.130725622177124,
      1.1305830478668213,
      1.1313533782958984,
      1.131611704826355,
      1.1308233737945557,
      1.1317124366760254,
      1.1320966482162476,
      1.132253885269165,
      1.1319488286972046,
      1.1320780515670776,
      1.1319818496704102,
      1.1323045492172241,
      1.132378101348877,
      1.1335060596466064,
      1.1331279277801514,
      1.132713794708252,
      1.1328197717666626,
      1.1324284076690674,
      1.133035659790039,
      1.133049488067627,
      1.133612036705017,
      1.1333085298538208,
      1.1334582567214966,
      1.1337127685546875,
      1.1335452795028687,
      1.1339850425720215,
      1.1344419717788696,
      1.1344499588012695,
      1.1349036693572998,
      1.134222388267517,
      1.133785605430603,
      1.1341402530670166,
      1.133976697921753,
      1.1341582536697388,
      1.1346874237060547,
      1.1347849369049072,
      1.1346246004104614,
      1.134436845779419,
      1.134643316268921,
      1.1343578100204468,
      1.1343013048171997,
      1.1342458724975586,
      1.133631944656372,
      1.1339991092681885,
      1.1335116624832153,
      1.132670283317566,
      1.1323155164718628,
      1.1319094896316528,
      1.1323297023773193,
      1.132212519645691,
      1.1321594715118408,
      1.131511926651001,
      1.1317040920257568,
      1.1313623189926147,
      1.1314305067062378,
      1.1310142278671265,
      1.1300222873687744,
      1.1292685270309448,
      1.1295533180236816,
      1.1293461322784424,
      1.1290438175201416,
      1.128766417503357,
      1.1289697885513306,
      1.128625750541687,
      1.1284633874893188,
      1.128316879272461,
      1.1280500888824463,
      1.1277118921279907,
      1.1271506547927856,
      1.1266850233078003,
      1.1260517835617065,
      1.1257414817810059,
      1.12641179561615,
      1.1261402368545532,
      1.1255226135253906,
      1.1250861883163452,
      1.1250569820404053,
      1.1240774393081665,
      1.1239933967590332,
      1.1242741346359253,
      1.1239067316055298,
      1.124478816986084,
      1.1244091987609863,
      1.1237249374389648,
      1.123955488204956,
      1.1235806941986084,
      1.1229710578918457,
      1.122775673866272,
      1.1229698657989502,
      1.12312650680542,
      1.122789740562439,
      1.1231729984283447,
      1.123138666152954,
      1.1223934888839722,
      1.1221102476119995,
      1.1223535537719727,
      1.1219974756240845,
      1.121537208557129,
      1.1216838359832764,
      1.1212536096572876,
      1.1206655502319336,
      1.1204328536987305,
      1.1200145483016968,
      1.119484305381775,
      1.119596004486084,
      1.1194968223571777,
      1.1197861433029175,
      1.1197267770767212,
      1.11940336227417,
      1.1197867393493652,
      1.1199040412902832,
      1.1196008920669556,
      1.1190102100372314,
      1.1182862520217896,
      1.11849045753479,
      1.118132472038269,
