{
  "config": {
    "early_stopping": true,
    "epochs": 601,
    "expert_lr": 0.00277093,
    "expert_momentum": 0.894072,
    "expert_num": 4,
    "expert_weight_decay": 0.0,
    "load_balancing": false,
    "optimizer_family": "original",
    "router_lr": 0.01418772,
    "router_momentum": 0.931231,
    "router_weight_decay": 0.0001
  },
  "eval_metrics": {
    "accuracy": 94.90625,
    "dispatch_counts": [
      [
        0.0,
        0.0,
        1.0,
        806.0
      ],
      [
        145.0,
        0.0,
        655.0,
        0.0
      ],
      [
        0.0,
        1.0,
        800.0,
        0.0
      ],
      [
        3.0,
        789.0,
        0.0,
        0.0
      ]
    ],
    "entropy": 0.3224724233150482,
    "loss": 0.3640976846218109,
    "runtime_seconds": 0.004363481421023607,
    "split": "validation"
  },
  "fold_index": 3,
  "mode": "nonlinear",
  "seed": 10714,
  "setting": 1,
  "total_runtime_seconds": 27.283090480137616,
  "train_metrics": {
    "dispatch_counts": [
      [
        0.0,
        2.0,
        1.0,
        3225.0
      ],
      [
        549.0,
        2.0,
        2648.0,
        0.0
      ],
      [
        0.0,
        2.0,
        3203.0,
        0.0
      ],
      [
        12.0,
        3151.0,
        5.0,
        0.0
      ]
    ],
    "entropy_record": [
      1.3858997821807861,
      1.3859833478927612,
      1.3859831094741821,
      1.3861019611358643,
      1.3862003087997437,
      1.3859636783599854,
      1.3858897686004639,
      1.3855339288711548,
      1.3830039501190186,
      1.3688693046569824,
      1.3366296291351318,
      1.2771375179290771,
      1.1843189001083374,
      1.052523136138916,
      0.9268916845321655,
      0.8141119480133057,
      0.7407336831092834,
      0.6680696606636047,
      0.6124524474143982,
      0.5555606484413147,
      0.5060360431671143,
      0.45398595929145813,
      0.4166523516178131,
      0.3814825713634491,
      0.37441113591194153,
      0.35804563760757446,
      0.3492579758167267,
      0.3458682596683502,
      0.34084394574165344,
      0.3401859402656555,
      0.33584484457969666,
      0.3382333815097809,
      0.336067795753479,
      0.33503258228302,
      0.33168095350265503,
      0.3350115120410919,
      0.3360298275947571,
      0.3328767716884613,
      0.33109650015830994,
      0.3311033248901367,
      0.3330158591270447,
      0.332101970911026,
      0.33038413524627686,
      0.3346576690673828,
      0.33167290687561035,
      0.3332929313182831,
      0.3290426433086395,
      0.3354789614677429,
      0.3303212821483612,
      0.33214884996414185,
      0.3307573199272156,
      0.33038219809532166,
      0.32932713627815247,
      0.3321632742881775,
      0.33375734090805054,
      0.3317428529262543,
      0.32682329416275024,
      0.32665202021598816,
      0.32894256711006165,
      0.32706722617149353,
      0.33111658692359924,
      0.33126869797706604,
      0.33129534125328064,
      0.3321356177330017,
      0.3327714800834656,
      0.33025410771369934,
      0.32921892404556274,
      0.3320158123970032,
      0.3322311341762543,
      0.32946527004241943,
      0.3307558596134186,
      0.32978612184524536,
      0.3326222002506256,
      0.32689303159713745,
      0.32899200916290283,
      0.3300388753414154,
      0.3295559883117676,
      0.32890573143959045,
      0.32743608951568604,
      0.3330781161785126,
      0.3313716948032379,
      0.33052653074264526,
      0.3314339220523834,
      0.32906535267829895,
      0.32974228262901306,
      0.32958653569221497,
      0.3265942931175232,
      0.33078521490097046,
      0.32905545830726624,
      0.32993030548095703,
      0.3310568332672119,
      0.32789716124534607,
      0.32762283086776733,
      0.33440250158309937,
      0.3290140628814697,
      0.3273274898529053,
      0.32984524965286255,
      0.32778120040893555,
      0.3283613324165344,
      0.3282901346683502,
      0.33118876814842224,
      0.33068007230758667,
      0.3300793170928955,
      0.3279034495353699,
      0.3286184072494507,
      0.3329118490219116,
      0.329127699136734,
      0.3315344452857971,
      0.33079633116722107,
      0.3312758207321167,
      0.3304522633552551,
      0.32881057262420654,
      0.3303757309913635,
      0.32955652475357056,
      0.33030080795288086,
      0.3307451009750366,
      0.32945242524147034,
      0.32594653964042664,
      0.32939615845680237,
      0.3342703878879547,
      0.3320779502391815,
      0.3285967707633972,
      0.33161306381225586,
      0.330043226480484,
      0.3306622803211212,
      0.33159637451171875,
      0.3298138678073883,
      0.32707148790359497,
      0.32959818840026855,
      0.33003225922584534,
      0.32863858342170715,
      0.3319368362426758,
      0.32830825448036194,
      0.32725009322166443,
      0.33311766386032104,
      0.3294178545475006,
      0.3330821394920349,
      0.33005285263061523,
      0.3317655026912689,
      0.3268929421901703,
      0.3311249911785126,
      0.3321494162082672,
      0.32851165533065796,
      0.32747596502304077,
      0.3289756178855896,
      0.3315184712409973,
      0.3301600217819214,
      0.3308008909225464,
      0.331472784280777,
      0.3268718123435974,
      0.33103007078170776,
      0.3300133943557739,
      0.328004390001297,
      0.3261491358280182,
      0.3319428861141205,
      0.33063387870788574,
      0.330937922000885,
      0.33219075202941895,
      0.3345179855823517,
      0.3262443542480469,
      0.3285876512527466,
      0.3316386938095093,
      0.3313354551792145,
      0.32761022448539734,
      0.3306035101413727,
      0.33215227723121643,
      0.32677608728408813,
      0.3303374648094177,
      0.3294244110584259,
      0.328721284866333,
      0.32981956005096436,
      0.32989993691444397,
      0.33072710037231445,
      0.33273935317993164,
      0.33017081022262573,
      0.3318311274051666,
      0.32863715291023254,
      0.3284277021884918,
      0.33010971546173096,
      0.33041611313819885,
      0.3274199068546295,
      0.3263452351093292,
      0.33138880133628845,
      0.3309208154678345,
      0.3293885886669159,
      0.3283979594707489,
      0.33114203810691833,
      0.32921603322029114,
      0.32952725887298584,
      0.3314662277698517,
      0.3264102637767792,
      0.33018457889556885,
      0.3284081220626831,
      0.3338630497455597,
      0.33112961053848267,
      0.3296964764595032,
      0.3316991627216339,
      0.3304111063480377,
      0.32751891016960144,
      0.3263517916202545,
      0.3336806893348694,
      0.32949405908584595,
      0.330319344997406,
      0.32899564504623413,
      0.3338312804698944,
      0.33025670051574707,
      0.3256934881210327,
      0.33105263113975525,
      0.3310481011867523,
      0.32939448952674866,
      0.3260105550289154,
      0.3285023272037506,
      0.3273599147796631,
      0.3322139382362366,
      0.3274051249027252,
      0.32800528407096863,
      0.329295814037323,
      0.3285640776157379,
      0.32760947942733765,
      0.329814076423645,
      0.3318479061126709,
      0.3278252184391022,
      0.3318152129650116,
      0.3306446373462677,
      0.33133915066719055,
      0.3308558166027069,
      0.3292980194091797,
      0.328241765499115,
      0.32895633578300476,
      0.3302570879459381,
      0.33008745312690735,
      0.327327162027359,
      0.3296346366405487,
      0.32976973056793213,
      0.3301340639591217,
      0.3294062316417694,
      0.33059248328208923,
      0.33352693915367126,
      0.32723820209503174,
      0.3318716883659363,
      0.33148816227912903,
      0.330827534198761,
      0.3285495340824127,
      0.3314656615257263,
      0.33291637897491455,
      0.32651498913764954,
      0.32985609769821167,
      0.32903343439102173,
      0.32966142892837524,
      0.3282637298107147,
      0.33004194498062134,
      0.3357353210449219,
      0.33001428842544556,
