{
  "config": {
    "early_stopping": true,
    "epochs": 601,
    "expert_lr": 0.00482397,
    "expert_momentum": 0.853993,
    "expert_num": 4,
    "expert_weight_decay": 0.001,
    "load_balancing": false,
    "ns_steps": 5,
    "optimizer_family": "muon",
    "router_lr": 0.00574878,
    "router_momentum": 0.91979,
    "router_weight_decay": 0.0001
  },
  "eval_metrics": {
    "accuracy": 90.125,
    "dispatch_counts": [
      [
        211.0,
        132.0,
        410.0,
        76.0
      ],
      [
        229.0,
        258.0,
        145.0,
        147.0
      ],
      [
        8.0,
        488.0,
        57.0,
        259.0
      ],
      [
        243.0,
        133.0,
        113.0,
        291.0
      ]
    ],
    "entropy": 1.2028167247772217,
    "loss": 0.4119941294193268,
    "runtime_seconds": 0.004355075769126415,
    "split": "validation"
  },
  "fold_index": 1,
  "mode": "nonlinear",
  "seed": 21812,
  "setting": 2,
  "total_runtime_seconds": 19.03702357178554,
  "train_metrics": {
    "dispatch_counts": [
      [
        865.0,
        548.0,
        1628.0,
        273.0
      ],
      [
        961.0,
        1045.0,
        555.0,
        557.0
      ],
      [
        42.0,
        2007.0,
        253.0,
        948.0
      ],
      [
        1008.0,
        503.0,
        433.0,
        1174.0
      ]
    ],
    "entropy_record": [
      1.3856589794158936,
      1.3779826164245605,
      1.3604142665863037,
      1.3366341590881348,
      1.310307502746582,
      1.2911548614501953,
      1.2749379873275757,
      1.2600886821746826,
      1.2416149377822876,
      1.2252172231674194,
      1.2213200330734253,
      1.202380895614624,
      1.2018611431121826,
      1.1922109127044678,
      1.1898201704025269,
      1.176379680633545,
      1.177200198173523,
      1.165205955505371,
      1.1533809900283813,
      1.1467740535736084,
      1.1378610134124756,
      1.1231507062911987,
      1.1150968074798584,
      1.1114729642868042,
      1.1012150049209595,
      1.093464732170105,
      1.0936187505722046,
      1.0912741422653198,
      1.0885275602340698,
      1.0892701148986816,
      1.0810292959213257,
      1.0742502212524414,
      1.0719027519226074,
      1.0724354982376099,
      1.0790750980377197,
      1.076862096786499,
      1.0770775079727173,
      1.0804823637008667,
      1.0811115503311157,
      1.0881282091140747,
      1.0899697542190552,
      1.0876760482788086,
      1.087674856185913,
      1.089869499206543,
      1.0929932594299316,
      1.094862461090088,
      1.0928356647491455,
      1.0912654399871826,
      1.0917389392852783,
      1.0857125520706177,
      1.0822076797485352,
      1.078813910484314,
      1.0815677642822266,
      1.076902985572815,
      1.0810449123382568,
      1.0805537700653076,
      1.0726490020751953,
      1.068849802017212,
      1.0671672821044922,
      1.0636683702468872,
      1.063147783279419,
      1.0634090900421143,
      1.0648890733718872,
      1.0631097555160522,
      1.0680440664291382,
      1.0692836046218872,
      1.0698003768920898,
      1.071598768234253,
      1.0753252506256104,
      1.0772279500961304,
      1.0761401653289795,
      1.0832182168960571,
      1.0835905075073242,
      1.0832887887954712,
      1.0877338647842407,
      1.0914174318313599,
      1.0922977924346924,
      1.0879887342453003,
      1.0870826244354248,
      1.090649127960205,
      1.0883928537368774,
      1.0871766805648804,
      1.0903353691101074,
      1.089241623878479,
      1.0873454809188843,
      1.0868875980377197,
      1.0832018852233887,
      1.0793659687042236,
      1.0786274671554565,
      1.0759263038635254,
      1.073933482170105,
      1.0721251964569092,
      1.0677530765533447,
      1.0676690340042114,
      1.0571484565734863,
      1.0604426860809326,
      1.060452938079834,
      1.0594538450241089,
      1.0562262535095215,
      1.059945821762085,
      1.0546379089355469,
      1.054579257965088,
      1.0516648292541504,
      1.0571000576019287,
      1.0495011806488037,
      1.0500417947769165,
      1.0440133810043335,
      1.0432344675064087,
      1.047895073890686,
      1.0493494272232056,
      1.0445306301116943,
      1.041490077972412,
      1.039179801940918,
      1.0337371826171875,
      1.0384342670440674,
      1.0313689708709717,
      1.0343899726867676,
      1.031982660293579,
      1.0289362668991089,
      1.0307974815368652,
      1.0332047939300537,
      1.0313773155212402,
      1.0360718965530396,
      1.03757905960083,
      1.0395231246948242,
      1.0418981313705444,
      1.0435813665390015,
      1.0467779636383057,
      1.0487561225891113,
      1.0538098812103271,
      1.0554827451705933,
      1.0527327060699463,
      1.0572677850723267,
      1.0625851154327393,
      1.0652185678482056,
      1.066409707069397,
      1.0716904401779175,
      1.0735609531402588,
      1.0715528726577759,
      1.0753178596496582,
      1.0785897970199585,
      1.0822803974151611,
      1.081946849822998,
      1.0832738876342773,
      1.0922414064407349,
      1.0906906127929688,
      1.0884301662445068,
      1.093321681022644,
      1.096996545791626,
      1.098337173461914,
      1.1024284362792969,
      1.1032840013504028,
      1.1067720651626587,
      1.1044750213623047,
      1.109512209892273,
      1.108875036239624,
      1.1124402284622192,
      1.1131529808044434,
      1.113900899887085,
      1.1152828931808472,
      1.1160948276519775,
      1.1197348833084106,
      1.118689775466919,
      1.1233903169631958,
      1.1189000606536865,
      1.123794436454773,
      1.1238360404968262,
      1.123029112815857,
      1.1245992183685303,
      1.1271405220031738,
      1.132380485534668,
      1.1320451498031616,
      1.1321766376495361,
      1.1347368955612183,
      1.137822151184082,
      1.1333041191101074,
      1.133052110671997,
      1.1360154151916504,
      1.1382569074630737,
      1.1340640783309937,
      1.1377756595611572,
      1.139607548713684,
      1.142883062362671,
      1.1432971954345703,
      1.1462293863296509,
      1.1501860618591309,
      1.1506273746490479,
      1.1528174877166748,
      1.1577826738357544,
      1.1582961082458496,
      1.1609431505203247,
      1.1619243621826172,
      1.1630399227142334,
      1.1641258001327515,
      1.163068413734436,
      1.1653342247009277,
      1.16326904296875,
      1.165678858757019,
      1.1632742881774902,
      1.165505051612854,
      1.1644704341888428,
      1.1639564037322998,
      1.1648755073547363,
      1.16451096534729,
      1.1636314392089844,
      1.1647717952728271,
      1.1647977828979492,
      1.1611288785934448,
      1.1624348163604736,
      1.1599316596984863,
      1.1605808734893799,
      1.1577438116073608,
      1.1550121307373047,
      1.1553001403808594,
      1.1559367179870605,
      1.1517293453216553,
      1.1499119997024536,
      1.1449787616729736,
      1.1441595554351807,
      1.1412094831466675,
      1.141969084739685,
      1.1418147087097168,
      1.1406511068344116,
      1.1401104927062988,
      1.1397209167480469,
      1.1399308443069458,
      1.1389812231063843,
      1.140843152999878,
      1.1395313739776611,
      1.1389042139053345,
      1.1433602571487427,
      1.1442242860794067,
      1.146355390548706,
      1.1485376358032227,
      1.1478095054626465,
      1.1493608951568604,
      1.1536107063293457,
      1.1520687341690063,
      1.15470552444458,
      1.1559721231460571,
      1.1561279296875,
      1.1590086221694946,
      1.1620080471038818,
      1.1640667915344238,
      1.1661015748977661,
      1.1661361455917358,
      1.1675771474838257,
      1.1698839664459229,
      1.1700681447982788,
      1.1729319095611572,
      1.1729927062988281,
      1.1746838092803955,
      1.1728315353393555,
      1.1720911264419556,
      1.1736904382705688,
      1.173000454902649,
