{
  "config": {
    "early_stopping": true,
    "epochs": 601,
    "expert_lr": 0.00482397,
    "expert_momentum": 0.853993,
    "expert_num": 4,
    "expert_weight_decay": 0.001,
    "load_balancing": false,
    "ns_steps": 5,
    "optimizer_family": "muon",
    "router_lr": 0.00574878,
    "router_momentum": 0.91979,
    "router_weight_decay": 0.0001
  },
  "eval_metrics": {
    "accuracy": 88.5,
    "dispatch_counts": [
      [
        189.0,
        540.0,
        91.0,
        9.0
      ],
      [
        112.0,
        10.0,
        68.0,
        589.0
      ],
      [
        12.0,
        247.0,
        550.0,
        4.0
      ],
      [
        356.0,
        30.0,
        24.0,
        369.0
      ]
    ],
    "entropy": 0.8410413265228271,
    "loss": 0.4282076954841614,
    "runtime_seconds": 0.0042730942368507385,
    "split": "validation"
  },
  "fold_index": 2,
  "mode": "nonlinear",
  "seed": 21813,
  "setting": 2,
  "total_runtime_seconds": 9.02681931713596,
  "train_metrics": {
    "dispatch_counts": [
      [
        761.0,
        2200.0,
        332.0,
        21.0
      ],
      [
        474.0,
        37.0,
        237.0,
        2370.0
      ],
      [
        95.0,
        1016.0,
        2122.0,
        16.0
      ],
      [
        1435.0,
        219.0,
        108.0,
        1357.0
      ]
    ],
    "entropy_record": [
      1.385340929031372,
      1.3765339851379395,
      1.363737940788269,
      1.3508055210113525,
      1.3203821182250977,
      1.2870304584503174,
      1.2524362802505493,
      1.2346397638320923,
      1.210214614868164,
      1.178862452507019,
      1.1669751405715942,
      1.1581922769546509,
      1.1485545635223389,
      1.147033452987671,
      1.1534055471420288,
      1.149069905281067,
      1.1564440727233887,
      1.1614460945129395,
      1.1644302606582642,
      1.1632710695266724,
      1.1628180742263794,
      1.1644333600997925,
      1.1631189584732056,
      1.1666055917739868,
      1.162216067314148,
      1.1623382568359375,
      1.1548311710357666,
      1.1568009853363037,
      1.150498390197754,
      1.1480416059494019,
      1.1458789110183716,
      1.140920639038086,
      1.1400234699249268,
      1.1342777013778687,
      1.1349273920059204,
      1.1266525983810425,
      1.1293870210647583,
      1.1199522018432617,
      1.1201457977294922,
      1.1186668872833252,
      1.1141204833984375,
      1.1127252578735352,
      1.106691598892212,
      1.1071116924285889,
      1.1063380241394043,
      1.1039179563522339,
      1.0998718738555908,
      1.0967811346054077,
      1.093937635421753,
      1.0900968313217163,
      1.0872993469238281,
      1.086775302886963,
      1.0806028842926025,
      1.0802462100982666,
      1.0771889686584473,
      1.079085111618042,
      1.0700256824493408,
      1.0700305700302124,
      1.0700206756591797,
      1.0679949522018433,
      1.069108009338379,
      1.0657559633255005,
      1.0668518543243408,
      1.067841649055481,
      1.0637787580490112,
      1.061453104019165,
      1.0609064102172852,
      1.0594042539596558,
      1.0572330951690674,
      1.0583504438400269,
      1.0582627058029175,
      1.0529699325561523,
      1.0583354234695435,
      1.0576386451721191,
      1.0542691946029663,
      1.0546954870224,
      1.0563818216323853,
      1.050567865371704,
      1.0551437139511108,
      1.055347204208374,
      1.0520809888839722,
      1.0540432929992676,
      1.053802490234375,
      1.0551432371139526,
      1.0536893606185913,
      1.0546259880065918,
      1.0499037504196167,
      1.0497273206710815,
      1.0505677461624146,
      1.0514476299285889,
      1.0484092235565186,
      1.0477640628814697,
      1.04807710647583,
      1.050881028175354,
      1.0540599822998047,
      1.0497140884399414,
      1.0536749362945557,
      1.051543951034546,
      1.05349862575531,
      1.0566399097442627,
      1.056006669998169,
      1.055612564086914,
      1.0571949481964111,
      1.0579828023910522,
      1.0575352907180786,
      1.0609424114227295,
      1.0605040788650513,
      1.06438148021698,
      1.063984751701355,
      1.067071557044983,
      1.070522665977478,
      1.0672855377197266,
      1.0706079006195068,
      1.0714311599731445,
      1.0729527473449707,
      1.07160484790802,
      1.0672448873519897,
      1.0638740062713623,
      1.065138816833496,
      1.0616637468338013,
      1.0637242794036865,
      1.0594676733016968,
      1.06183660030365,
      1.0562158823013306,
      1.0575876235961914,
      1.0546423196792603,
      1.0554980039596558,
      1.0493640899658203,
      1.047898769378662,
      1.0446606874465942,
      1.039731502532959,
      1.037289023399353,
      1.0289644002914429,
      1.026229739189148,
      1.0181432962417603,
      1.0155982971191406,
      1.0103480815887451,
      1.0060079097747803,
      0.9982693195343018,
      0.9954660534858704,
      0.9897241592407227,
      0.9879173040390015,
      0.9788166284561157,
      0.980361819267273,
      0.9756902456283569,
      0.9693360924720764,
      0.9674362540245056,
      0.9619224071502686,
      0.9558095932006836,
      0.9522325992584229,
      0.9484771490097046,
      0.9461814761161804,
      0.9426751136779785,
      0.9383918046951294,
      0.9328697323799133,
      0.9298173189163208,
      0.9263193011283875,
      0.9194625616073608,
      0.9205054640769958,
      0.9165956377983093,
      0.9152287840843201,
      0.909733235836029,
      0.9133604764938354,
      0.9124011993408203,
      0.9065452814102173,
      0.9069505929946899,
      0.9075769186019897,
      0.9055153727531433,
      0.902892529964447,
      0.9049587249755859,
      0.9032129049301147,
      0.8989796042442322,
      0.8952866792678833,
      0.8987000584602356,
      0.8925936222076416,
      0.8918237090110779,
      0.8886143565177917,
      0.884757399559021,
      0.880347490310669,
      0.8828781843185425,
      0.8784677386283875,
      0.8791489601135254,
      0.8760209083557129,
      0.8748392462730408,
      0.8716958165168762,
      0.8710362911224365,
      0.8680922985076904,
      0.8695266246795654,
      0.8636060953140259,
      0.8631150722503662,
      0.8628705143928528,
      0.8586797118186951,
      0.8604578971862793
    ],
    "epochs_ran": 193,
    "final_entropy": 0.8604578971862793,
    "final_loss": 0.42787060141563416,
    "plot_diagnostics": null,
    "runtime_seconds": 9.02254622289911
  }
}