{
  "config": {
    "early_stopping": true,
    "epochs": 601,
    "expert_lr": 0.00273322,
    "expert_momentum": 0.870109,
    "expert_num": 8,
    "expert_weight_decay": 1e-05,
    "load_balancing": false,
    "ns_steps": 10,
    "optimizer_family": "muon",
    "router_lr": 0.00600361,
    "router_momentum": 0.877671,
    "router_weight_decay": 0.0
  },
  "eval_metrics": {
    "accuracy": 92.15625,
    "dispatch_counts": [
      [
        142.0,
        33.0,
        78.0,
        210.0,
        1.0,
        211.0,
        53.0,
        101.0
      ],
      [
        150.0,
        16.0,
        20.0,
        12.0,
        0.0,
        0.0,
        211.0,
        370.0
      ],
      [
        215.0,
        382.0,
        119.0,
        3.0,
        0.0,
        0.0,
        46.0,
        48.0
      ],
      [
        203.0,
        6.0,
        15.0,
        0.0,
        493.0,
        1.0,
        34.0,
        27.0
      ]
    ],
    "entropy": 0.7514286041259766,
    "loss": 0.3916981816291809,
    "runtime_seconds": 0.008476716931909323,
    "split": "validation"
  },
  "fold_index": 2,
  "mode": "nonlinear",
  "seed": 21913,
  "setting": 2,
  "total_runtime_seconds": 17.07942320778966,
  "train_metrics": {
    "dispatch_counts": [
      [
        512.0,
        114.0,
        370.0,
        876.0,
        1.0,
        813.0,
        179.0,
        449.0
      ],
      [
        680.0,
        51.0,
        102.0,
        40.0,
        1.0,
        0.0,
        796.0,
        1448.0
      ],
      [
        852.0,
        1520.0,
        514.0,
        12.0,
        2.0,
        0.0,
        159.0,
        190.0
      ],
      [
        822.0,
        39.0,
        53.0,
        5.0,
        1904.0,
        5.0,
        122.0,
        169.0
      ]
    ],
    "entropy_record": [
      1.3850775957107544,
      1.3622846603393555,
      1.325395941734314,
      1.29490065574646,
      1.242383599281311,
      1.1878018379211426,
      1.1236933469772339,
      1.0740934610366821,
      1.0184911489486694,
      0.9874193668365479,
      0.9439800977706909,
      0.9332399368286133,
      0.9095039367675781,
      0.8827806115150452,
      0.8716967701911926,
      0.8606382608413696,
      0.8517677187919617,
      0.8414598107337952,
      0.8298048973083496,
      0.8216020464897156,
      0.8238489627838135,
      0.8193483352661133,
      0.8210257887840271,
      0.8098317980766296,
      0.8104490041732788,
      0.8184821605682373,
      0.8140984177589417,
      0.8088059425354004,
      0.8124193549156189,
      0.8002701997756958,
      0.7967512011528015,
      0.7979878783226013,
      0.789421558380127,
      0.7853187918663025,
      0.7796223759651184,
      0.772295355796814,
      0.7640330791473389,
      0.7570773363113403,
      0.7547905445098877,
      0.7462613582611084,
      0.7521485090255737,
      0.7432599067687988,
      0.7438751459121704,
      0.7339481711387634,
      0.7348071336746216,
      0.7339624166488647,
      0.7321001291275024,
      0.7330911755561829,
      0.7320793271064758,
      0.7314468026161194,
      0.7307238578796387,
      0.7266000509262085,
      0.7251223921775818,
      0.7310917377471924,
      0.7280218005180359,
      0.727430522441864,
      0.7291711568832397,
      0.7318308353424072,
      0.7364447116851807,
      0.7300530076026917,
      0.7291953563690186,
      0.735724151134491,
      0.7362194061279297,
      0.734697163105011,
      0.73941969871521,
      0.7359727025032043,
      0.7396489381790161,
      0.7356997728347778,
      0.7338928580284119,
      0.7368741631507874,
      0.7397311925888062,
      0.7375984191894531,
      0.740922749042511,
      0.7417408227920532,
      0.7386775612831116,
      0.7418160438537598,
      0.7374056577682495,
      0.7396574020385742,
      0.7396960258483887,
      0.7388175129890442,
      0.7345612645149231,
      0.7359488010406494,
      0.7380083203315735,
      0.7359261512756348,
      0.7342431545257568,
      0.7347569465637207,
      0.7348602414131165,
      0.7343910336494446,
      0.7351223230361938,
      0.7321529984474182,
      0.73321932554245,
      0.7330480813980103,
      0.7326855659484863,
      0.730057954788208,
      0.7279728651046753,
      0.7274635434150696,
      0.724502444267273,
      0.7256090641021729,
      0.7278946042060852,
      0.7215517163276672,
      0.7261340618133545,
      0.7265299558639526,
      0.7254601716995239,
      0.7220229506492615,
      0.7280890941619873,
      0.7268561720848083,
      0.7239655256271362,
      0.7263278365135193,
      0.7306952476501465,
      0.7326563000679016,
      0.7315543293952942,
      0.7401410937309265,
      0.7402118444442749,
      0.7368412613868713,
      0.7429671287536621,
      0.7425181865692139,
      0.7441481947898865,
      0.7478405833244324,
      0.7517920732498169,
      0.749803364276886,
      0.7552496194839478,
      0.7549041509628296,
      0.7539568543434143,
      0.7577404379844666,
      0.7584530711174011,
      0.762822151184082,
      0.7561523914337158,
      0.7587110996246338,
      0.758874237537384,
      0.7575873732566833,
      0.7590411901473999,
      0.7604395747184753,
      0.7624308466911316,
      0.7595511078834534,
      0.7670636773109436,
      0.7584213614463806,
      0.7602816224098206,
      0.7600338459014893,
      0.7536980509757996,
      0.7598244547843933,
      0.7572346329689026,
      0.7580102682113647,
      0.7603126764297485,
      0.7559605836868286,
      0.7544944882392883,
      0.7525765895843506,
      0.7572351694107056,
      0.758590042591095,
      0.7603226900100708,
      0.7627257108688354,
      0.7610305547714233,
      0.7672385573387146,
      0.7687170505523682,
      0.768645703792572,
      0.7687792778015137,
      0.7703415751457214,
      0.7635583877563477,
      0.7682322263717651,
      0.7709804773330688,
      0.7653484344482422,
      0.7634391784667969,
      0.7660560607910156,
      0.7659248113632202,
      0.7641646862030029,
      0.7630899548530579,
      0.7659252882003784,
      0.7657679915428162,
      0.770315408706665,
      0.7733656167984009,
      0.7735748887062073,
      0.7750557065010071,
      0.7788131237030029,
      0.7817566394805908,
      0.7805961966514587,
      0.7795407772064209,
      0.7801432609558105,
      0.7810567617416382,
      0.7824341654777527,
      0.7765142917633057,
      0.7819115519523621,
      0.7825180292129517,
      0.7797178030014038,
      0.7789612412452698,
      0.7760661244392395,
      0.7751652598381042,
      0.7751086354255676,
      0.773742139339447,
      0.7768588066101074,
      0.7734269499778748,
      0.7724776268005371,
      0.7722033262252808,
      0.7662463784217834,
      0.7709104418754578,
      0.7733703851699829,
      0.7681732773780823,
      0.7699985504150391,
      0.7663748264312744
    ],
    "epochs_ran": 197,
    "final_entropy": 0.7663748264312744,
    "final_loss": 0.3892250955104828,
    "plot_diagnostics": null,
    "runtime_seconds": 17.07094649085775
  }
}