{
  "config": {
    "early_stopping": true,
    "epochs": 601,
    "expert_lr": 0.00273322,
    "expert_momentum": 0.870109,
    "expert_num": 8,
    "expert_weight_decay": 1e-05,
    "load_balancing": false,
    "ns_steps": 10,
    "optimizer_family": "muon",
    "router_lr": 0.00600361,
    "router_momentum": 0.877671,
    "router_weight_decay": 0.0
  },
  "eval_metrics": {
    "accuracy": 91.53125,
    "dispatch_counts": [
      [
        28.0,
        107.0,
        352.0,
        239.0,
        0.0,
        52.0,
        0.0,
        50.0
      ],
      [
        3.0,
        29.0,
        56.0,
        255.0,
        50.0,
        72.0,
        151.0,
        164.0
      ],
      [
        1.0,
        326.0,
        12.0,
        71.0,
        21.0,
        47.0,
        0.0,
        334.0
      ],
      [
        369.0,
        80.0,
        7.0,
        209.0,
        73.0,
        6.0,
        0.0,
        36.0
      ]
    ],
    "entropy": 0.9174754619598389,
    "loss": 0.3984118700027466,
    "runtime_seconds": 0.008526992984116077,
    "split": "validation"
  },
  "fold_index": 0,
  "mode": "nonlinear",
  "seed": 21911,
  "setting": 2,
  "total_runtime_seconds": 8.46057681972161,
  "train_metrics": {
    "dispatch_counts": [
      [
        141.0,
        395.0,
        1389.0,
        932.0,
        1.0,
        237.0,
        0.0,
        220.0
      ],
      [
        11.0,
        108.0,
        225.0,
        961.0,
        215.0,
        311.0,
        615.0,
        671.0
      ],
      [
        12.0,
        1314.0,
        49.0,
        327.0,
        95.0,
        170.0,
        0.0,
        1283.0
      ],
      [
        1423.0,
        379.0,
        34.0,
        735.0,
        343.0,
        16.0,
        0.0,
        188.0
      ]
    ],
    "entropy_record": [
      1.3851816654205322,
      1.3742449283599854,
      1.350587248802185,
      1.324783205986023,
      1.2937372922897339,
      1.2467228174209595,
      1.2275547981262207,
      1.213531732559204,
      1.1850308179855347,
      1.1796165704727173,
      1.1576321125030518,
      1.1372543573379517,
      1.1132761240005493,
      1.0902390480041504,
      1.0701056718826294,
      1.059096336364746,
      1.042393684387207,
      1.0240862369537354,
      1.0025792121887207,
      0.9783371090888977,
      0.9701939821243286,
      0.9522965550422668,
      0.9418115615844727,
      0.9351201057434082,
      0.926203191280365,
      0.9232274293899536,
      0.9057748317718506,
      0.9121531844139099,
      0.9009273052215576,
      0.9016337394714355,
      0.8987137079238892,
      0.8936224579811096,
      0.8979082107543945,
      0.8979594111442566,
      0.8919013738632202,
      0.8931585550308228,
      0.8998477458953857,
      0.8965827226638794,
      0.8992156982421875,
      0.9019309282302856,
      0.9016467332839966,
      0.8964757919311523,
      0.904272198677063,
      0.9091001152992249,
      0.9053935408592224,
      0.9037686586380005,
      0.9030686616897583,
      0.8998717069625854,
      0.8990264534950256,
      0.8913243412971497,
      0.8887921571731567,
      0.8875049352645874,
      0.8839157819747925,
      0.8883898258209229,
      0.88091641664505,
      0.8802049160003662,
      0.8746421337127686,
      0.8758332133293152,
      0.8696928024291992,
      0.8686951398849487,
      0.8730807304382324,
      0.8599914312362671,
      0.8626904487609863,
      0.8591320514678955,
      0.8626086115837097,
      0.8667702674865723,
      0.8721710443496704,
      0.8698150515556335,
      0.870840847492218,
      0.8773348331451416,
      0.8813053369522095,
      0.8815284967422485,
      0.879352331161499,
      0.8877323865890503,
      0.8847129940986633,
      0.8918747305870056,
      0.8933159112930298,
      0.8963472843170166,
      0.8992916345596313,
      0.9032425880432129,
      0.9045802354812622,
      0.9114044308662415,
      0.9138807058334351,
      0.9085409641265869,
      0.9215648174285889,
      0.9239354133605957,
      0.9250787496566772,
      0.9228119850158691,
      0.9317476749420166,
      0.929466187953949,
      0.9323266744613647,
      0.9325989484786987,
      0.9377400875091553,
      0.9380471706390381,
      0.9394146203994751,
      0.9361754059791565,
      0.9387825131416321,
      0.938356876373291
    ],
    "epochs_ran": 98,
    "final_entropy": 0.938356876373291,
    "final_loss": 0.3978580832481384,
    "plot_diagnostics": null,
    "runtime_seconds": 8.452049826737493
  }
}