{
  "config": {
    "early_stopping": true,
    "epochs": 601,
    "expert_lr": 0.00273322,
    "expert_momentum": 0.870109,
    "expert_num": 8,
    "expert_weight_decay": 1e-05,
    "load_balancing": false,
    "ns_steps": 10,
    "optimizer_family": "muon",
    "router_lr": 0.00600361,
    "router_momentum": 0.877671,
    "router_weight_decay": 0.0
  },
  "eval_metrics": {
    "accuracy": 90.4375,
    "dispatch_counts": [
      [
        5.0,
        6.0,
        87.0,
        160.0,
        3.0,
        2.0,
        530.0,
        36.0
      ],
      [
        317.0,
        0.0,
        67.0,
        98.0,
        181.0,
        7.0,
        29.0,
        80.0
      ],
      [
        38.0,
        263.0,
        76.0,
        11.0,
        0.0,
        271.0,
        29.0,
        124.0
      ],
      [
        6.0,
        1.0,
        379.0,
        0.0,
        5.0,
        0.0,
        14.0,
        375.0
      ]
    ],
    "entropy": 0.6606003046035767,
    "loss": 0.40877923369407654,
    "runtime_seconds": 0.008549747057259083,
    "split": "validation"
  },
  "fold_index": 1,
  "mode": "nonlinear",
  "seed": 21912,
  "setting": 2,
  "total_runtime_seconds": 11.656427747104317,
  "train_metrics": {
    "dispatch_counts": [
      [
        26.0,
        34.0,
        344.0,
        649.0,
        7.0,
        8.0,
        2094.0,
        152.0
      ],
      [
        1244.0,
        5.0,
        207.0,
        379.0,
        797.0,
        24.0,
        124.0,
        338.0
      ],
      [
        161.0,
        1137.0,
        268.0,
        36.0,
        7.0,
        1145.0,
        126.0,
        370.0
      ],
      [
        32.0,
        2.0,
        1487.0,
        0.0,
        14.0,
        2.0,
        56.0,
        1525.0
      ]
    ],
    "entropy_record": [
      1.3851995468139648,
      1.3610944747924805,
      1.31949782371521,
      1.2540287971496582,
      1.1860636472702026,
      1.118955135345459,
      1.0480526685714722,
      0.9901096224784851,
      0.9433692097663879,
      0.8878618478775024,
      0.8518251180648804,
      0.8185126781463623,
      0.7943066358566284,
      0.7859652042388916,
      0.7637971639633179,
      0.7573155164718628,
      0.7469687461853027,
      0.7561192512512207,
      0.7521222233772278,
      0.7485072612762451,
      0.7393732666969299,
      0.7479667663574219,
      0.7438613772392273,
      0.7440053224563599,
      0.7378190159797668,
      0.7326859831809998,
      0.7463574409484863,
      0.7342922687530518,
      0.7368860840797424,
      0.7426905035972595,
      0.7348484992980957,
      0.7438216209411621,
      0.7310450673103333,
      0.736578106880188,
      0.733630895614624,
      0.731918215751648,
      0.736483633518219,
      0.73408442735672,
      0.7357677221298218,
      0.7382323741912842,
      0.7375712394714355,
      0.7358304262161255,
      0.7356734275817871,
      0.7416630983352661,
      0.7469663619995117,
      0.7468131184577942,
      0.7438797950744629,
      0.7557132840156555,
      0.75544273853302,
      0.7551097869873047,
      0.7568342685699463,
      0.7558794021606445,
      0.7654445171356201,
      0.7648743391036987,
      0.7641057372093201,
      0.7708510756492615,
      0.7689828872680664,
      0.7705893516540527,
      0.7731228470802307,
      0.7652109861373901,
      0.7725182175636292,
      0.7764922380447388,
      0.776115357875824,
      0.7767759561538696,
      0.7755997180938721,
      0.775476336479187,
      0.771064281463623,
      0.7735178470611572,
      0.7722580432891846,
      0.7630646228790283,
      0.7568020820617676,
      0.7561195492744446,
      0.7517995834350586,
      0.7454482316970825,
      0.739721417427063,
      0.7338821887969971,
      0.7276132106781006,
      0.7305912375450134,
      0.7313390374183655,
      0.731370210647583,
      0.7255885004997253,
      0.7242802381515503,
      0.7214822173118591,
      0.7282398343086243,
      0.7211259603500366,
      0.7150472402572632,
      0.7256975769996643,
      0.7191232442855835,
      0.7189691662788391,
      0.7157269716262817,
      0.7136544585227966,
      0.7131052017211914,
      0.7110251188278198,
      0.7029385566711426,
      0.70390385389328,
      0.7047457695007324,
      0.7000705003738403,
      0.7014639377593994,
      0.701158344745636,
      0.6986779570579529,
      0.6987573504447937,
      0.7020291686058044,
      0.6965189576148987,
      0.696414053440094,
      0.6879405975341797,
      0.6913406848907471,
      0.6915469169616699,
      0.680382490158081,
      0.6787343621253967,
      0.6775906085968018,
      0.6762468814849854,
      0.6754724979400635,
      0.6698863506317139,
      0.6655018925666809,
      0.6644347906112671,
      0.6661063432693481,
      0.6638306379318237,
      0.6547374129295349,
      0.6555379629135132,
      0.652284562587738,
      0.6458305716514587,
      0.6460889577865601,
      0.6457779407501221,
      0.6445252895355225,
      0.6402013301849365,
      0.6432421803474426,
      0.6389020085334778,
      0.6368226408958435,
      0.6414761543273926,
      0.6398993730545044,
      0.6421113014221191,
      0.6431848406791687,
      0.6422770023345947,
      0.6371006965637207,
      0.6420202255249023
    ],
    "epochs_ran": 135,
    "final_entropy": 0.6420202255249023,
    "final_loss": 0.4106069505214691,
    "plot_diagnostics": null,
    "runtime_seconds": 11.647878000047058
  }
}