{
  "config": {
    "early_stopping": true,
    "epochs": 601,
    "expert_lr": 0.00273322,
    "expert_momentum": 0.870109,
    "expert_num": 8,
    "expert_weight_decay": 1e-05,
    "load_balancing": false,
    "ns_steps": 10,
    "optimizer_family": "muon",
    "router_lr": 0.00600361,
    "router_momentum": 0.877671,
    "router_weight_decay": 0.0
  },
  "eval_metrics": {
    "accuracy": 89.3125,
    "dispatch_counts": [
      [
        1.0,
        343.0,
        67.0,
        26.0,
        210.0,
        180.0,
        0.0,
        2.0
      ],
      [
        11.0,
        30.0,
        115.0,
        31.0,
        183.0,
        42.0,
        98.0,
        269.0
      ],
      [
        39.0,
        30.0,
        384.0,
        307.0,
        25.0,
        25.0,
        0.0,
        3.0
      ],
      [
        278.0,
        62.0,
        95.0,
        40.0,
        3.0,
        230.0,
        49.0,
        22.0
      ]
    ],
    "entropy": 0.8578497767448425,
    "loss": 0.4199014902114868,
    "runtime_seconds": 0.008499692659825087,
    "split": "validation"
  },
  "fold_index": 3,
  "mode": "nonlinear",
  "seed": 21914,
  "setting": 2,
  "total_runtime_seconds": 15.046793099492788,
  "train_metrics": {
    "dispatch_counts": [
      [
        3.0,
        1367.0,
        274.0,
        116.0,
        847.0,
        701.0,
        0.0,
        6.0
      ],
      [
        46.0,
        129.0,
        417.0,
        158.0,
        696.0,
        204.0,
        400.0,
        1068.0
      ],
      [
        143.0,
        94.0,
        1565.0,
        1265.0,
        95.0,
        76.0,
        0.0,
        11.0
      ],
      [
        1048.0,
        270.0,
        376.0,
        157.0,
        8.0,
        975.0,
        203.0,
        82.0
      ]
    ],
    "entropy_record": [
      1.384451150894165,
      1.3511642217636108,
      1.312866449356079,
      1.258440375328064,
      1.204330325126648,
      1.1375328302383423,
      1.0766899585723877,
      1.0110275745391846,
      0.9748747944831848,
      0.9265140295028687,
      0.892754316329956,
      0.866466224193573,
      0.8370360732078552,
      0.8264726996421814,
      0.8244731426239014,
      0.8176239728927612,
      0.8055771589279175,
      0.8084127902984619,
      0.7958390116691589,
      0.7978696227073669,
      0.7860541343688965,
      0.7934466600418091,
      0.7880906462669373,
      0.7870612740516663,
      0.7942832112312317,
      0.790941596031189,
      0.7942215800285339,
      0.7855931520462036,
      0.7817434072494507,
      0.7782946825027466,
      0.7873321771621704,
      0.7878116965293884,
      0.7926609516143799,
      0.792600691318512,
      0.7846481204032898,
      0.790157675743103,
      0.7912791967391968,
      0.7916439175605774,
      0.7951200008392334,
      0.7895646095275879,
      0.7906115055084229,
      0.7942405343055725,
      0.7906993627548218,
      0.7914983630180359,
      0.7910484075546265,
      0.797257661819458,
      0.7952126264572144,
      0.791142463684082,
      0.7954858541488647,
      0.7899129986763,
      0.7937098741531372,
      0.7908003926277161,
      0.7944411635398865,
      0.7931604385375977,
      0.8011391758918762,
      0.7958447933197021,
      0.7932316064834595,
      0.801291286945343,
      0.7945070266723633,
      0.7938952445983887,
      0.7935352921485901,
      0.7974544167518616,
      0.7916617393493652,
      0.7965099215507507,
      0.8005181550979614,
      0.7951580882072449,
      0.7950192093849182,
      0.7986791133880615,
      0.796145498752594,
      0.7978617548942566,
      0.7983810305595398,
      0.8016330003738403,
      0.7970443367958069,
      0.7945690155029297,
      0.7941240072250366,
      0.793298602104187,
      0.8006029725074768,
      0.7946715950965881,
      0.7980723977088928,
      0.7978379130363464,
      0.7940862774848938,
      0.7878117561340332,
      0.7853692770004272,
      0.7954712510108948,
      0.7914102077484131,
      0.7871350646018982,
      0.7878337502479553,
      0.781562328338623,
      0.7800653576850891,
      0.7783730626106262,
      0.7792006731033325,
      0.7761325836181641,
      0.7751254439353943,
      0.7729634046554565,
      0.7678351998329163,
      0.7690178751945496,
      0.7589907646179199,
      0.7609117031097412,
      0.7577862739562988,
      0.7614507079124451,
      0.7579987645149231,
      0.7588369846343994,
      0.7559316754341125,
      0.7562118768692017,
      0.7550063133239746,
      0.7475922703742981,
      0.7464698553085327,
      0.7458343505859375,
      0.7461715936660767,
      0.7392863631248474,
      0.7356546521186829,
      0.7366381883621216,
      0.7363677024841309,
      0.7341525554656982,
      0.7351699471473694,
      0.739703357219696,
      0.7370502948760986,
      0.7446150779724121,
      0.7446741461753845,
      0.7462875843048096,
      0.7449939250946045,
      0.7472158670425415,
      0.7551332116127014,
      0.7596540451049805,
      0.7523172497749329,
      0.7532185316085815,
      0.7522873282432556,
      0.7519446611404419,
      0.7578823566436768,
      0.7565420866012573,
      0.764522135257721,
      0.7648863792419434,
      0.7603322267532349,
      0.7643277049064636,
      0.7601816654205322,
      0.7653893828392029,
      0.7655355930328369,
      0.7667573690414429,
      0.7638697624206543,
      0.7616583704948425,
      0.760465681552887,
      0.7618570327758789,
      0.7635931968688965,
      0.7686218023300171,
      0.7686414122581482,
      0.7699492573738098,
      0.7718331217765808,
      0.7793130874633789,
      0.7847315669059753,
      0.7898570895195007,
      0.7871159911155701,
      0.7894641757011414,
      0.794213593006134,
      0.796648383140564,
      0.7949557304382324,
      0.7974109053611755,
      0.8014988899230957,
      0.8070849180221558,
      0.8049715757369995,
      0.8121001124382019,
      0.8108593821525574,
      0.8124307990074158,
      0.8214884400367737,
      0.8248250484466553,
      0.8252812623977661,
      0.8274061679840088,
      0.8333027362823486,
      0.8380165100097656,
      0.8392338752746582,
      0.8403477668762207,
      0.8428032994270325,
      0.8438602089881897,
      0.8495160341262817,
      0.8553026914596558
    ],
    "epochs_ran": 174,
    "final_entropy": 0.8553026914596558,
    "final_loss": 0.41092708706855774,
    "plot_diagnostics": null,
    "runtime_seconds": 15.038293406832963
  }
}