{
  "config": {
    "early_stopping": true,
    "epochs": 601,
    "expert_lr": 0.00116885,
    "expert_momentum": 0.96411,
    "expert_num": 8,
    "expert_weight_decay": 0.001,
    "load_balancing": false,
    "optimizer_family": "original",
    "router_lr": 0.01394259,
    "router_momentum": 0.912475,
    "router_weight_decay": 0.0001
  },
  "eval_metrics": {
    "accuracy": 99.75,
    "dispatch_counts": [
      [
        658.0,
        171.0,
        0.0,
        0.0,
        0.0,
        0.0,
        0.0,
        0.0
      ],
      [
        0.0,
        0.0,
        0.0,
        0.0,
        0.0,
        0.0,
        0.0,
        779.0
      ],
      [
        0.0,
        0.0,
        0.0,
        0.0,
        0.0,
        0.0,
        813.0,
        0.0
      ],
      [
        0.0,
        0.0,
        3.0,
        444.0,
        88.0,
        232.0,
        2.0,
        10.0
      ]
    ],
    "entropy": 0.02113618329167366,
    "loss": 0.3155650496482849,
    "runtime_seconds": 0.007538862992078066,
    "split": "validation"
  },
  "fold_index": 2,
  "mode": "nonlinear",
  "seed": 31413,
  "setting": 3,
  "total_runtime_seconds": 11.437297475989908,
  "train_metrics": {
    "dispatch_counts": [
      [
        2722.0,
        590.0,
        2.0,
        0.0,
        0.0,
        0.0,
        0.0,
        0.0
      ],
      [
        1.0,
        0.0,
        0.0,
        0.0,
        0.0,
        0.0,
        0.0,
        3117.0
      ],
      [
        0.0,
        0.0,
        0.0,
        0.0,
        0.0,
        0.0,
        3249.0,
        0.0
      ],
      [
        0.0,
        0.0,
        17.0,
        1775.0,
        339.0,
        913.0,
        2.0,
        73.0
      ]
    ],
    "entropy_record": [
      1.3851982355117798,
      1.385124921798706,
      1.3848565816879272,
      1.38470458984375,
      1.3850667476654053,
      1.3848758935928345,
      1.3851068019866943,
      1.3850421905517578,
      1.3851680755615234,
      1.3851213455200195,
      1.384720802307129,
      1.381104826927185,
      1.3718005418777466,
      1.3585625886917114,
      1.3148411512374878,
      1.2630228996276855,
      1.1760214567184448,
      1.0671566724777222,
      0.9435048699378967,
      0.8089346289634705,
      0.6643866896629333,
      0.5476222038269043,
      0.42986950278282166,
      0.34424304962158203,
      0.25491389632225037,
      0.20327606797218323,
      0.1427289992570877,
      0.12380101531744003,
      0.08431955426931381,
      0.07546855509281158,
      0.06325560808181763,
      0.05454447865486145,
      0.0411800853908062,
      0.042941197752952576,
      0.04053763672709465,
      0.0342913381755352,
      0.033334292471408844,
      0.03064662590622902,
      0.02743556909263134,
      0.03326886147260666,
      0.031908996403217316,
      0.03372780978679657,
      0.024444788694381714,
      0.029058562591671944,
      0.030729949474334717,
      0.02192659117281437,
      0.02733350545167923,
      0.027153819799423218,
      0.022074924781918526,
      0.028619442135095596,
      0.024186566472053528,
      0.026082858443260193,
      0.027127336710691452,
      0.032931968569755554,
      0.03200468420982361,
      0.026781491935253143,
      0.030748911201953888,
      0.02898477576673031,
      0.025517217814922333,
      0.029664088040590286,
      0.029490910470485687,
      0.02644927240908146,
      0.02914297766983509,
      0.024314774200320244,
      0.025364765897393227,
      0.02791791781783104,
      0.026714380830526352,
      0.029197119176387787,
      0.026294896379113197,
      0.02577376738190651,
      0.028814902529120445,
      0.027697160840034485,
      0.031222984194755554,
      0.02563793957233429,
      0.022734247148036957,
      0.03606073185801506,
      0.02595444954931736,
      0.025588274002075195,
      0.024982845410704613,
      0.028512246906757355,
      0.029800059273838997,
      0.03216521441936493,
      0.030651263892650604,
      0.023585086688399315,
      0.027711104601621628,
      0.028382277116179466,
      0.02871333435177803,
      0.0300710741430521,
      0.032991256564855576,
      0.03100423514842987,
      0.02827904187142849,
      0.030930593609809875,
      0.027697591111063957,
      0.02873453125357628,
      0.03209637850522995,
      0.032861802726984024,
      0.030015457421541214,
      0.030550211668014526,
      0.027447650209069252,
      0.02776957117021084,
      0.032012373208999634,
      0.02878052555024624,
      0.031845275312662125,
      0.032084666192531586,
      0.027303554117679596,
      0.02921808511018753,
      0.02755132131278515,
      0.03606698662042618,
      0.026902753859758377,
      0.03046555630862713,
      0.029709119349718094,
      0.026361985132098198,
      0.030660264194011688,
      0.02757570892572403,
      0.03285370022058487,
      0.029191754758358,
      0.02775227278470993,
      0.02792545221745968,
      0.02966848388314247,
      0.024282364174723625,
      0.03371419385075569,
      0.03500829637050629,
      0.029835449531674385,
      0.03250241279602051,
      0.024012885987758636,
      0.03167920187115669,
      0.027360564097762108,
      0.028887497261166573,
      0.03235892951488495,
      0.027001388370990753,
      0.02653339132666588,
      0.03214016929268837,
      0.025757523253560066,
      0.03257725015282631,
      0.028384225443005562,
      0.031505879014730453,
      0.028408484533429146,
      0.028405899181962013,
      0.02968684211373329
    ],
    "epochs_ran": 139,
    "final_entropy": 0.02968684211373329,
    "final_loss": 0.3139992654323578,
    "plot_diagnostics": null,
    "runtime_seconds": 11.42975861299783
  }
}