{
  "config": {
    "early_stopping": true,
    "epochs": 601,
    "expert_lr": 0.00193369,
    "expert_momentum": 0.902112,
    "expert_num": 8,
    "expert_weight_decay": 1e-05,
    "load_balancing": false,
    "ns_steps": 10,
    "optimizer_family": "muon",
    "router_lr": 0.01113125,
    "router_momentum": 0.881871,
    "router_weight_decay": 0.0001
  },
  "eval_metrics": {
    "accuracy": 89.25,
    "dispatch_counts": [
      [
        153.0,
        30.0,
        0.0,
        9.0,
        179.0,
        409.0,
        28.0,
        21.0
      ],
      [
        17.0,
        6.0,
        164.0,
        155.0,
        0.0,
        49.0,
        42.0,
        346.0
      ],
      [
        0.0,
        167.0,
        2.0,
        191.0,
        3.0,
        25.0,
        353.0,
        72.0
      ],
      [
        0.0,
        258.0,
        44.0,
        6.0,
        168.0,
        80.0,
        45.0,
        178.0
      ]
    ],
    "entropy": 0.8392751216888428,
    "loss": 0.42067626118659973,
    "runtime_seconds": 0.008545788004994392,
    "split": "validation"
  },
  "fold_index": 2,
  "mode": "nonlinear",
  "seed": 21413,
  "setting": 2,
  "total_runtime_seconds": 22.618639099411666,
  "train_metrics": {
    "dispatch_counts": [
      [
        578.0,
        174.0,
        1.0,
        53.0,
        643.0,
        1675.0,
        114.0,
        76.0
      ],
      [
        40.0,
        13.0,
        606.0,
        656.0,
        4.0,
        189.0,
        207.0,
        1403.0
      ],
      [
        11.0,
        647.0,
        5.0,
        790.0,
        15.0,
        122.0,
        1374.0,
        285.0
      ],
      [
        0.0,
        1003.0,
        161.0,
        28.0,
        659.0,
        337.0,
        187.0,
        744.0
      ]
    ],
    "entropy_record": [
      1.38543701171875,
      1.3345972299575806,
      1.2624603509902954,
      1.1827493906021118,
      1.1332409381866455,
      1.0848655700683594,
      1.036499261856079,
      1.0006061792373657,
      0.9742358922958374,
      0.959056556224823,
      0.9274553060531616,
      0.9187222123146057,
      0.9100626707077026,
      0.9023400545120239,
      0.8875271081924438,
      0.8912258148193359,
      0.8855768442153931,
      0.8780956268310547,
      0.8819175958633423,
      0.8809961080551147,
      0.8743597269058228,
      0.87291020154953,
      0.8677903413772583,
      0.867666482925415,
      0.8642306327819824,
      0.8620938062667847,
      0.8606930375099182,
      0.8574222326278687,
      0.8597971200942993,
      0.8600566387176514,
      0.8510639071464539,
      0.859943687915802,
      0.8502827286720276,
      0.8577867746353149,
      0.858747661113739,
      0.8549851179122925,
      0.8530459403991699,
      0.8528765439987183,
      0.8506177663803101,
      0.8546348810195923,
      0.8503498435020447,
      0.8521149158477783,
      0.8547540903091431,
      0.8503865003585815,
      0.8532766103744507,
      0.8524727821350098,
      0.8503955602645874,
      0.8502845764160156,
      0.8523960709571838,
      0.851814866065979,
      0.8529632687568665,
      0.8529079556465149,
      0.8496047258377075,
      0.8554398417472839,
      0.8565065860748291,
      0.8521823883056641,
      0.8543587923049927,
      0.8537182211875916,
      0.8529602885246277,
      0.8539994359016418,
      0.8503912091255188,
      0.8499616980552673,
      0.8518574833869934,
      0.8525959849357605,
      0.849173367023468,
      0.852328896522522,
      0.8513544201850891,
      0.849312424659729,
      0.8477601408958435,
      0.8465700745582581,
      0.8474982380867004,
      0.8459681868553162,
      0.8483096361160278,
      0.845695972442627,
      0.8506877422332764,
      0.846118688583374,
      0.8438507914543152,
      0.8418453931808472,
      0.8421717882156372,
      0.8406240344047546,
      0.8386774063110352,
      0.8363789319992065,
      0.8354474306106567,
      0.8366460800170898,
      0.8374123573303223,
      0.835513174533844,
      0.832821249961853,
      0.836466372013092,
      0.8329412341117859,
      0.8322329521179199,
      0.8311916589736938,
      0.8307458162307739,
      0.8299375772476196,
      0.8298428654670715,
      0.8318598866462708,
      0.8253682851791382,
      0.8302215933799744,
      0.8289046287536621,
      0.8309820890426636,
      0.8283625841140747,
      0.8278731107711792,
      0.8268249034881592,
      0.8271755576133728,
      0.8263562917709351,
      0.8245595693588257,
      0.8253440856933594,
      0.8236508965492249,
      0.8267654776573181,
      0.8272042870521545,
      0.8259571194648743,
      0.8274666666984558,
      0.826095461845398,
      0.8308201432228088,
      0.8295081257820129,
      0.8292202353477478,
      0.830195426940918,
      0.829481303691864,
      0.8303140997886658,
      0.8313810229301453,
      0.8311361074447632,
      0.8316266536712646,
      0.8322464227676392,
      0.8305307626724243,
      0.8315613269805908,
      0.8271610140800476,
      0.8258436322212219,
      0.8284034729003906,
      0.825034499168396,
      0.8233844041824341,
      0.8224838376045227,
      0.8199692964553833,
      0.8243811130523682,
      0.8218512535095215,
      0.8230115175247192,
      0.8238723278045654,
      0.8225898146629333,
      0.8258860111236572,
      0.8238315582275391,
      0.8232903480529785,
      0.8221803903579712,
      0.8203722238540649,
      0.8202114701271057,
      0.820013165473938,
      0.8156077265739441,
      0.8151853084564209,
      0.8146948218345642,
      0.8121167421340942,
      0.8100519180297852,
      0.8124465942382812,
      0.8077765703201294,
      0.8027907013893127,
      0.800580620765686,
      0.7964634895324707,
      0.7963996529579163,
      0.7933733463287354,
      0.7859472632408142,
      0.7873694896697998,
      0.7800724506378174,
      0.7822374701499939,
      0.7807952761650085,
      0.7788626551628113,
      0.7771540880203247,
      0.7759482264518738,
      0.776661217212677,
      0.7793351411819458,
      0.7779316306114197,
      0.7804327011108398,
      0.777524471282959,
      0.7797092795372009,
      0.7786062359809875,
      0.7869227528572083,
      0.7807662487030029,
      0.7799451947212219,
      0.7836562991142273,
      0.7838374972343445,
      0.781226634979248,
      0.7807755470275879,
      0.7812607288360596,
      0.7849646806716919,
      0.7880227565765381,
      0.7883930206298828,
      0.7911697626113892,
      0.7934780716896057,
      0.7951013445854187,
      0.798121988773346,
      0.7985255718231201,
      0.8041738271713257,
      0.8066049218177795,
      0.8075399994850159,
      0.8074232935905457,
      0.8102824091911316,
      0.8169232606887817,
      0.8154191970825195,
      0.8193899989128113,
      0.8193562030792236,
      0.8224413394927979,
      0.8281598091125488,
      0.8301700353622437,
      0.8320554494857788,
      0.8361148834228516,
      0.8406603336334229,
      0.8425244092941284,
      0.8418276309967041,
      0.8460007905960083,
      0.8443778157234192,
      0.8487536907196045,
      0.8490335941314697,
      0.8489322662353516,
      0.8501653671264648,
      0.8474271297454834,
      0.8426432609558105,
      0.844388484954834,
      0.8438258171081543,
      0.8414930105209351,
      0.8386496305465698,
      0.8357975482940674,
      0.8327479362487793,
      0.8317310810089111,
      0.8319323658943176,
      0.8345808386802673,
      0.834807813167572,
      0.8358120322227478,
      0.8352465629577637,
      0.8361693024635315,
      0.8361167907714844,
      0.8379485607147217,
      0.8387326598167419,
      0.8394741415977478,
      0.8392433524131775,
      0.8403103947639465,
      0.8414782881736755,
      0.8402422070503235,
      0.8420817852020264,
      0.8427852392196655,
      0.8452780842781067,
      0.8444637060165405,
      0.8429073095321655,
      0.8427952527999878,
