{
  "config": {
    "early_stopping": true,
    "epochs": 601,
    "expert_lr": 0.00193369,
    "expert_momentum": 0.902112,
    "expert_num": 8,
    "expert_weight_decay": 1e-05,
    "load_balancing": false,
    "ns_steps": 10,
    "optimizer_family": "muon",
    "router_lr": 0.01113125,
    "router_momentum": 0.881871,
    "router_weight_decay": 0.0001
  },
  "eval_metrics": {
    "accuracy": 89.625,
    "dispatch_counts": [
      [
        67.0,
        294.0,
        0.0,
        192.0,
        16.0,
        100.0,
        24.0,
        136.0
      ],
      [
        315.0,
        51.0,
        32.0,
        0.0,
        51.0,
        43.0,
        21.0,
        266.0
      ],
      [
        23.0,
        43.0,
        272.0,
        49.0,
        36.0,
        342.0,
        37.0,
        11.0
      ],
      [
        19.0,
        195.0,
        1.0,
        34.0,
        232.0,
        9.0,
        274.0,
        15.0
      ]
    ],
    "entropy": 0.8491870164871216,
    "loss": 0.41703444719314575,
    "runtime_seconds": 0.008460555225610733,
    "split": "validation"
  },
  "fold_index": 3,
  "mode": "nonlinear",
  "seed": 21414,
  "setting": 2,
  "total_runtime_seconds": 13.22319384291768,
  "train_metrics": {
    "dispatch_counts": [
      [
        314.0,
        1197.0,
        0.0,
        735.0,
        37.0,
        370.0,
        104.0,
        557.0
      ],
      [
        1258.0,
        158.0,
        156.0,
        0.0,
        209.0,
        169.0,
        110.0,
        1058.0
      ],
      [
        118.0,
        127.0,
        1117.0,
        219.0,
        127.0,
        1397.0,
        106.0,
        38.0
      ],
      [
        78.0,
        814.0,
        23.0,
        145.0,
        870.0,
        54.0,
        1075.0,
        60.0
      ]
    ],
    "entropy_record": [
      1.3850805759429932,
      1.329056978225708,
      1.2318869829177856,
      1.1350300312042236,
      1.0896213054656982,
      1.0399696826934814,
      1.0087586641311646,
      0.9621090292930603,
      0.9423601031303406,
      0.9314838647842407,
      0.9178800582885742,
      0.9073978662490845,
      0.8944554328918457,
      0.8846598863601685,
      0.8729125261306763,
      0.8706108927726746,
      0.8620185852050781,
      0.8737133741378784,
      0.8767223954200745,
      0.8771581053733826,
      0.8787251710891724,
      0.8797594308853149,
      0.876869261264801,
      0.8801381587982178,
      0.8815910816192627,
      0.8842915296554565,
      0.8836038112640381,
      0.8858846426010132,
      0.8900618553161621,
      0.887550950050354,
      0.8863908648490906,
      0.882088303565979,
      0.890086829662323,
      0.8833862543106079,
      0.8873740434646606,
      0.8890495896339417,
      0.8866859078407288,
      0.8870151042938232,
      0.8892147541046143,
      0.890871524810791,
      0.8898294568061829,
      0.8913233280181885,
      0.8895602822303772,
      0.8896440863609314,
      0.8925893306732178,
      0.8900922536849976,
      0.8866944909095764,
      0.887741208076477,
      0.8879417777061462,
      0.8868441581726074,
      0.8886541128158569,
      0.888821005821228,
      0.8916875123977661,
      0.889096200466156,
      0.8865763545036316,
      0.8900057673454285,
      0.8893641233444214,
      0.8868059515953064,
      0.889822781085968,
      0.88798987865448,
      0.8844512701034546,
      0.8850231766700745,
      0.8827390074729919,
      0.8833551406860352,
      0.8798140287399292,
      0.8791546821594238,
      0.8802415132522583,
      0.8778814673423767,
      0.8798556327819824,
      0.8781725168228149,
      0.8748467564582825,
      0.872938871383667,
      0.8710529804229736,
      0.8684106469154358,
      0.8701016902923584,
      0.8708977699279785,
      0.8682283163070679,
      0.8653238415718079,
      0.8618460893630981,
      0.8637793064117432,
      0.861882746219635,
      0.8588821887969971,
      0.8605462908744812,
      0.8594321012496948,
      0.8582038283348083,
      0.8593442440032959,
      0.8570006489753723,
      0.8543424606323242,
      0.8543398380279541,
      0.8501290082931519,
      0.8498835563659668,
      0.8474301695823669,
      0.8424702286720276,
      0.8434512615203857,
      0.8410012125968933,
      0.8380535244941711,
      0.8336904644966125,
      0.8318042159080505,
      0.829062819480896,
      0.8268811106681824,
      0.8288212418556213,
      0.8281915187835693,
      0.8235934376716614,
      0.8238552808761597,
      0.8190553188323975,
      0.8181633949279785,
      0.8152402639389038,
      0.8120816349983215,
      0.8086432218551636,
      0.8100432753562927,
      0.8089966773986816,
      0.8127878904342651,
      0.814209520816803,
      0.8158860206604004,
      0.8105449676513672,
      0.8129547238349915,
      0.8134384751319885,
      0.8117313981056213,
      0.8135967254638672,
      0.8114049434661865,
      0.8154783844947815,
      0.810285747051239,
      0.814714789390564,
      0.8139545917510986,
      0.8115424513816833,
      0.814246654510498,
      0.8151416778564453,
      0.8156094551086426,
      0.8158891797065735,
      0.8165056705474854,
      0.8163204193115234,
      0.8236416578292847,
      0.8231816291809082,
      0.8257327079772949,
      0.8252333402633667,
      0.8281687498092651,
      0.8345029354095459,
      0.8350659608840942,
      0.8362565636634827,
      0.8375294804573059,
      0.8364232778549194,
      0.8360491991043091,
      0.8393715620040894,
      0.8369985818862915,
      0.8370293378829956,
      0.8367869853973389,
      0.836442232131958,
      0.8399227857589722,
      0.8420345783233643,
      0.8421738743782043,
      0.8450020551681519,
      0.8470658659934998,
      0.8511494994163513
    ],
    "epochs_ran": 153,
    "final_entropy": 0.8511494994163513,
    "final_loss": 0.41272395849227905,
    "plot_diagnostics": null,
    "runtime_seconds": 13.21473328769207
  }
}