{
  "config": {
    "early_stopping": true,
    "epochs": 601,
    "expert_lr": 0.00193369,
    "expert_momentum": 0.902112,
    "expert_num": 8,
    "expert_weight_decay": 1e-05,
    "load_balancing": false,
    "ns_steps": 10,
    "optimizer_family": "muon",
    "router_lr": 0.01113125,
    "router_momentum": 0.881871,
    "router_weight_decay": 0.0001
  },
  "eval_metrics": {
    "accuracy": 90.09375,
    "dispatch_counts": [
      [
        273.0,
        71.0,
        1.0,
        6.0,
        37.0,
        1.0,
        341.0,
        98.0
      ],
      [
        32.0,
        101.0,
        117.0,
        244.0,
        21.0,
        184.0,
        32.0,
        49.0
      ],
      [
        7.0,
        280.0,
        0.0,
        0.0,
        29.0,
        229.0,
        66.0,
        201.0
      ],
      [
        5.0,
        81.0,
        79.0,
        1.0,
        346.0,
        3.0,
        16.0,
        249.0
      ]
    ],
    "entropy": 0.8432743549346924,
    "loss": 0.41243496537208557,
    "runtime_seconds": 0.008643401321023703,
    "split": "validation"
  },
  "fold_index": 0,
  "mode": "nonlinear",
  "seed": 21411,
  "setting": 2,
  "total_runtime_seconds": 11.385473338421434,
  "train_metrics": {
    "dispatch_counts": [
      [
        1148.0,
        282.0,
        7.0,
        21.0,
        130.0,
        13.0,
        1338.0,
        376.0
      ],
      [
        136.0,
        451.0,
        432.0,
        986.0,
        86.0,
        753.0,
        108.0,
        165.0
      ],
      [
        16.0,
        1158.0,
        1.0,
        2.0,
        138.0,
        885.0,
        280.0,
        770.0
      ],
      [
        37.0,
        407.0,
        305.0,
        2.0,
        1314.0,
        6.0,
        72.0,
        975.0
      ]
    ],
    "entropy_record": [
      1.38530433177948,
      1.3162227869033813,
      1.224072813987732,
      1.1398608684539795,
      1.048831820487976,
      1.0093649625778198,
      0.977057695388794,
      0.9373512268066406,
      0.9027697443962097,
      0.8641236424446106,
      0.826507568359375,
      0.8101788759231567,
      0.8090022802352905,
      0.8153086304664612,
      0.8001099228858948,
      0.7977322936058044,
      0.7996768951416016,
      0.7988380193710327,
      0.7957150340080261,
      0.8033875226974487,
      0.8023084402084351,
      0.8018171191215515,
      0.7977211475372314,
      0.791429877281189,
      0.7969834208488464,
      0.7888367772102356,
      0.7802938222885132,
      0.7816518545150757,
      0.7786900401115417,
      0.7792026996612549,
      0.7760559916496277,
      0.7775694727897644,
      0.7762542963027954,
      0.7713925838470459,
      0.7763940095901489,
      0.7736814618110657,
      0.7730543613433838,
      0.7746623158454895,
      0.7721819877624512,
      0.7760293483734131,
      0.7725598216056824,
      0.7712778449058533,
      0.7763830423355103,
      0.767603874206543,
      0.7738097906112671,
      0.7750228643417358,
      0.7699679732322693,
      0.7700164318084717,
      0.7706950902938843,
      0.7648556232452393,
      0.768204391002655,
      0.7632749676704407,
      0.7663036584854126,
      0.7653154730796814,
      0.7658597230911255,
      0.7671287655830383,
      0.7633704543113708,
      0.7661105990409851,
      0.7660486102104187,
      0.7664242386817932,
      0.7690190672874451,
      0.7727829813957214,
      0.7718400955200195,
      0.773079514503479,
      0.7702613472938538,
      0.7735700607299805,
      0.7767194509506226,
      0.7743691205978394,
      0.7762221693992615,
      0.7729579210281372,
      0.7762279510498047,
      0.77858567237854,
      0.7748225927352905,
      0.7743234038352966,
      0.7789322137832642,
      0.7780027389526367,
      0.7803577184677124,
      0.782386839389801,
      0.7844823598861694,
      0.7865002751350403,
      0.7883840799331665,
      0.7868013381958008,
      0.7894186973571777,
      0.7878527641296387,
      0.7947666645050049,
      0.7892258763313293,
      0.791004478931427,
      0.7923923134803772,
      0.7918672561645508,
      0.7963747978210449,
      0.7942477464675903,
      0.7929097414016724,
      0.7896090745925903,
      0.7922531366348267,
      0.7964767217636108,
      0.7984389662742615,
      0.8000121116638184,
      0.8020213842391968,
      0.800445020198822,
      0.8025229573249817,
      0.8050020933151245,
      0.8074980974197388,
      0.808739185333252,
      0.8076279163360596,
      0.8152077198028564,
      0.8138736486434937,
      0.8156017661094666,
      0.8182072639465332,
      0.8208513259887695,
      0.8222121000289917,
      0.8243663907051086,
      0.824974775314331,
      0.8259302973747253,
      0.8310846090316772,
      0.8297976851463318,
      0.8316258788108826,
      0.8342874050140381,
      0.8369738459587097,
      0.8371328115463257,
      0.8389370441436768,
      0.8413501977920532,
      0.8393640518188477,
      0.8407384157180786,
      0.8418556451797485,
      0.843721330165863,
      0.8420314192771912,
      0.844139814376831,
      0.8450392484664917,
      0.8458979725837708,
      0.8487834334373474,
      0.8514131307601929,
      0.8526458144187927
    ],
    "epochs_ran": 132,
    "final_entropy": 0.8526458144187927,
    "final_loss": 0.40396660566329956,
    "plot_diagnostics": null,
    "runtime_seconds": 11.37682993710041
  }
}