{
  "config": {
    "early_stopping": true,
    "epochs": 601,
    "expert_lr": 0.0036867,
    "expert_momentum": 0.910662,
    "expert_num": 8,
    "expert_weight_decay": 0.001,
    "load_balancing": false,
    "ns_steps": 10,
    "optimizer_family": "muon",
    "router_lr": 0.00805898,
    "router_momentum": 0.884545,
    "router_weight_decay": 0.0001
  },
  "eval_metrics": {
    "accuracy": 91.46875,
    "dispatch_counts": [
      [
        381.0,
        33.0,
        1.0,
        45.0,
        15.0,
        3.0,
        0.0,
        351.0
      ],
      [
        88.0,
        302.0,
        19.0,
        5.0,
        273.0,
        19.0,
        17.0,
        56.0
      ],
      [
        58.0,
        240.0,
        284.0,
        11.0,
        1.0,
        39.0,
        2.0,
        178.0
      ],
      [
        60.0,
        77.0,
        2.0,
        317.0,
        0.0,
        226.0,
        2.0,
        95.0
      ]
    ],
    "entropy": 0.8478292226791382,
    "loss": 0.39857402443885803,
    "runtime_seconds": 0.012101961299777031,
    "split": "validation"
  },
  "fold_index": 3,
  "mode": "nonlinear",
  "seed": 20514,
  "setting": 2,
  "total_runtime_seconds": 12.269410766195506,
  "train_metrics": {
    "dispatch_counts": [
      [
        1524.0,
        146.0,
        2.0,
        143.0,
        81.0,
        6.0,
        1.0,
        1411.0
      ],
      [
        325.0,
        1211.0,
        79.0,
        29.0,
        1071.0,
        66.0,
        76.0,
        261.0
      ],
      [
        273.0,
        941.0,
        1148.0,
        23.0,
        9.0,
        168.0,
        4.0,
        683.0
      ],
      [
        228.0,
        276.0,
        4.0,
        1307.0,
        2.0,
        942.0,
        4.0,
        356.0
      ]
    ],
    "entropy_record": [
      1.384590744972229,
      1.3393903970718384,
      1.2797499895095825,
      1.2013587951660156,
      1.1366978883743286,
      1.0775469541549683,
      1.0264161825180054,
      0.9903006553649902,
      0.954208493232727,
      0.93717360496521,
      0.9339947700500488,
      0.9303364753723145,
      0.9318056106567383,
      0.9338425993919373,
      0.930322527885437,
      0.9245910048484802,
      0.9197173714637756,
      0.9217298030853271,
      0.9172000885009766,
      0.9173926115036011,
      0.914989173412323,
      0.9092910289764404,
      0.9139935374259949,
      0.9137094020843506,
      0.9092285633087158,
      0.904616117477417,
      0.9011135101318359,
      0.9016686677932739,
      0.8974299430847168,
      0.8913240432739258,
      0.8999472856521606,
      0.8907892107963562,
      0.8836792707443237,
      0.8822687268257141,
      0.8810601830482483,
      0.8813717365264893,
      0.8759133815765381,
      0.8713898658752441,
      0.8708735704421997,
      0.8740112781524658,
      0.8700795769691467,
      0.8681086301803589,
      0.8678363561630249,
      0.8695489764213562,
      0.8629029393196106,
      0.8595805168151855,
      0.8563611507415771,
      0.8544946908950806,
      0.8550240397453308,
      0.8483916521072388,
      0.8502029180526733,
      0.8470101356506348,
      0.8480318188667297,
      0.8468383550643921,
      0.8463812470436096,
      0.8423947095870972,
      0.8370496034622192,
      0.8360779285430908,
      0.8349753618240356,
      0.8361803889274597,
      0.8332108855247498,
      0.832161545753479,
      0.8270869255065918,
      0.8285019993782043,
      0.8297950625419617,
      0.8290536999702454,
      0.8239145874977112,
      0.818763017654419,
      0.8211619853973389,
      0.817039966583252,
      0.8189352750778198,
      0.8190925121307373,
      0.8172847032546997,
      0.8063660860061646,
      0.8124936819076538,
      0.8123321533203125,
      0.8090983629226685,
      0.8099187612533569,
      0.814499020576477,
      0.8122216463088989,
      0.8105894923210144,
      0.8125149607658386,
      0.8104431629180908,
      0.8105441927909851,
      0.8140537142753601,
      0.8094095587730408,
      0.8071720600128174,
      0.8034435510635376,
      0.8072186708450317,
      0.8027604818344116,
      0.8043723702430725,
      0.8012762665748596,
      0.805844783782959,
      0.8071701526641846,
      0.796830415725708,
      0.8033076524734497,
      0.8021678328514099,
      0.8032513856887817,
      0.7998726963996887,
      0.8006869554519653,
      0.8032833933830261,
      0.8036600947380066,
      0.8024435043334961,
      0.8037632703781128,
      0.7985038161277771,
      0.7994089126586914,
      0.7983206510543823,
      0.7995083928108215,
      0.7981898784637451,
      0.8019535541534424,
      0.7944345474243164,
      0.796659529209137,
      0.7989050149917603,
      0.797932505607605,
      0.8045274019241333,
      0.8067295551300049,
      0.8082980513572693,
      0.8097938299179077,
      0.8119230270385742,
      0.8123776316642761,
      0.8134805560112,
      0.8113626837730408,
      0.8144936561584473,
      0.8170798420906067,
      0.8172768354415894,
      0.8164796829223633,
      0.8177226781845093,
      0.8190014958381653,
      0.8156139850616455,
      0.8226056098937988,
      0.8221622109413147,
      0.823358416557312,
      0.8255956172943115,
      0.8303857445716858,
      0.8267202377319336,
      0.8293398022651672,
      0.8297616839408875,
      0.8319157361984253,
      0.8340314626693726,
      0.8358103632926941,
      0.835793137550354,
      0.8410121202468872,
      0.8390234708786011
    ],
    "epochs_ran": 143,
    "final_entropy": 0.8390234708786011,
    "final_loss": 0.3984690010547638,
    "plot_diagnostics": null,
    "runtime_seconds": 12.257308804895729
  }
}