{
  "config": {
    "early_stopping": true,
    "epochs": 601,
    "expert_lr": 0.00095132,
    "expert_momentum": 0.911739,
    "expert_num": 4,
    "expert_weight_decay": 1e-05,
    "load_balancing": false,
    "ns_steps": 3,
    "optimizer_family": "muon",
    "router_lr": 0.00893225,
    "router_momentum": 0.944695,
    "router_weight_decay": 0.0001
  },
  "eval_metrics": {
    "accuracy": 92.53125,
    "dispatch_counts": [
      [
        25.0,
        275.0,
        119.0,
        409.0
      ],
      [
        71.0,
        582.0,
        25.0,
        102.0
      ],
      [
        31.0,
        196.0,
        348.0,
        237.0
      ],
      [
        382.0,
        2.0,
        396.0,
        0.0
      ]
    ],
    "entropy": 0.9895955324172974,
    "loss": 0.3890722692012787,
    "runtime_seconds": 0.00431014783680439,
    "split": "validation"
  },
  "fold_index": 0,
  "mode": "nonlinear",
  "seed": 30911,
  "setting": 3,
  "total_runtime_seconds": 11.114522323012352,
  "train_metrics": {
    "dispatch_counts": [
      [
        61.0,
        1162.0,
        472.0,
        1620.0
      ],
      [
        281.0,
        2357.0,
        73.0,
        406.0
      ],
      [
        151.0,
        689.0,
        1399.0,
        1011.0
      ],
      [
        1515.0,
        4.0,
        1599.0,
        0.0
      ]
    ],
    "entropy_record": [
      1.3857816457748413,
      1.3555381298065186,
      1.2830791473388672,
      1.1855725049972534,
      1.1083742380142212,
      1.064359426498413,
      1.0464588403701782,
      1.0350648164749146,
      1.0320771932601929,
      1.03689444065094,
      1.03515625,
      1.0334315299987793,
      1.0372804403305054,
      1.0368744134902954,
      1.0425169467926025,
      1.0363966226577759,
      1.0367878675460815,
      1.0393611192703247,
      1.0380808115005493,
      1.0357192754745483,
      1.0386197566986084,
      1.0364305973052979,
      1.0381243228912354,
      1.0342800617218018,
      1.03717839717865,
      1.03085196018219,
      1.0316071510314941,
      1.0319886207580566,
      1.0323162078857422,
      1.029653549194336,
      1.0261255502700806,
      1.0273877382278442,
      1.0211318731307983,
      1.0245835781097412,
      1.022560954093933,
      1.0179027318954468,
      1.0166467428207397,
      1.0131020545959473,
      1.0092277526855469,
      1.0090217590332031,
      1.006208896636963,
      1.0056754350662231,
      1.0005760192871094,
      0.9964901208877563,
      0.9976449012756348,
      0.9967365264892578,
      0.994786262512207,
      0.9948958158493042,
      0.9879053831100464,
      0.9918330907821655,
      0.9880485534667969,
      0.9857907295227051,
      0.9800952672958374,
      0.9839868545532227,
      0.9822361469268799,
      0.9798991680145264,
      0.9783473610877991,
      0.9801476001739502,
      0.9753206968307495,
      0.9778458476066589,
      0.9715384244918823,
      0.9698485136032104,
      0.9720413088798523,
      0.9697041511535645,
      0.9698958992958069,
      0.968238353729248,
      0.9676941633224487,
      0.9682693481445312,
      0.967856764793396,
      0.9667840003967285,
      0.9661478996276855,
      0.9623551368713379,
      0.9623411893844604,
      0.9615877866744995,
      0.9620643854141235,
      0.9632500410079956,
      0.961845874786377,
      0.95848548412323,
      0.9580085277557373,
      0.9585506319999695,
      0.9566821455955505,
      0.9548153877258301,
      0.9512059092521667,
      0.9533735513687134,
      0.9515302181243896,
      0.9507431387901306,
      0.9505602717399597,
      0.950994074344635,
      0.9490516185760498,
      0.9488086700439453,
      0.94925856590271,
      0.9484823942184448,
      0.9462038278579712,
      0.9490847587585449,
      0.9476429224014282,
      0.9494011402130127,
      0.9466582536697388,
      0.9482039213180542,
      0.9477651119232178,
      0.9482124447822571,
      0.9447493553161621,
      0.945358157157898,
      0.9479411840438843,
      0.9486774206161499,
      0.9451440572738647,
      0.949361264705658,
      0.945209801197052,
      0.9462059140205383,
      0.9490182399749756,
      0.9490121006965637,
      0.9471224546432495,
      0.9477547407150269,
      0.9486256837844849,
      0.9470654726028442,
      0.9481626749038696,
      0.9447547197341919,
      0.9468342661857605,
      0.9469608664512634,
      0.9454888105392456,
      0.9463262557983398,
      0.9453593492507935,
      0.9451068639755249,
      0.9451961517333984,
      0.9467434287071228,
      0.9472435116767883,
      0.9465482234954834,
      0.9467887878417969,
      0.9491487741470337,
      0.9515414237976074,
      0.9541256427764893,
      0.9552209377288818,
      0.9573813676834106,
      0.9571879506111145,
      0.9603379964828491,
      0.9616870880126953,
      0.9641444683074951,
      0.9637806415557861,
      0.9670850038528442,
      0.9708796739578247,
      0.9699409008026123,
      0.9702042937278748,
      0.9728690385818481,
      0.9730218648910522,
      0.977083146572113,
      0.9780021905899048,
      0.9790656566619873,
      0.9805777072906494,
      0.9816402196884155,
      0.9836603403091431,
      0.9863013625144958,
      0.9871954917907715,
      0.9896754622459412,
      0.9908382892608643,
      0.992466926574707,
      0.9933180809020996,
      0.992437481880188,
      0.9955478310585022,
      0.9931982755661011,
      0.9973999857902527,
      0.9967488646507263,
      0.9976257085800171,
      0.9992448091506958,
      0.999137282371521,
      0.9999107718467712,
      0.9991257190704346,
      1.0029503107070923,
      1.0036585330963135,
      1.0043823719024658,
      1.0044922828674316,
      1.0069905519485474,
      1.0091826915740967,
      1.011398434638977,
      1.0116009712219238,
      1.0136785507202148,
      1.0167518854141235,
      1.015389084815979,
      1.0183731317520142,
      1.0195647478103638,
      1.020156979560852,
      1.0215933322906494,
      1.022105097770691,
      1.0235406160354614,
      1.0231300592422485,
      1.023443579673767,
      1.024455189704895,
      1.0268634557724,
      1.0262240171432495,
      1.0258628129959106,
      1.0258369445800781,
      1.0269781351089478,
      1.0271514654159546,
      1.0299601554870605,
      1.0293169021606445,
      1.030765414237976,
      1.0299053192138672,
      1.031569480895996,
      1.0293926000595093,
      1.0294907093048096,
      1.0283114910125732,
      1.0278735160827637,
      1.0262209177017212,
      1.0245676040649414,
      1.0237337350845337,
      1.0215001106262207,
      1.0199087858200073,
      1.0198328495025635,
      1.0164130926132202,
      1.0165507793426514,
      1.0130735635757446,
      1.0123395919799805,
      1.011002540588379,
      1.0090960264205933,
      1.005747675895691,
      1.0060745477676392,
      1.0039863586425781,
      1.0012613534927368,
      1.0007063150405884,
      0.9974380135536194,
      0.9950260519981384,
      0.9946005344390869,
      0.9905807971954346,
      0.9908371567726135,
      0.9880130887031555,
      0.9863975644111633,
      0.9856628179550171,
      0.983579158782959,
      0.9828611016273499,
      0.9832847714424133,
      0.9825576543807983,
      0.9811975955963135,
      0.981689989566803,
      0.9793850779533386,
      0.9796426296234131,
      0.9785559177398682,
      0.9777858257293701,
      0.9778445363044739,
      0.9756321310997009,
      0.9747883081436157,
      0.9746315479278564,
      0.9747925400733948
    ],
    "epochs_ran": 240,
    "final_entropy": 0.9747925400733948,
    "final_loss": 0.3878636062145233,
    "plot_diagnostics": null,
    "runtime_seconds": 11.110212175175548
  }
}