{
  "config": {
    "early_stopping": true,
    "epochs": 601,
    "expert_lr": 0.0025929,
    "expert_momentum": 0.907187,
    "expert_num": 8,
    "expert_weight_decay": 0.001,
    "load_balancing": false,
    "optimizer_family": "original",
    "router_lr": 0.0131884,
    "router_momentum": 0.945116,
    "router_weight_decay": 0.001
  },
  "eval_metrics": {
    "accuracy": 97.375,
    "dispatch_counts": [
      [
        515.0,
        95.0,
        0.0,
        1.0,
        0.0,
        191.0,
        5.0,
        0.0
      ],
      [
        0.0,
        27.0,
        293.0,
        6.0,
        1.0,
        128.0,
        2.0,
        343.0
      ],
      [
        1.0,
        0.0,
        0.0,
        6.0,
        0.0,
        132.0,
        662.0,
        0.0
      ],
      [
        109.0,
        0.0,
        2.0,
        0.0,
        560.0,
        121.0,
        0.0,
        0.0
      ]
    ],
    "entropy": 0.3805758059024811,
    "loss": 0.339370995759964,
    "runtime_seconds": 0.012745865155011415,
    "split": "validation"
  },
  "fold_index": 1,
  "mode": "nonlinear",
  "seed": 12012,
  "setting": 1,
  "total_runtime_seconds": 49.87920812424272,
  "train_metrics": {
    "dispatch_counts": [
      [
        1987.0,
        446.0,
        2.0,
        12.0,
        0.0,
        752.0,
        25.0,
        4.0
      ],
      [
        0.0,
        76.0,
        1143.0,
        17.0,
        1.0,
        489.0,
        3.0,
        1470.0
      ],
      [
        0.0,
        0.0,
        3.0,
        14.0,
        4.0,
        526.0,
        2658.0,
        0.0
      ],
      [
        501.0,
        0.0,
        0.0,
        0.0,
        2186.0,
        479.0,
        0.0,
        2.0
      ]
    ],
    "entropy_record": [
      1.3856979608535767,
      1.3857536315917969,
      1.3859059810638428,
      1.3850191831588745,
      1.3850873708724976,
      1.3852992057800293,
      1.3852819204330444,
      1.3857207298278809,
      1.3841949701309204,
      1.3782556056976318,
      1.3662939071655273,
      1.3397959470748901,
      1.2900266647338867,
      1.2007923126220703,
      1.114859938621521,
      1.011316180229187,
      0.8870610594749451,
      0.7796262502670288,
      0.6688942909240723,
      0.5690852999687195,
      0.48234060406684875,
      0.42056575417518616,
      0.37013450264930725,
      0.3121736943721771,
      0.29626792669296265,
      0.2605835497379303,
      0.25576308369636536,
      0.2337760180234909,
      0.23025529086589813,
      0.224107563495636,
      0.21359039843082428,
      0.2028290033340454,
      0.2023967206478119,
      0.1990986466407776,
      0.2019597291946411,
      0.207423597574234,
      0.20548614859580994,
      0.20632730424404144,
      0.21220813691616058,
      0.2129349559545517,
      0.21558822691440582,
      0.21388672292232513,
      0.22275950014591217,
      0.21674074232578278,
      0.2195551097393036,
      0.21676243841648102,
      0.2299409657716751,
      0.22228872776031494,
      0.2362513244152069,
      0.23311014473438263,
      0.23302744328975677,
      0.2312987595796585,
      0.2358429729938507,
      0.23279383778572083,
      0.2270473688840866,
      0.23642492294311523,
      0.24052506685256958,
      0.24225293099880219,
      0.23676764965057373,
      0.24435240030288696,
      0.23701801896095276,
      0.2435620278120041,
      0.2460116147994995,
      0.24425651133060455,
      0.23928551375865936,
      0.2508942782878876,
      0.24600934982299805,
      0.25009632110595703,
      0.24791239202022552,
      0.2471388280391693,
      0.24731197953224182,
      0.257391095161438,
      0.253574937582016,
      0.2525162100791931,
      0.25348979234695435,
      0.2519836723804474,
      0.26240572333335876,
      0.25995755195617676,
      0.2572348415851593,
      0.2542831301689148,
      0.2580498158931732,
      0.24956372380256653,
      0.2655166685581207,
      0.25781431794166565,
      0.2644408941268921,
      0.25599151849746704,
      0.25351423025131226,
      0.26626551151275635,
      0.2699078321456909,
      0.2725706100463867,
      0.26156648993492126,
      0.2654052674770355,
      0.2663581967353821,
      0.2673250734806061,
      0.2683504521846771,
      0.26131686568260193,
      0.2666997015476227,
      0.2716260254383087,
      0.2674063742160797,
      0.26919832825660706,
      0.26910343766212463,
      0.26986831426620483,
      0.2683921456336975,
      0.2727719843387604,
      0.27198851108551025,
      0.2783743739128113,
      0.27141639590263367,
      0.2679136395454407,
      0.27883031964302063,
      0.2764583230018616,
      0.27177533507347107,
      0.27916833758354187,
      0.2700995206832886,
      0.27291396260261536,
      0.2700057327747345,
      0.28197118639945984,
      0.2762235999107361,
      0.2823844254016876,
      0.2773028612136841,
      0.26687946915626526,
      0.26561933755874634,
      0.2748534679412842,
      0.28144770860671997,
      0.2847159802913666,
      0.2753538191318512,
      0.29382362961769104,
      0.28188157081604004,
      0.27979350090026855,
      0.2778480648994446,
      0.2850090265274048,
      0.2731909453868866,
      0.27795156836509705,
      0.27950483560562134,
      0.2762886881828308,
      0.28100141882896423,
      0.27789852023124695,
      0.2743469476699829,
      0.28867411613464355,
      0.2781898081302643,
      0.2846980094909668,
      0.28643518686294556,
      0.2825852632522583,
      0.2861918807029724,
      0.2827294170856476,
      0.28567516803741455,
      0.28247472643852234,
      0.2879590094089508,
      0.27881962060928345,
      0.28264063596725464,
      0.2842004597187042,
      0.29164332151412964,
      0.2861885726451874,
      0.280561238527298,
      0.28824928402900696,
      0.2879636287689209,
      0.2900177538394928,
      0.27916571497917175,
      0.2943062484264374,
      0.2908807098865509,
      0.2916344702243805,
      0.2889043092727661,
      0.29290372133255005,
      0.28634539246559143,
      0.28445518016815186,
      0.28736263513565063,
      0.2910054624080658,
      0.2857435941696167,
      0.2952437400817871,
      0.2920777499675751,
      0.2845875918865204,
      0.29029369354248047,
      0.29667696356773376,
      0.28703561425209045,
      0.29201042652130127,
      0.2964065968990326,
      0.2957098186016083,
      0.2910223603248596,
      0.2980342209339142,
      0.2980850040912628,
      0.29729074239730835,
      0.29693007469177246,
      0.2981850504875183,
      0.2978197932243347,
      0.2988460958003998,
      0.29414135217666626,
      0.29912126064300537,
      0.30364087224006653,
      0.2944345474243164,
      0.30750772356987,
      0.30431121587753296,
      0.3024415671825409,
      0.3029811978340149,
      0.3014720380306244,
      0.30286335945129395,
      0.2959005832672119,
      0.3091532289981842,
      0.29292652010917664,
      0.29702383279800415,
      0.3010910749435425,
      0.3036401569843292,
      0.2981500029563904,
      0.30994656682014465,
      0.3023497462272644,
      0.3023586869239807,
      0.3016691505908966,
      0.30096328258514404,
      0.30598533153533936,
      0.31050220131874084,
      0.29688119888305664,
      0.3083260655403137,
      0.30020084977149963,
      0.296532541513443,
      0.30413827300071716,
      0.3035903871059418,
      0.317145973443985,
      0.30828696489334106,
      0.3038072884082794,
      0.3109651803970337,
      0.3148391842842102,
      0.3022635579109192,
      0.3099111318588257,
      0.3132011592388153,
      0.30691513419151306,
      0.3137730062007904,
      0.3107442855834961,
      0.3158690631389618,
      0.31041860580444336,
      0.3081437349319458,
      0.31418082118034363,
      0.31242263317108154,
      0.3167761564254761,
      0.31325772404670715,
      0.31396958231925964,
      0.3194401264190674,
      0.3143866956233978,
      0.3126046359539032,
