{
  "config": {
    "early_stopping": true,
    "epochs": 601,
    "expert_lr": 0.0025929,
    "expert_momentum": 0.907187,
    "expert_num": 8,
    "expert_weight_decay": 0.001,
    "load_balancing": false,
    "optimizer_family": "original",
    "router_lr": 0.0131884,
    "router_momentum": 0.945116,
    "router_weight_decay": 0.001
  },
  "eval_metrics": {
    "accuracy": 97.40625,
    "dispatch_counts": [
      [
        1.0,
        0.0,
        784.0,
        7.0,
        0.0,
        0.0,
        15.0,
        0.0
      ],
      [
        223.0,
        499.0,
        0.0,
        64.0,
        6.0,
        0.0,
        7.0,
        0.0
      ],
      [
        2.0,
        11.0,
        7.0,
        1.0,
        20.0,
        1.0,
        757.0,
        3.0
      ],
      [
        0.0,
        0.0,
        0.0,
        0.0,
        0.0,
        171.0,
        282.0,
        339.0
      ]
    ],
    "entropy": 0.28274306654930115,
    "loss": 0.3387719392776489,
    "runtime_seconds": 0.008423494175076485,
    "split": "validation"
  },
  "fold_index": 2,
  "mode": "nonlinear",
  "seed": 12013,
  "setting": 1,
  "total_runtime_seconds": 20.330512512940913,
  "train_metrics": {
    "dispatch_counts": [
      [
        7.0,
        0.0,
        3124.0,
        44.0,
        0.0,
        0.0,
        53.0,
        0.0
      ],
      [
        814.0,
        2043.0,
        0.0,
        259.0,
        17.0,
        0.0,
        67.0,
        0.0
      ],
      [
        2.0,
        22.0,
        32.0,
        10.0,
        99.0,
        8.0,
        3014.0,
        17.0
      ],
      [
        0.0,
        0.0,
        0.0,
        0.0,
        0.0,
        733.0,
        1100.0,
        1335.0
      ]
    ],
    "entropy_record": [
      1.385376214981079,
      1.3858113288879395,
      1.3855249881744385,
      1.385312795639038,
      1.385082721710205,
      1.3852040767669678,
      1.383922815322876,
      1.3858296871185303,
      1.3824243545532227,
      1.376038908958435,
      1.3573315143585205,
      1.3191378116607666,
      1.2555437088012695,
      1.1657177209854126,
      1.078421711921692,
      0.9615706205368042,
      0.8327689170837402,
      0.7096376419067383,
      0.5966456532478333,
      0.4920552968978882,
      0.4041854739189148,
      0.337848424911499,
      0.27139997482299805,
      0.22504419088363647,
      0.18855659663677216,
      0.16252271831035614,
      0.14198122918605804,
      0.12229863554239273,
      0.11002794653177261,
      0.092244952917099,
      0.09223687648773193,
      0.08309537172317505,
      0.0795111358165741,
      0.06731367111206055,
      0.074854776263237,
      0.06145399436354637,
      0.05971980839967728,
      0.05450642853975296,
      0.05590738728642464,
      0.05546461418271065,
      0.05294123664498329,
      0.04465510696172714,
      0.045267727226018906,
      0.04416201636195183,
      0.038820765912532806,
      0.0519699901342392,
      0.049393683671951294,
      0.04506142437458038,
      0.04333265870809555,
      0.04244904965162277,
      0.041484132409095764,
      0.04102177545428276,
      0.03942505270242691,
      0.04377259686589241,
      0.04117313027381897,
      0.03632795810699463,
      0.043896131217479706,
      0.03939121961593628,
      0.045116111636161804,
      0.03831222280859947,
      0.04075099527835846,
      0.040909551084041595,
      0.04436498507857323,
      0.03687699884176254,
      0.04227868840098381,
      0.04108438640832901,
      0.03960571438074112,
      0.04016541689634323,
      0.04640068858861923,
      0.045153871178627014,
      0.04097764194011688,
      0.0431523323059082,
      0.037694163620471954,
      0.03985822945833206,
      0.039821427315473557,
      0.043019942939281464,
      0.04045424237847328,
      0.04056353121995926,
      0.04909353330731392,
      0.04783116653561592,
      0.046057913452386856,
      0.04439768195152283,
      0.04300324618816376,
      0.04328746348619461,
      0.047947436571121216,
      0.05369655042886734,
      0.0472392737865448,
      0.04518228396773338,
      0.05007731914520264,
      0.04965122044086456,
      0.05336405336856842,
      0.050920505076646805,
      0.049441710114479065,
      0.04937717691063881,
      0.04764867201447487,
      0.05552387237548828,
      0.04477274790406227,
      0.05246543884277344,
      0.04064054787158966,
      0.05662103369832039,
      0.057303063571453094,
      0.05205995589494705,
      0.05700000002980232,
      0.05576815828680992,
      0.05493781343102455,
      0.05093890801072121,
      0.05566977709531784,
      0.05805976688861847,
      0.05720509961247444,
      0.06793669611215591,
      0.06150670349597931,
      0.061135660856962204,
      0.06095154210925102,
      0.053653426468372345,
      0.06712472438812256,
      0.06563286483287811,
      0.06556352972984314,
      0.06115337461233139,
      0.06545431911945343,
      0.06441352516412735,
      0.06661001592874527,
      0.061127327382564545,
      0.0726788192987442,
      0.07046030461788177,
      0.06982740014791489,
      0.07626047730445862,
      0.07017955183982849,
      0.07603026926517487,
      0.06968836486339569,
      0.0728454440832138,
      0.07502466440200806,
      0.07217303663492203,
      0.0737549364566803,
      0.07535425573587418,
      0.0824393481016159,
      0.08442901819944382,
      0.08257487416267395,
      0.08300971239805222,
      0.08226316422224045,
      0.084013931453228,
      0.08611742407083511,
      0.08534985035657883,
      0.08845216780900955,
      0.08858464658260345,
      0.0940304696559906,
      0.0907553881406784,
      0.09231691062450409,
      0.09556470811367035,
      0.0968024730682373,
      0.10006502270698547,
      0.09735877811908722,
      0.10551343858242035,
      0.10204140096902847,
      0.09994392096996307,
      0.10543555021286011,
      0.11207915097475052,
      0.1113194152712822,
      0.1180182620882988,
      0.11004824936389923,
      0.11551934480667114,
      0.11114577203989029,
      0.1075659766793251,
      0.11307409405708313,
      0.11579766869544983,
      0.124485082924366,
      0.12411162257194519,
      0.11836620420217514,
      0.1237092912197113,
      0.1294735223054886,
      0.12648209929466248,
      0.1273612529039383,
      0.12567071616649628,
      0.12658706307411194,
      0.13672418892383575,
      0.13546180725097656,
      0.1307590901851654,
      0.13437408208847046,
      0.1359483152627945,
      0.14230039715766907,
      0.13371343910694122,
      0.14469154179096222,
      0.1457553207874298,
      0.1416812390089035,
      0.14289043843746185,
      0.14587850868701935,
      0.1464860737323761,
      0.1483575403690338,
      0.15601852536201477,
      0.1553802639245987,
      0.1545594334602356,
      0.16030123829841614,
      0.1569928228855133,
      0.16907502710819244,
      0.16400638222694397,
      0.1708356887102127,
      0.17359906435012817,
      0.168927401304245,
      0.18236202001571655,
      0.17451781034469604,
      0.17828021943569183,
      0.18139682710170746,
      0.18429863452911377,
      0.18043890595436096,
      0.18697957694530487,
      0.18969261646270752,
      0.18537133932113647,
      0.18994440138339996,
      0.19356802105903625,
      0.1981084793806076,
      0.1978590190410614,
      0.20196300745010376,
      0.20714928209781647,
      0.2075427919626236,
      0.2071380317211151,
      0.20960283279418945,
      0.21131475269794464,
      0.21441876888275146,
      0.2130228877067566,
      0.2205352932214737,
      0.22800219058990479,
      0.23047800362110138,
      0.22715680301189423,
      0.23172548413276672,
      0.2423970252275467,
      0.2355860471725464,
      0.2320259064435959,
      0.24184326827526093,
      0.24743717908859253,
      0.24554935097694397,
      0.24609042704105377,
      0.24273541569709778,
      0.2543589174747467,
