{
  "config": {
    "early_stopping": true,
    "epochs": 601,
    "expert_lr": 0.00424248,
    "expert_momentum": 0.942234,
    "expert_num": 4,
    "expert_weight_decay": 0.001,
    "load_balancing": false,
    "ns_steps": 3,
    "optimizer_family": "muon",
    "router_lr": 0.08726555,
    "router_momentum": 0.894385,
    "router_weight_decay": 0.0001
  },
  "eval_metrics": {
    "accuracy": 84.75,
    "dispatch_counts": [
      [
        234.0,
        269.0,
        127.0,
        199.0
      ],
      [
        190.0,
        261.0,
        200.0,
        128.0
      ],
      [
        35.0,
        355.0,
        67.0,
        356.0
      ],
      [
        205.0,
        19.0,
        420.0,
        135.0
      ]
    ],
    "entropy": 1.2191355228424072,
    "loss": 0.4657060503959656,
    "runtime_seconds": 0.004383410327136517,
    "split": "validation"
  },
  "fold_index": 3,
  "mode": "nonlinear",
  "seed": 21214,
  "setting": 2,
  "total_runtime_seconds": 4.349515555426478,
  "train_metrics": {
    "dispatch_counts": [
      [
        907.0,
        1147.0,
        452.0,
        808.0
      ],
      [
        758.0,
        995.0,
        805.0,
        560.0
      ],
      [
        129.0,
        1322.0,
        251.0,
        1547.0
      ],
      [
        831.0,
        90.0,
        1679.0,
        519.0
      ]
    ],
    "entropy_record": [
      1.3855918645858765,
      1.3154364824295044,
      1.2973687648773193,
      1.2760521173477173,
      1.2641115188598633,
      1.2491306066513062,
      1.2354021072387695,
      1.2247251272201538,
      1.2232694625854492,
      1.2204537391662598,
      1.2242615222930908,
      1.2274672985076904,
      1.2286646366119385,
      1.229508399963379,
      1.230102777481079,
      1.230987310409546,
      1.2334904670715332,
      1.2358425855636597,
      1.2369786500930786,
      1.2364031076431274,
      1.2380527257919312,
      1.23665452003479,
      1.2350056171417236,
      1.2346465587615967,
      1.2341121435165405,
      1.2346830368041992,
      1.2325379848480225,
      1.2344956398010254,
      1.2349735498428345,
      1.2349348068237305,
      1.2362313270568848,
      1.2377371788024902,
      1.2421663999557495,
      1.244244933128357,
      1.2449383735656738,
      1.2470262050628662,
      1.2483586072921753,
      1.2486435174942017,
      1.250116229057312,
      1.25095796585083,
      1.2514326572418213,
      1.2516582012176514,
      1.2521413564682007,
      1.2526413202285767,
      1.2529370784759521,
      1.2531604766845703,
      1.25347900390625,
      1.2541193962097168,
      1.2552167177200317,
      1.2560607194900513,
      1.2545595169067383,
      1.2536311149597168,
      1.2547507286071777,
      1.2545312643051147,
      1.254242181777954,
      1.2539547681808472,
      1.254021406173706,
      1.2548624277114868,
      1.2535181045532227,
      1.2509175539016724,
      1.249047040939331,
      1.2485610246658325,
      1.2459341287612915,
      1.2454317808151245,
      1.2435044050216675,
      1.2410547733306885,
      1.2388722896575928,
      1.2373144626617432,
      1.2338111400604248,
      1.2322829961776733,
      1.2284796237945557,
      1.2264584302902222,
      1.2232675552368164,
      1.2196974754333496,
      1.215245008468628,
      1.212226152420044,
      1.210042119026184,
      1.2079637050628662,
      1.207027554512024,
      1.205826997756958,
      1.2042030096054077,
      1.2044904232025146,
      1.2047295570373535,
      1.206235408782959,
      1.207868218421936,
      1.2070939540863037,
      1.2077643871307373,
      1.2101799249649048,
      1.2110282182693481,
      1.2115116119384766,
      1.2135047912597656,
      1.2135412693023682,
      1.2145049571990967,
      1.2152667045593262
    ],
    "epochs_ran": 94,
    "final_entropy": 1.2152667045593262,
    "final_loss": 0.4639725089073181,
    "plot_diagnostics": null,
    "runtime_seconds": 4.345132145099342
  }
}