{
  "config": {
    "early_stopping": true,
    "epochs": 601,
    "expert_lr": 0.00424248,
    "expert_momentum": 0.942234,
    "expert_num": 4,
    "expert_weight_decay": 0.001,
    "load_balancing": false,
    "ns_steps": 3,
    "optimizer_family": "muon",
    "router_lr": 0.08726555,
    "router_momentum": 0.894385,
    "router_weight_decay": 0.0001
  },
  "eval_metrics": {
    "accuracy": 83.71875,
    "dispatch_counts": [
      [
        193.0,
        255.0,
        160.0,
        221.0
      ],
      [
        83.0,
        308.0,
        115.0,
        273.0
      ],
      [
        311.0,
        56.0,
        294.0,
        152.0
      ],
      [
        267.0,
        196.0,
        186.0,
        130.0
      ]
    ],
    "entropy": 1.3049160242080688,
    "loss": 0.4759834408760071,
    "runtime_seconds": 0.0043722460977733135,
    "split": "validation"
  },
  "fold_index": 2,
  "mode": "nonlinear",
  "seed": 21213,
  "setting": 2,
  "total_runtime_seconds": 8.445547162089497,
  "train_metrics": {
    "dispatch_counts": [
      [
        776.0,
        1099.0,
        626.0,
        813.0
      ],
      [
        437.0,
        1182.0,
        503.0,
        996.0
      ],
      [
        1233.0,
        228.0,
        1102.0,
        686.0
      ],
      [
        995.0,
        795.0,
        751.0,
        578.0
      ]
    ],
    "entropy_record": [
      1.3856616020202637,
      1.0942968130111694,
      1.0492477416992188,
      1.0770092010498047,
      1.0944079160690308,
      1.1140401363372803,
      1.119527816772461,
      1.14536714553833,
      1.1644726991653442,
      1.179857850074768,
      1.1951713562011719,
      1.2100955247879028,
      1.226798176765442,
      1.2380669116973877,
      1.25114107131958,
      1.2595911026000977,
      1.2701640129089355,
      1.2768006324768066,
      1.2851392030715942,
      1.2897961139678955,
      1.29409658908844,
      1.298330545425415,
      1.3009922504425049,
      1.3046009540557861,
      1.3070749044418335,
      1.310597538948059,
      1.3125154972076416,
      1.3154709339141846,
      1.316461443901062,
      1.3195692300796509,
      1.3211414813995361,
      1.3224657773971558,
      1.3238872289657593,
      1.3247401714324951,
      1.3259319067001343,
      1.3268523216247559,
      1.327444314956665,
      1.3292393684387207,
      1.3294079303741455,
      1.3303320407867432,
      1.3308316469192505,
      1.33184814453125,
      1.331925392150879,
      1.3330087661743164,
      1.333522081375122,
      1.3334832191467285,
      1.334120273590088,
      1.3346525430679321,
      1.3348476886749268,
      1.3353149890899658,
      1.3356077671051025,
      1.336010456085205,
      1.336379885673523,
      1.3367884159088135,
      1.3367857933044434,
      1.3368909358978271,
      1.3372396230697632,
      1.337326169013977,
      1.3372418880462646,
      1.337556004524231,
      1.3379405736923218,
      1.3373899459838867,
      1.3372169733047485,
      1.336512804031372,
      1.3367595672607422,
      1.33649480342865,
      1.3366930484771729,
      1.3361512422561646,
      1.3361015319824219,
      1.3361709117889404,
      1.3357696533203125,
      1.3352031707763672,
      1.3337761163711548,
      1.3331341743469238,
      1.3322889804840088,
      1.3314639329910278,
      1.3310028314590454,
      1.3308322429656982,
      1.3305315971374512,
      1.329546570777893,
      1.3293254375457764,
      1.3287014961242676,
      1.3277137279510498,
      1.3274192810058594,
      1.326661229133606,
      1.3258697986602783,
      1.3248083591461182,
      1.3250794410705566,
      1.3246121406555176,
      1.3233710527420044,
      1.3232845067977905,
      1.3233931064605713,
      1.3228139877319336,
      1.3218374252319336,
      1.3218477964401245,
      1.321231484413147,
      1.320719599723816,
      1.320639967918396,
      1.3199338912963867,
      1.3192510604858398,
      1.318221092224121,
      1.31797194480896,
      1.3171265125274658,
      1.3169958591461182,
      1.3172451257705688,
      1.3169147968292236,
      1.3163213729858398,
      1.3151214122772217,
      1.3141272068023682,
      1.3139277696609497,
      1.3127939701080322,
      1.312615990638733,
      1.3123741149902344,
      1.3122615814208984,
      1.3127293586730957,
      1.3118232488632202,
      1.3114537000656128,
      1.3106260299682617,
      1.3089237213134766,
      1.3081172704696655,
      1.3078055381774902,
      1.3071645498275757,
      1.3071948289871216,
      1.3067349195480347,
      1.305971622467041,
      1.3050479888916016,
      1.3040870428085327,
      1.3032255172729492,
      1.3028411865234375,
      1.3017487525939941,
      1.3010234832763672,
      1.3003959655761719,
      1.299318552017212,
      1.2984726428985596,
      1.2988402843475342,
      1.2989753484725952,
      1.2991087436676025,
      1.2991430759429932,
      1.3000128269195557,
      1.3009307384490967,
      1.3012335300445557,
      1.3015429973602295,
      1.3014601469039917,
      1.300589680671692,
      1.3005361557006836,
      1.3004822731018066,
      1.3000174760818481,
      1.3000764846801758,
      1.300612211227417,
      1.301498532295227,
      1.3001710176467896,
      1.2999446392059326,
      1.3003554344177246,
      1.301061987876892,
      1.3016936779022217,
      1.303070306777954,
      1.3042263984680176,
      1.3053094148635864,
      1.3057420253753662,
      1.3069610595703125,
      1.3082232475280762,
      1.3098475933074951,
      1.3099710941314697,
      1.3107707500457764,
      1.3115241527557373,
      1.3110088109970093,
      1.3114631175994873,
      1.3123537302017212,
      1.3120746612548828,
      1.313296914100647,
      1.3134686946868896,
      1.3135595321655273,
      1.3146731853485107,
      1.3152531385421753,
      1.316564917564392,
      1.3165724277496338,
      1.3162927627563477,
      1.317441701889038,
      1.3187743425369263,
      1.3203421831130981,
      1.3210417032241821,
      1.3224177360534668
    ],
    "epochs_ran": 182,
    "final_entropy": 1.3224177360534668,
    "final_loss": 0.4673759937286377,
    "plot_diagnostics": null,
    "runtime_seconds": 8.441174915991724
  }
}