{
  "config": {
    "early_stopping": true,
    "epochs": 601,
    "expert_lr": 0.00424248,
    "expert_momentum": 0.942234,
    "expert_num": 4,
    "expert_weight_decay": 0.001,
    "load_balancing": false,
    "ns_steps": 3,
    "optimizer_family": "muon",
    "router_lr": 0.08726555,
    "router_momentum": 0.894385,
    "router_weight_decay": 0.0001
  },
  "eval_metrics": {
    "accuracy": 86.15625,
    "dispatch_counts": [
      [
        11.0,
        198.0,
        487.0,
        132.0
      ],
      [
        58.0,
        229.0,
        31.0,
        462.0
      ],
      [
        90.0,
        372.0,
        124.0,
        226.0
      ],
      [
        538.0,
        174.0,
        0.0,
        68.0
      ]
    ],
    "entropy": 1.0271804332733154,
    "loss": 0.45100998878479004,
    "runtime_seconds": 0.004394079092890024,
    "split": "validation"
  },
  "fold_index": 0,
  "mode": "nonlinear",
  "seed": 21211,
  "setting": 2,
  "total_runtime_seconds": 1.2850314253009856,
  "train_metrics": {
    "dispatch_counts": [
      [
        33.0,
        814.0,
        1961.0,
        507.0
      ],
      [
        222.0,
        922.0,
        134.0,
        1839.0
      ],
      [
        385.0,
        1394.0,
        446.0,
        1025.0
      ],
      [
        2155.0,
        718.0,
        7.0,
        238.0
      ]
    ],
    "entropy_record": [
      1.3856468200683594,
      1.2209612131118774,
      1.0651205778121948,
      1.0859591960906982,
      1.0320684909820557,
      1.0063782930374146,
      0.967762291431427,
      0.9433492422103882,
      0.949851930141449,
      0.9415587782859802,
      0.9148069620132446,
      0.8946752548217773,
      0.8869121074676514,
      0.8964537978172302,
      0.9120227098464966,
      0.9272991418838501,
      0.942805290222168,
      0.9544646739959717,
      0.9630135297775269,
      0.9729400277137756,
      0.9855475425720215,
      0.9938962459564209,
      1.0001319646835327,
      1.0053143501281738,
      1.010551929473877,
      1.014739751815796,
      1.0194783210754395,
      1.0260882377624512
    ],
    "epochs_ran": 28,
    "final_entropy": 1.0260882377624512,
    "final_loss": 0.45378994941711426,
    "plot_diagnostics": null,
    "runtime_seconds": 1.2806373462080956
  }
}