{
  "config": {
    "early_stopping": true,
    "epochs": 601,
    "expert_lr": 0.00075809,
    "expert_momentum": 0.977767,
    "expert_num": 4,
    "expert_weight_decay": 1e-05,
    "load_balancing": false,
    "optimizer_family": "original",
    "router_lr": 0.01597894,
    "router_momentum": 0.85428,
    "router_weight_decay": 0.001
  },
  "eval_metrics": {
    "accuracy": 96.0,
    "dispatch_counts": [
      [
        1.0,
        828.0,
        0.0,
        0.0
      ],
      [
        14.0,
        0.0,
        0.0,
        765.0
      ],
      [
        2.0,
        0.0,
        0.0,
        811.0
      ],
      [
        779.0,
        0.0,
        0.0,
        0.0
      ]
    ],
    "entropy": 0.369926780462265,
    "loss": 0.3532615602016449,
    "runtime_seconds": 0.004582363646477461,
    "split": "validation"
  },
  "fold_index": 3,
  "mode": "nonlinear",
  "seed": 30314,
  "setting": 3,
  "total_runtime_seconds": 27.234942226670682,
  "train_metrics": {
    "dispatch_counts": [
      [
        0.0,
        3301.0,
        11.0,
        2.0
      ],
      [
        77.0,
        1.0,
        0.0,
        3040.0
      ],
      [
        2.0,
        1.0,
        0.0,
        3246.0
      ],
      [
        3119.0,
        0.0,
        0.0,
        0.0
      ]
    ],
    "entropy_record": [
      1.3855512142181396,
      1.3858853578567505,
      1.3856812715530396,
      1.385352373123169,
      1.3857390880584717,
      1.3858377933502197,
      1.38576078414917,
      1.3856161832809448,
      1.3854026794433594,
      1.3854918479919434,
      1.3854717016220093,
      1.385136604309082,
      1.3847414255142212,
      1.3799246549606323,
      1.3722412586212158,
      1.3458092212677002,
      1.2931357622146606,
      1.2004942893981934,
      1.0540101528167725,
      0.8613585829734802,
      0.7105646133422852,
      0.6143591403961182,
      0.5584486722946167,
      0.5348775386810303,
      0.5307876467704773,
      0.5146207213401794,
      0.5197081565856934,
      0.5233514308929443,
      0.5238645076751709,
      0.5185625553131104,
      0.5291603207588196,
      0.526781439781189,
      0.5357629656791687,
      0.5318804979324341,
      0.5355358123779297,
      0.5323886871337891,
      0.5267671346664429,
      0.5175361633300781,
      0.5018064379692078,
      0.48638415336608887,
      0.4656033515930176,
      0.4507687985897064,
      0.4347588121891022,
      0.4218904674053192,
      0.41395777463912964,
      0.4040542542934418,
      0.39877966046333313,
      0.3903083801269531,
      0.3881765604019165,
      0.3796367049217224,
      0.3811156451702118,
      0.3758261799812317,
      0.376803994178772,
      0.37925857305526733,
      0.37116739153862,
      0.3726833164691925,
      0.37373828887939453,
      0.3726613521575928,
      0.37347185611724854,
      0.3708895146846771,
      0.3744990825653076,
      0.3739616870880127,
      0.36964574456214905,
      0.36914944648742676,
      0.36728963255882263,
      0.3677464425563812,
      0.36514395475387573,
      0.36682024598121643,
      0.3696099817752838,
      0.37238362431526184,
      0.37062305212020874,
      0.3735271394252777,
      0.3689429759979248,
      0.3689282238483429,
      0.36769258975982666,
      0.36991432309150696,
      0.3691462576389313,
      0.3707025349140167,
      0.36586833000183105,
      0.3662126362323761,
      0.3713054955005646,
      0.37077558040618896,
      0.3704698085784912,
      0.3699342608451843,
      0.3752892017364502,
      0.3682475686073303,
      0.369170606136322,
      0.365576833486557,
      0.3709522485733032,
      0.3705241084098816,
      0.3659282624721527,
      0.3735792338848114,
      0.3712451756000519,
      0.3701067268848419,
      0.3663465976715088,
      0.36556458473205566,
      0.3699914216995239,
      0.3716047406196594,
      0.36948511004447937,
      0.3715321123600006,
      0.3698996901512146,
      0.3733273446559906,
      0.37142303586006165,
      0.3724533021450043,
      0.37294214963912964,
      0.3703431785106659,
      0.3712266981601715,
      0.3684113025665283,
      0.3724474310874939,
      0.37141141295433044,
      0.3743548095226288,
      0.3700318932533264,
      0.3674839735031128,
      0.36829400062561035,
      0.37383222579956055,
      0.3729180693626404,
      0.3678492605686188,
      0.37123924493789673,
      0.3718341886997223,
      0.36723947525024414,
      0.37397679686546326,
      0.3683490753173828,
      0.3728069067001343,
      0.3737075626850128,
      0.3728770315647125,
      0.37202033400535583,
      0.37151026725769043,
      0.36782845854759216,
      0.37006545066833496,
      0.3667212128639221,
      0.3717171549797058,
      0.37102633714675903,
      0.3719431757926941,
      0.3681764304637909,
      0.37007060647010803,
      0.37111955881118774,
      0.3714780807495117,
      0.37682437896728516,
      0.3722201883792877,
      0.3709147870540619,
      0.37050268054008484,
      0.3696103096008301,
      0.36834773421287537,
      0.3707776665687561,
      0.3721291422843933,
      0.37384799122810364,
      0.37096107006073,
      0.3682028651237488,
      0.3714353144168854,
      0.37225428223609924,
      0.37240761518478394,
      0.3710441291332245,
      0.37274202704429626,
      0.36837875843048096,
      0.3744262456893921,
      0.36806514859199524,
      0.3727327883243561,
      0.372830867767334,
      0.37264323234558105,
      0.3734793961048126,
      0.36875292658805847,
      0.3714427947998047,
      0.37088924646377563,
      0.369722455739975,
      0.36769089102745056,
      0.37314373254776,
      0.3736785352230072,
      0.3718205392360687,
      0.3718563914299011,
      0.3670344948768616,
      0.367231160402298,
      0.3708825707435608,
      0.3701109290122986,
      0.3705563545227051,
      0.3714142441749573,
      0.3689282238483429,
      0.3706488013267517,
      0.370152086019516,
      0.3715611696243286,
      0.37283146381378174,
      0.37275609374046326,
      0.37156975269317627,
      0.3711169362068176,
      0.3726139962673187,
      0.3709569573402405,
      0.37227070331573486,
      0.37012168765068054,
      0.36818695068359375,
      0.36631935834884644,
      0.3681616187095642,
      0.37181994318962097,
      0.37289196252822876,
      0.36916449666023254,
      0.3696262836456299,
      0.3694603741168976,
      0.3709467649459839,
      0.3732357919216156,
      0.36893028020858765,
      0.36964917182922363,
      0.36896395683288574,
      0.37511956691741943,
      0.37275081872940063,
      0.3673952519893646,
      0.3683074712753296,
      0.36817416548728943,
      0.3743901252746582,
      0.37124103307724,
      0.3698276877403259,
      0.372057169675827,
      0.37163370847702026,
      0.37023308873176575,
      0.3710610568523407,
      0.37251541018486023,
      0.36886635422706604,
      0.36975133419036865,
      0.37191763520240784,
      0.3709837794303894,
      0.36948642134666443,
      0.36986562609672546,
      0.37160661816596985,
      0.3711162507534027,
      0.370555579662323,
      0.3699530363082886,
      0.3750116229057312,
      0.3735269606113434,
      0.370038777589798,
      0.37088432908058167,
      0.3728286623954773,
      0.3743428587913513,
      0.36929941177368164,
      0.3744925856590271,
      0.3705298602581024,
      0.3737277090549469,
      0.3654426634311676,
      0.3714858293533325,
      0.3707369565963745,
      0.3663296401500702,
      0.3722124695777893,
      0.37119364738464355,
      0.37196362018585205,
      0.37079328298568726,
      0.3755575120449066,
      0.37069880962371826,
      0.370673269033432,
      0.37129780650138855,
      0.37200936675071716,
      0.37040457129478455,
      0.37467995285987854,
      0.370492160320282,
      0.3717783987522125,
      0.3703562319278717,
      0.3706011176109314,
      0.3713371157646179,
      0.37249964475631714,
