{
  "config": {
    "early_stopping": true,
    "epochs": 601,
    "expert_lr": 0.00097145,
    "expert_momentum": 0.859779,
    "expert_num": 8,
    "expert_weight_decay": 0.0,
    "load_balancing": false,
    "optimizer_family": "original",
    "router_lr": 0.0266678,
    "router_momentum": 0.872438,
    "router_weight_decay": 0.001
  },
  "eval_metrics": {
    "accuracy": 99.375,
    "dispatch_counts": [
      [
        0.0,
        1.0,
        0.0,
        0.0,
        0.0,
        824.0,
        3.0,
        0.0
      ],
      [
        0.0,
        0.0,
        0.0,
        0.0,
        0.0,
        1.0,
        779.0,
        0.0
      ],
      [
        802.0,
        1.0,
        0.0,
        0.0,
        0.0,
        3.0,
        3.0,
        3.0
      ],
      [
        1.0,
        778.0,
        0.0,
        0.0,
        0.0,
        1.0,
        0.0,
        0.0
      ]
    ],
    "entropy": 0.030522910878062248,
    "loss": 0.3194543123245239,
    "runtime_seconds": 0.012248570099473,
    "split": "validation"
  },
  "fold_index": 4,
  "mode": "nonlinear",
  "seed": 20215,
  "setting": 2,
  "total_runtime_seconds": 49.594754045363516,
  "train_metrics": {
    "dispatch_counts": [
      [
        1.0,
        8.0,
        0.0,
        0.0,
        0.0,
        3304.0,
        2.0,
        0.0
      ],
      [
        2.0,
        3.0,
        0.0,
        0.0,
        0.0,
        5.0,
        3107.0,
        0.0
      ],
      [
        3218.0,
        13.0,
        0.0,
        0.0,
        0.0,
        4.0,
        8.0,
        7.0
      ],
      [
        3.0,
        3108.0,
        0.0,
        0.0,
        0.0,
        5.0,
        2.0,
        0.0
      ]
    ],
    "entropy_record": [
      1.385082721710205,
      1.3853058815002441,
      1.3849010467529297,
      1.3849186897277832,
      1.3850690126419067,
      1.3853176832199097,
      1.384812831878662,
      1.3850171566009521,
      1.3851728439331055,
      1.3849350214004517,
      1.3850194215774536,
      1.3837605714797974,
      1.3823254108428955,
      1.369143009185791,
      1.3473132848739624,
      1.302653431892395,
      1.2058334350585938,
      1.0422301292419434,
      0.7937585711479187,
      0.48794859647750854,
      0.29569941759109497,
      0.1735028326511383,
      0.11143004149198532,
      0.08937506377696991,
      0.06588097661733627,
      0.058652933686971664,
      0.05105457827448845,
      0.04692988097667694,
      0.04486418515443802,
      0.04412968084216118,
      0.03921205922961235,
      0.03664044663310051,
      0.03202235698699951,
      0.03342913091182709,
      0.038290441036224365,
      0.03738095611333847,
      0.032827820628881454,
      0.0372382253408432,
      0.035026803612709045,
      0.03149447962641716,
      0.02736927755177021,
      0.036639999598264694,
      0.03339986130595207,
      0.03128897398710251,
      0.027078401297330856,
      0.02769375406205654,
      0.03669717162847519,
      0.031071573495864868,
      0.02937992662191391,
      0.03001166693866253,
      0.03226105868816376,
      0.027625717222690582,
      0.032053232192993164,
      0.03162216395139694,
      0.02860439382493496,
      0.02970626763999462,
      0.032927751541137695,
      0.032135024666786194,
      0.031016314402222633,
      0.02974223531782627,
      0.029013048857450485,
      0.03200515732169151,
      0.02890172228217125,
      0.031448762863874435,
      0.029717402532696724,
      0.02898712083697319,
      0.033725861459970474,
      0.028805017471313477,
      0.030693290755152702,
      0.030048441141843796,
      0.029851246625185013,
      0.028719555586576462,
      0.03418119251728058,
      0.03158958628773689,
      0.0364733450114727,
      0.03203824162483215,
      0.02929023839533329,
      0.03672421723604202,
      0.033788420259952545,
      0.03226543590426445,
      0.030485741794109344,
      0.029650717973709106,
      0.03194326162338257,
      0.029686545953154564,
      0.03132898360490799,
      0.029905321076512337,
      0.02824144996702671,
      0.033574365079402924,
      0.02909521758556366,
      0.028185924515128136,
      0.03191431984305382,
      0.03153032064437866,
      0.029652388766407967,
      0.03463523089885712,
      0.028382128104567528,
      0.03010600619018078,
      0.03225903958082199,
      0.02852950058877468,
      0.033381540328264236,
      0.02902241237461567,
      0.03261925280094147,
      0.03292796015739441,
      0.03194127976894379,
      0.029386179521679878,
      0.02783256582915783,
      0.030798140913248062,
      0.026925867423415184,
      0.03351827710866928,
      0.0301534254103899,
      0.02963230013847351,
      0.03326680138707161,
      0.027383428066968918,
      0.031396299600601196,
      0.026634447276592255,
      0.03352458029985428,
      0.03276635706424713,
      0.03212234377861023,
      0.03039311058819294,
      0.027542555704712868,
      0.03057016432285309,
      0.037239693105220795,
      0.035138167440891266,
      0.031314998865127563,
      0.030598796904087067,
      0.02790084108710289,
      0.031235169619321823,
      0.030866257846355438,
      0.03093089535832405,
      0.03180454671382904,
      0.02937350422143936,
      0.0386597216129303,
      0.027333201840519905,
      0.034568604081869125,
      0.03077041544020176,
      0.03213730454444885,
      0.03034648485481739,
      0.031139809638261795,
      0.031973954290151596,
      0.026095783337950706,
      0.03262847661972046,
      0.031490907073020935,
      0.038127243518829346,
      0.02902809903025627,
      0.030719446018338203,
      0.03270728141069412,
      0.02949993871152401,
      0.03254472464323044,
      0.03091995231807232,
      0.029052436351776123,
      0.03254310414195061,
      0.030970439314842224,
      0.03301292285323143,
      0.025147125124931335,
      0.03129763528704643,
      0.03543665260076523,
      0.030769458040595055,
      0.029970258474349976,
      0.02555757947266102,
      0.02936742827296257,
      0.033533740788698196,
      0.029807647690176964,
      0.030281301587820053,
      0.0322139672935009,
      0.02992372028529644,
      0.03248419985175133,
      0.02890332043170929,
      0.03344283625483513,
      0.0315794013440609,
      0.03044864907860756,
      0.034205399453639984,
      0.02832488901913166,
      0.030657561495900154,
      0.029647326096892357,
      0.028098417446017265,
      0.03226090967655182,
      0.03236737474799156,
      0.030622707679867744,
      0.03152002766728401,
      0.032498568296432495,
      0.03246403858065605,
      0.027870120480656624,
      0.0307347122579813,
      0.029573854058980942,
      0.030076539143919945,
      0.033296406269073486,
      0.029921526089310646,
      0.02894194982945919,
      0.028862185776233673,
      0.03080628253519535,
      0.030407391488552094,
      0.029613902792334557,
      0.03136837109923363,
      0.03352998569607735,
      0.0294458270072937,
      0.027971884235739708,
      0.031926725059747696,
      0.031090380623936653,
      0.030805140733718872,
      0.03493502736091614,
      0.03113645501434803,
      0.03364456072449684,
      0.028615828603506088,
      0.031171269714832306,
      0.032145630568265915,
      0.026740897446870804,
      0.030993515625596046,
      0.031464751809835434,
      0.028302745893597603,
      0.03216736018657684,
      0.030160585418343544,
      0.030552569776773453,
      0.032866742461919785,
      0.03217548131942749,
      0.030576465651392937,
      0.03293771296739578,
      0.03202154487371445,
      0.0299568809568882,
      0.030545709654688835,
      0.030162176117300987,
      0.030947906896471977,
      0.0295695960521698,
      0.03076174482703209,
      0.03339874744415283,
      0.031436167657375336,
      0.029902596026659012,
      0.02800910361111164,
      0.03354356810450554,
      0.032580677419900894,
      0.027817169204354286,
