{
  "config": {
    "early_stopping": true,
    "epochs": 601,
    "expert_lr": 0.00097145,
    "expert_momentum": 0.859779,
    "expert_num": 8,
    "expert_weight_decay": 0.0,
    "load_balancing": false,
    "optimizer_family": "original",
    "router_lr": 0.0266678,
    "router_momentum": 0.872438,
    "router_weight_decay": 0.001
  },
  "eval_metrics": {
    "accuracy": 98.28125,
    "dispatch_counts": [
      [
        158.0,
        3.0,
        0.0,
        0.0,
        0.0,
        0.0,
        667.0,
        1.0
      ],
      [
        31.0,
        3.0,
        0.0,
        0.0,
        0.0,
        739.0,
        6.0,
        0.0
      ],
      [
        428.0,
        382.0,
        0.0,
        0.0,
        0.0,
        1.0,
        0.0,
        2.0
      ],
      [
        59.0,
        3.0,
        0.0,
        0.0,
        0.0,
        1.0,
        0.0,
        716.0
      ]
    ],
    "entropy": 0.24634292721748352,
    "loss": 0.33051514625549316,
    "runtime_seconds": 0.012385614216327667,
    "split": "validation"
  },
  "fold_index": 2,
  "mode": "nonlinear",
  "seed": 20213,
  "setting": 2,
  "total_runtime_seconds": 49.663708922918886,
  "train_metrics": {
    "dispatch_counts": [
      [
        549.0,
        9.0,
        0.0,
        0.0,
        0.0,
        1.0,
        2753.0,
        2.0
      ],
      [
        132.0,
        14.0,
        0.0,
        0.0,
        0.0,
        2952.0,
        19.0,
        1.0
      ],
      [
        1724.0,
        1519.0,
        0.0,
        0.0,
        0.0,
        3.0,
        2.0,
        1.0
      ],
      [
        223.0,
        20.0,
        0.0,
        1.0,
        2.0,
        4.0,
        6.0,
        2863.0
      ]
    ],
    "entropy_record": [
      1.384971022605896,
      1.385014295578003,
      1.3849992752075195,
      1.3848497867584229,
      1.3853328227996826,
      1.385260820388794,
      1.384811520576477,
      1.3851280212402344,
      1.3851428031921387,
      1.3846049308776855,
      1.3851360082626343,
      1.3846468925476074,
      1.3828003406524658,
      1.379095435142517,
      1.3704018592834473,
      1.3444671630859375,
      1.300034523010254,
      1.2167537212371826,
      1.0936757326126099,
      0.936316967010498,
      0.7795722484588623,
      0.64830482006073,
      0.5597487092018127,
      0.4890629053115845,
      0.45105451345443726,
      0.41909360885620117,
      0.3716469407081604,
      0.3357122838497162,
      0.3016629219055176,
      0.2648179829120636,
      0.23877349495887756,
      0.2170640379190445,
      0.19260258972644806,
      0.17737875878810883,
      0.16320595145225525,
      0.1586633175611496,
      0.1542874574661255,
      0.148421511054039,
      0.14506837725639343,
      0.14153970777988434,
      0.13490572571754456,
      0.1397983729839325,
      0.1421137899160385,
      0.13351085782051086,
      0.13453365862369537,
      0.1407160609960556,
      0.13208748400211334,
      0.1349795013666153,
      0.13730816543102264,
      0.13549882173538208,
      0.12780670821666718,
      0.13844895362854004,
      0.13973544538021088,
      0.1350700855255127,
      0.140709787607193,
      0.13925810158252716,
      0.13230860233306885,
      0.14030832052230835,
      0.14099690318107605,
      0.14779578149318695,
      0.1407797783613205,
      0.13281086087226868,
      0.13916435837745667,
      0.14879588782787323,
      0.14624916017055511,
      0.14999499917030334,
      0.14357060194015503,
      0.14734187722206116,
      0.146139457821846,
      0.15880687534809113,
      0.14931915700435638,
      0.14478793740272522,
      0.1493263840675354,
      0.14916513860225677,
      0.1489974707365036,
      0.1561865359544754,
      0.1554262340068817,
      0.1528356671333313,
      0.16319426894187927,
      0.15364542603492737,
      0.1553095132112503,
      0.1575213372707367,
      0.15235404670238495,
      0.156614288687706,
      0.15849830210208893,
      0.15702176094055176,
      0.16029997169971466,
      0.15832655131816864,
      0.15678533911705017,
      0.16440008580684662,
      0.1657523363828659,
      0.16580456495285034,
      0.16153283417224884,
      0.16515284776687622,
      0.16611924767494202,
      0.1656275987625122,
      0.16861745715141296,
      0.16923511028289795,
      0.16066966950893402,
      0.16281580924987793,
      0.16742928326129913,
      0.17296721041202545,
      0.16423740983009338,
      0.1668560802936554,
      0.16616694629192352,
      0.17471632361412048,
      0.16845129430294037,
      0.17158199846744537,
      0.16848960518836975,
      0.17299525439739227,
      0.17020364105701447,
      0.1726161241531372,
      0.17053498327732086,
      0.17245106399059296,
      0.17673400044441223,
      0.17544281482696533,
      0.17359647154808044,
      0.17670699954032898,
      0.17360971868038177,
      0.17238003015518188,
      0.17715902626514435,
      0.17012964189052582,
      0.17365612089633942,
      0.17485055327415466,
      0.18479177355766296,
      0.175316721200943,
      0.17534376680850983,
      0.18123967945575714,
      0.18028981983661652,
      0.17915523052215576,
      0.18001551926136017,
      0.1832830309867859,
      0.17726337909698486,
      0.17777161300182343,
      0.1827320009469986,
      0.18164828419685364,
      0.18599827587604523,
      0.17749935388565063,
      0.1809081733226776,
      0.1876768320798874,
      0.1870151162147522,
      0.18557041883468628,
      0.18336591124534607,
      0.18214638531208038,
      0.1889718919992447,
      0.1808357834815979,
      0.18098074197769165,
      0.17575682699680328,
      0.18605011701583862,
      0.1826230138540268,
      0.18787600100040436,
      0.18428824841976166,
      0.1928892433643341,
      0.18661589920520782,
      0.1902209222316742,
      0.18652448058128357,
      0.1888282299041748,
      0.18918734788894653,
      0.18842536211013794,
      0.18969877064228058,
      0.19068382680416107,
      0.1904648393392563,
      0.1899343729019165,
      0.18550413846969604,
      0.19510456919670105,
      0.1927231401205063,
      0.18559378385543823,
      0.19266481697559357,
      0.18570592999458313,
      0.19452358782291412,
      0.18994024395942688,
      0.19108518958091736,
      0.18836942315101624,
      0.19154322147369385,
      0.1880239099264145,
      0.19272713363170624,
      0.19175292551517487,
      0.19202058017253876,
      0.19744955003261566,
      0.19751708209514618,
      0.1930268406867981,
      0.1967448741197586,
      0.19761797785758972,
      0.1945311278104782,
      0.1957242488861084,
      0.19249339401721954,
      0.19360101222991943,
      0.19461411237716675,
      0.19829010963439941,
      0.20438413321971893,
      0.19567006826400757,
      0.19314245879650116,
      0.19083952903747559,
      0.19934159517288208,
      0.19198311865329742,
      0.19578854739665985,
      0.2019025981426239,
      0.1908186972141266,
      0.1978067010641098,
      0.20113427937030792,
      0.204156756401062,
      0.20203779637813568,
      0.19858698546886444,
      0.19876369833946228,
      0.20135249197483063,
      0.1977875679731369,
      0.2047416865825653,
      0.20658445358276367,
      0.20623236894607544,
      0.1998770534992218,
      0.20017091929912567,
      0.20208613574504852,
      0.19756793975830078,
      0.20298948884010315,
      0.20442286133766174,
      0.2038286328315735,
      0.20682640373706818,
      0.20747995376586914,
      0.20073950290679932,
      0.20221859216690063,
      0.20889845490455627,
      0.20457243919372559,
      0.20436610281467438,
      0.2053246945142746,
      0.2106393724679947,
      0.19978071749210358,
      0.20727355778217316,
      0.20567163825035095,
      0.20386962592601776,
      0.20371600985527039,
      0.2010936290025711,
      0.20709732174873352,
      0.2024046927690506,
      0.20502157509326935,
