{
  "config": {
    "early_stopping": true,
    "epochs": 601,
    "expert_lr": 0.00110341,
    "expert_momentum": 0.850485,
    "expert_num": 4,
    "expert_weight_decay": 0.0001,
    "load_balancing": false,
    "optimizer_family": "original",
    "router_lr": 0.07734806,
    "router_momentum": 0.889776,
    "router_weight_decay": 0.0001
  },
  "eval_metrics": {
    "accuracy": 93.75,
    "dispatch_counts": [
      [
        149.0,
        44.0,
        17.0,
        619.0
      ],
      [
        4.0,
        20.0,
        109.0,
        646.0
      ],
      [
        173.0,
        596.0,
        0.0,
        44.0
      ],
      [
        1.0,
        10.0,
        722.0,
        46.0
      ]
    ],
    "entropy": 0.6964484453201294,
    "loss": 0.37670639157295227,
    "runtime_seconds": 0.0043269856832921505,
    "split": "validation"
  },
  "fold_index": 3,
  "mode": "nonlinear",
  "seed": 31714,
  "setting": 3,
  "total_runtime_seconds": 5.2076273979619145,
  "train_metrics": {
    "dispatch_counts": [
      [
        623.0,
        207.0,
        50.0,
        2434.0
      ],
      [
        26.0,
        63.0,
        425.0,
        2604.0
      ],
      [
        717.0,
        2358.0,
        3.0,
        171.0
      ],
      [
        0.0,
        53.0,
        2866.0,
        200.0
      ]
    ],
    "entropy_record": [
      1.3857580423355103,
      1.385377049446106,
      1.3856844902038574,
      1.3856072425842285,
      1.3857370615005493,
      1.3855921030044556,
      1.3856629133224487,
      1.3856920003890991,
      1.384811282157898,
      1.384870171546936,
      1.3832108974456787,
      1.3753033876419067,
      1.3516731262207031,
      1.2901698350906372,
      1.136428952217102,
      0.9225095510482788,
      0.8240839242935181,
      0.7287627458572388,
      0.6308130025863647,
      0.5751888751983643,
      0.5493124723434448,
      0.5338781476020813,
      0.5222375392913818,
      0.5047426223754883,
      0.49846482276916504,
      0.48731833696365356,
      0.4785531163215637,
      0.47465360164642334,
      0.47125697135925293,
      0.47290605306625366,
      0.4714164733886719,
      0.4698421359062195,
      0.46661192178726196,
      0.4647633135318756,
      0.4603528678417206,
      0.4564206600189209,
      0.45553532242774963,
      0.4525443911552429,
      0.44417116045951843,
      0.4400176405906677,
      0.4454869031906128,
      0.44221004843711853,
      0.4458821415901184,
      0.44813060760498047,
      0.4504263699054718,
      0.44774091243743896,
      0.451278418302536,
      0.45782893896102905,
      0.45959383249282837,
      0.4700266420841217,
      0.47761550545692444,
      0.4832974970340729,
      0.49203377962112427,
      0.5028988718986511,
      0.512717604637146,
      0.5271763801574707,
      0.5366150140762329,
      0.5503300428390503,
      0.5626909732818604,
      0.5783509016036987,
      0.5830060243606567,
      0.6003186702728271,
      0.60662841796875,
      0.6137030124664307,
      0.6207016706466675,
      0.6265254020690918,
      0.63254714012146,
      0.6340475082397461,
      0.6359173059463501,
      0.6419293880462646,
      0.640920877456665,
      0.638414204120636,
      0.635954737663269,
      0.6339584589004517,
      0.6312998533248901,
      0.6235271692276001,
      0.6165409088134766,
      0.6158422231674194,
      0.6083537340164185,
      0.6069908142089844,
      0.6097770929336548,
      0.6077404618263245,
      0.6092284917831421,
      0.6108872294425964,
      0.6108628511428833,
      0.6115844249725342,
      0.6150404214859009,
      0.6150718927383423,
      0.621412992477417,
      0.621357262134552,
      0.622719943523407,
      0.6229847073554993,
      0.6286018490791321,
      0.6323848962783813,
      0.6310127973556519,
      0.6387639045715332,
      0.638527512550354,
      0.6399922966957092,
      0.6442684531211853,
      0.647674560546875,
      0.6520724296569824,
      0.6597539186477661,
      0.6589394807815552,
      0.6638782024383545,
      0.6663139462471008,
      0.6747479438781738,
      0.6732238531112671,
      0.6780860424041748,
      0.6784534454345703,
      0.686057448387146,
      0.687171220779419,
      0.6879220008850098,
      0.6958189010620117,
      0.7014633417129517
    ],
    "epochs_ran": 114,
    "final_entropy": 0.7014633417129517,
    "final_loss": 0.38063085079193115,
    "plot_diagnostics": null,
    "runtime_seconds": 5.203300412278622
  }
}