{
  "config": {
    "early_stopping": true,
    "epochs": 601,
    "expert_lr": 0.00056214,
    "expert_momentum": 0.878337,
    "expert_num": 8,
    "expert_weight_decay": 1e-05,
    "load_balancing": false,
    "ns_steps": 7,
    "optimizer_family": "muon",
    "router_lr": 0.00594512,
    "router_momentum": 0.907961,
    "router_weight_decay": 0.0
  },
  "eval_metrics": {
    "accuracy": 90.84375,
    "dispatch_counts": [
      [
        0.0,
        26.0,
        328.0,
        318.0,
        0.0,
        1.0,
        59.0,
        75.0
      ],
      [
        0.0,
        14.0,
        33.0,
        15.0,
        0.0,
        300.0,
        336.0,
        101.0
      ],
      [
        0.0,
        238.0,
        28.0,
        127.0,
        0.0,
        5.0,
        107.0,
        297.0
      ],
      [
        273.0,
        270.0,
        48.0,
        27.0,
        0.0,
        16.0,
        81.0,
        77.0
      ]
    ],
    "entropy": 0.8535969853401184,
    "loss": 0.40530240535736084,
    "runtime_seconds": 0.00850421516224742,
    "split": "validation"
  },
  "fold_index": 2,
  "mode": "nonlinear",
  "seed": 11113,
  "setting": 1,
  "total_runtime_seconds": 25.573523425497115,
  "train_metrics": {
    "dispatch_counts": [
      [
        0.0,
        101.0,
        1326.0,
        1271.0,
        0.0,
        5.0,
        217.0,
        308.0
      ],
      [
        0.0,
        35.0,
        152.0,
        61.0,
        0.0,
        1242.0,
        1348.0,
        362.0
      ],
      [
        0.0,
        837.0,
        141.0,
        554.0,
        0.0,
        31.0,
        399.0,
        1242.0
      ],
      [
        1135.0,
        1050.0,
        171.0,
        91.0,
        0.0,
        60.0,
        331.0,
        330.0
      ]
    ],
    "entropy_record": [
      1.3853381872177124,
      1.3624398708343506,
      1.3147350549697876,
      1.2546223402023315,
      1.1839789152145386,
      1.1024830341339111,
      1.0130032300949097,
      0.9627129435539246,
      0.9197311401367188,
      0.8966310620307922,
      0.8772710561752319,
      0.869866669178009,
      0.8598910570144653,
      0.8428128361701965,
      0.8313713073730469,
      0.8380852937698364,
      0.8384497165679932,
      0.8300125002861023,
      0.8299091458320618,
      0.8241672515869141,
      0.8241543769836426,
      0.8262957334518433,
      0.8156942129135132,
      0.8124701976776123,
      0.8002629280090332,
      0.8029846549034119,
      0.7908906936645508,
      0.7892948985099792,
      0.793775200843811,
      0.7854348421096802,
      0.7839705944061279,
      0.7765688300132751,
      0.7790234088897705,
      0.7728253602981567,
      0.7696824073791504,
      0.765578031539917,
      0.7660397887229919,
      0.7511555552482605,
      0.7526634931564331,
      0.7461572289466858,
      0.7338043451309204,
      0.736647367477417,
      0.7320462465286255,
      0.7222804427146912,
      0.7271929979324341,
      0.7168781161308289,
      0.7169127464294434,
      0.7161312103271484,
      0.7097142934799194,
      0.7138477563858032,
      0.7037267684936523,
      0.7090654969215393,
      0.7067487835884094,
      0.708952784538269,
      0.7067772746086121,
      0.7007277011871338,
      0.6990388631820679,
      0.6983727216720581,
      0.6981756091117859,
      0.7046606540679932,
      0.7033340930938721,
      0.7073003053665161,
      0.7068207263946533,
      0.6983417868614197,
      0.7008163332939148,
      0.6997345089912415,
      0.6997066736221313,
      0.7013804912567139,
      0.6969341039657593,
      0.70233553647995,
      0.6995452642440796,
      0.7006732821464539,
      0.6949033737182617,
      0.6961779594421387,
      0.6913304328918457,
      0.6936781406402588,
      0.6923769116401672,
      0.689256489276886,
      0.6877738237380981,
      0.685558557510376,
      0.6875723600387573,
      0.6895276308059692,
      0.6805459260940552,
      0.6847668886184692,
      0.686578094959259,
      0.6816802024841309,
      0.674383819103241,
      0.6728289723396301,
      0.6783509850502014,
      0.6739760041236877,
      0.6731393933296204,
      0.6734004616737366,
      0.6713078022003174,
      0.6663632392883301,
      0.6682043075561523,
      0.6650212407112122,
      0.6657638549804688,
      0.6654114127159119,
      0.6673653721809387,
      0.6631155610084534,
      0.6653919219970703,
      0.6588898301124573,
      0.6563234329223633,
      0.6530702114105225,
      0.6513158082962036,
      0.647820770740509,
      0.6413090229034424,
      0.6412853598594666,
      0.6422236561775208,
      0.6362301707267761,
      0.6355424523353577,
      0.6330354809761047,
      0.6312643885612488,
      0.6327893137931824,
      0.6286154389381409,
      0.6272916197776794,
      0.6278530955314636,
      0.6248552799224854,
      0.6237202286720276,
      0.6225399374961853,
      0.618575930595398,
      0.6243019700050354,
      0.6312347054481506,
      0.630354642868042,
      0.6329020261764526,
      0.6330143809318542,
      0.6390129327774048,
      0.6424915194511414,
      0.6444758772850037,
      0.6461372971534729,
      0.6489788889884949,
      0.6506247520446777,
      0.6560540795326233,
      0.6549127101898193,
      0.6584300994873047,
      0.6615673303604126,
      0.666119396686554,
      0.6587825417518616,
      0.6674228310585022,
      0.6698309779167175,
      0.6710114479064941,
      0.670109748840332,
      0.676690399646759,
      0.6730481386184692,
      0.67420494556427,
      0.6809889674186707,
      0.6796398162841797,
      0.6796237826347351,
      0.6836472749710083,
      0.6872432231903076,
      0.6834458112716675,
      0.6858416199684143,
      0.6947579383850098,
      0.6972460150718689,
      0.6979395151138306,
      0.6961274147033691,
      0.6967716813087463,
      0.6999214291572571,
      0.7008981704711914,
      0.7000788450241089,
      0.7012441754341125,
      0.704785168170929,
      0.7001357674598694,
      0.7061256766319275,
      0.7075892686843872,
      0.7043342590332031,
      0.7009063959121704,
      0.7052869200706482,
      0.7064260840415955,
      0.7048513293266296,
      0.7060646414756775,
      0.7056496143341064,
      0.7070121765136719,
      0.7065147161483765,
      0.7059148550033569,
      0.7059166431427002,
      0.7016453146934509,
      0.702652633190155,
      0.7046888470649719,
      0.7054221034049988,
      0.7065356969833374,
      0.7046332359313965,
      0.7041252255439758,
      0.6991277933120728,
      0.7024348974227905,
      0.7026690244674683,
      0.7042909860610962,
      0.703782856464386,
      0.7023041248321533,
      0.7006542682647705,
      0.7028226256370544,
      0.7016156911849976,
      0.6999474763870239,
      0.7019267082214355,
      0.7002559900283813,
      0.7006856203079224,
      0.7014914751052856,
      0.700825035572052,
      0.7023074626922607,
      0.7039209008216858,
      0.7027478218078613,
      0.707332968711853,
      0.7115511298179626,
      0.7103512287139893,
      0.7106295824050903,
      0.7153437733650208,
      0.7147889137268066,
      0.715735137462616,
      0.717051088809967,
      0.7194650173187256,
      0.7221773862838745,
      0.7229378819465637,
      0.7232459783554077,
      0.7261165976524353,
      0.728585422039032,
      0.728323221206665,
      0.7256832122802734,
      0.7243322730064392,
      0.7284724712371826,
      0.7282572388648987,
      0.7321664094924927,
      0.7347702383995056,
      0.7323832511901855,
      0.7353190779685974,
      0.7357437610626221,
      0.7346113324165344,
      0.7390371561050415,
      0.7387910485267639,
      0.7377762794494629,
      0.7423819303512573,
      0.7412031888961792,
      0.7417043447494507,
      0.7461227178573608,
      0.7449058294296265,
      0.7460130453109741,
      0.750608503818512,
      0.7529100775718689,
      0.7496289014816284,
