{
  "config": {
    "early_stopping": true,
    "epochs": 601,
    "expert_lr": 0.00056214,
    "expert_momentum": 0.878337,
    "expert_num": 8,
    "expert_weight_decay": 1e-05,
    "load_balancing": false,
    "ns_steps": 7,
    "optimizer_family": "muon",
    "router_lr": 0.00594512,
    "router_momentum": 0.907961,
    "router_weight_decay": 0.0
  },
  "eval_metrics": {
    "accuracy": 91.28125,
    "dispatch_counts": [
      [
        15.0,
        133.0,
        268.0,
        1.0,
        390.0,
        0.0,
        0.0,
        0.0
      ],
      [
        330.0,
        0.0,
        116.0,
        258.0,
        52.0,
        0.0,
        6.0,
        38.0
      ],
      [
        31.0,
        7.0,
        178.0,
        0.0,
        80.0,
        85.0,
        416.0,
        4.0
      ],
      [
        0.0,
        325.0,
        4.0,
        55.0,
        66.0,
        0.0,
        14.0,
        328.0
      ]
    ],
    "entropy": 0.6471493244171143,
    "loss": 0.40044906735420227,
    "runtime_seconds": 0.008494590874761343,
    "split": "validation"
  },
  "fold_index": 0,
  "mode": "nonlinear",
  "seed": 11111,
  "setting": 1,
  "total_runtime_seconds": 13.948565132915974,
  "train_metrics": {
    "dispatch_counts": [
      [
        48.0,
        528.0,
        1063.0,
        5.0,
        1574.0,
        0.0,
        10.0,
        0.0
      ],
      [
        1338.0,
        1.0,
        467.0,
        1022.0,
        205.0,
        0.0,
        10.0,
        156.0
      ],
      [
        135.0,
        34.0,
        757.0,
        4.0,
        331.0,
        356.0,
        1573.0,
        15.0
      ],
      [
        0.0,
        1282.0,
        32.0,
        248.0,
        245.0,
        0.0,
        46.0,
        1315.0
      ]
    ],
    "entropy_record": [
      1.385597586631775,
      1.3585070371627808,
      1.3042802810668945,
      1.2597403526306152,
      1.2291992902755737,
      1.1766090393066406,
      1.128334879875183,
      1.0905073881149292,
      1.06154203414917,
      1.0389827489852905,
      1.0282323360443115,
      1.0054476261138916,
      0.9951889514923096,
      0.9879398345947266,
      0.9809644818305969,
      0.9683542251586914,
      0.9713153839111328,
      0.9677480459213257,
      0.9655724167823792,
      0.9570767879486084,
      0.954176664352417,
      0.9459425210952759,
      0.9419921636581421,
      0.9413629174232483,
      0.9340759515762329,
      0.915712296962738,
      0.9218865036964417,
      0.9182684421539307,
      0.9160341024398804,
      0.9080495238304138,
      0.899823784828186,
      0.8993657231330872,
      0.8938464522361755,
      0.8903678059577942,
      0.8719314336776733,
      0.8688954710960388,
      0.861656904220581,
      0.8511579036712646,
      0.8434149622917175,
      0.8484838604927063,
      0.8453174829483032,
      0.8405763506889343,
      0.8425760269165039,
      0.8283808827400208,
      0.8318076133728027,
      0.8304141163825989,
      0.8237879872322083,
      0.8210687637329102,
      0.8134151101112366,
      0.8158360123634338,
      0.8118418455123901,
      0.8046103715896606,
      0.8069688081741333,
      0.7986630201339722,
      0.8032614588737488,
      0.797595739364624,
      0.7972748279571533,
      0.7965821027755737,
      0.7950329184532166,
      0.7876894474029541,
      0.7894163131713867,
      0.7877017259597778,
      0.7882593870162964,
      0.7817307710647583,
      0.7835335731506348,
      0.7773588299751282,
      0.7766386866569519,
      0.7769036889076233,
      0.7785009145736694,
      0.7740075588226318,
      0.7770876288414001,
      0.7731971740722656,
      0.7698429822921753,
      0.7672193646430969,
      0.7665339112281799,
      0.7645554542541504,
      0.7612277865409851,
      0.7644604444503784,
      0.7606014013290405,
      0.7572590708732605,
      0.757888913154602,
      0.7566773891448975,
      0.7591188549995422,
      0.7555772662162781,
      0.7535585165023804,
      0.7533493638038635,
      0.7507010102272034,
      0.7499840259552002,
      0.7452962398529053,
      0.7448553442955017,
      0.7474947571754456,
      0.7443956136703491,
      0.7422335743904114,
      0.7430776953697205,
      0.7431346774101257,
      0.7407354712486267,
      0.7386358380317688,
      0.7384228706359863,
      0.7335957288742065,
      0.7404296398162842,
      0.7383196353912354,
      0.7335978150367737,
      0.7314200401306152,
      0.7315765619277954,
      0.7319319248199463,
      0.7300640940666199,
      0.7267991900444031,
      0.729498565196991,
      0.7225122451782227,
      0.7254981398582458,
      0.7195499539375305,
      0.7215168476104736,
      0.7221702337265015,
      0.7214659452438354,
      0.7167072892189026,
      0.7180610299110413,
      0.7165647745132446,
      0.7135114669799805,
      0.7102775573730469,
      0.7075350284576416,
      0.7067216038703918,
      0.702173113822937,
      0.706042468547821,
      0.7019240856170654,
      0.700175404548645,
      0.6997526288032532,
      0.6969814300537109,
      0.6976224780082703,
      0.6972144842147827,
      0.6959385871887207,
      0.6899164319038391,
      0.6881989240646362,
      0.6874060034751892,
      0.6889544725418091,
      0.6858129501342773,
      0.6796725392341614,
      0.6796633005142212,
      0.678408145904541,
      0.6776752471923828,
      0.6731196045875549,
      0.672694206237793,
      0.6723698377609253,
      0.669779360294342,
      0.6710954308509827,
      0.6701289415359497,
      0.6637588739395142,
      0.6704639196395874,
      0.6641063690185547,
      0.6647554636001587,
      0.6654276847839355,
      0.6612217426300049,
      0.6621677279472351,
      0.6612915992736816,
      0.6615684032440186,
      0.6624512076377869,
      0.6638438701629639,
      0.6641784906387329,
      0.6569589972496033,
      0.6600750684738159,
      0.6601440906524658,
      0.6589756608009338
    ],
    "epochs_ran": 161,
    "final_entropy": 0.6589756608009338,
    "final_loss": 0.3945115804672241,
    "plot_diagnostics": null,
    "runtime_seconds": 13.940070542041212
  }
}