{
  "config": {
    "early_stopping": true,
    "epochs": 601,
    "expert_lr": 0.00056214,
    "expert_momentum": 0.878337,
    "expert_num": 8,
    "expert_weight_decay": 1e-05,
    "load_balancing": false,
    "ns_steps": 7,
    "optimizer_family": "muon",
    "router_lr": 0.00594512,
    "router_momentum": 0.907961,
    "router_weight_decay": 0.0
  },
  "eval_metrics": {
    "accuracy": 92.96875,
    "dispatch_counts": [
      [
        380.0,
        5.0,
        394.0,
        7.0,
        0.0,
        3.0,
        1.0,
        17.0
      ],
      [
        68.0,
        127.0,
        103.0,
        155.0,
        130.0,
        5.0,
        174.0,
        38.0
      ],
      [
        59.0,
        8.0,
        36.0,
        14.0,
        346.0,
        104.0,
        3.0,
        231.0
      ],
      [
        45.0,
        340.0,
        46.0,
        2.0,
        16.0,
        204.0,
        138.0,
        1.0
      ]
    ],
    "entropy": 0.7853562235832214,
    "loss": 0.3835740387439728,
    "runtime_seconds": 0.01119656627997756,
    "split": "validation"
  },
  "fold_index": 4,
  "mode": "nonlinear",
  "seed": 11115,
  "setting": 1,
  "total_runtime_seconds": 52.196803014259785,
  "train_metrics": {
    "dispatch_counts": [
      [
        1507.0,
        37.0,
        1558.0,
        48.0,
        5.0,
        9.0,
        4.0,
        60.0
      ],
      [
        339.0,
        433.0,
        428.0,
        682.0,
        445.0,
        31.0,
        689.0,
        152.0
      ],
      [
        225.0,
        18.0,
        150.0,
        73.0,
        1382.0,
        419.0,
        10.0,
        928.0
      ],
      [
        202.0,
        1322.0,
        134.0,
        3.0,
        95.0,
        809.0,
        573.0,
        30.0
      ]
    ],
    "entropy_record": [
      1.385286808013916,
      1.359107494354248,
      1.315734624862671,
      1.2663427591323853,
      1.2115408182144165,
      1.1492714881896973,
      1.1159534454345703,
      1.0976802110671997,
      1.0904268026351929,
      1.0729175806045532,
      1.0565305948257446,
      1.0563735961914062,
      1.0585280656814575,
      1.0534851551055908,
      1.0481880903244019,
      1.0446020364761353,
      1.044654130935669,
      1.0345258712768555,
      1.0376173257827759,
      1.034049391746521,
      1.0378785133361816,
      1.0177091360092163,
      1.0247694253921509,
      1.010350227355957,
      1.0178619623184204,
      1.0158189535140991,
      1.0122976303100586,
      1.0164846181869507,
      1.0109601020812988,
      1.0061625242233276,
      1.005739688873291,
      1.0079184770584106,
      1.0009539127349854,
      0.9979548454284668,
      0.9916447997093201,
      0.9946072101593018,
      0.983254611492157,
      0.9836180806159973,
      0.9818448424339294,
      0.9728930592536926,
      0.9738187789916992,
      0.9717183709144592,
      0.9626135230064392,
      0.9568981528282166,
      0.952966570854187,
      0.9500994682312012,
      0.9519787430763245,
      0.9454441666603088,
      0.9432032108306885,
      0.937286913394928,
      0.9362013339996338,
      0.9337161779403687,
      0.9271993041038513,
      0.9258166551589966,
      0.9198803305625916,
      0.9126445651054382,
      0.9095513224601746,
      0.9087210297584534,
      0.902503252029419,
      0.8962209224700928,
      0.8886245489120483,
      0.8829296231269836,
      0.8751094341278076,
      0.8788885474205017,
      0.8701058626174927,
      0.8651036620140076,
      0.8558061122894287,
      0.8520307540893555,
      0.8489269018173218,
      0.8467099070549011,
      0.8428120613098145,
      0.8392097353935242,
      0.837018609046936,
      0.8375295400619507,
      0.8308373093605042,
      0.8290972113609314,
      0.8243622183799744,
      0.8250054717063904,
      0.8221933841705322,
      0.8245599269866943,
      0.819586455821991,
      0.8188342452049255,
      0.8140523433685303,
      0.8142334818840027,
      0.8138483166694641,
      0.8072826862335205,
      0.8073765635490417,
      0.8091431856155396,
      0.8107022047042847,
      0.8082357048988342,
      0.8069154620170593,
      0.806727409362793,
      0.8061850070953369,
      0.803562581539154,
      0.800390362739563,
      0.8021319508552551,
      0.799526035785675,
      0.7996315956115723,
      0.7987335324287415,
      0.7979001402854919,
      0.7965980172157288,
      0.7962064146995544,
      0.7958736419677734,
      0.7957035303115845,
      0.7928617000579834,
      0.7980062961578369,
      0.7952646017074585,
      0.7912243604660034,
      0.79165118932724,
      0.792181670665741,
      0.7935367822647095,
      0.7917627692222595,
      0.7926893830299377,
      0.7940877079963684,
      0.7900964617729187,
      0.7887990474700928,
      0.7895621657371521,
      0.7897102236747742,
      0.7871702909469604,
      0.7876255512237549,
      0.786800742149353,
      0.7857716679573059,
      0.7891011834144592,
      0.7842791676521301,
      0.7853412628173828,
      0.7831063270568848,
      0.7833529114723206,
      0.7856400012969971,
      0.78239506483078,
      0.7824775576591492,
      0.7801273465156555,
      0.778876543045044,
      0.7815680503845215,
      0.7847973108291626,
      0.7815101742744446,
      0.7795233726501465,
      0.7780506610870361,
      0.7799417972564697,
      0.7772936224937439,
      0.7755922079086304,
      0.776908278465271,
      0.7789198756217957,
      0.7791345119476318,
      0.7775983810424805,
      0.7776927351951599,
      0.779562771320343,
      0.7793136239051819,
      0.7809568047523499,
      0.7763267755508423,
      0.7822290062904358,
      0.77645343542099,
      0.7765899300575256,
      0.7780280113220215,
      0.7767311334609985,
      0.7761127352714539,
      0.7767163515090942,
      0.7762516736984253,
      0.7756966352462769,
      0.7733319401741028,
      0.7759912610054016,
      0.7746343612670898,
      0.7748354077339172,
      0.7756580710411072,
      0.7759406566619873,
      0.7755635976791382,
      0.7715629935264587,
      0.7740633487701416,
      0.7733790874481201,
      0.7731702327728271,
      0.7724097967147827,
      0.7707943916320801,
      0.7709963321685791,
      0.7715336084365845,
      0.7700054049491882,
      0.7756021022796631,
      0.7719292044639587,
      0.7703861594200134,
      0.7707910537719727,
      0.7703642845153809,
      0.768032431602478,
      0.7690947651863098,
      0.7699280977249146,
      0.768778383731842,
      0.7673704624176025,
      0.7687255144119263,
      0.7668578028678894,
      0.7664934992790222,
      0.7686848640441895,
      0.7693310976028442,
      0.7696837186813354,
      0.7667394876480103,
      0.766396164894104,
      0.7675656676292419,
      0.7685039639472961,
      0.7668524980545044,
      0.767856240272522,
      0.7673380374908447,
      0.7700722217559814,
      0.7681163549423218,
      0.7661922574043274,
      0.7690693140029907,
      0.7672766447067261,
      0.7666857838630676,
      0.7661873698234558,
      0.7672699093818665,
      0.7688959836959839,
      0.7677482962608337,
      0.7688776254653931,
      0.7679092884063721,
      0.7672238349914551,
      0.7678995132446289,
      0.7672233581542969,
      0.7686739563941956,
      0.7639307975769043,
      0.7689832448959351,
      0.7678540349006653,
      0.7673916220664978,
      0.7708486914634705,
      0.7668905258178711,
      0.7694200873374939,
      0.7692630290985107,
      0.7707587480545044,
      0.7692753672599792,
      0.7687749862670898,
      0.7682830095291138,
      0.7694743871688843,
      0.7682017683982849,
      0.7676547765731812,
      0.7701162099838257,
      0.7686050534248352,
      0.766716718673706,
      0.7673158645629883,
      0.7687097191810608,
      0.7695804238319397,
      0.7687148451805115,
      0.7685126662254333,
      0.7684418559074402,
      0.7661809921264648,
