{
  "config": {
    "early_stopping": true,
    "epochs": 601,
    "expert_lr": 0.00468817,
    "expert_momentum": 0.897135,
    "expert_num": 4,
    "expert_weight_decay": 0.001,
    "load_balancing": false,
    "ns_steps": 7,
    "optimizer_family": "muon",
    "router_lr": 0.04450444,
    "router_momentum": 0.929703,
    "router_weight_decay": 0.0001
  },
  "eval_metrics": {
    "accuracy": 85.78125,
    "dispatch_counts": [
      [
        46.0,
        213.0,
        9.0,
        560.0
      ],
      [
        186.0,
        135.0,
        360.0,
        99.0
      ],
      [
        121.0,
        171.0,
        479.0,
        41.0
      ],
      [
        398.0,
        267.0,
        82.0,
        33.0
      ]
    ],
    "entropy": 1.0614283084869385,
    "loss": 0.45545288920402527,
    "runtime_seconds": 0.004294261801987886,
    "split": "validation"
  },
  "fold_index": 4,
  "mode": "nonlinear",
  "seed": 20715,
  "setting": 2,
  "total_runtime_seconds": 3.9686764385551214,
  "train_metrics": {
    "dispatch_counts": [
      [
        227.0,
        825.0,
        28.0,
        2235.0
      ],
      [
        758.0,
        525.0,
        1462.0,
        372.0
      ],
      [
        502.0,
        577.0,
        2010.0,
        161.0
      ],
      [
        1568.0,
        1101.0,
        317.0,
        132.0
      ]
    ],
    "entropy_record": [
      1.3854700326919556,
      1.2948623895645142,
      1.2650177478790283,
      1.2509560585021973,
      1.252140760421753,
      1.2558789253234863,
      1.2529146671295166,
      1.2307988405227661,
      1.209212064743042,
      1.189742088317871,
      1.174303650856018,
      1.1572836637496948,
      1.1471279859542847,
      1.1371150016784668,
      1.129209041595459,
      1.1193716526031494,
      1.108963131904602,
      1.1050063371658325,
      1.100345253944397,
      1.0935451984405518,
      1.0892773866653442,
      1.0824875831604004,
      1.0733851194381714,
      1.068474292755127,
      1.056470513343811,
      1.0462483167648315,
      1.0357409715652466,
      1.0214825868606567,
      1.010865569114685,
      1.002951979637146,
      0.9939982295036316,
      0.9828377962112427,
      0.9748262166976929,
      0.9723008871078491,
      0.9670509099960327,
      0.9626308679580688,
      0.9630991816520691,
      0.9632449150085449,
      0.9606208205223083,
      0.960395097732544,
      0.9606925249099731,
      0.963685154914856,
      0.9633334279060364,
      0.9656189680099487,
      0.964997410774231,
      0.967137336730957,
      0.9656246900558472,
      0.9687220454216003,
      0.9746644496917725,
      0.9739999175071716,
      0.9779394268989563,
      0.9795178174972534,
      0.9832874536514282,
      0.9869902729988098,
      0.9893695712089539,
      0.9903709292411804,
      0.994335949420929,
      0.9972949028015137,
      0.9985352754592896,
      1.0030444860458374,
      1.005751132965088,
      1.0074834823608398,
      1.0100985765457153,
      1.0132803916931152,
      1.0152699947357178,
      1.0178751945495605,
      1.02041757106781,
      1.0221043825149536,
      1.0232880115509033,
      1.0276178121566772,
      1.0278048515319824,
      1.0322240591049194,
      1.0323634147644043,
      1.0362745523452759,
      1.0361478328704834,
      1.0373167991638184,
      1.0395108461380005,
      1.0410964488983154,
      1.0423426628112793,
      1.0451366901397705,
      1.045944333076477,
      1.0483194589614868,
      1.0509228706359863,
      1.0518105030059814,
      1.0546889305114746
    ],
    "epochs_ran": 85,
    "final_entropy": 1.0546889305114746,
    "final_loss": 0.4473389685153961,
    "plot_diagnostics": null,
    "runtime_seconds": 3.9643821767531335
  }
}