{
  "config": {
    "early_stopping": true,
    "epochs": 601,
    "expert_lr": 0.00053105,
    "expert_momentum": 0.92965,
    "expert_num": 8,
    "expert_weight_decay": 0.0,
    "load_balancing": false,
    "optimizer_family": "original",
    "router_lr": 0.2893693,
    "router_momentum": 0.897036,
    "router_weight_decay": 0.001
  },
  "eval_metrics": {
    "accuracy": 100.0,
    "dispatch_counts": [
      [
        828.0,
        0.0,
        0.0,
        0.0,
        0.0,
        0.0,
        0.0,
        0.0
      ],
      [
        0.0,
        0.0,
        0.0,
        0.0,
        0.0,
        0.0,
        780.0,
        0.0
      ],
      [
        0.0,
        0.0,
        0.0,
        0.0,
        0.0,
        812.0,
        0.0,
        0.0
      ],
      [
        0.0,
        0.0,
        780.0,
        0.0,
        0.0,
        0.0,
        0.0,
        0.0
      ]
    ],
    "entropy": 0.0,
    "loss": 0.3132616877555847,
    "runtime_seconds": 0.007624679710716009,
    "split": "validation"
  },
  "fold_index": 0,
  "mode": "nonlinear",
  "seed": 31911,
  "setting": 3,
  "total_runtime_seconds": 5.8199477680027485,
  "train_metrics": {
    "dispatch_counts": [
      [
        3315.0,
        0.0,
        0.0,
        0.0,
        0.0,
        0.0,
        0.0,
        0.0
      ],
      [
        0.0,
        0.0,
        0.0,
        0.0,
        0.0,
        0.0,
        3117.0,
        0.0
      ],
      [
        0.0,
        0.0,
        0.0,
        0.0,
        0.0,
        3250.0,
        0.0,
        0.0
      ],
      [
        0.0,
        0.0,
        3118.0,
        0.0,
        0.0,
        0.0,
        0.0,
        0.0
      ]
    ],
    "entropy_record": [
      1.3848005533218384,
      1.3851666450500488,
      1.3853813409805298,
      1.3854906558990479,
      1.385392665863037,
      1.3849927186965942,
      1.385316014289856,
      1.3854979276657104,
      1.3852756023406982,
      1.3849848508834839,
      1.382786750793457,
      1.380028486251831,
      1.3658819198608398,
      1.3218698501586914,
      1.2042763233184814,
      0.9171994924545288,
      0.4879531264305115,
      0.20980015397071838,
      0.10261668264865875,
      0.04025468975305557,
      0.00857027992606163,
      0.0013145901029929519,
      0.0007114274194464087,
      0.0,
      0.0,
      0.0,
      0.0,
      0.0,
      0.0,
      0.0,
      0.0,
      0.0,
      0.0,
      0.0,
      0.0,
      0.0,
      0.0,
      0.0,
      0.0,
      0.0,
      0.0,
      0.0,
      0.0,
      0.0,
      0.0,
      0.0,
      0.0,
      0.0,
      0.0,
      0.0,
      0.0,
      0.0,
      0.0,
      0.0,
      0.0,
      0.0,
      0.0,
      0.0,
      0.0,
      0.0,
      0.0,
      0.0,
      0.0,
      0.0,
      0.0,
      0.0,
      0.0,
      0.0,
      0.0,
      0.0,
      0.0
    ],
    "epochs_ran": 71,
    "final_entropy": 0.0,
    "final_loss": 0.3132617771625519,
    "plot_diagnostics": null,
    "runtime_seconds": 5.8123230882920325
  }
}