{
  "config": {
    "early_stopping": true,
    "epochs": 601,
    "expert_lr": 0.0014663,
    "expert_momentum": 0.876777,
    "expert_num": 8,
    "expert_weight_decay": 0.0001,
    "load_balancing": false,
    "ns_steps": 10,
    "optimizer_family": "muon",
    "router_lr": 0.01678337,
    "router_momentum": 0.884867,
    "router_weight_decay": 0.0001
  },
  "eval_metrics": {
    "accuracy": 88.71875,
    "dispatch_counts": [
      [
        1.0,
        3.0,
        51.0,
        359.0,
        0.0,
        25.0,
        368.0,
        0.0
      ],
      [
        206.0,
        36.0,
        7.0,
        59.0,
        0.0,
        362.0,
        26.0,
        104.0
      ],
      [
        3.0,
        203.0,
        57.0,
        53.0,
        240.0,
        196.0,
        46.0,
        3.0
      ],
      [
        1.0,
        292.0,
        292.0,
        11.0,
        0.0,
        5.0,
        81.0,
        110.0
      ]
    ],
    "entropy": 0.7410535216331482,
    "loss": 0.4260682761669159,
    "runtime_seconds": 0.012799835298210382,
    "split": "validation"
  },
  "fold_index": 3,
  "mode": "nonlinear",
  "seed": 11914,
  "setting": 1,
  "total_runtime_seconds": 8.378973795101047,
  "train_metrics": {
    "dispatch_counts": [
      [
        6.0,
        3.0,
        207.0,
        1475.0,
        0.0,
        91.0,
        1445.0,
        1.0
      ],
      [
        807.0,
        145.0,
        20.0,
        226.0,
        0.0,
        1439.0,
        123.0,
        439.0
      ],
      [
        10.0,
        860.0,
        265.0,
        173.0,
        1002.0,
        692.0,
        191.0,
        12.0
      ],
      [
        0.0,
        1111.0,
        1117.0,
        31.0,
        0.0,
        44.0,
        391.0,
        474.0
      ]
    ],
    "entropy_record": [
      1.3858803510665894,
      1.3013966083526611,
      1.1719043254852295,
      1.0860854387283325,
      0.9396209716796875,
      0.8668175935745239,
      0.8257163166999817,
      0.7982980012893677,
      0.7796221971511841,
      0.7575650811195374,
      0.7461670637130737,
      0.7261676788330078,
      0.7276214957237244,
      0.7124436497688293,
      0.7002535462379456,
      0.7060457468032837,
      0.701604962348938,
      0.6971895098686218,
      0.7024216651916504,
      0.6984425187110901,
      0.6960333585739136,
      0.693792462348938,
      0.6973541975021362,
      0.6952226758003235,
      0.6958264112472534,
      0.6985654830932617,
      0.6966591477394104,
      0.6917904019355774,
      0.6958016157150269,
      0.6996498107910156,
      0.6996141672134399,
      0.68869948387146,
      0.6959538459777832,
      0.699722945690155,
      0.6966359615325928,
      0.6960734724998474,
      0.6957083344459534,
      0.6968226432800293,
      0.6960127949714661,
      0.694220244884491,
      0.6917016506195068,
      0.6924337148666382,
      0.6928762793540955,
      0.6944406032562256,
      0.6919843554496765,
      0.6980493068695068,
      0.7033427357673645,
      0.7014707922935486,
      0.7108352780342102,
      0.7105346918106079,
      0.714948832988739,
      0.7159552574157715,
      0.7172530889511108,
      0.7193859219551086,
      0.7200732827186584,
      0.7236452698707581,
      0.7252227663993835,
      0.7276634573936462,
      0.7342501878738403,
      0.7349873781204224,
      0.7357069849967957,
      0.7372583150863647,
      0.7373613119125366,
      0.7391239404678345,
      0.7388170957565308,
      0.7407258749008179,
      0.7426079511642456,
      0.7407020330429077,
      0.7378657460212708,
      0.7334402203559875,
      0.7297024130821228,
      0.7294190526008606,
      0.7229193449020386,
      0.7222644686698914,
      0.7212751507759094,
      0.7166792750358582,
      0.7173745036125183,
      0.7158846259117126,
      0.7176738381385803,
      0.7124041318893433,
      0.7097346782684326,
      0.7078854441642761,
      0.7026395797729492,
      0.7007255554199219,
      0.7073842287063599,
      0.7064777612686157,
      0.7089587450027466,
      0.7091031074523926,
      0.7109271287918091,
      0.7171831130981445,
      0.7215298414230347,
      0.723107099533081,
      0.725897490978241,
      0.7296607494354248,
      0.7321406602859497,
      0.7377262115478516,
      0.7413923740386963
    ],
    "epochs_ran": 97,
    "final_entropy": 0.7413923740386963,
    "final_loss": 0.42295610904693604,
    "plot_diagnostics": null,
    "runtime_seconds": 8.366173959802836
  }
}