{
  "config": {
    "early_stopping": true,
    "epochs": 601,
    "expert_lr": 0.00284853,
    "expert_momentum": 0.882355,
    "expert_num": 4,
    "expert_weight_decay": 0.0,
    "load_balancing": false,
    "optimizer_family": "original",
    "router_lr": 0.02582982,
    "router_momentum": 0.904602,
    "router_weight_decay": 1e-05
  },
  "eval_metrics": {
    "accuracy": 90.875,
    "dispatch_counts": [
      [
        4.0,
        6.0,
        0.0,
        818.0
      ],
      [
        696.0,
        76.0,
        0.0,
        8.0
      ],
      [
        171.0,
        37.0,
        598.0,
        6.0
      ],
      [
        9.0,
        76.0,
        2.0,
        693.0
      ]
    ],
    "entropy": 0.5864285230636597,
    "loss": 0.4046093821525574,
    "runtime_seconds": 0.004613278899341822,
    "split": "validation"
  },
  "fold_index": 4,
  "mode": "nonlinear",
  "seed": 22215,
  "setting": 2,
  "total_runtime_seconds": 27.391161586157978,
  "train_metrics": {
    "dispatch_counts": [
      [
        14.0,
        27.0,
        0.0,
        3274.0
      ],
      [
        2758.0,
        341.0,
        0.0,
        18.0
      ],
      [
        746.0,
        95.0,
        2379.0,
        30.0
      ],
      [
        38.0,
        271.0,
        11.0,
        2798.0
      ]
    ],
    "entropy_record": [
      1.3857166767120361,
      1.3856816291809082,
      1.3856984376907349,
      1.38578462600708,
      1.3858574628829956,
      1.385752558708191,
      1.3857519626617432,
      1.38417387008667,
      1.3765482902526855,
      1.3509268760681152,
      1.2922123670578003,
      1.1864471435546875,
      1.0898427963256836,
      0.9996504783630371,
      0.9128319621086121,
      0.8279878497123718,
      0.7439149022102356,
      0.6684010028839111,
      0.6127040386199951,
      0.5639489889144897,
      0.548772394657135,
      0.5181580185890198,
      0.4958098232746124,
      0.5012302398681641,
      0.4806287884712219,
      0.47644367814064026,
      0.4708874821662903,
      0.45980146527290344,
      0.47613465785980225,
      0.46300989389419556,
      0.46525269746780396,
      0.4609348177909851,
      0.4638480544090271,
      0.457818865776062,
      0.46014082431793213,
      0.45801666378974915,
      0.4620766043663025,
      0.45970815420150757,
      0.4541173279285431,
      0.45998910069465637,
      0.45186901092529297,
      0.4535256624221802,
      0.46051546931266785,
      0.46464860439300537,
      0.45112717151641846,
      0.4573185443878174,
      0.45995256304740906,
      0.4569317102432251,
      0.4603639245033264,
      0.4502239525318146,
      0.4597220718860626,
      0.45668134093284607,
      0.4664798676967621,
      0.45352357625961304,
      0.4582504630088806,
      0.45533642172813416,
      0.4637693166732788,
      0.4597226083278656,
      0.4574274718761444,
      0.4674651026725769,
      0.4621175527572632,
      0.4578271806240082,
      0.4613132178783417,
      0.46369242668151855,
      0.46163409948349,
      0.4625936448574066,
      0.4633380174636841,
      0.45972245931625366,
      0.4590029716491699,
      0.4616575539112091,
      0.4632517695426941,
      0.46081089973449707,
      0.46165019273757935,
      0.46769964694976807,
      0.45598942041397095,
      0.46317511796951294,
      0.4588797092437744,
      0.4632379412651062,
      0.46107935905456543,
      0.4658534526824951,
      0.46401989459991455,
      0.465596079826355,
      0.46555081009864807,
      0.46772176027297974,
      0.4645824134349823,
      0.4666121304035187,
      0.4654305577278137,
      0.46729928255081177,
      0.46994972229003906,
      0.4698164761066437,
      0.4687289595603943,
      0.4626680612564087,
      0.4696435332298279,
      0.47144806385040283,
      0.47290506958961487,
      0.46483832597732544,
      0.468735009431839,
      0.4715611934661865,
      0.47759076952934265,
      0.46415215730667114,
      0.4765770435333252,
      0.47619765996932983,
      0.47068464756011963,
      0.4715161919593811,
      0.4669649004936218,
      0.4694216251373291,
      0.46827924251556396,
      0.4711204767227173,
      0.46938571333885193,
      0.471386581659317,
      0.4753011465072632,
      0.47394299507141113,
      0.4724509119987488,
      0.4747539162635803,
      0.4716637134552002,
      0.47401854395866394,
      0.48074668645858765,
      0.47467806935310364,
      0.4735475480556488,
      0.47280436754226685,
      0.4808112680912018,
      0.47015073895454407,
      0.47404804825782776,
      0.4756295084953308,
      0.47825658321380615,
      0.47761374711990356,
      0.47587642073631287,
      0.47631704807281494,
      0.47777172923088074,
      0.47765251994132996,
      0.47261950373649597,
      0.47821593284606934,
      0.47003817558288574,
      0.47475770115852356,
      0.4770353436470032,
      0.47574079036712646,
      0.4780180752277374,
      0.4755410850048065,
      0.480927973985672,
      0.47732409834861755,
      0.48227062821388245,
      0.4762064218521118,
      0.4743865132331848,
      0.480474054813385,
      0.47578898072242737,
      0.48116299510002136,
      0.48097944259643555,
      0.4775201678276062,
      0.4805567264556885,
      0.48360177874565125,
      0.48158836364746094,
      0.4814959764480591,
      0.4825252890586853,
      0.4806109666824341,
      0.4831523001194,
      0.48577064275741577,
      0.4807722568511963,
      0.48053133487701416,
      0.48279017210006714,
      0.482789009809494,
      0.48272714018821716,
      0.4844706952571869,
      0.48188865184783936,
      0.4832373261451721,
      0.4795077443122864,
      0.488162636756897,
      0.4864322543144226,
      0.48972851037979126,
      0.49418511986732483,
      0.47711580991744995,
      0.485874742269516,
      0.48876839876174927,
      0.48963192105293274,
      0.49125540256500244,
      0.4836346209049225,
      0.484828382730484,
      0.48863494396209717,
      0.48967239260673523,
      0.48953479528427124,
      0.48953425884246826,
      0.4900171160697937,
      0.48690223693847656,
      0.4910373091697693,
      0.4913720190525055,
      0.4882463216781616,
      0.48774638772010803,
      0.4896692931652069,
      0.4818771481513977,
      0.4934467673301697,
      0.4901859760284424,
      0.48719048500061035,
      0.49235105514526367,
      0.49334916472435,
      0.4949154853820801,
      0.4866708517074585,
      0.4898574948310852,
      0.4918757379055023,
      0.4947584867477417,
      0.49033328890800476,
      0.4888889491558075,
      0.4836684465408325,
      0.494693398475647,
      0.48828446865081787,
      0.49043795466423035,
      0.4877452254295349,
      0.49308067560195923,
      0.5020493268966675,
      0.492415189743042,
      0.49521034955978394,
      0.4956469237804413,
      0.4965665638446808,
      0.49641162157058716,
      0.5034627318382263,
      0.49199116230010986,
      0.49131208658218384,
      0.5032374262809753,
      0.4920107424259186,
      0.49234500527381897,
      0.5010502338409424,
      0.4958930015563965,
      0.4944053292274475,
      0.49840837717056274,
      0.5034999847412109,
      0.504267692565918,
      0.5020384192466736,
      0.4954760670661926,
      0.49985170364379883,
      0.49971461296081543,
      0.49480050802230835,
      0.49574601650238037,
      0.49675601720809937,
      0.4950341284275055,
      0.5091124176979065,
      0.5031155943870544,
      0.5024866461753845,
      0.5016295909881592,
      0.5027883052825928,
      0.504190981388092,
      0.4981394112110138,
      0.501920223236084,
      0.5122925639152527,
      0.5090956687927246,
      0.5037720799446106,
      0.5095006227493286,
      0.5035632252693176,
      0.5047537088394165,
      0.5038779973983765,
      0.5051030516624451,
      0.5046926736831665,
      0.5051239132881165,
      0.5056930184364319,
      0.5061701536178589,
      0.5076029300689697,
