{
  "config": {
    "early_stopping": true,
    "epochs": 601,
    "expert_lr": 0.00284853,
    "expert_momentum": 0.882355,
    "expert_num": 4,
    "expert_weight_decay": 0.0,
    "load_balancing": false,
    "optimizer_family": "original",
    "router_lr": 0.02582982,
    "router_momentum": 0.904602,
    "router_weight_decay": 1e-05
  },
  "eval_metrics": {
    "accuracy": 90.34375,
    "dispatch_counts": [
      [
        88.0,
        697.0,
        0.0,
        44.0
      ],
      [
        203.0,
        24.0,
        4.0,
        548.0
      ],
      [
        354.0,
        21.0,
        381.0,
        56.0
      ],
      [
        158.0,
        1.0,
        1.0,
        620.0
      ]
    ],
    "entropy": 0.7762787342071533,
    "loss": 0.40983155369758606,
    "runtime_seconds": 0.004510108381509781,
    "split": "validation"
  },
  "fold_index": 1,
  "mode": "nonlinear",
  "seed": 22212,
  "setting": 2,
  "total_runtime_seconds": 27.39334689034149,
  "train_metrics": {
    "dispatch_counts": [
      [
        429.0,
        2714.0,
        0.0,
        171.0
      ],
      [
        822.0,
        88.0,
        21.0,
        2187.0
      ],
      [
        1395.0,
        86.0,
        1586.0,
        183.0
      ],
      [
        616.0,
        12.0,
        18.0,
        2472.0
      ]
    ],
    "entropy_record": [
      1.3857969045639038,
      1.3855469226837158,
      1.3856443166732788,
      1.3853275775909424,
      1.3851813077926636,
      1.385231614112854,
      1.3853204250335693,
      1.3850302696228027,
      1.3780796527862549,
      1.353929042816162,
      1.2740755081176758,
      1.1525647640228271,
      0.9991674423217773,
      0.863466739654541,
      0.7498874664306641,
      0.6858150959014893,
      0.654922604560852,
      0.6331211924552917,
      0.6196545362472534,
      0.6125061511993408,
      0.603489339351654,
      0.602685809135437,
      0.5897303819656372,
      0.5787953734397888,
      0.5611711740493774,
      0.5449355840682983,
      0.5361016988754272,
      0.533039391040802,
      0.5369843244552612,
      0.5452134609222412,
      0.5442665219306946,
      0.5630311369895935,
      0.5730659365653992,
      0.5843314528465271,
      0.59227454662323,
      0.6046797633171082,
      0.6160688400268555,
      0.616499662399292,
      0.6349146366119385,
      0.6416356563568115,
      0.6426470279693604,
      0.6568200588226318,
      0.6556987762451172,
      0.6633085012435913,
      0.6662324666976929,
      0.6715454459190369,
      0.6755478382110596,
      0.6826575994491577,
      0.680520236492157,
      0.6880098581314087,
      0.6838234663009644,
      0.6960200071334839,
      0.6948153376579285,
      0.6966110467910767,
      0.7020555734634399,
      0.7038425207138062,
      0.7063170671463013,
      0.7080079317092896,
      0.7101463079452515,
      0.707836389541626,
      0.710452139377594,
      0.7147542834281921,
      0.7111756801605225,
      0.7137307524681091,
      0.7183876037597656,
      0.7126263380050659,
      0.7191962003707886,
      0.7170028686523438,
      0.7266885638237,
      0.7240175008773804,
      0.7177499532699585,
      0.7245668768882751,
      0.7265359163284302,
      0.7280621528625488,
      0.727125883102417,
      0.7297099828720093,
      0.7205323576927185,
      0.7392919063568115,
      0.7318632006645203,
      0.7310196161270142,
      0.7370741963386536,
      0.7321059703826904,
      0.7338868379592896,
      0.7327931523323059,
      0.734350860118866,
      0.7301499843597412,
      0.7365295886993408,
      0.7316083312034607,
      0.7338584065437317,
      0.7359572649002075,
      0.7320340275764465,
      0.7287176847457886,
      0.7337322235107422,
      0.7356237173080444,
      0.7394810914993286,
      0.7328153848648071,
      0.7370181083679199,
      0.7409707307815552,
      0.7447863221168518,
      0.7439040541648865,
      0.7376935482025146,
      0.7385687828063965,
      0.7354769706726074,
      0.7372932434082031,
      0.7363197803497314,
      0.7470591068267822,
      0.7488893866539001,
      0.7420330047607422,
      0.7433599233627319,
      0.7417998313903809,
      0.7465537786483765,
      0.7391740679740906,
      0.7385051846504211,
      0.7376419305801392,
      0.7365343570709229,
      0.7395249605178833,
      0.7423814535140991,
      0.7473658919334412,
      0.7463594675064087,
      0.7408432960510254,
      0.7500275373458862,
      0.746342658996582,
      0.7383846044540405,
      0.7522258758544922,
      0.7492578029632568,
      0.7448315620422363,
      0.7410112023353577,
      0.7476623058319092,
      0.7474583387374878,
      0.7440619468688965,
      0.746540904045105,
      0.7460967898368835,
      0.7415151000022888,
      0.7435357570648193,
      0.7489503622055054,
      0.7456085681915283,
      0.749464750289917,
      0.748570442199707,
      0.747314453125,
      0.74704909324646,
      0.7488694787025452,
      0.7525951266288757,
      0.7541487216949463,
      0.750981330871582,
      0.7514486312866211,
      0.7472618222236633,
      0.7482571601867676,
      0.7485408186912537,
      0.7507328987121582,
      0.7494780421257019,
      0.7561632394790649,
      0.7528258562088013,
      0.7520559430122375,
      0.753919780254364,
      0.7505486011505127,
      0.7542447447776794,
      0.7588452100753784,
      0.7560116052627563,
      0.7523226737976074,
      0.7520276308059692,
      0.7551411390304565,
      0.7478576898574829,
      0.7506966590881348,
      0.7485477924346924,
      0.7488300800323486,
      0.7472320795059204,
      0.7508586645126343,
      0.748845100402832,
      0.7530683279037476,
      0.7560348510742188,
      0.7562983632087708,
      0.7547237873077393,
      0.752830982208252,
      0.7557048797607422,
      0.7534577250480652,
      0.7552458047866821,
      0.7509546279907227,
      0.7525792121887207,
      0.7534205913543701,
      0.7537713646888733,
      0.7550077438354492,
      0.7515709400177002,
      0.758470892906189,
      0.7533063888549805,
      0.7544834613800049,
      0.7533718347549438,
      0.7564859390258789,
      0.7569693922996521,
      0.7562680244445801,
      0.7580124139785767,
      0.7599343061447144,
      0.7487918734550476,
      0.7521406412124634,
      0.7549738883972168,
      0.7553530931472778,
      0.7580058574676514,
      0.7555241584777832,
      0.7550371885299683,
      0.7640682458877563,
      0.7575623989105225,
      0.7588022947311401,
      0.7561380863189697,
      0.7612846493721008,
      0.7553122043609619,
      0.7528409361839294,
      0.7571262121200562,
      0.7567910552024841,
      0.7580626010894775,
      0.7545686960220337,
      0.754138708114624,
      0.7544864416122437,
      0.7560492753982544,
      0.7562536001205444,
      0.7530776262283325,
      0.7544530630111694,
      0.7539874315261841,
      0.7571498155593872,
      0.7576566934585571,
      0.7538285255432129,
      0.755473256111145,
      0.7566797733306885,
      0.7570127248764038,
      0.7548319697380066,
      0.7596549987792969,
      0.7613014578819275,
      0.7560866475105286,
      0.7569358348846436,
      0.7568842172622681,
      0.7597970962524414,
      0.7594040036201477,
      0.7543278932571411,
      0.7599719166755676,
      0.752685546875,
      0.7516391277313232,
      0.7600209712982178,
      0.7558588981628418,
      0.7560795545578003,
      0.7578278183937073,
      0.7581048607826233,
      0.7556314468383789,
      0.7520714998245239,
      0.7581180334091187,
      0.7587592601776123,
      0.7593077421188354,
      0.7621639966964722,
      0.7666676044464111,
      0.7574650645256042,
      0.7590893507003784,
      0.7603147029876709,
      0.7566139698028564,
      0.7640289068222046,
      0.754514753818512,
      0.756054162979126,
      0.7582188844680786,
      0.761978030204773,
      0.7583032846450806,
      0.7587684392929077,
