{
  "config": {
    "early_stopping": true,
    "epochs": 601,
    "expert_lr": 0.00284853,
    "expert_momentum": 0.882355,
    "expert_num": 4,
    "expert_weight_decay": 0.0,
    "load_balancing": false,
    "optimizer_family": "original",
    "router_lr": 0.02582982,
    "router_momentum": 0.904602,
    "router_weight_decay": 1e-05
  },
  "eval_metrics": {
    "accuracy": 92.25,
    "dispatch_counts": [
      [
        7.0,
        5.0,
        5.0,
        812.0
      ],
      [
        775.0,
        1.0,
        0.0,
        3.0
      ],
      [
        7.0,
        752.0,
        32.0,
        22.0
      ],
      [
        663.0,
        2.0,
        5.0,
        109.0
      ]
    ],
    "entropy": 0.5069204568862915,
    "loss": 0.3903205990791321,
    "runtime_seconds": 0.0045116376131772995,
    "split": "validation"
  },
  "fold_index": 2,
  "mode": "nonlinear",
  "seed": 22213,
  "setting": 2,
  "total_runtime_seconds": 27.366838521324098,
  "train_metrics": {
    "dispatch_counts": [
      [
        26.0,
        22.0,
        28.0,
        3238.0
      ],
      [
        3101.0,
        7.0,
        2.0,
        8.0
      ],
      [
        28.0,
        3001.0,
        154.0,
        66.0
      ],
      [
        2591.0,
        21.0,
        5.0,
        502.0
      ]
    ],
    "entropy_record": [
      1.3857052326202393,
      1.3853273391723633,
      1.3857109546661377,
      1.3854219913482666,
      1.3852941989898682,
      1.3855066299438477,
      1.3858754634857178,
      1.3853422403335571,
      1.3779504299163818,
      1.3560994863510132,
      1.2903196811676025,
      1.164881944656372,
      0.988610029220581,
      0.8109564781188965,
      0.6972860097885132,
      0.6202917695045471,
      0.5410776138305664,
      0.5048074126243591,
      0.46718281507492065,
      0.4605965316295624,
      0.43458905816078186,
      0.42713630199432373,
      0.42723196744918823,
      0.42825204133987427,
      0.4164256453514099,
      0.42047399282455444,
      0.4093753397464752,
      0.4139431118965149,
      0.4084717929363251,
      0.4090341031551361,
      0.4102577865123749,
      0.41207271814346313,
      0.4009409546852112,
      0.41045400500297546,
      0.4078074097633362,
      0.41069909930229187,
      0.4068484604358673,
      0.417690247297287,
      0.4036931097507477,
      0.4052773118019104,
      0.4049835801124573,
      0.4064826965332031,
      0.4087514877319336,
      0.40800410509109497,
      0.4040239453315735,
      0.40809300541877747,
      0.4084825813770294,
      0.4102989137172699,
      0.41141414642333984,
      0.4113091230392456,
      0.40836378931999207,
      0.40985390543937683,
      0.40946346521377563,
      0.4076734185218811,
      0.41385841369628906,
      0.4032319486141205,
      0.41113612055778503,
      0.41419053077697754,
      0.4116588532924652,
      0.4094559848308563,
      0.4065665602684021,
      0.4098106324672699,
      0.4101681411266327,
      0.4100145399570465,
      0.412916362285614,
      0.41086435317993164,
      0.4122355878353119,
      0.4131458103656769,
      0.40879708528518677,
      0.4084888696670532,
      0.4130275249481201,
      0.412427693605423,
      0.40796130895614624,
      0.4092152714729309,
      0.4122175872325897,
      0.40993133187294006,
      0.4096453785896301,
      0.4130827486515045,
      0.41751667857170105,
      0.40988093614578247,
      0.4095234274864197,
      0.4155155420303345,
      0.41131144762039185,
      0.41363218426704407,
      0.4175425171852112,
      0.41676968336105347,
      0.4158704876899719,
      0.41595709323883057,
      0.4176231324672699,
      0.41869044303894043,
      0.4173645079135895,
      0.42220714688301086,
      0.4128190875053406,
      0.4173690378665924,
      0.418676495552063,
      0.4162799119949341,
      0.41286996006965637,
      0.4198026657104492,
      0.4177425503730774,
      0.4200405478477478,
      0.4164561629295349,
      0.4204453229904175,
      0.42028704285621643,
      0.4145919978618622,
      0.4185417592525482,
      0.42125630378723145,
      0.41847556829452515,
      0.41897910833358765,
      0.41773098707199097,
      0.4169529378414154,
      0.4192730486392975,
      0.4159448742866516,
      0.4225316643714905,
      0.4189489483833313,
      0.4239192605018616,
      0.41380998492240906,
      0.4215231239795685,
      0.423392117023468,
      0.429010808467865,
      0.42184826731681824,
      0.42368870973587036,
      0.4212968051433563,
      0.4238797724246979,
      0.42218783497810364,
      0.41962558031082153,
      0.42473912239074707,
      0.42243194580078125,
      0.4193689525127411,
      0.41885513067245483,
      0.4244852662086487,
      0.4261532723903656,
      0.4272645115852356,
      0.4348341226577759,
      0.4281921684741974,
      0.4224719703197479,
      0.42308133840560913,
      0.4272042214870453,
      0.42536452412605286,
      0.4294968545436859,
      0.4245556890964508,
      0.4273143410682678,
      0.430408239364624,
      0.4295865595340729,
      0.43086716532707214,
      0.4326954483985901,
      0.42769894003868103,
      0.4244087040424347,
      0.430063933134079,
      0.4310021996498108,
      0.4297083020210266,
      0.4253084361553192,
      0.43286770582199097,
      0.4269411563873291,
      0.43463003635406494,
      0.4328353703022003,
      0.4288099706172943,
      0.4285159409046173,
      0.4302898645401001,
      0.42852142453193665,
      0.4310930371284485,
      0.4308352470397949,
      0.4286845028400421,
      0.43063658475875854,
      0.43388569355010986,
      0.43159276247024536,
      0.4329487085342407,
      0.43058258295059204,
      0.4337034225463867,
      0.4337506890296936,
      0.4289547801017761,
      0.4317837655544281,
      0.428321897983551,
      0.4287983179092407,
      0.4341531991958618,
      0.43596434593200684,
      0.43685272336006165,
      0.4420543313026428,
      0.4354422092437744,
      0.4306707978248596,
      0.43626901507377625,
      0.42870551347732544,
      0.43548673391342163,
      0.43241891264915466,
      0.4405144155025482,
      0.4322770833969116,
      0.435874342918396,
      0.44241195917129517,
      0.44229185581207275,
      0.4363213777542114,
      0.43845629692077637,
      0.43936294317245483,
      0.4402546286582947,
      0.4455898702144623,
      0.44169238209724426,
      0.4355844259262085,
      0.4371664822101593,
      0.43338924646377563,
      0.4491997957229614,
      0.44381383061408997,
      0.4390418529510498,
      0.4466055631637573,
      0.4445332884788513,
      0.4412837624549866,
      0.4484297037124634,
      0.44379758834838867,
      0.44021376967430115,
      0.44303444027900696,
      0.4407299757003784,
      0.44506415724754333,
      0.4507356286048889,
      0.4423387348651886,
      0.44157811999320984,
      0.4427962899208069,
      0.4431862235069275,
      0.44724470376968384,
      0.44881466031074524,
      0.4456945061683655,
      0.45165467262268066,
      0.44865652918815613,
      0.4419926404953003,
      0.44695183634757996,
      0.449221134185791,
      0.44523537158966064,
      0.4439006745815277,
      0.4512239992618561,
      0.45597928762435913,
      0.4546671211719513,
      0.4507884681224823,
      0.44427481293678284,
      0.45231497287750244,
      0.45453572273254395,
      0.4493821859359741,
      0.4522680640220642,
      0.4532715678215027,
      0.4576048254966736,
      0.4518331289291382,
      0.4557701647281647,
      0.45420193672180176,
      0.4501393437385559,
      0.4564375877380371,
      0.45301634073257446,
      0.4555259346961975,
      0.4526577889919281,
      0.4592924416065216,
      0.4521747827529907,
      0.45463019609451294,
      0.4571537673473358,
      0.46010664105415344,
      0.4558471739292145,
      0.4621986746788025,
      0.4475829303264618,
      0.45888954401016235,
      0.45878881216049194,
