{
  "config": {
    "early_stopping": true,
    "epochs": 601,
    "expert_lr": 0.00160051,
    "expert_momentum": 0.948139,
    "expert_num": 4,
    "expert_weight_decay": 0.0,
    "load_balancing": false,
    "optimizer_family": "original",
    "router_lr": 0.01397553,
    "router_momentum": 0.881966,
    "router_weight_decay": 1e-05
  },
  "eval_metrics": {
    "accuracy": 92.375,
    "dispatch_counts": [
      [
        818.0,
        2.0,
        6.0,
        3.0
      ],
      [
        768.0,
        7.0,
        4.0,
        0.0
      ],
      [
        57.0,
        1.0,
        754.0,
        1.0
      ],
      [
        6.0,
        209.0,
        156.0,
        408.0
      ]
    ],
    "entropy": 0.6056386232376099,
    "loss": 0.38965773582458496,
    "runtime_seconds": 0.004677093122154474,
    "split": "validation"
  },
  "fold_index": 2,
  "mode": "nonlinear",
  "seed": 41213,
  "setting": 4,
  "total_runtime_seconds": 27.305004467256367,
  "train_metrics": {
    "dispatch_counts": [
      [
        3274.0,
        16.0,
        8.0,
        16.0
      ],
      [
        3064.0,
        19.0,
        28.0,
        7.0
      ],
      [
        250.0,
        1.0,
        2996.0,
        2.0
      ],
      [
        35.0,
        873.0,
        698.0,
        1513.0
      ]
    ],
    "entropy_record": [
      1.3857448101043701,
      1.3857455253601074,
      1.3857864141464233,
      1.3855478763580322,
      1.3854974508285522,
      1.3856549263000488,
      1.385667324066162,
      1.385704755783081,
      1.3857629299163818,
      1.385577917098999,
      1.3837463855743408,
      1.3797876834869385,
      1.3686269521713257,
      1.3449623584747314,
      1.3072707653045654,
      1.2569159269332886,
      1.1891423463821411,
      1.1198447942733765,
      1.0473335981369019,
      0.9745980501174927,
      0.9018691778182983,
      0.8426323533058167,
      0.7777713537216187,
      0.7317280769348145,
      0.6797354221343994,
      0.6625662446022034,
      0.6268157362937927,
      0.6133896708488464,
      0.6001012921333313,
      0.5908972024917603,
      0.574567437171936,
      0.5716197490692139,
      0.5616917610168457,
      0.5618922114372253,
      0.5553364157676697,
      0.5530551075935364,
      0.5452558994293213,
      0.5518538951873779,
      0.5416102409362793,
      0.5509228706359863,
      0.5343513488769531,
      0.5405675768852234,
      0.5404582023620605,
      0.5396155118942261,
      0.5383774638175964,
      0.5431100726127625,
      0.5507481098175049,
      0.5403853058815002,
      0.5419492721557617,
      0.533774197101593,
      0.5370331406593323,
      0.5370277762413025,
      0.5399413704872131,
      0.5405458807945251,
      0.5373846292495728,
      0.5454419255256653,
      0.5450087785720825,
      0.542655885219574,
      0.5482975840568542,
      0.5476102232933044,
      0.5342004299163818,
      0.5415169596672058,
      0.5471779704093933,
      0.5424167513847351,
      0.5417715311050415,
      0.5504350662231445,
      0.5432705879211426,
      0.5424292087554932,
      0.5374733209609985,
      0.5419051051139832,
      0.5401127338409424,
      0.5387778878211975,
      0.5434283018112183,
      0.5436056852340698,
      0.5464295744895935,
      0.535639762878418,
      0.546747624874115,
      0.5426894426345825,
      0.5459138751029968,
      0.5540437698364258,
      0.5462865233421326,
      0.5386077761650085,
      0.5507187843322754,
      0.5488654375076294,
      0.5429235100746155,
      0.5506386756896973,
      0.5459094643592834,
      0.5385684370994568,
      0.5432771444320679,
      0.5429250001907349,
      0.5440546274185181,
      0.5434101223945618,
      0.5417459011077881,
      0.5453073978424072,
      0.5407251715660095,
      0.5429859161376953,
      0.5489991307258606,
      0.5520067811012268,
      0.5500861406326294,
      0.5377613306045532,
      0.540462076663971,
      0.545528769493103,
      0.5430517196655273,
      0.5545832514762878,
      0.552655816078186,
      0.5381853580474854,
      0.5412357449531555,
      0.5504908561706543,
      0.549675703048706,
      0.5427146553993225,
      0.5542466044425964,
      0.5422984957695007,
      0.5464233756065369,
      0.5489163994789124,
      0.544906497001648,
      0.5488312244415283,
      0.5479103922843933,
      0.5523492097854614,
      0.5552780628204346,
      0.5471693277359009,
      0.5481061339378357,
      0.5472393035888672,
      0.543604850769043,
      0.5539886951446533,
      0.5531678199768066,
      0.5492857098579407,
      0.5426772236824036,
      0.5384045243263245,
      0.5565067529678345,
      0.5489482879638672,
      0.5550312995910645,
      0.5536971688270569,
      0.5560101866722107,
      0.5485016703605652,
      0.5369653701782227,
      0.5529739856719971,
      0.5569462180137634,
      0.5508826375007629,
      0.544455885887146,
      0.5502386093139648,
      0.5453276038169861,
      0.5499032139778137,
      0.5480487942695618,
      0.5518702268600464,
      0.5455898642539978,
      0.5546916723251343,
      0.5541068315505981,
      0.5620357990264893,
      0.5521814227104187,
      0.5608851909637451,
      0.5491927266120911,
      0.5626817345619202,
      0.5522919297218323,
      0.5410441756248474,
      0.5513198375701904,
      0.5524610280990601,
      0.5423571467399597,
      0.5525985956192017,
      0.5514271855354309,
      0.5575705766677856,
      0.5490214228630066,
      0.5593558549880981,
      0.5550805330276489,
      0.558050811290741,
      0.5621649622917175,
      0.5515167713165283,
      0.5544087290763855,
      0.5574212670326233,
      0.5582544207572937,
      0.5551462173461914,
      0.553861677646637,
      0.554160475730896,
      0.5578676462173462,
      0.5569425821304321,
      0.5561981797218323,
      0.557306170463562,
      0.5541402101516724,
      0.5532136559486389,
      0.5563080310821533,
      0.5596235394477844,
      0.5661716461181641,
      0.5582901239395142,
      0.5621631145477295,
      0.5643508434295654,
      0.5540286898612976,
      0.5634453296661377,
      0.5591537952423096,
      0.5539461970329285,
      0.5506638884544373,
      0.5586689114570618,
      0.5578926801681519,
      0.5570375323295593,
      0.55458003282547,
      0.5506768226623535,
      0.5688677430152893,
      0.5659804344177246,
      0.566918134689331,
      0.558976411819458,
      0.556656002998352,
      0.5647584795951843,
      0.5635371208190918,
      0.5543273091316223,
      0.5628976225852966,
      0.565108060836792,
      0.5546438694000244,
      0.5606895685195923,
      0.5758329629898071,
      0.5542783141136169,
      0.5675844550132751,
      0.5584092736244202,
      0.5605370402336121,
      0.570015013217926,
      0.568528950214386,
      0.5669780373573303,
      0.5701780915260315,
      0.563757598400116,
      0.5549091100692749,
      0.5647333264350891,
      0.5583944916725159,
      0.560575008392334,
      0.5605149865150452,
      0.5681118369102478,
      0.5692061185836792,
      0.5606110095977783,
      0.5760006904602051,
      0.5721003413200378,
      0.5639212131500244,
      0.5668313503265381,
      0.5684131979942322,
      0.5695284008979797,
      0.5588468313217163,
      0.5686906576156616,
      0.5707969069480896,
      0.5700024366378784,
      0.5687011480331421,
      0.5708234310150146,
      0.5695846676826477,
      0.5743464827537537,
      0.5616682171821594,
      0.5718255043029785,
      0.5655169486999512,
      0.5667190551757812,
      0.5693888068199158,
      0.5689825415611267,
      0.5714053511619568,
      0.5680661797523499,
      0.5694732666015625,
      0.5768612623214722,
      0.5656595826148987,
      0.5695916414260864,
      0.5622342228889465,
      0.5701394081115723,
      0.5754220485687256,
      0.5712393522262573,
      0.5775039792060852,
      0.5667673349380493,
      0.5792627334594727,
