{
  "config": {
    "early_stopping": true,
    "epochs": 601,
    "expert_lr": 0.00243125,
    "expert_momentum": 0.986771,
    "expert_num": 8,
    "expert_weight_decay": 0.0,
    "load_balancing": false,
    "ns_steps": 10,
    "optimizer_family": "muon",
    "router_lr": 0.01357165,
    "router_momentum": 0.919568,
    "router_weight_decay": 1e-05
  },
  "eval_metrics": {
    "accuracy": 89.125,
    "dispatch_counts": [
      [
        86.0,
        10.0,
        28.0,
        21.0,
        0.0,
        344.0,
        166.0,
        173.0
      ],
      [
        2.0,
        375.0,
        20.0,
        255.0,
        0.0,
        8.0,
        18.0,
        102.0
      ],
      [
        10.0,
        20.0,
        249.0,
        206.0,
        30.0,
        9.0,
        288.0,
        0.0
      ],
      [
        317.0,
        44.0,
        2.0,
        63.0,
        258.0,
        17.0,
        77.0,
        2.0
      ]
    ],
    "entropy": 0.7341485023498535,
    "loss": 0.42201152443885803,
    "runtime_seconds": 0.011834075208753347,
    "split": "validation"
  },
  "fold_index": 0,
  "mode": "nonlinear",
  "seed": 20611,
  "setting": 2,
  "total_runtime_seconds": 21.44596985913813,
  "train_metrics": {
    "dispatch_counts": [
      [
        308.0,
        37.0,
        149.0,
        83.0,
        2.0,
        1389.0,
        709.0,
        638.0
      ],
      [
        13.0,
        1491.0,
        75.0,
        1049.0,
        1.0,
        45.0,
        65.0,
        378.0
      ],
      [
        36.0,
        91.0,
        986.0,
        849.0,
        140.0,
        25.0,
        1113.0,
        10.0
      ],
      [
        1139.0,
        192.0,
        21.0,
        357.0,
        967.0,
        110.0,
        329.0,
        3.0
      ]
    ],
    "entropy_record": [
      1.3851797580718994,
      1.2745048999786377,
      1.1703753471374512,
      1.0840413570404053,
      1.0188231468200684,
      0.9641483426094055,
      0.9170101881027222,
      0.8664180040359497,
      0.8515418171882629,
      0.8337262868881226,
      0.8193429708480835,
      0.8097665905952454,
      0.8002341389656067,
      0.8042231202125549,
      0.7936959266662598,
      0.8012735247612,
      0.7935175895690918,
      0.7935025095939636,
      0.7861785292625427,
      0.7841891646385193,
      0.7760975360870361,
      0.7704923748970032,
      0.7697269916534424,
      0.765565812587738,
      0.7631334662437439,
      0.7718826532363892,
      0.7655409574508667,
      0.7609288692474365,
      0.7655451893806458,
      0.7599626779556274,
      0.7649495601654053,
      0.7606742978096008,
      0.7611569762229919,
      0.7524763941764832,
      0.7581287622451782,
      0.7540234327316284,
      0.7559031248092651,
      0.7548419833183289,
      0.7525885701179504,
      0.7526895403862,
      0.7501382827758789,
      0.7507333159446716,
      0.7515465021133423,
      0.7485828995704651,
      0.7520415782928467,
      0.7525296807289124,
      0.7487437725067139,
      0.7482174038887024,
      0.7448811531066895,
      0.753822922706604,
      0.7486739158630371,
      0.7503261566162109,
      0.7461037635803223,
      0.7436567544937134,
      0.7426282167434692,
      0.747477650642395,
      0.748392641544342,
      0.7446922063827515,
      0.7507572174072266,
      0.7430341839790344,
      0.7456032037734985,
      0.7453548312187195,
      0.7446545362472534,
      0.7429838180541992,
      0.7461510896682739,
      0.7447973489761353,
      0.743615984916687,
      0.7449658513069153,
      0.7471134662628174,
      0.745976448059082,
      0.7456246018409729,
      0.7436561584472656,
      0.7445356845855713,
      0.7434273362159729,
      0.7420153617858887,
      0.7396224737167358,
      0.7430271506309509,
      0.7461364269256592,
      0.7444840669631958,
      0.7438804507255554,
      0.7411907911300659,
      0.7435973882675171,
      0.7408831119537354,
      0.7434899806976318,
      0.7435779571533203,
      0.7425899505615234,
      0.7452231049537659,
      0.7467347383499146,
      0.7418375015258789,
      0.7426372766494751,
      0.7429324388504028,
      0.7440441250801086,
      0.7445783019065857,
      0.7441194653511047,
      0.7452902793884277,
      0.7446520328521729,
      0.74591064453125,
      0.7443381547927856,
      0.7434250712394714,
      0.7454068660736084,
      0.7443921566009521,
      0.7452749013900757,
      0.7443811893463135,
      0.7446804642677307,
      0.7467684745788574,
      0.743571937084198,
      0.7450241446495056,
      0.7447471022605896,
      0.7428421974182129,
      0.7425932288169861,
      0.7434799671173096,
      0.7444229125976562,
      0.7435390949249268,
      0.7463339567184448,
      0.7466493844985962,
      0.7431790828704834,
      0.7448940277099609,
      0.7453691959381104,
      0.7460402250289917,
      0.7452788949012756,
      0.7460341453552246,
      0.7442922592163086,
      0.7452240586280823,
      0.7440372705459595,
      0.7442806959152222,
      0.745910108089447,
      0.7466427683830261,
      0.7464441061019897,
      0.7434476017951965,
      0.7457320690155029,
      0.7462795972824097,
      0.743553638458252,
      0.7456871271133423,
      0.7443637847900391,
      0.7460422515869141,
      0.7441548109054565,
      0.7439988255500793,
      0.7442185878753662,
      0.747033953666687,
      0.7448635101318359,
      0.7440670728683472,
      0.7464900016784668,
      0.7437267899513245,
      0.744579553604126,
      0.7479906678199768,
      0.7425491809844971,
      0.7429081201553345,
      0.7445098757743835,
      0.7452866435050964,
      0.7442108988761902,
      0.743658721446991,
      0.7448781728744507,
      0.7477368116378784,
      0.7467654347419739,
      0.7465601563453674,
      0.7477278709411621,
      0.7462060451507568,
      0.7473906874656677,
      0.7490605711936951,
      0.7491734027862549,
      0.7481623888015747,
      0.7505946755409241,
      0.7493694424629211,
      0.7493380308151245,
      0.7489942312240601,
      0.7492595911026001,
      0.7472935914993286,
      0.7482719421386719,
      0.7467584013938904,
      0.7451967597007751,
      0.747057318687439,
      0.7453736066818237,
      0.744393527507782,
      0.7462952136993408,
      0.7446362376213074,
      0.7450502514839172,
      0.7459142208099365,
      0.7468876838684082,
      0.7437642216682434,
      0.7464421987533569,
      0.7472654581069946,
      0.7498177886009216,
      0.7528799772262573,
      0.7557455897331238,
      0.7560288906097412,
      0.7528122663497925,
      0.7563046813011169,
      0.7544649243354797,
      0.7565474510192871,
      0.7548412084579468,
      0.7563668489456177,
      0.753603458404541,
      0.7536820769309998,
      0.754153847694397,
      0.7534480690956116,
      0.7520931363105774,
      0.7541547417640686,
      0.7535669803619385,
      0.7535495758056641,
      0.7551015615463257,
      0.7518573999404907,
      0.7524135112762451,
      0.7515823841094971,
      0.7515686750411987,
      0.7511429190635681,
      0.751605212688446,
      0.749114453792572,
      0.7477161288261414,
      0.7488316893577576,
      0.7481539845466614,
      0.7469365000724792,
      0.745995044708252,
      0.7482448220252991,
      0.7479535937309265,
      0.7482109665870667,
      0.7513123154640198,
      0.7509206533432007,
      0.7531026005744934,
      0.7508522868156433,
      0.7535250186920166,
      0.7533801198005676,
      0.7529712915420532,
      0.7547088265419006,
      0.7533465623855591,
      0.7554025650024414,
      0.7563850283622742,
      0.7558055520057678,
      0.7562151551246643,
      0.7578640580177307,
      0.7568632960319519,
      0.7565377354621887,
      0.7606071829795837,
      0.7620976567268372,
      0.7609133720397949,
      0.7598128914833069,
      0.7578132152557373,
      0.7598843574523926,
      0.7593019604682922,
