{
  "config": {
    "early_stopping": true,
    "epochs": 601,
    "expert_lr": 0.00243125,
    "expert_momentum": 0.986771,
    "expert_num": 8,
    "expert_weight_decay": 0.0,
    "load_balancing": false,
    "ns_steps": 10,
    "optimizer_family": "muon",
    "router_lr": 0.01357165,
    "router_momentum": 0.919568,
    "router_weight_decay": 1e-05
  },
  "eval_metrics": {
    "accuracy": 88.6875,
    "dispatch_counts": [
      [
        8.0,
        15.0,
        28.0,
        370.0,
        110.0,
        3.0,
        2.0,
        293.0
      ],
      [
        129.0,
        73.0,
        193.0,
        46.0,
        20.0,
        1.0,
        243.0,
        74.0
      ],
      [
        244.0,
        77.0,
        11.0,
        55.0,
        157.0,
        201.0,
        18.0,
        50.0
      ],
      [
        4.0,
        372.0,
        155.0,
        41.0,
        197.0,
        0.0,
        0.0,
        10.0
      ]
    ],
    "entropy": 0.843022882938385,
    "loss": 0.4264213442802429,
    "runtime_seconds": 0.008333874866366386,
    "split": "validation"
  },
  "fold_index": 3,
  "mode": "nonlinear",
  "seed": 20614,
  "setting": 2,
  "total_runtime_seconds": 17.867618694901466,
  "train_metrics": {
    "dispatch_counts": [
      [
        31.0,
        50.0,
        104.0,
        1476.0,
        468.0,
        8.0,
        10.0,
        1167.0
      ],
      [
        553.0,
        309.0,
        755.0,
        186.0,
        75.0,
        4.0,
        921.0,
        315.0
      ],
      [
        1012.0,
        302.0,
        45.0,
        236.0,
        632.0,
        753.0,
        86.0,
        183.0
      ],
      [
        16.0,
        1458.0,
        680.0,
        166.0,
        753.0,
        2.0,
        1.0,
        43.0
      ]
    ],
    "entropy_record": [
      1.3854597806930542,
      1.3123029470443726,
      1.21536123752594,
      1.1433649063110352,
      1.0763485431671143,
      1.0459117889404297,
      1.018049955368042,
      0.9684708714485168,
      0.9543096423149109,
      0.9133687615394592,
      0.8785684108734131,
      0.8572211265563965,
      0.8439639210700989,
      0.8387962579727173,
      0.8367528915405273,
      0.8208367228507996,
      0.8204399943351746,
      0.8128411173820496,
      0.8136387467384338,
      0.8107165098190308,
      0.806882381439209,
      0.8100306987762451,
      0.8014466166496277,
      0.8063684105873108,
      0.8104234337806702,
      0.8107433319091797,
      0.8084244132041931,
      0.8118364214897156,
      0.8113046288490295,
      0.8136712312698364,
      0.8117840886116028,
      0.8136577010154724,
      0.8199503421783447,
      0.8167152404785156,
      0.8182422518730164,
      0.8191456198692322,
      0.8236653208732605,
      0.8200372457504272,
      0.8273842334747314,
      0.8232804536819458,
      0.8284956812858582,
      0.8258917331695557,
      0.8261048197746277,
      0.8308025598526001,
      0.8285738229751587,
      0.8306609988212585,
      0.8273593187332153,
      0.8362990021705627,
      0.8327673673629761,
      0.8377644419670105,
      0.8322965502738953,
      0.8368020057678223,
      0.8357611894607544,
      0.8372955322265625,
      0.8381370902061462,
      0.83929842710495,
      0.8389893770217896,
      0.8411295413970947,
      0.8403087258338928,
      0.8412506580352783,
      0.8419232368469238,
      0.8446778655052185,
      0.8433400392532349,
      0.8418534398078918,
      0.8445196151733398,
      0.84630286693573,
      0.8448325991630554,
      0.8472108840942383,
      0.8484072685241699,
      0.8482484221458435,
      0.8487194180488586,
      0.847971498966217,
      0.8497498035430908,
      0.8494516611099243,
      0.8501822352409363,
      0.8489130735397339,
      0.8491423726081848,
      0.8511043787002563,
      0.8533586263656616,
      0.8509739637374878,
      0.8521906733512878,
      0.852414071559906,
      0.8496798276901245,
      0.8517524003982544,
      0.8537696003913879,
      0.854793906211853,
      0.8535294532775879,
      0.8506928086280823,
      0.8535307049751282,
      0.8545383214950562,
      0.8545008301734924,
      0.8530983328819275,
      0.8557234406471252,
      0.8530810475349426,
      0.8557648658752441,
      0.8529934883117676,
      0.8557799458503723,
      0.8541284799575806,
      0.8551822304725647,
      0.8528567552566528,
      0.8569479584693909,
      0.8546417951583862,
      0.8526359796524048,
      0.857745349407196,
      0.8574227690696716,
      0.8558914661407471,
      0.8562049865722656,
      0.8567967414855957,
      0.857403576374054,
      0.8561304211616516,
      0.8578320145606995,
      0.8591784834861755,
      0.8618078231811523,
      0.8582481145858765,
      0.8585880398750305,
      0.8562997579574585,
      0.8570227026939392,
      0.857792854309082,
      0.8584341406822205,
      0.8570128679275513,
      0.8573089838027954,
      0.8571896553039551,
      0.8569483757019043,
      0.8561246395111084,
      0.8581253290176392,
      0.8582903146743774,
      0.856954038143158,
      0.8575568795204163,
      0.8567547798156738,
      0.8563418388366699,
      0.8554184436798096,
      0.8555355072021484,
      0.8572580218315125,
      0.8573037385940552,
      0.8552612662315369,
      0.8552373647689819,
      0.856911838054657,
      0.8550515174865723,
      0.8577873706817627,
      0.8572811484336853,
      0.8565313816070557,
      0.85422682762146,
      0.8562830686569214,
      0.8554865717887878,
      0.8561508655548096,
      0.856332004070282,
      0.8559884428977966,
      0.8571434020996094,
      0.8540361523628235,
      0.8588340878486633,
      0.8553087711334229,
      0.8579021692276001,
      0.8556813597679138,
      0.8546146154403687,
      0.8528310656547546,
      0.8526387214660645,
      0.8502252697944641,
      0.8481857776641846,
      0.8464733362197876,
      0.8472650647163391,
      0.8442868590354919,
      0.8438257575035095,
      0.8423920273780823,
      0.8421057462692261,
      0.8409590125083923,
      0.8408992886543274,
      0.8417186141014099,
      0.8389984965324402,
      0.837486743927002,
      0.8365674614906311,
      0.8347564339637756,
      0.8348759412765503,
      0.8336804509162903,
      0.8348039388656616,
      0.834767758846283,
      0.8328300714492798,
      0.8352466225624084,
      0.8334311246871948,
      0.8368868231773376,
      0.8355306386947632,
      0.8363828063011169,
      0.8349184393882751,
      0.8384612798690796,
      0.8341425657272339,
      0.8343968391418457,
      0.8361564874649048,
      0.835271418094635,
      0.8343031406402588,
      0.8358830809593201,
      0.8359603881835938,
      0.8351653814315796,
      0.8357025980949402,
      0.8375745415687561,
      0.8386398553848267,
      0.8384601473808289,
      0.8397738933563232,
      0.840022087097168,
      0.8427475690841675,
      0.8419670462608337,
      0.8409799933433533,
      0.8465010523796082,
      0.8473444581031799,
      0.8513007164001465,
      0.8493843078613281,
      0.8499330282211304,
      0.8524530529975891,
      0.8538835048675537
    ],
    "epochs_ran": 207,
    "final_entropy": 0.8538835048675537,
    "final_loss": 0.4299803078174591,
    "plot_diagnostics": null,
    "runtime_seconds": 17.8592848200351
  }
}