{
  "config": {
    "early_stopping": true,
    "epochs": 601,
    "expert_lr": 0.00193291,
    "expert_momentum": 0.901409,
    "expert_num": 8,
    "expert_weight_decay": 0.0,
    "load_balancing": false,
    "optimizer_family": "original",
    "router_lr": 0.01386981,
    "router_momentum": 0.860049,
    "router_weight_decay": 1e-05
  },
  "eval_metrics": {
    "accuracy": 95.09375,
    "dispatch_counts": [
      [
        4.0,
        72.0,
        4.0,
        190.0,
        22.0,
        3.0,
        313.0,
        221.0
      ],
      [
        5.0,
        66.0,
        188.0,
        7.0,
        505.0,
        3.0,
        4.0,
        1.0
      ],
      [
        3.0,
        513.0,
        1.0,
        284.0,
        4.0,
        6.0,
        0.0,
        2.0
      ],
      [
        424.0,
        43.0,
        3.0,
        18.0,
        4.0,
        272.0,
        13.0,
        2.0
      ]
    ],
    "entropy": 0.4504902958869934,
    "loss": 0.3626571595668793,
    "runtime_seconds": 0.008487096056342125,
    "split": "validation"
  },
  "fold_index": 3,
  "mode": "nonlinear",
  "seed": 21814,
  "setting": 2,
  "total_runtime_seconds": 23.9221766712144,
  "train_metrics": {
    "dispatch_counts": [
      [
        7.0,
        311.0,
        22.0,
        769.0,
        60.0,
        11.0,
        1330.0,
        804.0
      ],
      [
        7.0,
        284.0,
        892.0,
        26.0,
        1881.0,
        12.0,
        10.0,
        6.0
      ],
      [
        10.0,
        2135.0,
        17.0,
        1042.0,
        21.0,
        19.0,
        1.0,
        4.0
      ],
      [
        1645.0,
        182.0,
        10.0,
        44.0,
        27.0,
        1153.0,
        53.0,
        5.0
      ]
    ],
    "entropy_record": [
      1.3850722312927246,
      1.3852523565292358,
      1.3852052688598633,
      1.3849221467971802,
      1.3849514722824097,
      1.3852676153182983,
      1.3853247165679932,
      1.3850020170211792,
      1.3843261003494263,
      1.381397008895874,
      1.3769444227218628,
      1.353110432624817,
      1.3218259811401367,
      1.2614474296569824,
      1.1849160194396973,
      1.0943448543548584,
      0.9837273955345154,
      0.8907684087753296,
      0.7722508311271667,
      0.6876455545425415,
      0.6088998317718506,
      0.544945240020752,
      0.4683721661567688,
      0.42523956298828125,
      0.389544814825058,
      0.35842186212539673,
      0.3427885174751282,
      0.3158062696456909,
      0.30069148540496826,
      0.2716187536716461,
      0.27539023756980896,
      0.2610849440097809,
      0.2493726760149002,
      0.24402832984924316,
      0.24898043274879456,
      0.24330498278141022,
      0.24237118661403656,
      0.23962390422821045,
      0.21535545587539673,
      0.24672268331050873,
      0.24063651263713837,
      0.21552616357803345,
      0.21543534100055695,
      0.22375056147575378,
      0.23187534511089325,
      0.22747750580310822,
      0.2293231189250946,
      0.2231723517179489,
      0.22727690637111664,
      0.21769937872886658,
      0.2260807603597641,
      0.23473413288593292,
      0.23139145970344543,
      0.21926003694534302,
      0.21849758923053741,
      0.22562381625175476,
      0.22694644331932068,
      0.22815507650375366,
      0.22223222255706787,
      0.23077592253684998,
      0.22491814196109772,
      0.23013785481452942,
      0.2300187647342682,
      0.22014395892620087,
      0.2276477813720703,
      0.2362440973520279,
      0.22636756300926208,
      0.22524532675743103,
      0.22431698441505432,
      0.22294965386390686,
      0.22149595618247986,
      0.23309758305549622,
      0.22613517940044403,
      0.2252332866191864,
      0.2319912612438202,
      0.22673755884170532,
      0.22877730429172516,
      0.22945523262023926,
      0.23280984163284302,
      0.2274913787841797,
      0.21705199778079987,
      0.2193429321050644,
      0.22378405928611755,
      0.22113104164600372,
      0.21722620725631714,
      0.23241277039051056,
      0.22764383256435394,
      0.2238645702600479,
      0.23380953073501587,
      0.24362713098526,
      0.2363409548997879,
      0.23372749984264374,
      0.2321062684059143,
      0.23061400651931763,
      0.22627976536750793,
      0.2306140959262848,
      0.23687811195850372,
      0.23194344341754913,
      0.23961563408374786,
      0.2323075532913208,
      0.23716585338115692,
      0.2270868718624115,
      0.23091772198677063,
      0.24594169855117798,
      0.22434067726135254,
      0.23364055156707764,
      0.2304816097021103,
      0.22230201959609985,
      0.2323095202445984,
      0.23590593039989471,
      0.23822960257530212,
      0.2531904876232147,
      0.2258138656616211,
      0.24941174685955048,
      0.23674266040325165,
      0.23356205224990845,
      0.24459858238697052,
      0.24370844662189484,
      0.23423264920711517,
      0.23436003923416138,
      0.23931746184825897,
      0.23289664089679718,
      0.23836590349674225,
      0.24891410768032074,
      0.23775865137577057,
      0.2553863823413849,
      0.2360095977783203,
      0.23310598731040955,
      0.24595139920711517,
      0.24060921370983124,
      0.2475518137216568,
      0.24141566455364227,
      0.2476535141468048,
      0.23376363515853882,
      0.2487703114748001,
      0.25694340467453003,
      0.2556174695491791,
      0.25092071294784546,
      0.2467508614063263,
      0.25455695390701294,
      0.2452482283115387,
      0.26317667961120605,
      0.24806952476501465,
      0.2431046962738037,
      0.24374772608280182,
      0.2467946857213974,
      0.24849770963191986,
      0.25928688049316406,
      0.2461293786764145,
      0.2571805715560913,
      0.2563035488128662,
      0.25402727723121643,
      0.2631736099720001,
      0.2770158350467682,
      0.26656800508499146,
      0.26609882712364197,
      0.25217947363853455,
      0.26378104090690613,
      0.2519288659095764,
      0.25643298029899597,
      0.267839252948761,
      0.2648303210735321,
      0.2767925262451172,
      0.2735421061515808,
      0.28042107820510864,
      0.27125081419944763,
      0.2733538746833801,
      0.269279807806015,
      0.26761069893836975,
      0.2744814455509186,
      0.27094849944114685,
      0.2748204469680786,
      0.2748869061470032,
      0.275837242603302,
      0.2785551846027374,
      0.283142626285553,
      0.2662869691848755,
      0.2740287482738495,
      0.2814425230026245,
      0.285884290933609,
      0.27674928307533264,
      0.290053129196167,
      0.27430808544158936,
      0.2802545726299286,
      0.27092134952545166,
      0.28922343254089355,
      0.2943509817123413,
      0.2997802495956421,
      0.2890072762966156,
      0.2977175712585449,
      0.29259616136550903,
      0.29089269042015076,
      0.3015781342983246,
      0.30813267827033997,
      0.30292513966560364,
      0.3016494810581207,
      0.30736175179481506,
      0.29891157150268555,
      0.29986852407455444,
      0.3192751705646515,
      0.31334447860717773,
      0.3096247911453247,
      0.3155752122402191,
      0.30723899602890015,
      0.3141953945159912,
      0.3150549530982971,
      0.3173614740371704,
      0.3155011832714081,
      0.32482320070266724,
      0.3164651691913605,
      0.32344844937324524,
      0.3153154253959656,
      0.31453174352645874,
      0.32638344168663025,
      0.3223029375076294,
      0.3245715796947479,
      0.3321763277053833,
      0.31907516717910767,
      0.3170084059238434,
      0.32828056812286377,
      0.33023524284362793,
      0.3292730152606964,
      0.32918283343315125,
      0.3459148406982422,
      0.3541695177555084,
      0.3467082679271698,
      0.3415287137031555,
      0.332880437374115,
      0.3631514608860016,
      0.34499311447143555,
      0.3416053354740143,
      0.35598036646842957,
      0.34529927372932434,
      0.3396278917789459,
