{
  "config": {
    "early_stopping": true,
    "epochs": 601,
    "expert_lr": 0.00066056,
    "expert_momentum": 0.891692,
    "expert_num": 8,
    "expert_weight_decay": 0.0001,
    "load_balancing": false,
    "optimizer_family": "original",
    "router_lr": 0.02961848,
    "router_momentum": 0.981782,
    "router_weight_decay": 0.0
  },
  "eval_metrics": {
    "accuracy": 100.0,
    "dispatch_counts": [
      [
        4.0,
        412.0,
        0.0,
        0.0,
        0.0,
        413.0,
        0.0,
        0.0
      ],
      [
        775.0,
        0.0,
        0.0,
        0.0,
        0.0,
        4.0,
        0.0,
        0.0
      ],
      [
        0.0,
        0.0,
        0.0,
        812.0,
        0.0,
        0.0,
        0.0,
        0.0
      ],
      [
        0.0,
        12.0,
        0.0,
        0.0,
        768.0,
        0.0,
        0.0,
        0.0
      ]
    ],
    "entropy": 0.03195343166589737,
    "loss": 0.3139481544494629,
    "runtime_seconds": 0.007663131691515446,
    "split": "validation"
  },
  "fold_index": 1,
  "mode": "nonlinear",
  "seed": 30112,
  "setting": 3,
  "total_runtime_seconds": 5.455535951536149,
  "train_metrics": {
    "dispatch_counts": [
      [
        7.0,
        1653.0,
        0.0,
        2.0,
        0.0,
        1652.0,
        0.0,
        0.0
      ],
      [
        3091.0,
        0.0,
        0.0,
        0.0,
        0.0,
        27.0,
        0.0,
        0.0
      ],
      [
        0.0,
        0.0,
        0.0,
        3249.0,
        0.0,
        1.0,
        0.0,
        0.0
      ],
      [
        0.0,
        36.0,
        0.0,
        0.0,
        3082.0,
        0.0,
        0.0,
        0.0
      ]
    ],
    "entropy_record": [
      1.3852810859680176,
      1.3849890232086182,
      1.385219931602478,
      1.3853089809417725,
      1.385424017906189,
      1.3853055238723755,
      1.385297417640686,
      1.3853496313095093,
      1.3854289054870605,
      1.3845006227493286,
      1.3851795196533203,
      1.3849014043807983,
      1.384767770767212,
      1.3828014135360718,
      1.3791203498840332,
      1.3680344820022583,
      1.3501503467559814,
      1.3113821744918823,
      1.2424439191818237,
      1.1454204320907593,
      1.0335713624954224,
      0.9177834987640381,
      0.824249267578125,
      0.7267894148826599,
      0.6866463422775269,
      0.6572384238243103,
      0.6216744184494019,
      0.5605826377868652,
      0.49722617864608765,
      0.4416090250015259,
      0.4032268822193146,
      0.3886670172214508,
      0.36939260363578796,
      0.3513588309288025,
      0.33406129479408264,
      0.32537904381752014,
      0.3084290623664856,
      0.2923007607460022,
      0.2676777243614197,
      0.24247878789901733,
      0.21459972858428955,
      0.1860341876745224,
      0.1614810675382614,
      0.13475702702999115,
      0.11640776693820953,
      0.08627810329198837,
      0.07374803721904755,
      0.06156439334154129,
      0.05156438797712326,
      0.04318768531084061,
      0.03257912024855614,
      0.02930818498134613,
      0.02548697218298912,
      0.023344123736023903,
      0.02573583461344242,
      0.023562617599964142,
      0.02250301092863083,
      0.02497362345457077,
      0.023699603974819183,
      0.02470213547348976,
      0.02522396668791771,
      0.026805896311998367,
      0.02865001931786537,
      0.029052861034870148,
      0.029147764667868614,
      0.03025802969932556
    ],
    "epochs_ran": 66,
    "final_entropy": 0.03025802969932556,
    "final_loss": 0.3136916160583496,
    "plot_diagnostics": null,
    "runtime_seconds": 5.447872819844633
  }
}