{
  "config": {
    "early_stopping": true,
    "epochs": 601,
    "expert_lr": 0.00281794,
    "expert_momentum": 0.922332,
    "expert_num": 8,
    "expert_weight_decay": 0.0001,
    "load_balancing": false,
    "ns_steps": 5,
    "optimizer_family": "muon",
    "router_lr": 0.00710037,
    "router_momentum": 0.879926,
    "router_weight_decay": 0.0
  },
  "eval_metrics": {
    "accuracy": 96.78125,
    "dispatch_counts": [
      [
        0.0,
        193.0,
        0.0,
        427.0,
        206.0,
        0.0,
        2.0,
        0.0
      ],
      [
        332.0,
        56.0,
        347.0,
        9.0,
        3.0,
        1.0,
        31.0,
        1.0
      ],
      [
        1.0,
        1.0,
        10.0,
        9.0,
        110.0,
        259.0,
        4.0,
        418.0
      ],
      [
        14.0,
        66.0,
        0.0,
        9.0,
        0.0,
        300.0,
        391.0,
        0.0
      ]
    ],
    "entropy": 0.4099952280521393,
    "loss": 0.3454490602016449,
    "runtime_seconds": 0.007475513964891434,
    "split": "validation"
  },
  "fold_index": 4,
  "mode": "nonlinear",
  "seed": 32315,
  "setting": 3,
  "total_runtime_seconds": 17.024305964820087,
  "train_metrics": {
    "dispatch_counts": [
      [
        1.0,
        781.0,
        2.0,
        1692.0,
        809.0,
        0.0,
        30.0,
        0.0
      ],
      [
        1321.0,
        227.0,
        1383.0,
        48.0,
        8.0,
        0.0,
        126.0,
        4.0
      ],
      [
        5.0,
        1.0,
        30.0,
        25.0,
        489.0,
        1005.0,
        16.0,
        1679.0
      ],
      [
        43.0,
        309.0,
        0.0,
        33.0,
        0.0,
        1160.0,
        1573.0,
        0.0
      ]
    ],
    "entropy_record": [
      1.3854049444198608,
      1.3404419422149658,
      1.2501952648162842,
      1.1436858177185059,
      1.014788269996643,
      0.8943391442298889,
      0.7856311202049255,
      0.6963054537773132,
      0.637733519077301,
      0.5769045948982239,
      0.5483958721160889,
      0.5215352773666382,
      0.5085944533348083,
      0.49992862343788147,
      0.4885559380054474,
      0.4923071563243866,
      0.4838639497756958,
      0.47645580768585205,
      0.4793799817562103,
      0.46503323316574097,
      0.4709961414337158,
      0.4627475142478943,
      0.4618595540523529,
      0.45967966318130493,
      0.45584216713905334,
      0.4499027132987976,
      0.44008561968803406,
      0.44654974341392517,
      0.4433692395687103,
      0.43553125858306885,
      0.43664875626564026,
      0.42783528566360474,
      0.430197149515152,
      0.4237099587917328,
      0.42101266980171204,
      0.42419305443763733,
      0.41669678688049316,
      0.41967669129371643,
      0.41609159111976624,
      0.40949591994285583,
      0.41026610136032104,
      0.4110408425331116,
      0.40746065974235535,
      0.40774738788604736,
      0.4051761031150818,
      0.4059808552265167,
      0.4017637372016907,
      0.4039246439933777,
      0.4019007980823517,
      0.39688652753829956,
      0.40395328402519226,
      0.39958295226097107,
      0.3943449556827545,
      0.3952670395374298,
      0.40018099546432495,
      0.3986407518386841,
      0.40162163972854614,
      0.398723304271698,
      0.3874424993991852,
      0.394899845123291,
      0.3943057656288147,
      0.3939841091632843,
      0.3915034234523773,
      0.3927692770957947,
      0.38998839259147644,
      0.39378395676612854,
      0.3917883336544037,
      0.39611926674842834,
      0.39201653003692627,
      0.3905549943447113,
      0.38792750239372253,
      0.39098507165908813,
      0.3883463740348816,
      0.39015698432922363,
      0.38983169198036194,
      0.3805152177810669,
      0.3902994692325592,
      0.3873836100101471,
      0.3876737952232361,
      0.3875848054885864,
      0.38458383083343506,
      0.38891375064849854,
      0.3835047483444214,
      0.3891233503818512,
      0.38744309544563293,
      0.3865121603012085,
      0.3839433193206787,
      0.38398054242134094,
      0.38503187894821167,
      0.38469675183296204,
      0.38189801573753357,
      0.38117432594299316,
      0.3805076479911804,
      0.3819233775138855,
      0.38423725962638855,
      0.3785408139228821,
      0.38464149832725525,
      0.3816543519496918,
      0.3823205828666687,
      0.38139936327934265,
      0.3787732720375061,
      0.3807131350040436,
      0.381910502910614,
      0.38004934787750244,
      0.3845570385456085,
      0.3774292767047882,
      0.37899166345596313,
      0.3791109025478363,
      0.37775516510009766,
      0.37857428193092346,
      0.3768429458141327,
      0.3765113055706024,
      0.3798081576824188,
      0.38084277510643005,
      0.37766972184181213,
      0.37976324558258057,
      0.37640491127967834,
      0.37992095947265625,
      0.3777332603931427,
      0.37901467084884644,
      0.3767537772655487,
      0.37710869312286377,
      0.37532711029052734,
      0.3787619173526764,
      0.37660378217697144,
      0.37604793906211853,
      0.37864241003990173,
      0.3790360987186432,
      0.3784307837486267,
      0.3797744810581207,
      0.3783595561981201,
      0.37947964668273926,
      0.38090837001800537,
      0.37986236810684204,
      0.3810230791568756,
      0.38103970885276794,
      0.37854477763175964,
      0.38012146949768066,
      0.3789694905281067,
      0.38095009326934814,
      0.3783053457736969,
      0.37580546736717224,
      0.37853363156318665,
      0.3731488585472107,
      0.37656310200691223,
      0.37898069620132446,
      0.3765626549720764,
      0.37655767798423767,
      0.3749472498893738,
      0.37644025683403015,
      0.37891721725463867,
      0.37989920377731323,
      0.37679940462112427,
      0.3808232843875885,
      0.37943318486213684,
      0.3804052472114563,
      0.3792320191860199,
      0.38180527091026306,
      0.38127192854881287,
      0.38362231850624084,
      0.3851162791252136,
      0.38737860321998596,
      0.384622722864151,
      0.38772785663604736,
      0.38632357120513916,
      0.38964489102363586,
      0.38909077644348145,
      0.3903144598007202,
      0.3895128071308136,
      0.3881393074989319,
      0.39241427183151245,
      0.3918913006782532,
      0.3938167691230774,
      0.3961251974105835,
      0.39163938164711,
      0.3933074474334717,
      0.39628466963768005,
      0.3946692645549774,
      0.39505261182785034,
      0.3961613178253174,
      0.399907648563385,
      0.39745309948921204,
      0.40096327662467957,
      0.4050845205783844,
      0.4049490690231323,
      0.40538156032562256,
      0.4081815183162689,
      0.4127117693424225,
      0.40972065925598145,
      0.4110543131828308,
      0.4118477404117584,
      0.4109654724597931,
      0.4110203683376312,
      0.4112917482852936,
      0.4094788730144501,
      0.41050320863723755,
      0.41071900725364685,
      0.4104318916797638,
      0.4121570885181427,
      0.413228303194046,
      0.41131752729415894,
      0.4136516749858856
    ],
    "epochs_ran": 202,
    "final_entropy": 0.4136516749858856,
    "final_loss": 0.34412097930908203,
    "plot_diagnostics": null,
    "runtime_seconds": 17.016830450855196
  }
}