{
  "config": {
    "early_stopping": true,
    "epochs": 601,
    "expert_lr": 0.00281794,
    "expert_momentum": 0.922332,
    "expert_num": 8,
    "expert_weight_decay": 0.0001,
    "load_balancing": false,
    "ns_steps": 5,
    "optimizer_family": "muon",
    "router_lr": 0.00710037,
    "router_momentum": 0.879926,
    "router_weight_decay": 0.0
  },
  "eval_metrics": {
    "accuracy": 96.71875,
    "dispatch_counts": [
      [
        356.0,
        18.0,
        7.0,
        195.0,
        222.0,
        27.0,
        2.0,
        1.0
      ],
      [
        0.0,
        282.0,
        10.0,
        0.0,
        90.0,
        2.0,
        0.0,
        396.0
      ],
      [
        0.0,
        0.0,
        387.0,
        0.0,
        5.0,
        414.0,
        0.0,
        6.0
      ],
      [
        74.0,
        4.0,
        53.0,
        0.0,
        226.0,
        61.0,
        320.0,
        42.0
      ]
    ],
    "entropy": 0.5013937950134277,
    "loss": 0.3460741341114044,
    "runtime_seconds": 0.007447062060236931,
    "split": "validation"
  },
  "fold_index": 0,
  "mode": "nonlinear",
  "seed": 32311,
  "setting": 3,
  "total_runtime_seconds": 14.980050897225738,
  "train_metrics": {
    "dispatch_counts": [
      [
        1469.0,
        47.0,
        27.0,
        808.0,
        876.0,
        87.0,
        0.0,
        1.0
      ],
      [
        0.0,
        1106.0,
        34.0,
        0.0,
        399.0,
        4.0,
        0.0,
        1574.0
      ],
      [
        1.0,
        0.0,
        1543.0,
        0.0,
        30.0,
        1667.0,
        0.0,
        9.0
      ],
      [
        323.0,
        23.0,
        215.0,
        0.0,
        865.0,
        221.0,
        1304.0,
        167.0
      ]
    ],
    "entropy_record": [
      1.3852729797363281,
      1.3467717170715332,
      1.2830462455749512,
      1.21573805809021,
      1.1378127336502075,
      1.091191291809082,
      1.025855302810669,
      0.9811608195304871,
      0.9133291840553284,
      0.8719876408576965,
      0.823872447013855,
      0.771185040473938,
      0.7289847135543823,
      0.6878107786178589,
      0.6559769511222839,
      0.6255403757095337,
      0.6023696660995483,
      0.5872016549110413,
      0.5717887282371521,
      0.5553056001663208,
      0.5565977692604065,
      0.5431217551231384,
      0.5337110161781311,
      0.5259389281272888,
      0.5230528712272644,
      0.507641613483429,
      0.5024073123931885,
      0.4989264905452728,
      0.49807116389274597,
      0.4943546652793884,
      0.4924197494983673,
      0.4781801402568817,
      0.48758184909820557,
      0.47924914956092834,
      0.4748311936855316,
      0.47706809639930725,
      0.47260674834251404,
      0.46769237518310547,
      0.4656374156475067,
      0.46495670080184937,
      0.46174827218055725,
      0.4609776735305786,
      0.4604353606700897,
      0.45988863706588745,
      0.4587104320526123,
      0.45752596855163574,
      0.4554484486579895,
      0.4535524249076843,
      0.4538695812225342,
      0.4494072496891022,
      0.45129305124282837,
      0.4475354254245758,
      0.4449244737625122,
      0.44617846608161926,
      0.44478994607925415,
      0.44571661949157715,
      0.4446324408054352,
      0.44336214661598206,
      0.4450404644012451,
      0.44589918851852417,
      0.44253507256507874,
      0.4427461624145508,
      0.4382856786251068,
      0.4396713376045227,
      0.4410203695297241,
      0.436325341463089,
      0.4387320280075073,
      0.4388993978500366,
      0.43745508790016174,
      0.4349862039089203,
      0.43620094656944275,
      0.4369433522224426,
      0.435164213180542,
      0.436588317155838,
      0.43410271406173706,
      0.4357723593711853,
      0.43233001232147217,
      0.4325598180294037,
      0.43233373761177063,
      0.43790361285209656,
      0.43060222268104553,
      0.4295412600040436,
      0.4337396025657654,
      0.43061310052871704,
      0.4300263822078705,
      0.43305185437202454,
      0.434111088514328,
      0.4315185546875,
      0.4292212128639221,
      0.42547810077667236,
      0.4271284341812134,
      0.4327475428581238,
      0.42733943462371826,
      0.4276975989341736,
      0.4300341308116913,
      0.42966413497924805,
      0.4266948401927948,
      0.4266064167022705,
      0.4241101145744324,
      0.4287570118904114,
      0.42456531524658203,
      0.423965185880661,
      0.425668329000473,
      0.4215048849582672,
      0.426338791847229,
      0.42086470127105713,
      0.4239896833896637,
      0.42420268058776855,
      0.4216673672199249,
      0.4203627407550812,
      0.42284920811653137,
      0.42140549421310425,
      0.4211190342903137,
      0.4209481179714203,
      0.4194008409976959,
      0.41912606358528137,
      0.4208102226257324,
      0.4248289465904236,
      0.4242750406265259,
      0.4234512448310852,
      0.424146443605423,
      0.42265570163726807,
      0.42290472984313965,
      0.41979655623435974,
      0.42337149381637573,
      0.42026811838150024,
      0.4206514060497284,
      0.4203522801399231,
      0.42404213547706604,
      0.42270830273628235,
      0.4253719449043274,
      0.42471179366111755,
      0.4246756434440613,
      0.4244171977043152,
      0.4246842861175537,
      0.4272337555885315,
      0.4257778525352478,
      0.4283577799797058,
      0.4286244809627533,
      0.4240412414073944,
      0.4282560348510742,
      0.43031033873558044,
      0.4330199360847473,
      0.4327191412448883,
      0.43359699845314026,
      0.4372881054878235,
      0.4340527057647705,
      0.43649518489837646,
      0.4401150643825531,
      0.4372429847717285,
      0.43970775604248047,
      0.4396652281284332,
      0.4401261508464813,
      0.4436376094818115,
      0.4428136348724365,
      0.4445599615573883,
      0.44730836153030396,
      0.44669109582901,
      0.451918363571167,
      0.45191654562950134,
      0.4562360346317291,
      0.45713624358177185,
      0.4585784375667572,
      0.4589338004589081,
      0.46399298310279846,
      0.46750491857528687,
      0.4674927890300751,
      0.47043681144714355,
      0.47224757075309753,
      0.47022536396980286,
      0.47571486234664917,
      0.4740222096443176,
      0.4765184223651886,
      0.47853830456733704,
      0.4793783724308014,
      0.48152270913124084,
      0.4845444858074188
    ],
    "epochs_ran": 177,
    "final_entropy": 0.4845444858074188,
    "final_loss": 0.34537097811698914,
    "plot_diagnostics": null,
    "runtime_seconds": 14.9726038351655
  }
}