{
  "config": {
    "early_stopping": true,
    "epochs": 601,
    "expert_lr": 0.00318428,
    "expert_momentum": 0.893839,
    "expert_num": 8,
    "expert_weight_decay": 1e-05,
    "load_balancing": false,
    "ns_steps": 10,
    "optimizer_family": "muon",
    "router_lr": 0.01694599,
    "router_momentum": 0.974545,
    "router_weight_decay": 0.001
  },
  "eval_metrics": {
    "accuracy": 90.65625,
    "dispatch_counts": [
      [
        25.0,
        3.0,
        354.0,
        17.0,
        13.0,
        33.0,
        357.0,
        5.0
      ],
      [
        176.0,
        5.0,
        48.0,
        34.0,
        292.0,
        17.0,
        97.0,
        131.0
      ],
      [
        222.0,
        3.0,
        35.0,
        58.0,
        43.0,
        349.0,
        88.0,
        3.0
      ],
      [
        20.0,
        289.0,
        43.0,
        290.0,
        37.0,
        55.0,
        54.0,
        4.0
      ]
    ],
    "entropy": 0.8222495913505554,
    "loss": 0.4066990315914154,
    "runtime_seconds": 0.008488442748785019,
    "split": "validation"
  },
  "fold_index": 1,
  "mode": "nonlinear",
  "seed": 10212,
  "setting": 1,
  "total_runtime_seconds": 37.05141375167295,
  "train_metrics": {
    "dispatch_counts": [
      [
        72.0,
        39.0,
        1472.0,
        42.0,
        40.0,
        111.0,
        1440.0,
        12.0
      ],
      [
        734.0,
        40.0,
        178.0,
        161.0,
        1182.0,
        80.0,
        348.0,
        476.0
      ],
      [
        970.0,
        6.0,
        157.0,
        180.0,
        163.0,
        1371.0,
        348.0,
        10.0
      ],
      [
        71.0,
        1097.0,
        177.0,
        1107.0,
        150.0,
        274.0,
        279.0,
        13.0
      ]
    ],
    "entropy_record": [
      1.385772466659546,
      1.3013174533843994,
      1.2106387615203857,
      1.1291382312774658,
      1.0366908311843872,
      0.9468895792961121,
      0.9052075147628784,
      0.8504617810249329,
      0.8182365298271179,
      0.7962676882743835,
      0.7822707891464233,
      0.7647228837013245,
      0.7565938830375671,
      0.7544947862625122,
      0.7546985745429993,
      0.763556957244873,
      0.7666493058204651,
      0.7698802947998047,
      0.7734602689743042,
      0.7703496217727661,
      0.7690019011497498,
      0.7770123481750488,
      0.7754420042037964,
      0.7783937454223633,
      0.7729648351669312,
      0.7805967926979065,
      0.7789864540100098,
      0.7833436727523804,
      0.7850252389907837,
      0.7871720790863037,
      0.7860172390937805,
      0.7889173626899719,
      0.7864865064620972,
      0.7866309285163879,
      0.7911375164985657,
      0.7896047830581665,
      0.7895953059196472,
      0.7904099225997925,
      0.7930289506912231,
      0.7950320243835449,
      0.7947971820831299,
      0.7965961694717407,
      0.7952528595924377,
      0.7926329970359802,
      0.7941648960113525,
      0.7980335354804993,
      0.8010051250457764,
      0.8005735278129578,
      0.7995111346244812,
      0.7999067902565002,
      0.8016117215156555,
      0.7987614274024963,
      0.8001782894134521,
      0.8026723861694336,
      0.8036827445030212,
      0.802595853805542,
      0.8023251891136169,
      0.8018397092819214,
      0.8036116361618042,
      0.8017156720161438,
      0.8028104901313782,
      0.8044213652610779,
      0.8037824630737305,
      0.80037921667099,
      0.8022787570953369,
      0.8036935329437256,
      0.80787193775177,
      0.8032599687576294,
      0.8033958673477173,
      0.8040120005607605,
      0.8075226545333862,
      0.8045071363449097,
      0.8041471838951111,
      0.8060248494148254,
      0.8068753480911255,
      0.8063454627990723,
      0.8065981864929199,
      0.8055423498153687,
      0.8071869015693665,
      0.8072876930236816,
      0.8089097738265991,
      0.8095985054969788,
      0.8068733811378479,
      0.8068727254867554,
      0.806009829044342,
      0.8094242215156555,
      0.8070021867752075,
      0.81058669090271,
      0.809330940246582,
      0.8109603524208069,
      0.8090514540672302,
      0.8086392879486084,
      0.8083400130271912,
      0.8114889860153198,
      0.8106693625450134,
      0.8112937808036804,
      0.8114528656005859,
      0.811808705329895,
      0.8099175691604614,
      0.8127865791320801,
      0.8117021918296814,
      0.8115375638008118,
      0.810287594795227,
      0.811396062374115,
      0.8123634457588196,
      0.8109076023101807,
      0.8119551539421082,
      0.8133789896965027,
      0.8125998973846436,
      0.8114919066429138,
      0.8125399947166443,
      0.812140703201294,
      0.8124600052833557,
      0.8140658736228943,
      0.8153091073036194,
      0.8142091631889343,
      0.8156521320343018,
      0.8115594387054443,
      0.8131254315376282,
      0.8148015141487122,
      0.8137848973274231,
      0.8129395246505737,
      0.8139298558235168,
      0.8150854110717773,
      0.813322901725769,
      0.8129880428314209,
      0.8164705038070679,
      0.8145946860313416,
      0.8151870965957642,
      0.8155264258384705,
      0.8137685656547546,
      0.815925121307373,
      0.8144994974136353,
      0.814805805683136,
      0.8160349726676941,
      0.8147033452987671,
      0.8175578117370605,
      0.8156158328056335,
      0.8147855401039124,
      0.8159266114234924,
      0.8174734711647034,
      0.8157679438591003,
      0.8137191534042358,
      0.8165108561515808,
      0.8171719312667847,
      0.8170026540756226,
      0.8178609609603882,
      0.8162615299224854,
      0.8170816898345947,
      0.815763533115387,
      0.815525472164154,
      0.8170720338821411,
      0.8195262551307678,
      0.8139289021492004,
      0.8181986808776855,
      0.8173718452453613,
      0.8193172812461853,
      0.8167648315429688,
      0.8160679936408997,
      0.8175397515296936,
      0.8176682591438293,
      0.8192030787467957,
      0.8177697062492371,
      0.8178930878639221,
      0.8182598948478699,
      0.8167583346366882,
      0.8171836137771606,
      0.8183011412620544,
      0.8162629008293152,
      0.8182525634765625,
      0.8179566860198975,
      0.818183958530426,
      0.8200963735580444,
      0.8178608417510986,
      0.8187264800071716,
      0.8188564777374268,
      0.8179633021354675,
      0.8177987933158875,
      0.81874018907547,
      0.8186108469963074,
      0.819481611251831,
      0.8163754940032959,
      0.8200423717498779,
      0.8197492361068726,
      0.8175572156906128,
      0.818049430847168,
      0.8207055330276489,
      0.8194208741188049,
      0.8200209736824036,
      0.8190535306930542,
      0.8197028040885925,
      0.8194499015808105,
      0.8197510838508606,
      0.8208187818527222,
      0.8182185888290405,
      0.819949746131897,
      0.8200160264968872,
      0.8177675604820251,
      0.8182280659675598,
      0.8204930424690247,
      0.8183491230010986,
      0.8179609775543213,
      0.8178088665008545,
      0.8196266293525696,
      0.8187255263328552,
      0.8192381262779236,
      0.8174520134925842,
      0.8205132484436035,
      0.8195490837097168,
      0.8194831013679504,
      0.818740725517273,
      0.8203948140144348,
      0.8217460513114929,
      0.8187070488929749,
      0.8203155398368835,
      0.8199537396430969,
      0.8196268081665039,
      0.8189282417297363,
      0.8194073438644409,
      0.8202598690986633,
      0.821581244468689,
      0.8197386860847473,
      0.8209040760993958,
      0.8192985653877258,
      0.8209409117698669,
      0.8214301466941833,
      0.8183771967887878,
      0.8210031986236572,
      0.8204939365386963,
      0.820347249507904,
      0.8206906318664551,
      0.8214093446731567,
      0.821178138256073,
      0.8202548623085022,
      0.8228861689567566,
      0.8215681910514832,
      0.8212096691131592,
      0.8224221467971802,
