{
  "config": {
    "early_stopping": true,
    "epochs": 601,
    "expert_lr": 0.00318428,
    "expert_momentum": 0.893839,
    "expert_num": 8,
    "expert_weight_decay": 1e-05,
    "load_balancing": false,
    "ns_steps": 10,
    "optimizer_family": "muon",
    "router_lr": 0.01694599,
    "router_momentum": 0.974545,
    "router_weight_decay": 0.001
  },
  "eval_metrics": {
    "accuracy": 92.21875,
    "dispatch_counts": [
      [
        318.0,
        304.0,
        23.0,
        31.0,
        67.0,
        43.0,
        0.0,
        21.0
      ],
      [
        49.0,
        39.0,
        83.0,
        292.0,
        31.0,
        14.0,
        17.0,
        275.0
      ],
      [
        20.0,
        58.0,
        321.0,
        0.0,
        35.0,
        307.0,
        0.0,
        60.0
      ],
      [
        54.0,
        13.0,
        49.0,
        2.0,
        236.0,
        58.0,
        301.0,
        79.0
      ]
    ],
    "entropy": 0.7956650257110596,
    "loss": 0.3910740315914154,
    "runtime_seconds": 0.01055048918351531,
    "split": "validation"
  },
  "fold_index": 0,
  "mode": "nonlinear",
  "seed": 10211,
  "setting": 1,
  "total_runtime_seconds": 31.41585047217086,
  "train_metrics": {
    "dispatch_counts": [
      [
        1223.0,
        1167.0,
        121.0,
        149.0,
        308.0,
        155.0,
        1.0,
        104.0
      ],
      [
        139.0,
        186.0,
        265.0,
        1243.0,
        151.0,
        32.0,
        75.0,
        1108.0
      ],
      [
        93.0,
        190.0,
        1321.0,
        0.0,
        153.0,
        1259.0,
        0.0,
        189.0
      ],
      [
        213.0,
        46.0,
        150.0,
        15.0,
        972.0,
        206.0,
        1244.0,
        322.0
      ]
    ],
    "entropy_record": [
      1.3852263689041138,
      1.293354868888855,
      1.1494311094284058,
      0.9878183603286743,
      0.9685064554214478,
      0.9325364828109741,
      0.8995178937911987,
      0.8686721324920654,
      0.8333978652954102,
      0.8233375549316406,
      0.8008111715316772,
      0.8040081262588501,
      0.7972868084907532,
      0.790359616279602,
      0.7766544818878174,
      0.7784016132354736,
      0.764586329460144,
      0.7672523260116577,
      0.7561358213424683,
      0.7532857656478882,
      0.7544462084770203,
      0.75065678358078,
      0.7533287405967712,
      0.7510285377502441,
      0.7539823055267334,
      0.7541778087615967,
      0.7535254955291748,
      0.7515574097633362,
      0.7537590265274048,
      0.7584527134895325,
      0.7565450072288513,
      0.756822943687439,
      0.752877414226532,
      0.7566148042678833,
      0.7588968873023987,
      0.7588071823120117,
      0.763468861579895,
      0.7604466676712036,
      0.7625120282173157,
      0.763308048248291,
      0.7624472379684448,
      0.7621755599975586,
      0.758553683757782,
      0.7646750211715698,
      0.7681065201759338,
      0.7671377658843994,
      0.7657818794250488,
      0.7653772234916687,
      0.7661991715431213,
      0.7650709748268127,
      0.7679117918014526,
      0.7705378532409668,
      0.7657936811447144,
      0.7692655324935913,
      0.7701276540756226,
      0.7693668603897095,
      0.7695251703262329,
      0.7718990445137024,
      0.767841100692749,
      0.769964337348938,
      0.7691394686698914,
      0.7721442580223083,
      0.7703731060028076,
      0.7703192830085754,
      0.7701956629753113,
      0.7690612077713013,
      0.7671139240264893,
      0.770707368850708,
      0.77098548412323,
      0.7705236673355103,
      0.7722983360290527,
      0.7711260318756104,
      0.7706515789031982,
      0.7714975476264954,
      0.7730339765548706,
      0.7727530598640442,
      0.7728522419929504,
      0.7739156484603882,
      0.7714468836784363,
      0.770248293876648,
      0.773421049118042,
      0.7725012302398682,
      0.7727469801902771,
      0.7722605466842651,
      0.7746084928512573,
      0.7727697491645813,
      0.7713727951049805,
      0.7740130424499512,
      0.7737330198287964,
      0.7745716571807861,
      0.7729157209396362,
      0.7744991183280945,
      0.7749832272529602,
      0.7734847068786621,
      0.7716628313064575,
      0.7739565372467041,
      0.7725656628608704,
      0.7738287448883057,
      0.7730858325958252,
      0.7731435894966125,
      0.7775083780288696,
      0.7748282551765442,
      0.7753454446792603,
      0.774183988571167,
      0.7729530334472656,
      0.7746942639350891,
      0.7735308408737183,
      0.7728528380393982,
      0.7746281623840332,
      0.7740482091903687,
      0.7727395296096802,
      0.7741413712501526,
      0.7722390294075012,
      0.7754737734794617,
      0.7741464376449585,
      0.7735984325408936,
      0.7749150991439819,
      0.7746171355247498,
      0.7756427526473999,
      0.7736496329307556,
      0.7771164178848267,
      0.773359477519989,
      0.773876965045929,
      0.774792492389679,
      0.7757411003112793,
      0.7739057540893555,
      0.773950457572937,
      0.7756415605545044,
      0.7730104923248291,
      0.7757548689842224,
      0.7773904800415039,
      0.7736247777938843,
      0.7759668231010437,
      0.7768173813819885,
      0.7749144434928894,
      0.7765159010887146,
      0.7755582332611084,
      0.7785798907279968,
      0.7760469913482666,
      0.776450514793396,
      0.7748833894729614,
      0.7762205600738525,
      0.7748545408248901,
      0.7753873467445374,
      0.7763509750366211,
      0.773702085018158,
      0.7737146615982056,
      0.7778832316398621,
      0.7741929292678833,
      0.7747463583946228,
      0.7739207148551941,
      0.7751401662826538,
      0.7775484323501587,
      0.776143491268158,
      0.7758669853210449,
      0.7750884294509888,
      0.77860426902771,
      0.7764319181442261,
      0.7764848470687866,
      0.778213381767273,
      0.7754877805709839,
      0.7770953178405762,
      0.7782406210899353,
      0.7757912278175354,
      0.7771579623222351,
      0.7778959274291992,
      0.7763089537620544,
      0.7765121459960938,
      0.777390718460083,
      0.7781679630279541,
      0.7772236466407776,
      0.7768762707710266,
      0.7783538103103638,
      0.7770165801048279,
      0.7765118479728699,
      0.7774468064308167,
      0.777612030506134,
      0.7766636610031128,
      0.7779503464698792,
      0.778362512588501,
      0.7784402370452881,
      0.7783592939376831,
      0.7791643142700195,
      0.7766699194908142,
      0.7774560451507568,
      0.7773498892784119,
      0.7789933085441589,
      0.7767707705497742,
      0.778465747833252,
      0.7797418832778931,
      0.7794709205627441,
      0.7767485976219177,
      0.7788245677947998,
      0.7792348861694336,
      0.7782343626022339,
      0.7790689468383789,
      0.7793264985084534,
      0.7781235575675964,
      0.7800167202949524,
      0.7777798175811768,
      0.7787889242172241,
      0.7780206203460693,
      0.7781710624694824,
      0.7798112034797668,
      0.7791082859039307,
      0.7796498537063599,
      0.7801109552383423,
      0.7793163657188416,
      0.7789397835731506,
      0.7791059613227844,
      0.7808300852775574,
      0.7802514433860779,
      0.7795881628990173,
      0.7791799902915955,
      0.7801851630210876,
      0.7790546417236328,
      0.7786886692047119,
      0.7786059379577637,
      0.780145525932312,
      0.7805206179618835,
      0.7807251214981079,
      0.7810478806495667,
      0.7807230949401855,
      0.7800912261009216,
      0.7802081108093262,
      0.7807822823524475,
      0.7814739942550659,
      0.781241774559021,
      0.7806096076965332,
      0.7776232361793518,
      0.7787022590637207,
      0.7814785242080688,
      0.7813050150871277,
      0.7811421155929565,
      0.7808791399002075,
      0.7812948226928711,
      0.7806585431098938,
      0.77939772605896,
