{
  "config": {
    "early_stopping": true,
    "epochs": 601,
    "expert_lr": 0.00318428,
    "expert_momentum": 0.893839,
    "expert_num": 8,
    "expert_weight_decay": 1e-05,
    "load_balancing": false,
    "ns_steps": 10,
    "optimizer_family": "muon",
    "router_lr": 0.01694599,
    "router_momentum": 0.974545,
    "router_weight_decay": 0.001
  },
  "eval_metrics": {
    "accuracy": 88.96875,
    "dispatch_counts": [
      [
        6.0,
        42.0,
        274.0,
        12.0,
        35.0,
        307.0,
        58.0,
        73.0
      ],
      [
        31.0,
        358.0,
        13.0,
        39.0,
        292.0,
        27.0,
        37.0,
        2.0
      ],
      [
        49.0,
        11.0,
        32.0,
        326.0,
        54.0,
        24.0,
        22.0,
        284.0
      ],
      [
        339.0,
        25.0,
        4.0,
        2.0,
        31.0,
        60.0,
        245.0,
        86.0
      ]
    ],
    "entropy": 0.7588006258010864,
    "loss": 0.4235740303993225,
    "runtime_seconds": 0.013323913794010878,
    "split": "validation"
  },
  "fold_index": 2,
  "mode": "nonlinear",
  "seed": 10213,
  "setting": 1,
  "total_runtime_seconds": 47.151959150563926,
  "train_metrics": {
    "dispatch_counts": [
      [
        23.0,
        148.0,
        1132.0,
        64.0,
        127.0,
        1176.0,
        214.0,
        344.0
      ],
      [
        84.0,
        1422.0,
        55.0,
        191.0,
        1219.0,
        118.0,
        96.0,
        15.0
      ],
      [
        113.0,
        53.0,
        113.0,
        1252.0,
        236.0,
        106.0,
        131.0,
        1200.0
      ],
      [
        1344.0,
        81.0,
        12.0,
        6.0,
        151.0,
        194.0,
        1025.0,
        355.0
      ]
    ],
    "entropy_record": [
      1.3855810165405273,
      1.2617754936218262,
      1.1329560279846191,
      1.0975444316864014,
      1.0591044425964355,
      0.9981647729873657,
      0.904446005821228,
      0.8788615465164185,
      0.8235946893692017,
      0.7937157154083252,
      0.7799898982048035,
      0.7658514976501465,
      0.7709325551986694,
      0.7599810361862183,
      0.756848156452179,
      0.756279468536377,
      0.7523443102836609,
      0.7529428601264954,
      0.7563318014144897,
      0.7581577897071838,
      0.7563766241073608,
      0.7590737342834473,
      0.7593401670455933,
      0.7574505805969238,
      0.7574813365936279,
      0.749958872795105,
      0.7512491345405579,
      0.7493624687194824,
      0.7488745450973511,
      0.7490082383155823,
      0.7470748424530029,
      0.7464821934700012,
      0.7462052702903748,
      0.7494842410087585,
      0.7448575496673584,
      0.7445027232170105,
      0.7453637719154358,
      0.7478775978088379,
      0.7443481087684631,
      0.7437525987625122,
      0.7490886449813843,
      0.7443475127220154,
      0.7491198778152466,
      0.7452518939971924,
      0.7499626874923706,
      0.7471370100975037,
      0.7463277578353882,
      0.7472202181816101,
      0.7495360374450684,
      0.7423445582389832,
      0.7441328763961792,
      0.7472284436225891,
      0.748294472694397,
      0.7480508685112,
      0.7476297616958618,
      0.7477483153343201,
      0.7498427629470825,
      0.7487958669662476,
      0.7501619458198547,
      0.7484734058380127,
      0.749390721321106,
      0.7493488788604736,
      0.7533912658691406,
      0.7486993670463562,
      0.749779224395752,
      0.7490330338478088,
      0.7509037256240845,
      0.7502424120903015,
      0.7496577501296997,
      0.7515459060668945,
      0.7506848573684692,
      0.751820981502533,
      0.7541807889938354,
      0.7516998648643494,
      0.7541413903236389,
      0.7537126541137695,
      0.754192590713501,
      0.7521730661392212,
      0.752659022808075,
      0.7536779046058655,
      0.7546361684799194,
      0.7527773380279541,
      0.7523868083953857,
      0.7540283203125,
      0.7543849945068359,
      0.7545155882835388,
      0.7538657188415527,
      0.7557188868522644,
      0.7531778216362,
      0.7530556321144104,
      0.7575218677520752,
      0.7550387382507324,
      0.7555166482925415,
      0.7563607692718506,
      0.7575525045394897,
      0.7559857368469238,
      0.756579577922821,
      0.7533535957336426,
      0.7549257874488831,
      0.7532821893692017,
      0.7549582123756409,
      0.7552704811096191,
      0.754156231880188,
      0.7565241456031799,
      0.7587116956710815,
      0.7558401823043823,
      0.7566689252853394,
      0.7553513646125793,
      0.7563534379005432,
      0.7565003633499146,
      0.7550293207168579,
      0.7571355104446411,
      0.7545488476753235,
      0.7532816529273987,
      0.7553622722625732,
      0.7580111622810364,
      0.7571501135826111,
      0.7568981051445007,
      0.7558164596557617,
      0.7568833827972412,
      0.756554901599884,
      0.7579054832458496,
      0.7552374005317688,
      0.756847083568573,
      0.7572413682937622,
      0.7559614777565002,
      0.7562785744667053,
      0.7574185729026794,
      0.7589836120605469,
      0.7583978772163391,
      0.7576701045036316,
      0.7572972774505615,
      0.7591997981071472,
      0.7585039734840393,
      0.7573756575584412,
      0.7596861720085144,
      0.7592133283615112,
      0.7577887773513794,
      0.7584348320960999,
      0.7582385540008545,
      0.7588109970092773,
      0.7583892345428467,
      0.7576691508293152,
      0.7590280771255493,
      0.7598400712013245,
      0.7573553919792175,
      0.7590013742446899,
      0.7586341500282288,
      0.7598828077316284,
      0.760347843170166,
      0.7587841749191284,
      0.7598876953125,
      0.7594583630561829,
      0.7585940957069397,
      0.7605147361755371,
      0.7599484324455261,
      0.7601944208145142,
      0.7609001398086548,
      0.7603442668914795,
      0.7594630122184753,
      0.7591317892074585,
      0.7603520750999451,
      0.7605386972427368,
      0.762024462223053,
      0.7597438097000122,
      0.7599985599517822,
      0.7614288330078125,
      0.7595850229263306,
      0.7609254121780396,
      0.7603708505630493,
      0.7619485855102539,
      0.7614341378211975,
      0.7593256235122681,
      0.7612922191619873,
      0.7612290978431702,
      0.7614890336990356,
      0.7597957253456116,
      0.760688841342926,
      0.7624369263648987,
      0.7609657049179077,
      0.7624289989471436,
      0.7615143060684204,
      0.762187123298645,
      0.7617275714874268,
      0.763329267501831,
      0.7604070901870728,
      0.760148286819458,
      0.7615324258804321,
      0.7630791664123535,
      0.7612013220787048,
      0.7615456581115723,
      0.762790322303772,
      0.761452317237854,
      0.7621440887451172,
      0.7626661062240601,
      0.7629315853118896,
      0.76361083984375,
      0.761519193649292,
      0.7625526189804077,
      0.761696457862854,
      0.7623211145401001,
      0.7624929547309875,
      0.7636593580245972,
      0.7632492184638977,
      0.763049840927124,
      0.7628338932991028,
      0.7627952098846436,
      0.7630780339241028,
      0.7635944485664368,
      0.7623728513717651,
      0.7659306526184082,
      0.7627756595611572,
      0.7645723819732666,
      0.7624168395996094,
      0.7633880376815796,
      0.7635169625282288,
      0.7635507583618164,
      0.7643280625343323,
      0.7641097903251648,
      0.7628200054168701,
      0.7636761665344238,
      0.7647179961204529,
      0.7630804777145386,
      0.7629238367080688,
      0.7625546455383301,
      0.7637475728988647,
      0.7638747692108154,
      0.7652664184570312,
      0.7631984949111938,
      0.7633309364318848,
      0.7636155486106873,
      0.762653112411499,
      0.7631754875183105,
      0.7641379833221436,
      0.7631493806838989,
      0.7623415589332581,
      0.7632405161857605,
      0.7633941173553467,
