{
  "config": {
    "early_stopping": true,
    "epochs": 601,
    "expert_lr": 0.00446131,
    "expert_momentum": 0.930646,
    "expert_num": 4,
    "expert_weight_decay": 1e-05,
    "load_balancing": false,
    "ns_steps": 7,
    "optimizer_family": "muon",
    "router_lr": 0.02482967,
    "router_momentum": 0.868015,
    "router_weight_decay": 1e-05
  },
  "eval_metrics": {
    "accuracy": 85.0625,
    "dispatch_counts": [
      [
        127.0,
        322.0,
        292.0,
        66.0
      ],
      [
        193.0,
        344.0,
        121.0,
        141.0
      ],
      [
        138.0,
        114.0,
        201.0,
        349.0
      ],
      [
        110.0,
        42.0,
        299.0,
        341.0
      ]
    ],
    "entropy": 1.2605326175689697,
    "loss": 0.4626365303993225,
    "runtime_seconds": 0.004430957138538361,
    "split": "validation"
  },
  "fold_index": 2,
  "mode": "nonlinear",
  "seed": 10713,
  "setting": 1,
  "total_runtime_seconds": 4.560276962351054,
  "train_metrics": {
    "dispatch_counts": [
      [
        467.0,
        1225.0,
        1204.0,
        332.0
      ],
      [
        785.0,
        1360.0,
        449.0,
        606.0
      ],
      [
        552.0,
        389.0,
        937.0,
        1326.0
      ],
      [
        481.0,
        166.0,
        1163.0,
        1358.0
      ]
    ],
    "entropy_record": [
      1.3858797550201416,
      1.323054552078247,
      1.2867964506149292,
      1.2529346942901611,
      1.2195507287979126,
      1.1960358619689941,
      1.1620606184005737,
      1.1416950225830078,
      1.13009512424469,
      1.115360975265503,
      1.105094075202942,
      1.10615074634552,
      1.1013174057006836,
      1.0967053174972534,
      1.098325490951538,
      1.0986675024032593,
      1.0969524383544922,
      1.1047377586364746,
      1.1052534580230713,
      1.1097536087036133,
      1.1118686199188232,
      1.1213295459747314,
      1.1279598474502563,
      1.1326465606689453,
      1.146129846572876,
      1.1525239944458008,
      1.158188819885254,
      1.1687169075012207,
      1.1712181568145752,
      1.1787915229797363,
      1.1823756694793701,
      1.1874414682388306,
      1.1941369771957397,
      1.195486068725586,
      1.199044108390808,
      1.201906442642212,
      1.2049003839492798,
      1.2088652849197388,
      1.2095916271209717,
      1.2139275074005127,
      1.2154607772827148,
      1.2155405282974243,
      1.2179309129714966,
      1.2201753854751587,
      1.2234442234039307,
      1.2247837781906128,
      1.2256953716278076,
      1.2281854152679443,
      1.2323732376098633,
      1.234374761581421,
      1.2371225357055664,
      1.2378990650177002,
      1.2394238710403442,
      1.2418891191482544,
      1.2421073913574219,
      1.2443890571594238,
      1.244170904159546,
      1.2474126815795898,
      1.2477903366088867,
      1.2499865293502808,
      1.2496404647827148,
      1.2514933347702026,
      1.251719355583191,
      1.2524950504302979,
      1.2525273561477661,
      1.2530622482299805,
      1.2541146278381348,
      1.2548197507858276,
      1.2543272972106934,
      1.253727912902832,
      1.2549563646316528,
      1.2538182735443115,
      1.2547773122787476,
      1.256238341331482,
      1.2555263042449951,
      1.2552375793457031,
      1.2546417713165283,
      1.2548494338989258,
      1.2542781829833984,
      1.2538901567459106,
      1.2525657415390015,
      1.2526006698608398,
      1.2524006366729736,
      1.2524280548095703,
      1.251805067062378,
      1.2513437271118164,
      1.2513669729232788,
      1.252175211906433,
      1.2535442113876343,
      1.254292368888855,
      1.2566946744918823,
      1.25997793674469,
      1.2606704235076904,
      1.2627670764923096,
      1.2645888328552246,
      1.2660026550292969,
      1.2681065797805786
    ],
    "epochs_ran": 97,
    "final_entropy": 1.2681065797805786,
    "final_loss": 0.46991801261901855,
    "plot_diagnostics": null,
    "runtime_seconds": 4.555846005212516
  }
}