{
  "config": {
    "early_stopping": true,
    "epochs": 601,
    "expert_lr": 0.00102059,
    "expert_momentum": 0.978472,
    "expert_num": 4,
    "expert_weight_decay": 0.0001,
    "load_balancing": false,
    "optimizer_family": "original",
    "router_lr": 0.03744642,
    "router_momentum": 0.894036,
    "router_weight_decay": 0.0001
  },
  "eval_metrics": {
    "accuracy": 93.46875,
    "dispatch_counts": [
      [
        6.0,
        575.0,
        245.0,
        2.0
      ],
      [
        5.0,
        4.0,
        38.0,
        733.0
      ],
      [
        779.0,
        1.0,
        25.0,
        7.0
      ],
      [
        706.0,
        3.0,
        70.0,
        1.0
      ]
    ],
    "entropy": 0.49708569049835205,
    "loss": 0.378574013710022,
    "runtime_seconds": 0.004485582001507282,
    "split": "validation"
  },
  "fold_index": 4,
  "mode": "nonlinear",
  "seed": 42215,
  "setting": 4,
  "total_runtime_seconds": 27.33312850818038,
  "train_metrics": {
    "dispatch_counts": [
      [
        25.0,
        2261.0,
        1029.0,
        0.0
      ],
      [
        11.0,
        14.0,
        188.0,
        2904.0
      ],
      [
        3095.0,
        8.0,
        112.0,
        35.0
      ],
      [
        2854.0,
        10.0,
        250.0,
        4.0
      ]
    ],
    "entropy_record": [
      1.385621190071106,
      1.3856093883514404,
      1.385643482208252,
      1.3855819702148438,
      1.385493278503418,
      1.3856688737869263,
      1.3857736587524414,
      1.3858047723770142,
      1.385430097579956,
      1.3853979110717773,
      1.3851450681686401,
      1.3814607858657837,
      1.3737373352050781,
      1.3444881439208984,
      1.2668874263763428,
      1.1024680137634277,
      0.9019728899002075,
      0.7085109353065491,
      0.5862952470779419,
      0.5060063600540161,
      0.4726944863796234,
      0.45155391097068787,
      0.44175437092781067,
      0.4301990568637848,
      0.4238755404949188,
      0.41719794273376465,
      0.4222790002822876,
      0.4156404137611389,
      0.41714751720428467,
      0.41042253375053406,
      0.41528138518333435,
      0.40835729241371155,
      0.41305768489837646,
      0.4113723039627075,
      0.41165369749069214,
      0.410028338432312,
      0.4068412482738495,
      0.4086836874485016,
      0.4099879860877991,
      0.4068933129310608,
      0.4074706435203552,
      0.40041017532348633,
      0.4063093960285187,
      0.4153836965560913,
      0.4065689742565155,
      0.4115535020828247,
      0.4090277850627899,
      0.40725865960121155,
      0.4068630337715149,
      0.4113140404224396,
      0.4076906442642212,
      0.4084915518760681,
      0.4099034070968628,
      0.4061349630355835,
      0.40569567680358887,
      0.40403124690055847,
      0.4065600037574768,
      0.4052344858646393,
      0.40893322229385376,
      0.4108561873435974,
      0.4064508378505707,
      0.41110071539878845,
      0.4062701165676117,
      0.4072740972042084,
      0.40790456533432007,
      0.40288811922073364,
      0.4079835116863251,
      0.40657708048820496,
      0.4101775586605072,
      0.4089018404483795,
      0.4058699905872345,
      0.4108965992927551,
      0.4094781279563904,
      0.40766778588294983,
      0.40804722905158997,
      0.4047517776489258,
      0.4100452661514282,
      0.4101964235305786,
      0.40713396668434143,
      0.4063870906829834,
      0.4053417146205902,
      0.40943053364753723,
      0.4082176387310028,
      0.40854865312576294,
      0.41202548146247864,
      0.40643343329429626,
      0.4066704213619232,
      0.40820765495300293,
      0.40965011715888977,
      0.4085940420627594,
      0.41341400146484375,
      0.408835232257843,
      0.408986896276474,
      0.407198965549469,
      0.4075385630130768,
      0.413359671831131,
      0.41233155131340027,
      0.4120929539203644,
      0.41791653633117676,
      0.40959203243255615,
      0.41355982422828674,
      0.4126836359500885,
      0.4119361340999603,
      0.4111921191215515,
      0.4074343144893646,
      0.4018024504184723,
      0.4120436906814575,
      0.40859755873680115,
      0.4111413061618805,
      0.4106125235557556,
      0.4098402261734009,
      0.4112934470176697,
      0.40482091903686523,
      0.4045768082141876,
      0.409962922334671,
      0.4085582196712494,
      0.4098380506038666,
      0.4059676229953766,
      0.40971899032592773,
      0.40755122900009155,
      0.4075571894645691,
      0.40855637192726135,
      0.4109349548816681,
      0.41036659479141235,
      0.4129961431026459,
      0.40399327874183655,
      0.4096798598766327,
      0.4084874987602234,
      0.4053267538547516,
      0.4110131859779358,
      0.4112027585506439,
      0.4115629494190216,
      0.4100567102432251,
      0.4052756428718567,
      0.40825778245925903,
      0.40834400057792664,
      0.41152098774909973,
      0.4064922332763672,
      0.40781405568122864,
      0.40810489654541016,
      0.4109964370727539,
      0.40688809752464294,
      0.4111638069152832,
      0.41246190667152405,
      0.40767231583595276,
      0.4091968834400177,
      0.4052492678165436,
      0.4055507779121399,
      0.4092090427875519,
      0.40786272287368774,
      0.4128682315349579,
      0.4083520472049713,
      0.4096645414829254,
      0.4164268970489502,
      0.4102453887462616,
      0.4141971468925476,
      0.414147287607193,
      0.40919679403305054,
      0.41254109144210815,
      0.41299015283584595,
      0.4133797585964203,
      0.4110647439956665,
      0.4092411696910858,
      0.41150036454200745,
      0.41273343563079834,
      0.4117206037044525,
      0.4092801809310913,
      0.4160066545009613,
      0.41302573680877686,
      0.4170396029949188,
      0.41029098629951477,
      0.4173095226287842,
      0.41257670521736145,
      0.4146822392940521,
      0.4105057418346405,
      0.4142354726791382,
      0.41459205746650696,
      0.41310828924179077,
      0.41268202662467957,
      0.41376209259033203,
      0.4157765209674835,
      0.41464492678642273,
      0.4119400382041931,
      0.40913790464401245,
      0.413815975189209,
      0.41494229435920715,
      0.4160185754299164,
      0.41669145226478577,
      0.41306087374687195,
      0.4144268333911896,
      0.41374725103378296,
      0.41812825202941895,
      0.40917444229125977,
      0.41324418783187866,
      0.40939998626708984,
      0.4128318428993225,
      0.41331490874290466,
      0.4097423553466797,
      0.4118165969848633,
      0.4159775376319885,
      0.4117377996444702,
      0.4145875573158264,
      0.41372230648994446,
      0.4171698987483978,
      0.413429856300354,
      0.41188985109329224,
      0.41669872403144836,
      0.4210801422595978,
      0.4104965329170227,
      0.4167276918888092,
      0.4107949733734131,
      0.4147508442401886,
      0.4134100377559662,
      0.414840966463089,
      0.41111838817596436,
      0.4159242510795593,
      0.4169657528400421,
      0.4150748550891876,
      0.4068751633167267,
      0.4122946560382843,
      0.4118691086769104,
      0.412468284368515,
      0.4101005792617798,
      0.4155408442020416,
      0.4111933410167694,
      0.41260915994644165,
      0.41287097334861755,
      0.4120623767375946,
      0.41141629219055176,
      0.4157339036464691,
      0.41663363575935364,
      0.4134494364261627,
      0.41888564825057983,
      0.4132084846496582,
      0.4166671335697174,
      0.4099353551864624,
      0.41412559151649475,
      0.4135838747024536,
      0.41411077976226807,
      0.4133220911026001,
      0.40956830978393555,
      0.411616712808609,
      0.41065600514411926,
      0.4092335104942322,
      0.41107431054115295,
      0.4140818119049072,
      0.4091233015060425,
      0.4125119149684906,
      0.4123806357383728,
      0.41422420740127563,
      0.41316676139831543,
      0.4153878688812256,
      0.4099026620388031,
