{
  "config": {
    "early_stopping": true,
    "epochs": 601,
    "expert_lr": 0.00085572,
    "expert_momentum": 0.863943,
    "expert_num": 8,
    "expert_weight_decay": 0.001,
    "load_balancing": false,
    "ns_steps": 3,
    "optimizer_family": "muon",
    "router_lr": 0.091026,
    "router_momentum": 0.869144,
    "router_weight_decay": 0.0
  },
  "eval_metrics": {
    "accuracy": 95.8125,
    "dispatch_counts": [
      [
        5.0,
        11.0,
        0.0,
        2.0,
        402.0,
        17.0,
        0.0,
        391.0
      ],
      [
        2.0,
        384.0,
        0.0,
        388.0,
        2.0,
        0.0,
        3.0,
        1.0
      ],
      [
        325.0,
        30.0,
        0.0,
        8.0,
        103.0,
        329.0,
        17.0,
        0.0
      ],
      [
        18.0,
        117.0,
        0.0,
        0.0,
        15.0,
        258.0,
        371.0,
        1.0
      ]
    ],
    "entropy": 0.47503048181533813,
    "loss": 0.355136513710022,
    "runtime_seconds": 0.00759138772264123,
    "split": "validation"
  },
  "fold_index": 0,
  "mode": "nonlinear",
  "seed": 31811,
  "setting": 3,
  "total_runtime_seconds": 14.512378406710923,
  "train_metrics": {
    "dispatch_counts": [
      [
        17.0,
        40.0,
        0.0,
        6.0,
        1610.0,
        80.0,
        0.0,
        1562.0
      ],
      [
        3.0,
        1541.0,
        0.0,
        1552.0,
        13.0,
        2.0,
        5.0,
        1.0
      ],
      [
        1371.0,
        137.0,
        0.0,
        16.0,
        401.0,
        1246.0,
        79.0,
        0.0
      ],
      [
        75.0,
        417.0,
        0.0,
        0.0,
        35.0,
        1086.0,
        1498.0,
        7.0
      ]
    ],
    "entropy_record": [
      1.3843727111816406,
      1.1123908758163452,
      1.0237096548080444,
      1.0395457744598389,
      0.8913190364837646,
      0.8008258938789368,
      0.7359426021575928,
      0.6953861713409424,
      0.658501148223877,
      0.629509449005127,
      0.6083223819732666,
      0.587969183921814,
      0.5722622275352478,
      0.5623205900192261,
      0.552495539188385,
      0.5415149331092834,
      0.531987190246582,
      0.5224846601486206,
      0.508802592754364,
      0.4950633645057678,
      0.4899880886077881,
      0.4785212576389313,
      0.4707219898700714,
      0.4645131528377533,
      0.45570504665374756,
      0.44688618183135986,
      0.4462677538394928,
      0.44536373019218445,
      0.43868288397789,
      0.43657031655311584,
      0.432574987411499,
      0.4291999936103821,
      0.4261631667613983,
      0.41933315992355347,
      0.418881893157959,
      0.4167061746120453,
      0.4122258126735687,
      0.41158005595207214,
      0.4106440246105194,
      0.40854862332344055,
      0.4052696228027344,
      0.40435266494750977,
      0.4032477140426636,
      0.4036303460597992,
      0.4029584527015686,
      0.4024236798286438,
      0.403211772441864,
      0.40168696641921997,
      0.4009314179420471,
      0.40132713317871094,
      0.4003539979457855,
      0.40180379152297974,
      0.3987101912498474,
      0.39742809534072876,
      0.3956168293952942,
      0.39369285106658936,
      0.3939477503299713,
      0.3908006250858307,
      0.38886284828186035,
      0.3875337839126587,
      0.38734498620033264,
      0.38501372933387756,
      0.38330352306365967,
      0.38316333293914795,
      0.3815011978149414,
      0.38025349378585815,
      0.38077324628829956,
      0.3795132637023926,
      0.3814879357814789,
      0.3786613345146179,
      0.3802643418312073,
      0.38034531474113464,
      0.37936675548553467,
      0.38002538681030273,
      0.3784710466861725,
      0.3795132040977478,
      0.37913206219673157,
      0.3778170049190521,
      0.37847277522087097,
      0.3768025040626526,
      0.375820517539978,
      0.3756779730319977,
      0.3740009367465973,
      0.3731711804866791,
      0.37291979789733887,
      0.37289783358573914,
      0.37254881858825684,
      0.3729709982872009,
      0.3735276460647583,
      0.37366580963134766,
      0.37277600169181824,
      0.3733576238155365,
      0.37248870730400085,
      0.3715285658836365,
      0.37067553400993347,
      0.3709155321121216,
      0.37116739153862,
      0.373909592628479,
      0.373246431350708,
      0.37308651208877563,
      0.37248656153678894,
      0.37297725677490234,
      0.374144047498703,
      0.3739263713359833,
      0.37341850996017456,
      0.37727677822113037,
      0.38054943084716797,
      0.3809148669242859,
      0.3808571398258209,
      0.38415032625198364,
      0.3871581554412842,
      0.38751015067100525,
      0.3869268000125885,
      0.39026451110839844,
      0.3902490735054016,
      0.39131662249565125,
      0.3920882046222687,
      0.39245477318763733,
      0.39458006620407104,
      0.3968654274940491,
      0.3986473083496094,
      0.39912137389183044,
      0.39917778968811035,
      0.40208813548088074,
      0.4042389988899231,
      0.4072457253932953,
      0.40796563029289246,
      0.4094691276550293,
      0.41123396158218384,
      0.41309237480163574,
      0.4153686761856079,
      0.41798898577690125,
      0.4189184308052063,
      0.42107313871383667,
      0.42189058661460876,
      0.420413613319397,
      0.4238940477371216,
      0.424161821603775,
      0.4252537190914154,
      0.4262462258338928,
      0.42685866355895996,
      0.4282023012638092,
      0.4289502203464508,
      0.43120232224464417,
      0.43310579657554626,
      0.4332067370414734,
      0.4368785619735718,
      0.43862825632095337,
      0.4393596053123474,
      0.44158512353897095,
      0.44293680787086487,
      0.4442039132118225,
      0.4436143934726715,
      0.44298386573791504,
      0.4453052282333374,
      0.444196879863739,
      0.44684773683547974,
      0.44680067896842957,
      0.448273241519928,
      0.44865986704826355,
      0.4491020143032074,
      0.44942909479141235,
      0.45076173543930054,
      0.4524998664855957,
      0.45222213864326477,
      0.4545600116252899,
      0.45450934767723083,
      0.4573827385902405,
      0.45793625712394714,
      0.4577347934246063,
      0.4585925042629242,
      0.45884573459625244,
      0.46061891317367554
    ],
    "epochs_ran": 173,
    "final_entropy": 0.46061891317367554,
    "final_loss": 0.3520897328853607,
    "plot_diagnostics": null,
    "runtime_seconds": 14.504787018988281
  }
}