{
  "config": {
    "early_stopping": true,
    "epochs": 601,
    "expert_lr": 0.00085572,
    "expert_momentum": 0.863943,
    "expert_num": 8,
    "expert_weight_decay": 0.001,
    "load_balancing": false,
    "ns_steps": 3,
    "optimizer_family": "muon",
    "router_lr": 0.091026,
    "router_momentum": 0.869144,
    "router_weight_decay": 0.0
  },
  "eval_metrics": {
    "accuracy": 99.34375,
    "dispatch_counts": [
      [
        2.0,
        408.0,
        1.0,
        1.0,
        0.0,
        0.0,
        413.0,
        4.0
      ],
      [
        0.0,
        2.0,
        383.0,
        1.0,
        0.0,
        0.0,
        2.0,
        391.0
      ],
      [
        4.0,
        3.0,
        1.0,
        398.0,
        3.0,
        395.0,
        5.0,
        4.0
      ],
      [
        394.0,
        3.0,
        5.0,
        0.0,
        371.0,
        0.0,
        5.0,
        1.0
      ]
    ],
    "entropy": 0.08561306446790695,
    "loss": 0.3198241889476776,
    "runtime_seconds": 0.007491189055144787,
    "split": "validation"
  },
  "fold_index": 2,
  "mode": "nonlinear",
  "seed": 31813,
  "setting": 3,
  "total_runtime_seconds": 50.67060352303088,
  "train_metrics": {
    "dispatch_counts": [
      [
        4.0,
        1619.0,
        10.0,
        3.0,
        5.0,
        3.0,
        1657.0,
        13.0
      ],
      [
        0.0,
        7.0,
        1532.0,
        12.0,
        3.0,
        0.0,
        11.0,
        1553.0
      ],
      [
        5.0,
        8.0,
        10.0,
        1613.0,
        5.0,
        1585.0,
        10.0,
        13.0
      ],
      [
        1563.0,
        7.0,
        40.0,
        2.0,
        1485.0,
        3.0,
        17.0,
        2.0
      ]
    ],
    "entropy_record": [
      1.3850996494293213,
      1.1480714082717896,
      0.9680672287940979,
      0.7533826231956482,
      0.6371089220046997,
      0.5328019261360168,
      0.4594869315624237,
      0.4072614908218384,
      0.3650389611721039,
      0.33234328031539917,
      0.3034260869026184,
      0.27988532185554504,
      0.25800231099128723,
      0.24482238292694092,
      0.2347261756658554,
      0.22059620916843414,
      0.20555320382118225,
      0.19702908396720886,
      0.1894892156124115,
      0.1848476678133011,
      0.17805814743041992,
      0.17062824964523315,
      0.16413992643356323,
      0.1618594080209732,
      0.15321414172649384,
      0.14800652861595154,
      0.14574751257896423,
      0.14217238128185272,
      0.1371985375881195,
      0.13342122733592987,
      0.1291491985321045,
      0.1277405470609665,
      0.12498785555362701,
      0.12457142770290375,
      0.12464486807584763,
      0.12395872920751572,
      0.1211196631193161,
      0.12057625502347946,
      0.11988300085067749,
      0.11848147213459015,
      0.11764794588088989,
      0.11675975471735,
      0.11657476425170898,
      0.115300253033638,
      0.11326690763235092,
      0.11179941892623901,
      0.11147236078977585,
      0.11080171167850494,
      0.11076225340366364,
      0.10942647606134415,
      0.10853612422943115,
      0.10839614272117615,
      0.10905184596776962,
      0.10884988307952881,
      0.1062842309474945,
      0.10595397651195526,
      0.10764467716217041,
      0.10669734328985214,
      0.10748186707496643,
      0.10530319809913635,
      0.10577455163002014,
      0.10578246414661407,
      0.10513625293970108,
      0.1041867583990097,
      0.10333487391471863,
      0.10399763286113739,
      0.103745236992836,
      0.10456594824790955,
      0.1042354479432106,
      0.10347934067249298,
      0.10334427654743195,
      0.10471358150243759,
      0.10288303345441818,
      0.10316480696201324,
      0.10288377106189728,
      0.10217393934726715,
      0.10377852618694305,
      0.10346204787492752,
      0.1029687374830246,
      0.1025712788105011,
      0.10279220342636108,
      0.10221854597330093,
      0.1020851582288742,
      0.10169388353824615,
      0.1006380170583725,
      0.10075786709785461,
      0.10075792670249939,
      0.10074709355831146,
      0.10063192248344421,
      0.10037069022655487,
      0.10010811686515808,
      0.09838651120662689,
      0.09912000596523285,
      0.09924157708883286,
      0.09821144491434097,
      0.0964425802230835,
      0.0969429761171341,
      0.0971083715558052,
      0.09745319187641144,
      0.09556306898593903,
      0.09543890506029129,
      0.0936189740896225,
      0.09348288178443909,
      0.0938594713807106,
      0.09397400915622711,
      0.0928633064031601,
      0.09138920158147812,
      0.09093786031007767,
      0.09133099019527435,
      0.09092623740434647,
      0.09079426527023315,
      0.0900149941444397,
      0.09064307808876038,
      0.08977760374546051,
      0.08920425921678543,
      0.08788754045963287,
      0.08885505795478821,
      0.08810629695653915,
      0.08792388439178467,
      0.08922378718852997,
      0.08764836192131042,
      0.08999650180339813,
      0.09059701859951019,
      0.09057866036891937,
      0.09016361832618713,
      0.09094461798667908,
      0.09054805338382721,
      0.09020756930112839,
      0.08992119878530502,
      0.08916798233985901,
      0.08916798233985901,
      0.09005096554756165,
      0.09005866944789886,
      0.09095370024442673,
      0.09206002950668335,
      0.09171730279922485,
      0.09282680600881577,
      0.09208080917596817,
      0.09212325513362885,
      0.09158840775489807,
      0.09093151241540909,
      0.090068519115448,
      0.09019055217504501,
      0.0901728942990303,
      0.08968419581651688,
      0.09019055217504501,
      0.08931227773427963,
      0.09019055217504501,
      0.08968419581651688,
      0.09019055217504501,
      0.08968419581651688,
      0.08929280191659927,
      0.09011323750019073,
      0.08974131941795349,
      0.08976800739765167,
      0.08935002237558365,
      0.08892088383436203,
      0.08985637128353119,
      0.08892088383436203,
      0.0894852727651596,
      0.08854973316192627,
      0.08929280191659927,
      0.08815056085586548,
      0.08814337104558945,
      0.08987656235694885,
      0.0885668694972992,
      0.08897891640663147,
      0.08935078233480453,
      0.08893878757953644,
      0.0894852727651596,
      0.08942795544862747,
      0.08815553784370422,
      0.08975589275360107,
      0.08818560838699341,
      0.0889667496085167,
      0.08849812299013138,
      0.08972194045782089,
      0.08856763690710068,
      0.08817212283611298,
      0.08815056085586548,
      0.08812747150659561,
      0.0893847867846489,
      0.08853756636381149,
      0.08935078233480453,
      0.08857983350753784,
      0.08897891640663147,
      0.08897891640663147,
      0.08854973316192627,
      0.08855747431516647,
      0.0885668694972992,
      0.08936984837055206,
      0.08853756636381149,
      0.08769769966602325,
      0.0889979749917984,
      0.08857983350753784,
      0.08856763690710068,
      0.08854973316192627,
      0.08893878757953644,
      0.08870206773281097,
      0.08936984837055206,
      0.08814337104558945,
      0.08894111216068268,
      0.08935078233480453,
      0.08854973316192627,
      0.08935078233480453,
      0.08813834935426712,
      0.0889517068862915,
      0.08775632083415985,
      0.08860159665346146,
      0.0889667496085167,
      0.08814337104558945,
      0.08815056085586548,
      0.08857256174087524,
      0.08935078233480453,
      0.08857983350753784,
      0.0889979749917984,
      0.08854973316192627,
      0.08889860659837723,
      0.08972194045782089,
      0.08897891640663147,
      0.0885903537273407,
      0.08857983350753784,
      0.08859488368034363,
      0.08897891640663147,
      0.08908618986606598,
      0.08935078233480453,
      0.08857983350753784,
      0.08854973316192627,
      0.08900275826454163,
      0.08775560557842255,
      0.0890560895204544,
      0.09013992547988892,
