{
  "config": {
    "early_stopping": true,
    "epochs": 601,
    "expert_lr": 0.00234539,
    "expert_momentum": 0.980866,
    "expert_num": 4,
    "expert_weight_decay": 0.0,
    "load_balancing": false,
    "optimizer_family": "original",
    "router_lr": 0.02068562,
    "router_momentum": 0.948597,
    "router_weight_decay": 0.001
  },
  "eval_metrics": {
    "accuracy": 97.625,
    "dispatch_counts": [
      [
        7.0,
        0.0,
        0.0,
        800.0
      ],
      [
        0.0,
        0.0,
        539.0,
        261.0
      ],
      [
        762.0,
        0.0,
        34.0,
        5.0
      ],
      [
        0.0,
        792.0,
        0.0,
        0.0
      ]
    ],
    "entropy": 0.24768412113189697,
    "loss": 0.3370116055011749,
    "runtime_seconds": 0.004356967750936747,
    "split": "validation"
  },
  "fold_index": 0,
  "mode": "nonlinear",
  "seed": 12311,
  "setting": 1,
  "total_runtime_seconds": 27.028820984065533,
  "train_metrics": {
    "dispatch_counts": [
      [
        32.0,
        0.0,
        0.0,
        3196.0
      ],
      [
        0.0,
        0.0,
        2129.0,
        1070.0
      ],
      [
        3041.0,
        0.0,
        141.0,
        23.0
      ],
      [
        8.0,
        3160.0,
        0.0,
        0.0
      ]
    ],
    "entropy_record": [
      1.3859490156173706,
      1.386012077331543,
      1.3859425783157349,
      1.3861029148101807,
      1.3858020305633545,
      1.3856779336929321,
      1.3854795694351196,
      1.3849189281463623,
      1.37636399269104,
      1.3478935956954956,
      1.287522792816162,
      1.1872854232788086,
      1.069161057472229,
      0.963208794593811,
      0.8581623435020447,
      0.7623088359832764,
      0.6535849571228027,
      0.5678145885467529,
      0.4733130633831024,
      0.4166061580181122,
      0.3837836980819702,
      0.34927481412887573,
      0.3262478709220886,
      0.3135923445224762,
      0.29497626423835754,
      0.2925821542739868,
      0.2855316400527954,
      0.2797154188156128,
      0.27967631816864014,
      0.2763208746910095,
      0.2659754753112793,
      0.2696392238140106,
      0.25351405143737793,
      0.26084500551223755,
      0.26343947649002075,
      0.26434820890426636,
      0.26129084825515747,
      0.2578180432319641,
      0.2560569643974304,
      0.253707617521286,
      0.25582340359687805,
      0.2487623393535614,
      0.2522861659526825,
      0.2502487301826477,
      0.2545204758644104,
      0.24211709201335907,
      0.25000086426734924,
      0.24606755375862122,
      0.24602128565311432,
      0.24975861608982086,
      0.2523285746574402,
      0.2487429976463318,
      0.24870064854621887,
      0.24796898663043976,
      0.24862989783287048,
      0.2538846731185913,
      0.246065154671669,
      0.24929097294807434,
      0.24584224820137024,
      0.24901451170444489,
      0.2498655915260315,
      0.24323885142803192,
      0.2555491328239441,
      0.25004082918167114,
      0.2534705102443695,
      0.2514548897743225,
      0.2453828752040863,
      0.2445119023323059,
      0.24995262920856476,
      0.24516074359416962,
      0.24956554174423218,
      0.24656030535697937,
      0.2486603856086731,
      0.24680152535438538,
      0.2533861994743347,
      0.24929624795913696,
      0.24453870952129364,
      0.24144572019577026,
      0.2503821849822998,
      0.2477419376373291,
      0.24631774425506592,
      0.25412386655807495,
      0.2421160340309143,
      0.2485133409500122,
      0.2522505819797516,
      0.24934303760528564,
      0.2505228519439697,
      0.2461988925933838,
      0.24458692967891693,
      0.24797751009464264,
      0.2518734335899353,
      0.24714873731136322,
      0.24731121957302094,
      0.24846795201301575,
      0.24537762999534607,
      0.24929091334342957,
      0.24584540724754333,
      0.24751132726669312,
      0.24561569094657898,
      0.2491011917591095,
      0.24443797767162323,
      0.24919414520263672,
      0.24525269865989685,
      0.24415436387062073,
      0.24611881375312805,
      0.24420158565044403,
      0.2487490177154541,
      0.24973082542419434,
      0.25162848830223083,
      0.2421225756406784,
      0.25118815898895264,
      0.24551904201507568,
      0.24977420270442963,
      0.2484932392835617,
      0.24948541820049286,
      0.2380707859992981,
      0.2425236999988556,
      0.24937163293361664,
      0.24514701962471008,
      0.24174246191978455,
      0.24829411506652832,
      0.24673587083816528,
      0.24536386132240295,
      0.24449199438095093,
      0.2498801052570343,
      0.24897001683712006,
      0.24641253054141998,
      0.2442379891872406,
      0.2437571883201599,
      0.24631482362747192,
      0.2467269003391266,
      0.24426409602165222,
      0.24747347831726074,
      0.2461186647415161,
      0.2447119653224945,
      0.24746263027191162,
      0.2450491487979889,
      0.24265050888061523,
      0.250284343957901,
      0.25129780173301697,
      0.2478046864271164,
      0.24213458597660065,
      0.24992454051971436,
      0.2362143099308014,
      0.2525634169578552,
      0.24675346910953522,
      0.2475910186767578,
      0.24855394661426544,
      0.2439081370830536,
      0.24638113379478455,
      0.24477577209472656,
      0.24436599016189575,
      0.24533510208129883,
      0.24680045247077942,
      0.24447640776634216,
      0.2557586133480072,
      0.2535612881183624,
      0.2482469081878662,
      0.24596938490867615,
      0.25179678201675415,
      0.24438387155532837,
      0.250019371509552,
      0.25464069843292236,
      0.2509400248527527,
      0.24684779345989227,
      0.24590858817100525,
      0.24854153394699097,
      0.24950043857097626,
      0.25174081325531006,
      0.2501922845840454,
      0.2475978136062622,
      0.24936875700950623,
      0.25206461548805237,
      0.245383620262146,
      0.25337162613868713,
      0.2447333037853241,
      0.2421572208404541,
      0.2490798532962799,
      0.24852906167507172,
      0.24377526342868805,
      0.25032228231430054,
      0.24688071012496948,
      0.25389590859413147,
      0.240958109498024,
      0.24661383032798767,
      0.249691441655159,
      0.2502754032611847,
      0.24756328761577606,
      0.2519930303096771,
      0.24908211827278137,
      0.25382548570632935,
      0.24423211812973022,
      0.24801620841026306,
      0.25179624557495117,
      0.24866081774234772,
      0.24816375970840454,
      0.2537251114845276,
      0.2501223087310791,
      0.2431548833847046,
      0.24575985968112946,
      0.25009700655937195,
      0.24884282052516937,
      0.2486785352230072,
      0.24346911907196045,
      0.24728256464004517,
      0.24687498807907104,
      0.2439766526222229,
      0.25066226720809937,
      0.24690133333206177,
      0.24659879505634308,
      0.24911919236183167,
      0.246636301279068,
      0.2491379678249359,
      0.2474696934223175,
      0.2431296855211258,
      0.24704553186893463,
      0.24789319932460785,
      0.24527351558208466,
      0.24491503834724426,
      0.2523430585861206,
      0.2533999979496002,
      0.25091150403022766,
      0.2515494227409363,
      0.25255024433135986,
      0.24644862115383148,
      0.24328000843524933,
      0.24614223837852478,
      0.24755893647670746,
      0.24585291743278503,
      0.24857297539710999,
      0.24626478552818298,
      0.24853874742984772,
      0.2470059096813202,
      0.24925388395786285,
      0.25715890526771545,
      0.24685731530189514,
      0.25001272559165955,
      0.24436119198799133,
      0.24329206347465515,
      0.24711623787879944,
      0.24351069331169128,
      0.2495633065700531,
      0.2476888746023178,
      0.2500598430633545,
      0.2480919361114502,
      0.24830402433872223,
      0.24726131558418274,
      0.24856184422969818,
      0.2453678548336029,
      0.24775800108909607,
      0.25226396322250366,
