{
  "config": {
    "early_stopping": true,
    "epochs": 601,
    "expert_lr": 0.00234539,
    "expert_momentum": 0.980866,
    "expert_num": 4,
    "expert_weight_decay": 0.0,
    "load_balancing": false,
    "optimizer_family": "original",
    "router_lr": 0.02068562,
    "router_momentum": 0.948597,
    "router_weight_decay": 0.001
  },
  "eval_metrics": {
    "accuracy": 99.9375,
    "dispatch_counts": [
      [
        0.0,
        0.0,
        807.0,
        0.0
      ],
      [
        0.0,
        0.0,
        0.0,
        799.0
      ],
      [
        0.0,
        801.0,
        1.0,
        0.0
      ],
      [
        784.0,
        0.0,
        4.0,
        4.0
      ]
    ],
    "entropy": 0.018167242407798767,
    "loss": 0.313973605632782,
    "runtime_seconds": 0.004594531841576099,
    "split": "validation"
  },
  "fold_index": 2,
  "mode": "nonlinear",
  "seed": 12313,
  "setting": 1,
  "total_runtime_seconds": 2.2875630115158856,
  "train_metrics": {
    "dispatch_counts": [
      [
        0.0,
        3.0,
        3224.0,
        1.0
      ],
      [
        0.0,
        0.0,
        0.0,
        3200.0
      ],
      [
        0.0,
        3203.0,
        1.0,
        0.0
      ],
      [
        3142.0,
        0.0,
        8.0,
        18.0
      ]
    ],
    "entropy_record": [
      1.386104702949524,
      1.3860056400299072,
      1.3860183954238892,
      1.385867953300476,
      1.3860747814178467,
      1.3858826160430908,
      1.3857574462890625,
      1.3854455947875977,
      1.383599877357483,
      1.376776933670044,
      1.3518707752227783,
      1.2919620275497437,
      1.1933461427688599,
      1.0611627101898193,
      0.9047872424125671,
      0.7388442158699036,
      0.5631701350212097,
      0.40987539291381836,
      0.28014013171195984,
      0.19417674839496613,
      0.14254167675971985,
      0.10915219038724899,
      0.087844617664814,
      0.06667933613061905,
      0.060463301837444305,
      0.05118735134601593,
      0.03719314932823181,
      0.04078194499015808,
      0.02887161634862423,
      0.0354885533452034,
      0.02876710705459118,
      0.026127444580197334,
      0.025235923007130623,
      0.0275128036737442,
      0.029082737863063812,
      0.017508190125226974,
      0.01990869827568531,
      0.014706331305205822,
      0.01621299237012863,
      0.015756551176309586,
      0.020091187208890915,
      0.014783138409256935,
      0.013538574799895287,
      0.010989055968821049,
      0.017510276287794113,
      0.02185313031077385,
      0.01671004854142666,
      0.014426265843212605,
      0.0204194113612175,
      0.011503022164106369,
      0.01635783538222313
    ],
    "epochs_ran": 51,
    "final_entropy": 0.01635783538222313,
    "final_loss": 0.313892662525177,
    "plot_diagnostics": null,
    "runtime_seconds": 2.2829684796743095
  }
}