{
  "config": {
    "early_stopping": true,
    "epochs": 601,
    "expert_lr": 0.00078367,
    "expert_momentum": 0.897783,
    "expert_num": 8,
    "expert_weight_decay": 0.001,
    "load_balancing": false,
    "optimizer_family": "original",
    "router_lr": 0.02418384,
    "router_momentum": 0.891261,
    "router_weight_decay": 1e-05
  },
  "eval_metrics": {
    "accuracy": 99.09375,
    "dispatch_counts": [
      [
        827.0,
        0.0,
        0.0,
        0.0,
        1.0,
        1.0,
        0.0,
        0.0
      ],
      [
        3.0,
        0.0,
        0.0,
        0.0,
        0.0,
        776.0,
        0.0,
        0.0
      ],
      [
        0.0,
        0.0,
        0.0,
        0.0,
        1.0,
        2.0,
        810.0,
        0.0
      ],
      [
        1.0,
        0.0,
        0.0,
        0.0,
        774.0,
        2.0,
        2.0,
        0.0
      ]
    ],
    "entropy": 0.028879771009087563,
    "loss": 0.3223099410533905,
    "runtime_seconds": 0.011920758988708258,
    "split": "validation"
  },
  "fold_index": 2,
  "mode": "nonlinear",
  "seed": 20313,
  "setting": 2,
  "total_runtime_seconds": 49.70399643899873,
  "train_metrics": {
    "dispatch_counts": [
      [
        3306.0,
        0.0,
        0.0,
        0.0,
        2.0,
        3.0,
        3.0,
        0.0
      ],
      [
        3.0,
        0.0,
        0.0,
        0.0,
        1.0,
        3110.0,
        4.0,
        0.0
      ],
      [
        5.0,
        0.0,
        0.0,
        0.0,
        3.0,
        4.0,
        3237.0,
        0.0
      ],
      [
        6.0,
        1.0,
        0.0,
        0.0,
        3100.0,
        5.0,
        6.0,
        1.0
      ]
    ],
    "entropy_record": [
      1.3847732543945312,
      1.384822964668274,
      1.3853918313980103,
      1.3853410482406616,
      1.3853226900100708,
      1.385262131690979,
      1.385398030281067,
      1.3852497339248657,
      1.3852546215057373,
      1.3850666284561157,
      1.3848655223846436,
      1.3848541975021362,
      1.3822675943374634,
      1.3790634870529175,
      1.3664286136627197,
      1.3471505641937256,
      1.287932276725769,
      1.1795551776885986,
      1.0176609754562378,
      0.7556719779968262,
      0.4761475920677185,
      0.2837536036968231,
      0.16807062923908234,
      0.11291530728340149,
      0.08199748396873474,
      0.06764031946659088,
      0.05326923727989197,
      0.051672983914613724,
      0.04881320521235466,
      0.04193802922964096,
      0.03727774694561958,
      0.03438914939761162,
      0.03436361998319626,
      0.03419950604438782,
      0.034343257546424866,
      0.03324621170759201,
      0.03571535274386406,
      0.0284311193972826,
      0.03674747049808502,
      0.02924286015331745,
      0.02376990020275116,
      0.026263514533638954,
      0.03342064097523689,
      0.03060336783528328,
      0.025755969807505608,
      0.03249204158782959,
      0.025069408118724823,
      0.02297603152692318,
      0.02386949583888054,
      0.026271920651197433,
      0.02538750320672989,
      0.027318734675645828,
      0.022829614579677582,
      0.025726592168211937,
      0.027775514870882034,
      0.029476504772901535,
      0.024744804948568344,
      0.025941602885723114,
      0.02663036808371544,
      0.025852354243397713,
      0.028261059895157814,
      0.02804715186357498,
      0.025842109695076942,
      0.03363048657774925,
      0.026473572477698326,
      0.02969319187104702,
      0.024494975805282593,
      0.028614342212677002,
      0.024125419557094574,
      0.025871703401207924,
      0.02687074802815914,
      0.024988608434796333,
      0.027787208557128906,
      0.02662251703441143,
      0.026241738349199295,
      0.02792975679039955,
      0.02535776048898697,
      0.02988819032907486,
      0.027108648791909218,
      0.02589823491871357,
      0.02968250960111618,
      0.026846807450056076,
      0.025207147002220154,
      0.02534124255180359,
      0.020034976303577423,
      0.02672809548676014,
      0.029289914295077324,
      0.02617058902978897,
      0.022124219685792923,
      0.030171506106853485,
      0.02734024077653885,
      0.026892589405179024,
      0.029630089178681374,
      0.02897118404507637,
      0.025158457458019257,
      0.026793651282787323,
      0.027990762144327164,
      0.02711695060133934,
      0.024575594812631607,
      0.025709833949804306,
      0.026523008942604065,
      0.027589574456214905,
      0.03206058219075203,
      0.02840818278491497,
      0.02839135006070137,
      0.020547330379486084,
      0.02762356959283352,
      0.028216801583766937,
      0.022020839154720306,
      0.026820138096809387,
      0.028285296633839607,
      0.02555544301867485,
      0.030455974861979485,
      0.025271952152252197,
      0.023565182462334633,
      0.029044605791568756,
      0.029646439477801323,
      0.026834620162844658,
      0.0234784334897995,
      0.027303513139486313,
      0.027138743549585342,
      0.025513844564557076,
      0.023620542138814926,
      0.029211275279521942,
      0.028095439076423645,
      0.027846695855259895,
      0.02795197255909443,
      0.02607809007167816,
      0.021838907152414322,
      0.026260152459144592,
      0.024671927094459534,
      0.02834751456975937,
      0.02636243775486946,
      0.026103120297193527,
      0.027037087827920914,
      0.025499818846583366,
      0.023809446021914482,
      0.024778613820672035,
      0.02487345226109028,
      0.02352437749505043,
      0.02818583883345127,
      0.02533956989645958,
      0.025156838819384575,
      0.027116820216178894,
      0.02354113571345806,
      0.027680423110723495,
      0.027444995939731598,
      0.02269221842288971,
      0.027859879657626152,
      0.03204146772623062,
      0.025805529206991196,
      0.028080405667424202,
      0.031358588486909866,
      0.028451118618249893,
      0.02504456415772438,
      0.022740690037608147,
      0.02528783679008484,
      0.02745708078145981,
      0.028655560687184334,
      0.028847716748714447,
      0.025265976786613464,
      0.026533126831054688,
      0.02476627752184868,
      0.027837522327899933,
      0.029877370223402977,
      0.022015895694494247,
      0.028669986873865128,
      0.028741290792822838,
      0.030296089127659798,
      0.0283613633364439,
      0.030292576178908348,
      0.024201638996601105,
      0.026211125776171684,
      0.02453373745083809,
      0.025070887058973312,
      0.02533992938697338,
      0.0224053543061018,
      0.028955241665244102,
      0.02667842246592045,
      0.031097885221242905,
      0.027797942981123924,
      0.027682550251483917,
      0.024902936071157455,
      0.024542387574911118,
      0.02313920110464096,
      0.026722868904471397,
      0.028305117040872574,
      0.030379559844732285,
      0.028701046481728554,
      0.025612302124500275,
      0.02554924786090851,
      0.026280470192432404,
      0.032575927674770355,
      0.024897702038288116,
      0.02411540411412716,
      0.027784723788499832,
      0.02625056356191635,
      0.028606701642274857,
      0.025220761075615883,
      0.029115978628396988,
      0.030482957139611244,
      0.03000965528190136,
      0.02830769680440426,
      0.022796884179115295,
      0.02358364500105381,
      0.023089945316314697,
      0.029383067041635513,
      0.025564223527908325,
      0.026720643043518066,
      0.026004184037446976,
      0.028219074010849,
      0.023559391498565674,
      0.02367844246327877,
      0.02686651423573494,
      0.025027910247445107,
      0.02836834266781807,
      0.02504553087055683,
      0.027683794498443604,
      0.02955630049109459,
      0.027125615626573563,
      0.028365574777126312,
      0.026556821539998055,
      0.026674535125494003,
      0.023814737796783447,
      0.026098884642124176,
      0.02751518040895462,
      0.029274582862854004,
      0.0293659009039402,
