{
  "config": {
    "early_stopping": true,
    "epochs": 601,
    "expert_lr": 0.00078367,
    "expert_momentum": 0.897783,
    "expert_num": 8,
    "expert_weight_decay": 0.001,
    "load_balancing": false,
    "optimizer_family": "original",
    "router_lr": 0.02418384,
    "router_momentum": 0.891261,
    "router_weight_decay": 1e-05
  },
  "eval_metrics": {
    "accuracy": 99.28125,
    "dispatch_counts": [
      [
        0.0,
        1.0,
        0.0,
        827.0,
        0.0,
        0.0,
        0.0,
        0.0
      ],
      [
        0.0,
        1.0,
        0.0,
        4.0,
        0.0,
        0.0,
        775.0,
        0.0
      ],
      [
        0.0,
        807.0,
        2.0,
        2.0,
        0.0,
        0.0,
        1.0,
        0.0
      ],
      [
        0.0,
        2.0,
        777.0,
        1.0,
        0.0,
        0.0,
        0.0,
        0.0
      ]
    ],
    "entropy": 0.03065633215010166,
    "loss": 0.32026636600494385,
    "runtime_seconds": 0.012291235849261284,
    "split": "validation"
  },
  "fold_index": 0,
  "mode": "nonlinear",
  "seed": 20311,
  "setting": 2,
  "total_runtime_seconds": 49.63750751502812,
  "train_metrics": {
    "dispatch_counts": [
      [
        0.0,
        2.0,
        9.0,
        3303.0,
        0.0,
        0.0,
        1.0,
        0.0
      ],
      [
        1.0,
        3.0,
        6.0,
        13.0,
        0.0,
        0.0,
        3094.0,
        0.0
      ],
      [
        0.0,
        3214.0,
        10.0,
        17.0,
        0.0,
        5.0,
        4.0,
        0.0
      ],
      [
        0.0,
        1.0,
        3111.0,
        4.0,
        0.0,
        0.0,
        2.0,
        0.0
      ]
    ],
    "entropy_record": [
      1.3854362964630127,
      1.3842277526855469,
      1.3852766752243042,
      1.385282278060913,
      1.3851964473724365,
      1.385450839996338,
      1.3852207660675049,
      1.3850891590118408,
      1.3855481147766113,
      1.385297417640686,
      1.3847806453704834,
      1.3846982717514038,
      1.3829926252365112,
      1.379193902015686,
      1.3707243204116821,
      1.3573479652404785,
      1.3119274377822876,
      1.2307170629501343,
      1.114139437675476,
      0.955052375793457,
      0.7502845525741577,
      0.5933376550674438,
      0.4840432405471802,
      0.4032219648361206,
      0.35986506938934326,
      0.3088741600513458,
      0.2738504707813263,
      0.22829045355319977,
      0.1844458431005478,
      0.15252812206745148,
      0.12783828377723694,
      0.1036142110824585,
      0.08502299338579178,
      0.08139650523662567,
      0.0712183266878128,
      0.06596042960882187,
      0.057142700999975204,
      0.0546431690454483,
      0.0541100837290287,
      0.052951086312532425,
      0.04766765236854553,
      0.043423011898994446,
      0.04708322510123253,
      0.045784056186676025,
      0.03828863427042961,
      0.03657013922929764,
      0.03748593479394913,
      0.04606888070702553,
      0.04122046381235123,
      0.03613065555691719,
      0.03674943000078201,
      0.033008698374032974,
      0.039130646735429764,
      0.038854412734508514,
      0.036273688077926636,
      0.036250606179237366,
      0.03537098318338394,
      0.03530338406562805,
      0.03416386619210243,
      0.0364079549908638,
      0.03842199966311455,
      0.03817953169345856,
      0.03854943811893463,
      0.0359167717397213,
      0.03740336000919342,
      0.03464392200112343,
      0.039642058312892914,
      0.032147087156772614,
      0.03730199858546257,
      0.04116407036781311,
      0.03718331828713417,
      0.03753720968961716,
      0.031138421967625618,
      0.03497841954231262,
      0.03825409337878227,
      0.035264186561107635,
      0.03648362308740616,
      0.033337950706481934,
      0.038233693689107895,
      0.0384468249976635,
      0.040252115577459335,
      0.03895723074674606,
      0.03599565103650093,
      0.03879585117101669,
      0.037200700491666794,
      0.03698485344648361,
      0.0334247425198555,
      0.03898560255765915,
      0.03596467524766922,
      0.03863291069865227,
      0.034098070114851,
      0.034087155014276505,
      0.03670410439372063,
      0.03066357783973217,
      0.03587816655635834,
      0.036599431186914444,
      0.03743509575724602,
      0.033736731857061386,
      0.03543972596526146,
      0.03358706459403038,
      0.03582070395350456,
      0.04122705012559891,
      0.04303117096424103,
      0.03908643499016762,
      0.03484688326716423,
      0.03897824510931969,
      0.03509310632944107,
      0.036665551364421844,
      0.04090600460767746,
      0.03917428106069565,
      0.03490588068962097,
      0.03744565322995186,
      0.038730062544345856,
      0.03999076783657074,
      0.038641199469566345,
      0.03506383299827576,
      0.037399426102638245,
      0.03980087861418724,
      0.031763747334480286,
      0.03991858661174774,
      0.03823383152484894,
      0.0381462536752224,
      0.0381515733897686,
      0.03444609418511391,
      0.037749405950307846,
      0.03565080836415291,
      0.03787180408835411,
      0.03441193699836731,
      0.03751973435282707,
      0.03566848486661911,
      0.03592328727245331,
      0.036306288093328476,
      0.03501449525356293,
      0.03985188528895378,
      0.03449440747499466,
      0.03475983440876007,
      0.038064632564783096,
      0.03853033110499382,
      0.04032214358448982,
      0.03684666007757187,
      0.040025122463703156,
      0.037391819059848785,
      0.0378446988761425,
      0.03811083734035492,
      0.03621826320886612,
      0.038338299840688705,
      0.037468284368515015,
      0.03301481157541275,
      0.03668199107050896,
      0.03904886543750763,
      0.035861603915691376,
      0.04037531465291977,
      0.03527209535241127,
      0.040042512118816376,
      0.03847206383943558,
      0.042701397091150284,
      0.03818698227405548,
      0.03295915201306343,
      0.04076286032795906,
      0.037996865808963776,
      0.04037679731845856,
      0.03837296739220619,
      0.03750457614660263,
      0.03939412534236908,
      0.04085046052932739,
      0.03665795549750328,
      0.04479826241731644,
      0.04133351519703865,
      0.03841033950448036,
      0.04051212966442108,
      0.03768514096736908,
      0.04076823219656944,
      0.036997854709625244,
      0.03611075505614281,
      0.0369136817753315,
      0.03729074075818062,
      0.036414749920368195,
      0.03707834333181381,
      0.03608139231801033,
      0.0424656942486763,
      0.03390948101878166,
      0.03416236490011215,
      0.03800560534000397,
      0.041343022137880325,
      0.042811356484889984,
      0.039460327476263046,
      0.03782535344362259,
      0.0363084115087986,
      0.03687173128128052,
      0.03725487366318703,
      0.03469640389084816,
      0.03440028801560402,
      0.03827406093478203,
      0.03878774493932724,
      0.03581666201353073,
      0.039752863347530365,
      0.03844510391354561,
      0.04041924327611923,
      0.04032135009765625,
      0.038262736052274704,
      0.03506482392549515,
      0.03806496411561966,
      0.04104642942547798,
      0.03729929402470589,
      0.034183233976364136,
      0.038288746029138565,
      0.037099599838256836,
      0.03823428228497505,
      0.038849156349897385,
      0.03612472116947174,
      0.037095051258802414,
      0.03890784829854965,
      0.034909557551145554,
      0.03208136558532715,
      0.03632720932364464,
      0.03722250834107399,
      0.03591955080628395,
      0.035743631422519684,
      0.0354103185236454,
      0.03690614178776741,
      0.03865893557667732,
      0.03604849800467491,
      0.03677874803543091,
      0.0414128452539444,
      0.03564700856804848,
      0.03682929649949074,
      0.03829769790172577,
      0.03711022436618805,
      0.0371357686817646,
      0.03841019794344902,
      0.03442646935582161,
