{
  "config": {
    "early_stopping": true,
    "epochs": 601,
    "expert_lr": 0.00099087,
    "expert_momentum": 0.896654,
    "expert_num": 4,
    "expert_weight_decay": 1e-05,
    "load_balancing": false,
    "optimizer_family": "original",
    "router_lr": 0.02665178,
    "router_momentum": 0.97581,
    "router_weight_decay": 0.001
  },
  "eval_metrics": {
    "accuracy": 95.53125,
    "dispatch_counts": [
      [
        0.0,
        0.0,
        0.0,
        828.0
      ],
      [
        0.0,
        14.0,
        2.0,
        764.0
      ],
      [
        0.0,
        0.0,
        812.0,
        0.0
      ],
      [
        780.0,
        0.0,
        0.0,
        0.0
      ]
    ],
    "entropy": 0.3488183617591858,
    "loss": 0.3580247461795807,
    "runtime_seconds": 0.004474997986108065,
    "split": "validation"
  },
  "fold_index": 0,
  "mode": "nonlinear",
  "seed": 30811,
  "setting": 3,
  "total_runtime_seconds": 27.41330916294828,
  "train_metrics": {
    "dispatch_counts": [
      [
        5.0,
        0.0,
        0.0,
        3310.0
      ],
      [
        0.0,
        43.0,
        7.0,
        3067.0
      ],
      [
        0.0,
        0.0,
        3250.0,
        0.0
      ],
      [
        3118.0,
        0.0,
        0.0,
        0.0
      ]
    ],
    "entropy_record": [
      1.3853416442871094,
      1.3854023218154907,
      1.3851860761642456,
      1.3856098651885986,
      1.3854466676712036,
      1.3855351209640503,
      1.3858082294464111,
      1.3856689929962158,
      1.385669231414795,
      1.3853710889816284,
      1.3854799270629883,
      1.3844749927520752,
      1.3812636137008667,
      1.3683104515075684,
      1.3436968326568604,
      1.294069766998291,
      1.1911271810531616,
      1.0687779188156128,
      1.0003448724746704,
      0.9619946479797363,
      0.9332904815673828,
      0.9036698341369629,
      0.8790488243103027,
      0.8527803421020508,
      0.8177731037139893,
      0.7684990167617798,
      0.7066080570220947,
      0.6331772208213806,
      0.5591599345207214,
      0.4920840263366699,
      0.44093215465545654,
      0.41807883977890015,
      0.3979557752609253,
      0.38573235273361206,
      0.3709217309951782,
      0.3683615028858185,
      0.3666602671146393,
      0.363353967666626,
      0.36122825741767883,
      0.35745298862457275,
      0.35779476165771484,
      0.35673871636390686,
      0.3536463975906372,
      0.3549627959728241,
      0.3548654317855835,
      0.3545815944671631,
      0.35254383087158203,
      0.3532724678516388,
      0.3527221977710724,
      0.35366442799568176,
      0.3538617789745331,
      0.3532101511955261,
      0.3532963693141937,
      0.3518129885196686,
      0.35231295228004456,
      0.35174891352653503,
      0.3505074381828308,
      0.3525061309337616,
      0.353135883808136,
      0.35178929567337036,
      0.3518378436565399,
      0.35214242339134216,
      0.35163500905036926,
      0.3525998294353485,
      0.3520087003707886,
      0.3501093089580536,
      0.3520091474056244,
      0.3524644374847412,
      0.3509711027145386,
      0.35209256410598755,
      0.35296550393104553,
      0.3530219793319702,
      0.35147494077682495,
      0.35036909580230713,
      0.3530794084072113,
      0.3520087003707886,
      0.3511577546596527,
      0.3501662015914917,
      0.3517026901245117,
      0.35087281465530396,
      0.3511577546596527,
      0.35087281465530396,
      0.35102805495262146,
      0.35163500905036926,
      0.3512478470802307,
      0.35180753469467163,
      0.3524203598499298,
      0.3511899411678314,
      0.35159143805503845,
      0.3504856824874878,
      0.3514070510864258,
      0.35134512186050415,
      0.35096287727355957,
      0.35163500905036926,
      0.35113391280174255,
      0.3510199189186096,
      0.3524203598499298,
      0.3522908091545105,
      0.3505599796772003,
      0.35257601737976074,
      0.35189521312713623,
      0.35038888454437256,
      0.3508158028125763,
      0.3506861925125122,
      0.3496967554092407,
      0.35090339183807373,
      0.3509814441204071,
      0.3524203598499298,
      0.35134512186050415,
      0.35234788060188293,
      0.3508487939834595,
      0.3514203727245331,
      0.3509604334831238,
      0.35254183411598206,
      0.35135120153427124,
      0.35079172253608704,
      0.35123592615127563,
      0.3509058654308319,
      0.35199981927871704,
      0.3518621325492859,
      0.3536432981491089,
      0.3524203598499298,
      0.3518621325492859,
      0.3512880206108093,
      0.35124915838241577,
      0.3504459261894226,
      0.35169339179992676,
      0.3518621325492859,
      0.3502550721168518,
      0.34973791241645813,
      0.3511349558830261,
      0.3520590662956238,
      0.35230544209480286,
      0.351747989654541,
      0.3510199189186096,
      0.3504807949066162,
      0.3512369990348816,
      0.35090339183807373,
      0.35014334321022034,
      0.35096287727355957,
      0.35276922583580017,
      0.35062044858932495,
      0.352620929479599,
      0.3512309193611145,
      0.3515453040599823,
      0.3501374125480652,
      0.35157671570777893,
      0.34998905658721924,
      0.35105955600738525,
      0.35177376866340637,
      0.3509058654308319,
      0.3523431420326233,
      0.35165953636169434,
      0.35176631808280945,
      0.3503095209598541,
      0.3509604334831238,
      0.3503892123699188,
      0.3511349558830261,
      0.35222628712654114,
      0.351747989654541,
      0.3508462905883789,
      0.3514653742313385,
      0.3490084111690521,
      0.3512309193611145,
      0.3511798679828644,
      0.3516363501548767,
      0.35165953636169434,
      0.3503716289997101,
      0.35073208808898926,
      0.3507891893386841,
      0.3516909182071686,
      0.3514416813850403,
      0.35113149881362915,
      0.35090339183807373,
      0.3523092269897461,
      0.35209256410598755,
      0.35120779275894165,
      0.3510778844356537,
      0.3512880206108093,
      0.3501604497432709,
      0.35075125098228455,
      0.3531032204627991,
      0.35111671686172485,
      0.3496890366077423,
      0.3491465449333191,
      0.35236629843711853,
      0.34928327798843384,
      0.3510206937789917,
      0.3513737916946411,
      0.34968334436416626,
      0.35251182317733765,
      0.35067495703697205,
      0.35284194350242615,
      0.3513062298297882,
      0.35148295760154724,
      0.35242271423339844,
      0.3527120351791382,
      0.35042864084243774,
      0.35195595026016235,
      0.3502746820449829,
      0.35090339183807373,
      0.34996628761291504,
      0.351747989654541,
      0.35163378715515137,
      0.3503095209598541,
      0.352062463760376,
      0.35067757964134216,
      0.3504236936569214,
      0.3514881432056427,
      0.3501381576061249,
      0.35090339183807373,
      0.3500862121582031,
      0.3534461259841919,
      0.35134512186050415,
      0.35151952505111694,
      0.3501604497432709,
      0.3504856824874878,
      0.3509243428707123,
      0.35119208693504333,
      0.3521766662597656,
      0.35080835223197937,
      0.3508492410182953,
      0.3511526882648468,
      0.3522908091545105,
      0.3508487939834595,
      0.3507736623287201,
      0.3513062298297882,
      0.3508654534816742,
      0.3514309823513031,
      0.3509635627269745,
      0.35146501660346985,
      0.3516024649143219,
      0.351459264755249,
      0.3523063361644745,
      0.35189104080200195,
      0.3504464030265808,
      0.35004621744155884,
      0.3511349558830261,
      0.35069411993026733,
      0.35165953636169434,
      0.35113149881362915,
      0.35119208693504333,
      0.35146239399909973,
      0.3507346510887146,
      0.3505035638809204,
      0.35010337829589844,
      0.3514309823513031,
      0.35134512186050415,
      0.3507891893386841,
      0.3503892123699188,
      0.3512880206108093,
      0.35207703709602356,
      0.3512880206108093,
