{
  "config": {
    "early_stopping": true,
    "epochs": 601,
    "expert_lr": 0.00147127,
    "expert_momentum": 0.85015,
    "expert_num": 4,
    "expert_weight_decay": 1e-05,
    "load_balancing": false,
    "optimizer_family": "original",
    "router_lr": 0.09123627,
    "router_momentum": 0.899312,
    "router_weight_decay": 0.0001
  },
  "eval_metrics": {
    "accuracy": 96.6875,
    "dispatch_counts": [
      [
        188.0,
        195.0,
        443.0,
        2.0
      ],
      [
        7.0,
        7.0,
        8.0,
        758.0
      ],
      [
        17.0,
        716.0,
        74.0,
        5.0
      ],
      [
        748.0,
        4.0,
        21.0,
        7.0
      ]
    ],
    "entropy": 0.4883531928062439,
    "loss": 0.3460480570793152,
    "runtime_seconds": 0.004395956173539162,
    "split": "validation"
  },
  "fold_index": 0,
  "mode": "nonlinear",
  "seed": 40111,
  "setting": 4,
  "total_runtime_seconds": 27.117883950006217,
  "train_metrics": {
    "dispatch_counts": [
      [
        780.0,
        777.0,
        1739.0,
        19.0
      ],
      [
        33.0,
        17.0,
        27.0,
        3040.0
      ],
      [
        79.0,
        2890.0,
        261.0,
        20.0
      ],
      [
        2964.0,
        32.0,
        83.0,
        39.0
      ]
    ],
    "entropy_record": [
      1.3857218027114868,
      1.3855856657028198,
      1.3856502771377563,
      1.3857758045196533,
      1.3857731819152832,
      1.3853740692138672,
      1.3857016563415527,
      1.384995460510254,
      1.383843183517456,
      1.3717155456542969,
      1.3278918266296387,
      1.1643548011779785,
      0.8298808336257935,
      0.6368117928504944,
      0.5593303442001343,
      0.5383608341217041,
      0.5317524671554565,
      0.529023289680481,
      0.5275292992591858,
      0.5214136242866516,
      0.508384108543396,
      0.5006684064865112,
      0.4751971960067749,
      0.4562676250934601,
      0.436234712600708,
      0.41754958033561707,
      0.40604525804519653,
      0.40057212114334106,
      0.3946254253387451,
      0.39476287364959717,
      0.39856934547424316,
      0.40101876854896545,
      0.4019387364387512,
      0.4096367657184601,
      0.41425028443336487,
      0.415860652923584,
      0.42484480142593384,
      0.42878732085227966,
      0.42982155084609985,
      0.43581780791282654,
      0.43488818407058716,
      0.4406037926673889,
      0.4444913864135742,
      0.44718512892723083,
      0.45032694935798645,
      0.4525577425956726,
      0.45583903789520264,
      0.4617733061313629,
      0.46133771538734436,
      0.46532192826271057,
      0.46608754992485046,
      0.469629168510437,
      0.4684554636478424,
      0.47240838408470154,
      0.47354865074157715,
      0.47648805379867554,
      0.4760236144065857,
      0.47859519720077515,
      0.4792110323905945,
      0.478669673204422,
      0.47754523158073425,
      0.4779168367385864,
      0.48363715410232544,
      0.48291754722595215,
      0.48269158601760864,
      0.48691675066947937,
      0.4860769808292389,
      0.4822673201560974,
      0.4839361906051636,
      0.4856026768684387,
      0.4871685206890106,
      0.4865913391113281,
      0.4864785969257355,
      0.48407137393951416,
      0.4872376322746277,
      0.48503273725509644,
      0.48809516429901123,
      0.48343536257743835,
      0.486701637506485,
      0.4895409047603607,
      0.48967310786247253,
      0.49130719900131226,
      0.49011561274528503,
      0.4866509437561035,
      0.4891950488090515,
      0.49069052934646606,
      0.488824725151062,
      0.493828684091568,
      0.4942094087600708,
      0.48953548073768616,
      0.49061936140060425,
      0.4880933463573456,
      0.48950597643852234,
      0.48847338557243347,
      0.4919458031654358,
      0.4931355118751526,
      0.49427926540374756,
      0.48859620094299316,
      0.49034255743026733,
      0.49515894055366516,
      0.49312347173690796,
      0.4920806288719177,
      0.4890972077846527,
      0.49377432465553284,
      0.4930630326271057,
      0.4909440577030182,
      0.4942702651023865,
      0.49477604031562805,
      0.49118590354919434,
      0.49099308252334595,
      0.4913961589336395,
      0.49339374899864197,
      0.49451562762260437,
      0.4894622266292572,
      0.49155092239379883,
      0.4944741129875183,
      0.4897497296333313,
      0.4945969879627228,
      0.4943445920944214,
      0.4900782108306885,
      0.49507877230644226,
      0.49386706948280334,
      0.49295365810394287,
      0.49288737773895264,
      0.4937809109687805,
      0.4928492307662964,
      0.4959690570831299,
      0.4931536018848419,
      0.4951696991920471,
      0.49720850586891174,
      0.495077908039093,
      0.4952769875526428,
      0.49528029561042786,
      0.49541905522346497,
      0.495277464389801,
      0.4932791292667389,
      0.49620258808135986,
      0.49703890085220337,
      0.49221381545066833,
      0.5004705190658569,
      0.49566754698753357,
      0.4964345097541809,
      0.4930754005908966,
      0.4970259368419647,
      0.492929071187973,
      0.4944767951965332,
      0.4969083368778229,
      0.49492186307907104,
      0.49430710077285767,
      0.49399515986442566,
      0.49172690510749817,
      0.49296730756759644,
      0.4978013038635254,
      0.49604249000549316,
      0.49681854248046875,
      0.49779051542282104,
      0.4980895519256592,
      0.4923558533191681,
      0.4986937344074249,
      0.4974483251571655,
      0.493438184261322,
      0.495907187461853,
      0.4970744550228119,
      0.4935518503189087,
      0.4994641840457916,
      0.49628716707229614,
      0.49757304787635803,
      0.50056391954422,
      0.49669140577316284,
      0.4951278567314148,
      0.49443119764328003,
      0.49703288078308105,
      0.5005817413330078,
      0.49877113103866577,
      0.4965676963329315,
      0.4992881417274475,
      0.49397456645965576,
      0.4958365857601166,
      0.49966803193092346,
      0.496905654668808,
      0.49580201506614685,
      0.4970051348209381,
      0.49874240159988403,
      0.49814149737358093,
      0.5000011324882507,
      0.4982876181602478,
      0.4957897365093231,
      0.49508237838745117,
      0.49547263979911804,
      0.49967876076698303,
      0.4963230788707733,
      0.5004103183746338,
      0.4990614056587219,
      0.500737190246582,
      0.49808642268180847,
      0.4950273931026459,
      0.4977876543998718,
      0.4977568984031677,
      0.4987766742706299,
      0.49972790479660034,
      0.49763593077659607,
      0.49895983934402466,
      0.4967045187950134,
      0.501503586769104,
      0.49952709674835205,
      0.4970909059047699,
      0.4973275065422058,
      0.4979747533798218,
      0.5008769631385803,
      0.4990086853504181,
      0.500152051448822,
      0.496143102645874,
      0.4982002377510071,
      0.49963635206222534,
      0.4989492893218994,
      0.4950266182422638,
      0.4996276795864105,
      0.49620047211647034,
      0.49953004717826843,
      0.49641281366348267,
      0.49904665350914,
      0.4977744519710541,
      0.4989897310733795,
      0.4962605834007263,
      0.4989520013332367,
      0.49708178639411926,
      0.5019882321357727,
      0.5030063390731812,
      0.5001614689826965,
      0.4999391734600067,
      0.49385619163513184,
      0.49614036083221436,
      0.49753400683403015,
      0.49885010719299316,
      0.4999058246612549,
      0.4994461238384247,
      0.5011447072029114,
      0.5002679228782654,
      0.49930739402770996,
      0.4983976185321808,
      0.4969446063041687,
      0.4985150694847107,
      0.49988746643066406,
      0.49601253867149353,
      0.4982368052005768,
      0.4980548322200775,
      0.49734482169151306,
      0.49798816442489624,
      0.501282811164856,
      0.49897682666778564,
      0.4984329342842102,
      0.4920382797718048,
