{
  "config": {
    "early_stopping": true,
    "epochs": 601,
    "expert_lr": 0.00122842,
    "expert_momentum": 0.958272,
    "expert_num": 4,
    "expert_weight_decay": 0.0,
    "load_balancing": false,
    "ns_steps": 7,
    "optimizer_family": "muon",
    "router_lr": 0.01590336,
    "router_momentum": 0.961421,
    "router_weight_decay": 0.001
  },
  "eval_metrics": {
    "accuracy": 93.59375,
    "dispatch_counts": [
      [
        104.0,
        221.0,
        273.0,
        231.0
      ],
      [
        220.0,
        221.0,
        44.0,
        294.0
      ],
      [
        331.0,
        250.0,
        150.0,
        81.0
      ],
      [
        75.0,
        309.0,
        388.0,
        8.0
      ]
    ],
    "entropy": 1.2273935079574585,
    "loss": 0.37731993198394775,
    "runtime_seconds": 0.00455924216657877,
    "split": "validation"
  },
  "fold_index": 1,
  "mode": "nonlinear",
  "seed": 31912,
  "setting": 3,
  "total_runtime_seconds": 28.301361865364015,
  "train_metrics": {
    "dispatch_counts": [
      [
        344.0,
        954.0,
        1026.0,
        990.0
      ],
      [
        890.0,
        892.0,
        216.0,
        1120.0
      ],
      [
        1374.0,
        1050.0,
        515.0,
        311.0
      ],
      [
        356.0,
        1201.0,
        1528.0,
        33.0
      ]
    ],
    "entropy_record": [
      1.3851850032806396,
      1.2923283576965332,
      1.1883368492126465,
      1.1098448038101196,
      1.08072030544281,
      1.0795304775238037,
      1.0847059488296509,
      1.1067010164260864,
      1.1176643371582031,
      1.130882740020752,
      1.1509917974472046,
      1.1540420055389404,
      1.1653649806976318,
      1.171265959739685,
      1.1736854314804077,
      1.1784588098526,
      1.1873295307159424,
      1.1864289045333862,
      1.1879503726959229,
      1.1863503456115723,
      1.189210057258606,
      1.1901897192001343,
      1.187651515007019,
      1.1899523735046387,
      1.1873703002929688,
      1.1876306533813477,
      1.1883342266082764,
      1.184108018875122,
      1.1838595867156982,
      1.1863389015197754,
      1.1864240169525146,
      1.1821736097335815,
      1.1829235553741455,
      1.180813193321228,
      1.1802101135253906,
      1.179750680923462,
      1.1788861751556396,
      1.178085446357727,
      1.1752954721450806,
      1.1782242059707642,
      1.176135540008545,
      1.176466703414917,
      1.1752961874008179,
      1.1766287088394165,
      1.1773052215576172,
      1.1753677129745483,
      1.1749216318130493,
      1.1733574867248535,
      1.1745784282684326,
      1.1757698059082031,
      1.1745306253433228,
      1.1758463382720947,
      1.1761126518249512,
      1.1772774457931519,
      1.1750909090042114,
      1.1733429431915283,
      1.1745418310165405,
      1.1752901077270508,
      1.1756163835525513,
      1.1738603115081787,
      1.17533540725708,
      1.1757241487503052,
      1.176926612854004,
      1.1764051914215088,
      1.176020860671997,
      1.1765328645706177,
      1.1771310567855835,
      1.1769075393676758,
      1.1767295598983765,
      1.1772297620773315,
      1.1774628162384033,
      1.1768354177474976,
      1.1785011291503906,
      1.1787028312683105,
      1.1790525913238525,
      1.1791694164276123,
      1.1787015199661255,
      1.181244969367981,
      1.1785681247711182,
      1.179103970527649,
      1.1801735162734985,
      1.180361032485962,
      1.1814846992492676,
      1.180574893951416,
      1.1821480989456177,
      1.181391954421997,
      1.1821467876434326,
      1.1830108165740967,
      1.1835469007492065,
      1.183070182800293,
      1.1840910911560059,
      1.1829278469085693,
      1.1831916570663452,
      1.1857646703720093,
      1.1862930059432983,
      1.1845797300338745,
      1.186231255531311,
      1.1865761280059814,
      1.1859585046768188,
      1.1851550340652466,
      1.1877591609954834,
      1.1867551803588867,
      1.1870532035827637,
      1.1882747411727905,
      1.1879478693008423,
      1.1890568733215332,
      1.1882398128509521,
      1.1897975206375122,
      1.1901441812515259,
      1.188767671585083,
      1.1906547546386719,
      1.1898876428604126,
      1.1901404857635498,
      1.18938148021698,
      1.1900393962860107,
      1.1902252435684204,
      1.1910860538482666,
      1.1914385557174683,
      1.1905714273452759,
      1.1911240816116333,
      1.1919158697128296,
      1.1917201280593872,
      1.1913695335388184,
      1.192578673362732,
      1.1925079822540283,
      1.1925729513168335,
      1.1926522254943848,
      1.1925345659255981,
      1.1923426389694214,
      1.1938676834106445,
      1.1938191652297974,
      1.1938906908035278,
      1.1944185495376587,
      1.1944360733032227,
      1.194024682044983,
      1.1949007511138916,
      1.1937018632888794,
      1.1955087184906006,
      1.1958668231964111,
      1.1953868865966797,
      1.1961112022399902,
      1.1967405080795288,
      1.196753978729248,
      1.1967371702194214,
      1.1968542337417603,
      1.196751594543457,
      1.197161078453064,
      1.1984891891479492,
      1.198732852935791,
      1.1980632543563843,
      1.1986117362976074,
      1.199152946472168,
      1.1995009183883667,
      1.1986967325210571,
      1.1983768939971924,
      1.1993975639343262,
      1.199574589729309,
      1.1996819972991943,
      1.1992555856704712,
      1.1999526023864746,
      1.2007715702056885,
      1.2000343799591064,
      1.2008432149887085,
      1.1998223066329956,
      1.1999632120132446,
      1.2009446620941162,
      1.2015137672424316,
      1.2003298997879028,
      1.2001252174377441,
      1.200675129890442,
      1.2014909982681274,
      1.2006787061691284,
      1.2016642093658447,
      1.2012513875961304,
      1.2015506029129028,
      1.2014386653900146,
      1.2019442319869995,
      1.2026286125183105,
      1.2019134759902954,
      1.202627182006836,
      1.2020025253295898,
      1.2021459341049194,
      1.201127290725708,
      1.202592134475708,
      1.2023969888687134,
      1.202294111251831,
      1.2017512321472168,
      1.2025420665740967,
      1.202736496925354,
      1.2024601697921753,
      1.2025995254516602,
      1.2028746604919434,
      1.2032970190048218,
      1.2026686668395996,
      1.2030608654022217,
      1.20320463180542,
      1.2034697532653809,
      1.2035531997680664,
      1.2044352293014526,
      1.2038521766662598,
      1.2038524150848389,
      1.2038956880569458,
      1.2040737867355347,
      1.2030713558197021,
      1.2039908170700073,
      1.204757571220398,
      1.2044551372528076,
      1.203479290008545,
      1.2042430639266968,
      1.2047524452209473,
      1.204250693321228,
      1.2046937942504883,
      1.2054840326309204,
      1.2053884267807007,
      1.2046400308609009,
      1.205283284187317,
      1.2043565511703491,
      1.2052512168884277,
      1.2062307596206665,
      1.205175518989563,
      1.2057551145553589,
      1.206172227859497,
      1.2057374715805054,
      1.2061715126037598,
      1.205620288848877,
      1.2062946557998657,
      1.2064721584320068,
      1.2055631875991821,
      1.2059980630874634,
      1.206955075263977,
      1.2068854570388794,
      1.2062630653381348,
      1.206758737564087,
      1.2067244052886963,
      1.206849217414856,
      1.2067975997924805,
      1.206895351409912,
      1.2079154253005981,
      1.2074707746505737,
      1.208189845085144,
      1.2078924179077148,
      1.2089614868164062,
      1.2092046737670898,
      1.208598256111145,
      1.210226058959961,
      1.2106448411941528,
      1.2102476358413696,
      1.2110018730163574,
      1.2100286483764648,
      1.2106422185897827,
      1.210496187210083,
      1.2109527587890625,
      1.2105413675308228,
      1.211240530014038,
      1.2111742496490479,
      1.212343454360962,
