{
  "config": {
    "early_stopping": true,
    "epochs": 601,
    "expert_lr": 0.00122842,
    "expert_momentum": 0.958272,
    "expert_num": 4,
    "expert_weight_decay": 0.0,
    "load_balancing": false,
    "ns_steps": 7,
    "optimizer_family": "muon",
    "router_lr": 0.01590336,
    "router_momentum": 0.961421,
    "router_weight_decay": 0.001
  },
  "eval_metrics": {
    "accuracy": 92.9375,
    "dispatch_counts": [
      [
        324.0,
        447.0,
        46.0,
        11.0
      ],
      [
        503.0,
        167.0,
        25.0,
        85.0
      ],
      [
        4.0,
        62.0,
        443.0,
        303.0
      ],
      [
        19.0,
        343.0,
        78.0,
        340.0
      ]
    ],
    "entropy": 0.9796360731124878,
    "loss": 0.38388729095458984,
    "runtime_seconds": 0.0042784130200743675,
    "split": "validation"
  },
  "fold_index": 4,
  "mode": "nonlinear",
  "seed": 31915,
  "setting": 3,
  "total_runtime_seconds": 17.62662604311481,
  "train_metrics": {
    "dispatch_counts": [
      [
        1239.0,
        1857.0,
        161.0,
        58.0
      ],
      [
        2000.0,
        722.0,
        79.0,
        316.0
      ],
      [
        8.0,
        244.0,
        1801.0,
        1197.0
      ],
      [
        80.0,
        1355.0,
        307.0,
        1376.0
      ]
    ],
    "entropy_record": [
      1.3855947256088257,
      1.3247448205947876,
      1.2325485944747925,
      1.162986397743225,
      1.135913372039795,
      1.1138993501663208,
      1.1124399900436401,
      1.106633186340332,
      1.104528546333313,
      1.09635591506958,
      1.1015679836273193,
      1.0896327495574951,
      1.090846061706543,
      1.086228847503662,
      1.0851645469665527,
      1.0829871892929077,
      1.0826010704040527,
      1.076938509941101,
      1.077406406402588,
      1.0768378973007202,
      1.0742517709732056,
      1.0712172985076904,
      1.0692074298858643,
      1.0660561323165894,
      1.0599937438964844,
      1.0582528114318848,
      1.0499341487884521,
      1.049443244934082,
      1.0468523502349854,
      1.0407280921936035,
      1.0361851453781128,
      1.0368924140930176,
      1.0331965684890747,
      1.0295475721359253,
      1.0266170501708984,
      1.0225002765655518,
      1.0219007730484009,
      1.0210516452789307,
      1.020488977432251,
      1.018303394317627,
      1.0160669088363647,
      1.0169953107833862,
      1.0129601955413818,
      1.013314962387085,
      1.0126843452453613,
      1.013323426246643,
      1.0129098892211914,
      1.0116465091705322,
      1.0151287317276,
      1.0118247270584106,
      1.010507345199585,
      1.0094294548034668,
      1.013471245765686,
      1.0138161182403564,
      1.0124891996383667,
      1.0145505666732788,
      1.0147285461425781,
      1.0149439573287964,
      1.015795111656189,
      1.0148853063583374,
      1.0167381763458252,
      1.0167734622955322,
      1.0174568891525269,
      1.0163562297821045,
      1.0185601711273193,
      1.0184521675109863,
      1.018305778503418,
      1.0154407024383545,
      1.0172276496887207,
      1.0166220664978027,
      1.0206681489944458,
      1.021167278289795,
      1.0208016633987427,
      1.0213840007781982,
      1.020139455795288,
      1.0210094451904297,
      1.0235023498535156,
      1.0209368467330933,
      1.0242671966552734,
      1.0252493619918823,
      1.0243135690689087,
      1.0245208740234375,
      1.0259885787963867,
      1.0262081623077393,
      1.02474045753479,
      1.024683952331543,
      1.0278857946395874,
      1.026231050491333,
      1.0249329805374146,
      1.0272722244262695,
      1.0268408060073853,
      1.0275474786758423,
      1.0313351154327393,
      1.0284656286239624,
      1.0286072492599487,
      1.0294244289398193,
      1.0287443399429321,
      1.0300886631011963,
      1.0293545722961426,
      1.0302457809448242,
      1.0314878225326538,
      1.030375361442566,
      1.0300798416137695,
      1.0312002897262573,
      1.029386281967163,
      1.0283398628234863,
      1.0300731658935547,
      1.0293853282928467,
      1.0283052921295166,
      1.0283126831054688,
      1.0303823947906494,
      1.0298359394073486,
      1.0284755229949951,
      1.0302801132202148,
      1.0284346342086792,
      1.0280027389526367,
      1.0271092653274536,
      1.0269056558609009,
      1.028777837753296,
      1.0275589227676392,
      1.0274605751037598,
      1.028927206993103,
      1.0270107984542847,
      1.0276682376861572,
      1.0284785032272339,
      1.0282655954360962,
      1.0268707275390625,
      1.028251051902771,
      1.0259588956832886,
      1.0264205932617188,
      1.0256080627441406,
      1.0252494812011719,
      1.0236759185791016,
      1.0246399641036987,
      1.023505687713623,
      1.023442268371582,
      1.0220844745635986,
      1.0222339630126953,
      1.020643949508667,
      1.0209776163101196,
      1.0192201137542725,
      1.0176153182983398,
      1.019195556640625,
      1.0174189805984497,
      1.0165247917175293,
      1.0155282020568848,
      1.0163824558258057,
      1.0156114101409912,
      1.0141851902008057,
      1.0121700763702393,
      1.0114881992340088,
      1.01124906539917,
      1.0108036994934082,
      1.0095651149749756,
      1.0090290307998657,
      1.0080146789550781,
      1.0072705745697021,
      1.0077098608016968,
      1.007729411125183,
      1.005205750465393,
      1.0036354064941406,
      1.004362940788269,
      1.0039288997650146,
      1.0024744272232056,
      1.00211763381958,
      1.0023362636566162,
      1.0010583400726318,
      1.0024032592773438,
      0.9998010396957397,
      1.000409483909607,
      0.9988366365432739,
      0.9993672370910645,
      0.9970754981040955,
      0.9972447156906128,
      0.9966193437576294,
      0.9971684217453003,
      0.9974040985107422,
      0.9960203170776367,
      0.9954940676689148,
      0.9948824644088745,
      0.9948338270187378,
      0.9932392239570618,
      0.9955224990844727,
      0.994993269443512,
      0.9939873814582825,
      0.9953696727752686,
      0.9920741319656372,
      0.9934548139572144,
      0.9919712543487549,
      0.9917252063751221,
      0.9923267364501953,
      0.9916333556175232,
      0.9920823574066162,
      0.9902325868606567,
      0.9909635782241821,
      0.9916496276855469,
      0.9906908273696899,
      0.9904506802558899,
      0.9914847612380981,
      0.9910438656806946,
      0.9911353588104248,
      0.9902986288070679,
      0.9880263805389404,
      0.9905481934547424,
      0.9908119440078735,
      0.990646243095398,
      0.9907119274139404,
      0.9896024465560913,
      0.9905601739883423,
      0.9906402826309204,
      0.9910882711410522,
      0.9906140565872192,
      0.9911274313926697,
      0.9913656115531921,
      0.9915924668312073,
      0.9910736083984375,
      0.9921829104423523,
      0.9893759489059448,
      0.9910008907318115,
      0.9923113584518433,
      0.9911257028579712,
      0.9905651807785034,
      0.9894688129425049,
      0.9904139637947083,
      0.9904921054840088,
      0.9898968935012817,
      0.9896810054779053,
      0.9904806613922119,
      0.9906141757965088,
      0.9904919862747192,
      0.9891148805618286,
      0.9885201454162598,
      0.9887360334396362,
      0.9886741042137146,
      0.9877539873123169,
      0.9890619516372681,
      0.9867311716079712,
      0.988176703453064,
      0.989493191242218,
      0.9881553649902344,
      0.9872164130210876,
      0.9870743751525879,
      0.9886195063591003,
      0.9866192936897278,
      0.987567663192749,
      0.9860392808914185,
      0.9867607355117798,
      0.9852619171142578,
      0.9852778315544128,
      0.9857458472251892,
      0.9862130880355835,
      0.9855644702911377,
      0.9843271970748901,
      0.9855715036392212,
      0.9838478565216064,
      0.9837796092033386,
