{
  "config": {
    "early_stopping": true,
    "epochs": 601,
    "expert_lr": 0.00062889,
    "expert_momentum": 0.941808,
    "expert_num": 4,
    "expert_weight_decay": 1e-05,
    "load_balancing": false,
    "optimizer_family": "original",
    "router_lr": 0.23058394,
    "router_momentum": 0.981141,
    "router_weight_decay": 0.0
  },
  "eval_metrics": {
    "accuracy": 99.28125,
    "dispatch_counts": [
      [
        814.0,
        5.0,
        9.0,
        1.0
      ],
      [
        1.0,
        777.0,
        0.0,
        1.0
      ],
      [
        7.0,
        0.0,
        804.0,
        1.0
      ],
      [
        1.0,
        2.0,
        5.0,
        772.0
      ]
    ],
    "entropy": 0.06338689476251602,
    "loss": 0.32044917345046997,
    "runtime_seconds": 0.0046293120831251144,
    "split": "validation"
  },
  "fold_index": 1,
  "mode": "nonlinear",
  "seed": 20412,
  "setting": 2,
  "total_runtime_seconds": 27.088552678003907,
  "train_metrics": {
    "dispatch_counts": [
      [
        3208.0,
        29.0,
        72.0,
        5.0
      ],
      [
        3.0,
        3112.0,
        2.0,
        1.0
      ],
      [
        11.0,
        5.0,
        3230.0,
        4.0
      ],
      [
        10.0,
        6.0,
        26.0,
        3076.0
      ]
    ],
    "entropy_record": [
      1.3857580423355103,
      1.385326623916626,
      1.3855335712432861,
      1.385725736618042,
      1.3857154846191406,
      1.385751485824585,
      1.385335922241211,
      1.385732650756836,
      1.3851933479309082,
      1.384879231452942,
      1.3793132305145264,
      1.3585522174835205,
      1.2697858810424805,
      1.004698634147644,
      0.701321542263031,
      0.5510954856872559,
      0.44061079621315,
      0.3607058525085449,
      0.3035878539085388,
      0.25545448064804077,
      0.22072216868400574,
      0.1920824497938156,
      0.17242677509784698,
      0.1572253555059433,
      0.1455228626728058,
      0.1396283507347107,
      0.13178107142448425,
      0.12439088523387909,
      0.11974947154521942,
      0.1156681552529335,
      0.11203864216804504,
      0.10750304162502289,
      0.10531355440616608,
      0.1038096472620964,
      0.10048983991146088,
      0.09914698451757431,
      0.09854298830032349,
      0.09670357406139374,
      0.09572582691907883,
      0.09519325196743011,
      0.09217824041843414,
      0.09314358979463577,
      0.0916261151432991,
      0.0916486382484436,
      0.08889830112457275,
      0.09088999032974243,
      0.09199865162372589,
      0.09023436903953552,
      0.08987367898225784,
      0.08740062266588211,
      0.08598459511995316,
      0.0857439637184143,
      0.08758457005023956,
      0.08591848611831665,
      0.08813303709030151,
      0.08548448234796524,
      0.08485639840364456,
      0.08598776161670685,
      0.08422864228487015,
      0.08308807015419006,
      0.08433099091053009,
      0.08355677127838135,
      0.08527689427137375,
      0.08366822451353073,
      0.08457086235284805,
      0.08217433094978333,
      0.08317282050848007,
      0.08202328532934189,
      0.08442562818527222,
      0.08273474872112274,
      0.0813828855752945,
      0.08358655869960785,
      0.08414290100336075,
      0.08341648429632187,
      0.08218447118997574,
      0.08100782334804535,
      0.08100531995296478,
      0.07955792546272278,
      0.08177448809146881,
      0.08111169934272766,
      0.08317246288061142,
      0.08074552565813065,
      0.08023621141910553,
      0.08000640571117401,
      0.07995402812957764,
      0.0828050896525383,
      0.08095511049032211,
      0.08144915848970413,
      0.07978858798742294,
      0.07976287603378296,
      0.08151604235172272,
      0.08059578388929367,
      0.08000422269105911,
      0.08003172278404236,
      0.08074072003364563,
      0.08048460632562637,
      0.07912109047174454,
      0.07801450788974762,
      0.08102721720933914,
      0.07947828620672226,
      0.07933191955089569,
      0.0810999870300293,
      0.0793386772274971,
      0.08000422269105911,
      0.07985863089561462,
      0.07920435816049576,
      0.08050009608268738,
      0.0796189159154892,
      0.07923459261655807,
      0.0804978758096695,
      0.08054758608341217,
      0.07810326665639877,
      0.0792108103632927,
      0.07857365906238556,
      0.08025029301643372,
      0.07900173217058182,
      0.08069766312837601,
      0.08054458349943161,
      0.08038169145584106,
      0.08063318580389023,
      0.07872481644153595,
      0.07951928675174713,
      0.07861141115427017,
      0.0788610652089119,
      0.08011604845523834,
      0.07955849915742874,
      0.07901883125305176,
      0.08041223883628845,
      0.07936795055866241,
      0.0798187330365181,
      0.07928061485290527,
      0.07946618646383286,
      0.07848233729600906,
      0.07962661981582642,
      0.07872041314840317,
      0.07960594445466995,
      0.07953996956348419,
      0.07868476212024689,
      0.07820731401443481,
      0.07776918262243271,
      0.07872041314840317,
      0.07953344285488129,
      0.07911642640829086,
      0.0783650353550911,
      0.07845966517925262,
      0.07931621372699738,
      0.07791658490896225,
      0.0792941004037857,
      0.07872041314840317,
      0.07828666269779205,
      0.07901883125305176,
      0.07872041314840317,
      0.07713308185338974,
      0.07932264357805252,
      0.07930653542280197,
      0.07945692539215088,
      0.0781441405415535,
      0.07856367528438568,
      0.07826521247625351,
      0.07779019325971603,
      0.07994388043880463,
      0.0787942036986351,
      0.07945692539215088,
      0.07914374768733978,
      0.08013715595006943,
      0.07852279394865036,
      0.07833895832300186,
      0.07990189641714096,
      0.07836306840181351,
      0.08000977337360382,
      0.07824386656284332,
      0.07896088808774948,
      0.07872041314840317,
      0.07770603895187378,
      0.07887410372495651,
      0.07929908484220505,
      0.07816120982170105,
      0.08054758608341217,
      0.07842908799648285,
      0.07900603860616684,
      0.07959018647670746,
      0.07819423824548721,
      0.0787942036986351,
      0.07945692539215088,
      0.07756320387125015,
      0.0798187330365181,
      0.07784294337034225,
      0.07859654724597931,
      0.07896088808774948,
      0.07855270057916641,
      0.07931621372699738,
      0.07780135422945023,
      0.07850570231676102,
      0.07923459261655807,
      0.0795203447341919,
      0.07889772951602936,
      0.07922586798667908,
      0.0795203447341919,
      0.07874561846256256,
      0.07913494855165482,
      0.07842092216014862,
      0.07835602760314941,
      0.07884669303894043,
      0.07890238612890244,
      0.07846171408891678,
      0.07760729640722275,
      0.07952418923377991,
      0.07915855944156647,
      0.07806763797998428,
      0.07796570658683777,
      0.07872041314840317,
      0.07945692539215088,
      0.07915855944156647,
      0.07798274606466293,
      0.07842443138360977,
      0.07822436839342117,
      0.07810303568840027,
      0.07746966928243637,
      0.07836306840181351,
      0.07967803627252579,
      0.07988852262496948,
      0.07909414172172546,
      0.07973062992095947,
      0.07900065928697586,
      0.07870335131883621,
      0.07850570231676102,
      0.079180046916008,
      0.07842092216014862,
      0.07776918262243271,
      0.0787942036986351,
      0.07855859398841858,
      0.07836306840181351,
      0.07906895130872726,
      0.07866250723600388,
      0.0786885991692543,
      0.07936356216669083,
      0.07746259868144989,
      0.07753106206655502,
      0.07745432108640671,
      0.07820731401443481,
      0.07836306840181351,
      0.07792487740516663,
      0.07858455181121826,
      0.07776918262243271,
      0.07756052166223526,
      0.07901883125305176,
      0.07901883125305176,
      0.07790783792734146,
      0.07939247786998749,
