{
  "config": {
    "early_stopping": true,
    "epochs": 601,
    "expert_lr": 0.00062889,
    "expert_momentum": 0.941808,
    "expert_num": 4,
    "expert_weight_decay": 1e-05,
    "load_balancing": false,
    "optimizer_family": "original",
    "router_lr": 0.23058394,
    "router_momentum": 0.981141,
    "router_weight_decay": 0.0
  },
  "eval_metrics": {
    "accuracy": 99.25,
    "dispatch_counts": [
      [
        826.0,
        1.0,
        1.0,
        0.0
      ],
      [
        2.0,
        1.0,
        0.0,
        777.0
      ],
      [
        1.0,
        0.0,
        810.0,
        1.0
      ],
      [
        3.0,
        773.0,
        1.0,
        3.0
      ]
    ],
    "entropy": 0.031148461624979973,
    "loss": 0.3208133578300476,
    "runtime_seconds": 0.004461921751499176,
    "split": "validation"
  },
  "fold_index": 0,
  "mode": "nonlinear",
  "seed": 20411,
  "setting": 2,
  "total_runtime_seconds": 27.11250046780333,
  "train_metrics": {
    "dispatch_counts": [
      [
        3303.0,
        9.0,
        1.0,
        2.0
      ],
      [
        3.0,
        3.0,
        2.0,
        3109.0
      ],
      [
        5.0,
        2.0,
        3238.0,
        5.0
      ],
      [
        11.0,
        3092.0,
        5.0,
        10.0
      ]
    ],
    "entropy_record": [
      1.3857245445251465,
      1.3855682611465454,
      1.385707139968872,
      1.3856687545776367,
      1.3854902982711792,
      1.385676622390747,
      1.3857591152191162,
      1.3856151103973389,
      1.3852927684783936,
      1.385418176651001,
      1.3821017742156982,
      1.3699225187301636,
      1.3211064338684082,
      1.1510035991668701,
      0.6931931972503662,
      0.32968467473983765,
      0.20963609218597412,
      0.15005196630954742,
      0.11671899259090424,
      0.09154637157917023,
      0.07831459492444992,
      0.06947659701108932,
      0.06370940804481506,
      0.05704282224178314,
      0.053803667426109314,
      0.05354848876595497,
      0.04685036092996597,
      0.045379266142845154,
      0.046867597848176956,
      0.042701900005340576,
      0.04406358301639557,
      0.04125384986400604,
      0.04302195459604263,
      0.04059567674994469,
      0.03853776678442955,
      0.040076740086078644,
      0.039443761110305786,
      0.03950461745262146,
      0.03959047049283981,
      0.03886937350034714,
      0.039638735353946686,
      0.03602566197514534,
      0.03666657954454422,
      0.03852398321032524,
      0.037015289068222046,
      0.03814200311899185,
      0.037092287093400955,
      0.03696063533425331,
      0.03619333729147911,
      0.03666386753320694,
      0.03711415454745293,
      0.03759165108203888,
      0.037704866379499435,
      0.03674239665269852,
      0.03519231826066971,
      0.03525320813059807,
      0.03592455014586449,
      0.03623798117041588,
      0.035637009888887405,
      0.03528402000665665,
      0.03665705770254135,
      0.036779966205358505,
      0.03485501557588577,
      0.03532544523477554,
      0.036278486251831055,
      0.034410301595926285,
      0.036320965737104416,
      0.034410301595926285,
      0.035322535783052444,
      0.03487366437911987,
      0.0342697910964489,
      0.03469407558441162,
      0.03383992984890938,
      0.035474665462970734,
      0.033441804349422455,
      0.03444091975688934,
      0.03541979193687439,
      0.034839339554309845,
      0.03530353307723999,
      0.035322535783052444,
      0.03536902368068695,
      0.03487076982855797,
      0.03390232101082802,
      0.03489275276660919,
      0.03482334688305855,
      0.03536902368068695,
      0.03391188755631447,
      0.0349552184343338,
      0.034354183822870255,
      0.034843120723962784,
      0.03380934149026871,
      0.033600468188524246,
      0.03472157567739487,
      0.03450528159737587,
      0.034354183822870255,
      0.03493919223546982,
      0.03345998749136925,
      0.03537476807832718,
      0.033010564744472504,
      0.0342697910964489,
      0.03487076982855797,
      0.03400511294603348,
      0.03383992984890938,
      0.03383992984890938,
      0.03522181138396263,
      0.034338176250457764,
      0.03390232101082802,
      0.032999418675899506,
      0.03383992984890938,
      0.03398042172193527,
      0.03353487700223923,
      0.03385597839951515,
      0.034338176250457764,
      0.03390232101082802,
      0.035474665462970734,
      0.03450337052345276,
      0.03383992984890938,
      0.034111764281988144,
      0.03487076982855797,
      0.03254994377493858,
      0.033010564744472504,
      0.033441804349422455,
      0.03250116854906082,
      0.034338176250457764,
      0.03444091975688934,
      0.03383992984890938,
      0.03337942808866501,
      0.032961755990982056,
      0.03345998749136925,
      0.033010564744472504,
      0.03487076982855797,
      0.033404089510440826,
      0.032961755990982056,
      0.03345998749136925,
      0.0335627943277359,
      0.03345998749136925,
      0.033611658960580826,
      0.033441804349422455,
      0.03443778306245804,
      0.033600468188524246,
      0.032961755990982056,
      0.03341367840766907,
      0.03345998749136925,
      0.034338176250457764,
      0.033404089510440826,
      0.03345998749136925,
      0.03391188755631447,
      0.03434017673134804,
      0.03345998749136925,
      0.03337942808866501,
      0.032961755990982056,
      0.034447312355041504,
      0.0334625206887722,
      0.03489275276660919,
      0.032961755990982056,
      0.03383992984890938,
      0.033962640911340714,
      0.03385597839951515,
      0.03459838777780533,
      0.03250116854906082,
      0.0335107184946537,
      0.03345998749136925,
      0.033939555287361145,
      0.033404089510440826,
      0.033404089510440826,
      0.033404089510440826,
      0.032961755990982056,
      0.033404089510440826,
      0.033010564744472504,
      0.03345998749136925,
      0.033010564744472504,
      0.032961755990982056,
      0.034356169402599335,
      0.032961755990982056,
      0.032961755990982056,
      0.033404089510440826,
      0.032512322068214417,
      0.03345998749136925,
      0.033611658960580826,
      0.033005330711603165,
      0.033939555287361145,
      0.033497199416160583,
      0.0329643078148365,
      0.033010564744472504,
      0.033404089510440826,
      0.0342697910964489,
      0.03497639298439026,
      0.03255332633852959,
      0.033404089510440826,
      0.032961755990982056,
      0.033404089510440826,
      0.03347901999950409,
      0.03250116854906082,
      0.03450337052345276,
      0.03245385363698006,
      0.033404089510440826,
      0.032512322068214417,
      0.03294353932142258,
      0.033611658960580826,
      0.03341367840766907,
      0.033010564744472504,
      0.033404089510440826,
      0.03250116854906082,
      0.03250116854906082,
      0.032999418675899506,
      0.032961755990982056,
      0.03315102681517601,
      0.03459896892309189,
      0.03310219198465347,
      0.03294353932142258,
      0.033404089510440826,
      0.03341367840766907,
      0.03383992984890938,
      0.033497199416160583,
      0.033010564744472504,
      0.032961755990982056,
      0.033404089510440826,
      0.03345998749136925,
      0.03383992984890938,
      0.03429176285862923,
      0.03441205248236656,
      0.03400511294603348,
      0.03345998749136925,
      0.032961755990982056,
      0.032512322068214417,
      0.03250116854906082,
      0.03400511294603348,
      0.0334625206887722,
      0.033404089510440826,
      0.03385597839951515,
      0.032961755990982056,
      0.032961755990982056,
      0.03255332633852959,
      0.03391188755631447,
      0.033404089510440826,
      0.033404089510440826,
      0.03345998749136925,
      0.033404089510440826,
      0.033010564744472504,
      0.03400511294603348,
      0.033497199416160583,
      0.033461954444646835,
      0.03315102681517601,
      0.032051678746938705,
