{
  "config": {
    "early_stopping": true,
    "epochs": 601,
    "expert_lr": 0.00062889,
    "expert_momentum": 0.941808,
    "expert_num": 4,
    "expert_weight_decay": 1e-05,
    "load_balancing": false,
    "optimizer_family": "original",
    "router_lr": 0.23058394,
    "router_momentum": 0.981141,
    "router_weight_decay": 0.0
  },
  "eval_metrics": {
    "accuracy": 90.15625,
    "dispatch_counts": [
      [
        123.0,
        509.0,
        155.0,
        41.0
      ],
      [
        21.0,
        89.0,
        654.0,
        16.0
      ],
      [
        61.0,
        647.0,
        84.0,
        20.0
      ],
      [
        655.0,
        46.0,
        28.0,
        51.0
      ]
    ],
    "entropy": 0.9162917733192444,
    "loss": 0.41181182861328125,
    "runtime_seconds": 0.004385953303426504,
    "split": "validation"
  },
  "fold_index": 4,
  "mode": "nonlinear",
  "seed": 20415,
  "setting": 2,
  "total_runtime_seconds": 27.092951632104814,
  "train_metrics": {
    "dispatch_counts": [
      [
        539.0,
        1970.0,
        614.0,
        192.0
      ],
      [
        90.0,
        405.0,
        2526.0,
        96.0
      ],
      [
        210.0,
        2649.0,
        309.0,
        82.0
      ],
      [
        2719.0,
        170.0,
        87.0,
        142.0
      ]
    ],
    "entropy_record": [
      1.385599970817566,
      1.3854624032974243,
      1.3856570720672607,
      1.3856680393218994,
      1.3854155540466309,
      1.3855916261672974,
      1.3855887651443481,
      1.3854212760925293,
      1.3854739665985107,
      1.3842604160308838,
      1.375465750694275,
      1.3406192064285278,
      1.2324776649475098,
      0.9367355108261108,
      0.7053709626197815,
      0.627182126045227,
      0.6026740074157715,
      0.5843682885169983,
      0.5802987813949585,
      0.5742744207382202,
      0.5739598274230957,
      0.5795804262161255,
      0.5767272114753723,
      0.5804424285888672,
      0.583548903465271,
      0.5798918008804321,
      0.5841304063796997,
      0.5876010656356812,
      0.5963692665100098,
      0.6010003685951233,
      0.6054559946060181,
      0.6095104217529297,
      0.6162548065185547,
      0.6236556768417358,
      0.6328950524330139,
      0.6405680179595947,
      0.6517647504806519,
      0.6606624722480774,
      0.6702457666397095,
      0.6770048141479492,
      0.6837679743766785,
      0.6918920874595642,
      0.6966545581817627,
      0.7007783055305481,
      0.7063338756561279,
      0.712611973285675,
      0.7185576558113098,
      0.7255212068557739,
      0.7296924591064453,
      0.7365183234214783,
      0.7410915493965149,
      0.7465852499008179,
      0.7492992877960205,
      0.7556267976760864,
      0.756726861000061,
      0.7620726823806763,
      0.7629678845405579,
      0.7668845057487488,
      0.7691861987113953,
      0.7705610990524292,
      0.7749342918395996,
      0.7768881916999817,
      0.7805690169334412,
      0.782784104347229,
      0.784913182258606,
      0.7865996360778809,
      0.7905212640762329,
      0.7935983538627625,
      0.7963635921478271,
      0.798774778842926,
      0.8020675182342529,
      0.804610550403595,
      0.8079172372817993,
      0.8099009990692139,
      0.8112465143203735,
      0.8142277002334595,
      0.8145474791526794,
      0.8154246807098389,
      0.8173269629478455,
      0.8190967440605164,
      0.8202988505363464,
      0.8225037455558777,
      0.824275016784668,
      0.8259071111679077,
      0.8287981152534485,
      0.8296564221382141,
      0.8310487866401672,
      0.8339099884033203,
      0.8346359729766846,
      0.8364295363426208,
      0.836687445640564,
      0.8376952409744263,
      0.8395051956176758,
      0.8394256830215454,
      0.8414177298545837,
      0.8422422409057617,
      0.8434454202651978,
      0.8436368107795715,
      0.8466466069221497,
      0.8483649492263794,
      0.8477619290351868,
      0.8490625023841858,
      0.8491118550300598,
      0.8513526916503906,
      0.852186381816864,
      0.8534015417098999,
      0.8544431328773499,
      0.8547319769859314,
      0.8554151058197021,
      0.8547650575637817,
      0.856961190700531,
      0.8567512035369873,
      0.8588359951972961,
      0.8603463768959045,
      0.8619980812072754,
      0.8611974716186523,
      0.8622053861618042,
      0.8634820580482483,
      0.8641926646232605,
      0.8646158576011658,
      0.8656796813011169,
      0.8664576411247253,
      0.8670722842216492,
      0.8694509863853455,
      0.8697068095207214,
      0.8707334399223328,
      0.8707152009010315,
      0.8713265657424927,
      0.8729242086410522,
      0.8736509084701538,
      0.8740375638008118,
      0.8732897639274597,
      0.8746235370635986,
      0.8754982948303223,
      0.8758588433265686,
      0.8764589428901672,
      0.876653790473938,
      0.8768154382705688,
      0.8768864274024963,
      0.8778971433639526,
      0.878385066986084,
      0.8789544701576233,
      0.8792948126792908,
      0.8798636198043823,
      0.8796770572662354,
      0.8814670443534851,
      0.8813552260398865,
      0.8815863132476807,
      0.8826173543930054,
      0.8817581534385681,
      0.8835647702217102,
      0.8843508958816528,
      0.8834446668624878,
      0.8832323551177979,
      0.8854465484619141,
      0.8859578967094421,
      0.8864102363586426,
      0.8869857788085938,
      0.8870104551315308,
      0.8874192237854004,
      0.8889098167419434,
      0.8880264759063721,
      0.8889687061309814,
      0.8885623812675476,
      0.8893331289291382,
      0.8901938796043396,
      0.8903630971908569,
      0.8909823298454285,
      0.8906617760658264,
      0.8920812606811523,
      0.891449511051178,
      0.8915787935256958,
      0.8930458426475525,
      0.892579197883606,
      0.8923652172088623,
      0.8936147689819336,
      0.8943436741828918,
      0.8955337405204773,
      0.8947921395301819,
      0.8943278789520264,
      0.8952176570892334,
      0.8956012725830078,
      0.8962901830673218,
      0.895422637462616,
      0.8966628313064575,
      0.8965986967086792,
      0.8971017003059387,
      0.8970674872398376,
      0.8973027467727661,
      0.8976314067840576,
      0.8978618383407593,
      0.8985598683357239,
      0.8981643915176392,
      0.8990306258201599,
      0.8982826471328735,
      0.8998628258705139,
      0.8996046185493469,
      0.9001696109771729,
      0.9002652168273926,
      0.9007290601730347,
      0.9007983803749084,
      0.9007498025894165,
      0.901045560836792,
      0.9021733403205872,
      0.9011101722717285,
      0.9023157954216003,
      0.9023357629776001,
      0.9013834595680237,
      0.9024500250816345,
      0.9027032256126404,
      0.9025778770446777,
      0.9022431969642639,
      0.902080774307251,
      0.9023670554161072,
      0.9033641219139099,
      0.9035947322845459,
      0.9037927389144897,
      0.9040106534957886,
      0.9036532044410706,
      0.9037061333656311,
      0.9042310118675232,
      0.9044656157493591,
      0.9044830203056335,
      0.9046036005020142,
      0.9035360813140869,
      0.9047065377235413,
      0.9046815037727356,
      0.9048900008201599,
      0.9045839905738831,
      0.9055290818214417,
      0.9058380126953125,
      0.9048343300819397,
      0.9050716161727905,
      0.9053135514259338,
      0.9054270386695862,
      0.9049339890480042,
      0.904867947101593,
      0.9049047231674194,
      0.905538022518158,
      0.9053471088409424,
      0.9053820371627808,
      0.9070022702217102,
      0.9062464237213135,
      0.9057888388633728,
      0.9067158102989197,
      0.9062955379486084,
      0.9063156843185425,
      0.9067018628120422,
      0.9059985876083374,
      0.9061957597732544,
      0.9067338109016418,
      0.9063800573348999,
      0.9055734872817993,
      0.9064310193061829,
      0.907297670841217,
      0.906224250793457,
