{
  "config": {
    "early_stopping": true,
    "epochs": 601,
    "expert_lr": 0.00055543,
    "expert_momentum": 0.898081,
    "expert_num": 8,
    "expert_weight_decay": 0.0,
    "load_balancing": false,
    "ns_steps": 3,
    "optimizer_family": "muon",
    "router_lr": 0.0444663,
    "router_momentum": 0.864002,
    "router_weight_decay": 1e-05
  },
  "eval_metrics": {
    "accuracy": 96.34375,
    "dispatch_counts": [
      [
        1.0,
        197.0,
        68.0,
        399.0,
        2.0,
        0.0,
        161.0,
        1.0
      ],
      [
        4.0,
        1.0,
        359.0,
        22.0,
        392.0,
        0.0,
        0.0,
        1.0
      ],
      [
        416.0,
        347.0,
        25.0,
        15.0,
        0.0,
        0.0,
        8.0,
        1.0
      ],
      [
        1.0,
        12.0,
        0.0,
        28.0,
        2.0,
        0.0,
        378.0,
        359.0
      ]
    ],
    "entropy": 0.4423378109931946,
    "loss": 0.34982410073280334,
    "runtime_seconds": 0.007472828961908817,
    "split": "validation"
  },
  "fold_index": 1,
  "mode": "nonlinear",
  "seed": 31712,
  "setting": 3,
  "total_runtime_seconds": 10.753269225358963,
  "train_metrics": {
    "dispatch_counts": [
      [
        17.0,
        716.0,
        298.0,
        1616.0,
        3.0,
        0.0,
        664.0,
        0.0
      ],
      [
        6.0,
        9.0,
        1399.0,
        101.0,
        1588.0,
        0.0,
        0.0,
        15.0
      ],
      [
        1670.0,
        1415.0,
        48.0,
        95.0,
        0.0,
        0.0,
        20.0,
        2.0
      ],
      [
        0.0,
        74.0,
        21.0,
        98.0,
        2.0,
        0.0,
        1494.0,
        1429.0
      ]
    ],
    "entropy_record": [
      1.385109543800354,
      0.9640524387359619,
      0.6711434721946716,
      0.571933388710022,
      0.5254775285720825,
      0.5025140047073364,
      0.48710525035858154,
      0.4735483229160309,
      0.4675954282283783,
      0.45225027203559875,
      0.44950899481773376,
      0.44255223870277405,
      0.43694379925727844,
      0.4362666606903076,
      0.43990814685821533,
      0.4392460286617279,
      0.4404307007789612,
      0.44250428676605225,
      0.44085627794265747,
      0.4444001019001007,
      0.44264957308769226,
      0.444263756275177,
      0.43991634249687195,
      0.4434534013271332,
      0.4394603669643402,
      0.43335437774658203,
      0.432781845331192,
      0.425556480884552,
      0.4233378767967224,
      0.4195716977119446,
      0.4155634343624115,
      0.40905988216400146,
      0.40523073077201843,
      0.39766138792037964,
      0.3933095335960388,
      0.3879529535770416,
      0.38473087549209595,
      0.381147563457489,
      0.3796863853931427,
      0.3750097155570984,
      0.37090954184532166,
      0.3714445233345032,
      0.368979811668396,
      0.36938998103141785,
      0.36870718002319336,
      0.368306428194046,
      0.36744990944862366,
      0.3672626316547394,
      0.36552584171295166,
      0.36589890718460083,
      0.36669921875,
      0.367450088262558,
      0.3667651414871216,
      0.36641591787338257,
      0.3648441433906555,
      0.36661985516548157,
      0.3659757971763611,
      0.36728259921073914,
      0.3668179214000702,
      0.36609771847724915,
      0.36899828910827637,
      0.368272989988327,
      0.3698429465293884,
      0.3702082633972168,
      0.371378630399704,
      0.3706391453742981,
      0.37360358238220215,
      0.37292495369911194,
      0.37349122762680054,
      0.3722410202026367,
      0.3751085102558136,
      0.3767896592617035,
      0.3751281499862671,
      0.37794652581214905,
      0.37985044717788696,
      0.3806808292865753,
      0.38084110617637634,
      0.38263392448425293,
      0.3837597072124481,
      0.3845156729221344,
      0.38534751534461975,
      0.3875012695789337,
      0.3879730701446533,
      0.3888934254646301,
      0.3894627094268799,
      0.39010804891586304,
      0.3928687572479248,
      0.39143452048301697,
      0.39298224449157715,
      0.3925454020500183,
      0.39244508743286133,
      0.3929596245288849,
      0.39406701922416687,
      0.39509153366088867,
      0.39558953046798706,
      0.3965654969215393,
      0.39789679646492004,
      0.3986329436302185,
      0.3995959460735321,
      0.402675598859787,
      0.402016282081604,
      0.4016622006893158,
      0.40198567509651184,
      0.4037444591522217,
      0.40509048104286194,
      0.40595492720603943,
      0.4092891812324524,
      0.410908967256546,
      0.41285136342048645,
      0.41442567110061646,
      0.41467127203941345,
      0.417033314704895,
      0.4179978668689728,
      0.420475035905838,
      0.42126113176345825,
      0.4223519265651703,
      0.4246561527252197,
      0.42660316824913025,
      0.42785704135894775,
      0.42858633399009705,
      0.4310578405857086,
      0.43430107831954956,
      0.43474081158638,
      0.4367453455924988,
      0.4405194818973541,
      0.4415091872215271,
      0.4429267346858978,
      0.44723716378211975
    ],
    "epochs_ran": 128,
    "final_entropy": 0.44723716378211975,
    "final_loss": 0.3557616174221039,
    "plot_diagnostics": null,
    "runtime_seconds": 10.745796396397054
  }
}