{
  "config": {
    "early_stopping": true,
    "epochs": 601,
    "expert_lr": 0.00089464,
    "expert_momentum": 0.909297,
    "expert_num": 4,
    "expert_weight_decay": 0.001,
    "load_balancing": false,
    "ns_steps": 7,
    "optimizer_family": "muon",
    "router_lr": 0.03314981,
    "router_momentum": 0.882052,
    "router_weight_decay": 0.0001
  },
  "eval_metrics": {
    "accuracy": 94.03125,
    "dispatch_counts": [
      [
        500.0,
        0.0,
        86.0,
        221.0
      ],
      [
        117.0,
        0.0,
        486.0,
        197.0
      ],
      [
        93.0,
        0.0,
        343.0,
        365.0
      ],
      [
        116.0,
        544.0,
        78.0,
        54.0
      ]
    ],
    "entropy": 0.9566813111305237,
    "loss": 0.37262672185897827,
    "runtime_seconds": 0.004277970176190138,
    "split": "validation"
  },
  "fold_index": 1,
  "mode": "nonlinear",
  "seed": 12312,
  "setting": 1,
  "total_runtime_seconds": 7.250291951466352,
  "train_metrics": {
    "dispatch_counts": [
      [
        2060.0,
        0.0,
        258.0,
        910.0
      ],
      [
        411.0,
        0.0,
        1965.0,
        823.0
      ],
      [
        402.0,
        0.0,
        1383.0,
        1420.0
      ],
      [
        444.0,
        2304.0,
        226.0,
        194.0
      ]
    ],
    "entropy_record": [
      1.386122226715088,
      1.3112926483154297,
      1.1731984615325928,
      1.1135871410369873,
      1.1161773204803467,
      1.1337547302246094,
      1.1516281366348267,
      1.1535842418670654,
      1.1615492105484009,
      1.16355562210083,
      1.1676641702651978,
      1.1639964580535889,
      1.1573668718338013,
      1.151416540145874,
      1.1444741487503052,
      1.1362743377685547,
      1.1293240785598755,
      1.1221736669540405,
      1.1116713285446167,
      1.107215166091919,
      1.0951145887374878,
      1.0906850099563599,
      1.0859861373901367,
      1.0794596672058105,
      1.0752768516540527,
      1.070279836654663,
      1.0689438581466675,
      1.0648666620254517,
      1.0615602731704712,
      1.0596812963485718,
      1.0604419708251953,
      1.061720371246338,
      1.065056324005127,
      1.0657697916030884,
      1.0679948329925537,
      1.0713359117507935,
      1.0714890956878662,
      1.0693267583847046,
      1.0710575580596924,
      1.0697444677352905,
      1.0672355890274048,
      1.0649718046188354,
      1.0594170093536377,
      1.0552932024002075,
      1.0533076524734497,
      1.0484824180603027,
      1.0427656173706055,
      1.0321800708770752,
      1.0191748142242432,
      1.0083030462265015,
      0.995541512966156,
      0.9839122295379639,
      0.9704303741455078,
      0.9588114619255066,
      0.9463441371917725,
      0.9372944831848145,
      0.9276183247566223,
      0.9188054800033569,
      0.9089372754096985,
      0.9019647240638733,
      0.8904911875724792,
      0.8806225061416626,
      0.8734923601150513,
      0.8669116497039795,
      0.8579406142234802,
      0.8473733067512512,
      0.8392634987831116,
      0.8325682878494263,
      0.8233166933059692,
      0.8165018558502197,
      0.8054972887039185,
      0.7951037883758545,
      0.7867587804794312,
      0.7770862579345703,
      0.7710021734237671,
      0.7626819610595703,
      0.7543772459030151,
      0.746930718421936,
      0.7385692596435547,
      0.7306629419326782,
      0.7254289388656616,
      0.7167424559593201,
      0.7133529186248779,
      0.7037714123725891,
      0.6951332688331604,
      0.6864716410636902,
      0.6816489100456238,
      0.6766746044158936,
      0.671191394329071,
      0.6649502515792847,
      0.6623971462249756,
      0.6562610864639282,
      0.6518824100494385,
      0.6481228470802307,
      0.6419665813446045,
      0.6405450105667114,
      0.6378583312034607,
      0.6350752115249634,
      0.6336712837219238,
      0.6291595697402954,
      0.630585789680481,
      0.6299724578857422,
      0.6292300224304199,
      0.62760329246521,
      0.6258644461631775,
      0.6283231377601624,
      0.6278407573699951,
      0.6297400593757629,
      0.6336778402328491,
      0.6380594968795776,
      0.6404483318328857,
      0.6461433172225952,
      0.649647057056427,
      0.6534757018089294,
      0.6590970754623413,
      0.6654065251350403,
      0.670788049697876,
      0.6788499355316162,
      0.6879075765609741,
      0.6950486302375793,
      0.7017724514007568,
      0.7086176872253418,
      0.7182978391647339,
      0.7282050848007202,
      0.7359654307365417,
      0.7420446872711182,
      0.7516923546791077,
      0.758246898651123,
      0.7676503658294678,
      0.7750934362411499,
      0.7813295125961304,
      0.7890204191207886,
      0.796846866607666,
      0.8055002093315125,
      0.8125749826431274,
      0.8211051821708679,
      0.8273526430130005,
      0.835787296295166,
      0.8407859802246094,
      0.8462810516357422,
      0.8523972034454346,
      0.8579785823822021,
      0.865740180015564,
      0.8718246221542358,
      0.876609206199646,
      0.8828985691070557,
      0.8873957395553589,
      0.8905619978904724,
      0.894912838935852,
      0.900478184223175,
      0.9055564999580383,
      0.9096994400024414,
      0.9138590693473816,
      0.9178327322006226
    ],
    "epochs_ran": 154,
    "final_entropy": 0.9178327322006226,
    "final_loss": 0.3556767702102661,
    "plot_diagnostics": null,
    "runtime_seconds": 7.246013981290162
  }
}