{
  "config": {
    "early_stopping": true,
    "epochs": 601,
    "expert_lr": 0.00089464,
    "expert_momentum": 0.909297,
    "expert_num": 4,
    "expert_weight_decay": 0.001,
    "load_balancing": false,
    "ns_steps": 7,
    "optimizer_family": "muon",
    "router_lr": 0.03314981,
    "router_momentum": 0.882052,
    "router_weight_decay": 0.0001
  },
  "eval_metrics": {
    "accuracy": 92.75,
    "dispatch_counts": [
      [
        1.0,
        0.0,
        806.0,
        0.0
      ],
      [
        739.0,
        38.0,
        23.0,
        0.0
      ],
      [
        0.0,
        4.0,
        2.0,
        795.0
      ],
      [
        0.0,
        222.0,
        48.0,
        522.0
      ]
    ],
    "entropy": 0.41446077823638916,
    "loss": 0.38553547859191895,
    "runtime_seconds": 0.004306099843233824,
    "split": "validation"
  },
  "fold_index": 4,
  "mode": "nonlinear",
  "seed": 12315,
  "setting": 1,
  "total_runtime_seconds": 15.441265800502151,
  "train_metrics": {
    "dispatch_counts": [
      [
        14.0,
        1.0,
        3213.0,
        0.0
      ],
      [
        2959.0,
        140.0,
        100.0,
        0.0
      ],
      [
        0.0,
        12.0,
        5.0,
        3188.0
      ],
      [
        1.0,
        864.0,
        227.0,
        2076.0
      ]
    ],
    "entropy_record": [
      1.3857568502426147,
      1.2163091897964478,
      1.0603716373443604,
      1.0347583293914795,
      1.0609707832336426,
      1.0826292037963867,
      1.0880616903305054,
      1.0831551551818848,
      1.0845167636871338,
      1.0801124572753906,
      1.0853285789489746,
      1.086385726928711,
      1.083256721496582,
      1.083096981048584,
      1.0745444297790527,
      1.0724480152130127,
      1.068550705909729,
      1.0615962743759155,
      1.0563603639602661,
      1.0528336763381958,
      1.0486698150634766,
      1.0499602556228638,
      1.0463405847549438,
      1.0448077917099,
      1.0422749519348145,
      1.038678526878357,
      1.03683602809906,
      1.0384896993637085,
      1.0394119024276733,
      1.0390937328338623,
      1.0400981903076172,
      1.0443569421768188,
      1.0463192462921143,
      1.0472197532653809,
      1.0494120121002197,
      1.0506895780563354,
      1.0491609573364258,
      1.0522410869598389,
      1.0508692264556885,
      1.0502510070800781,
      1.0476547479629517,
      1.0459526777267456,
      1.041572093963623,
      1.0357482433319092,
      1.0309269428253174,
      1.0256494283676147,
      1.0198031663894653,
      1.016571283340454,
      1.0092558860778809,
      1.0017560720443726,
      0.9961509704589844,
      0.9895986318588257,
      0.9795646667480469,
      0.9728186130523682,
      0.9695276618003845,
      0.961910605430603,
      0.9579117298126221,
      0.9505336284637451,
      0.9447611570358276,
      0.9401996731758118,
      0.9354613423347473,
      0.9297407865524292,
      0.9216611385345459,
      0.9156025052070618,
      0.9125520586967468,
      0.9087161421775818,
      0.9072744846343994,
      0.9054086208343506,
      0.9006158709526062,
      0.8960745930671692,
      0.8929316997528076,
      0.8880587220191956,
      0.8815078735351562,
      0.8751843571662903,
      0.8717849254608154,
      0.8683590292930603,
      0.8587002754211426,
      0.8560706377029419,
      0.8519846200942993,
      0.8462022542953491,
      0.8436497449874878,
      0.843429684638977,
      0.8387608528137207,
      0.836090087890625,
      0.8342006206512451,
      0.8284847736358643,
      0.824384868144989,
      0.8233729600906372,
      0.8190026879310608,
      0.8178216218948364,
      0.817952036857605,
      0.8200228214263916,
      0.8214600086212158,
      0.818476676940918,
      0.8153960704803467,
      0.8130569458007812,
      0.81084144115448,
      0.8115679621696472,
      0.8088444471359253,
      0.8055851459503174,
      0.8038731813430786,
      0.8016495108604431,
      0.8006264567375183,
      0.8014146089553833,
      0.7994239330291748,
      0.7977339625358582,
      0.7949221134185791,
      0.7925410270690918,
      0.7883857488632202,
      0.7833681702613831,
      0.7749204039573669,
      0.7730817198753357,
      0.7671464085578918,
      0.7641234397888184,
      0.7595816254615784,
      0.7542805075645447,
      0.7524595260620117,
      0.7507423758506775,
      0.7477541565895081,
      0.7461780905723572,
      0.7421683073043823,
      0.7413196563720703,
      0.7389007806777954,
      0.7335450053215027,
      0.7327563762664795,
      0.7319793701171875,
      0.7281478643417358,
      0.7265602946281433,
      0.7241145968437195,
      0.7230859994888306,
      0.7209740877151489,
      0.7201671004295349,
      0.7174678444862366,
      0.7182190418243408,
      0.7183848023414612,
      0.7192800641059875,
      0.7182836532592773,
      0.7151277661323547,
      0.7150352597236633,
      0.7130323648452759,
      0.7100590467453003,
      0.7052562236785889,
      0.701069176197052,
      0.6980060338973999,
      0.6942021250724792,
      0.6919007301330566,
      0.6892802119255066,
      0.6857276558876038,
      0.6808550357818604,
      0.6793670654296875,
      0.6763479113578796,
      0.6747876405715942,
      0.6702284216880798,
      0.6674417853355408,
      0.6632079482078552,
      0.6576249003410339,
      0.6577438116073608,
      0.6608904004096985,
      0.6605703234672546,
      0.6628800630569458,
      0.6636916995048523,
      0.6628376245498657,
      0.6618316173553467,
      0.6632789969444275,
      0.6633005738258362,
      0.6646243929862976,
      0.6674901247024536,
      0.671502411365509,
      0.67228102684021,
      0.6747840046882629,
      0.6774030923843384,
      0.6784545183181763,
      0.6787566542625427,
      0.6778862476348877,
      0.6747705936431885,
      0.6729286313056946,
      0.6705522537231445,
      0.6647253036499023,
      0.662322461605072,
      0.6564240455627441,
      0.6500585079193115,
      0.6441406011581421,
      0.6388141512870789,
      0.63041090965271,
      0.6241571307182312,
      0.6194254159927368,
      0.614189624786377,
      0.6083998680114746,
      0.602394700050354,
      0.6001965999603271,
      0.5955460071563721,
      0.589493989944458,
      0.5873931646347046,
      0.5866578817367554,
      0.585307240486145,
      0.5836052894592285,
      0.5817921161651611,
      0.5799316167831421,
      0.5778539180755615,
      0.5767946243286133,
      0.5761187076568604,
      0.5750932693481445,
      0.5733140110969543,
      0.5716584324836731,
      0.5682389736175537,
      0.5658779740333557,
      0.5638728141784668,
      0.5622800588607788,
      0.5584369897842407,
      0.5546541213989258,
      0.5530526638031006,
      0.546696126461029,
      0.5437343716621399,
      0.537869930267334,
      0.5350984334945679,
      0.5301200747489929,
      0.5256479978561401,
      0.5232740044593811,
      0.5208467245101929,
      0.5182113647460938,
      0.5174837708473206,
      0.5150909423828125,
      0.5142881870269775,
      0.512778103351593,
      0.5134643912315369,
      0.5114471316337585,
      0.510737955570221,
      0.5087383389472961,
      0.5052613615989685,
      0.504351019859314,
      0.5013349056243896,
      0.4964710772037506,
      0.49447768926620483,
      0.48968303203582764,
      0.4874839186668396,
      0.48463720083236694,
      0.48184657096862793,
      0.4800297021865845,
      0.47825831174850464,
      0.4761607050895691,
      0.47407710552215576,
      0.4713488221168518,
      0.4697968661785126,
      0.46747368574142456,
      0.46479541063308716,
      0.46390706300735474,
      0.45963889360427856,
      0.45990753173828125,
      0.4591575264930725,
      0.4579930901527405,
      0.4585064649581909,
      0.45705902576446533,
      0.45523715019226074,
      0.4529983699321747,
      0.450900673866272,
      0.44877511262893677,
