{
  "config": {
    "early_stopping": true,
    "epochs": 601,
    "expert_lr": 0.00101014,
    "expert_momentum": 0.96124,
    "expert_num": 8,
    "expert_weight_decay": 0.001,
    "load_balancing": false,
    "ns_steps": 5,
    "optimizer_family": "muon",
    "router_lr": 0.07310483,
    "router_momentum": 0.929994,
    "router_weight_decay": 0.0001
  },
  "eval_metrics": {
    "accuracy": 93.84375,
    "dispatch_counts": [
      [
        384.0,
        5.0,
        2.0,
        0.0,
        25.0,
        7.0,
        7.0,
        398.0
      ],
      [
        13.0,
        361.0,
        340.0,
        0.0,
        20.0,
        16.0,
        19.0,
        11.0
      ],
      [
        28.0,
        15.0,
        18.0,
        0.0,
        99.0,
        249.0,
        355.0,
        48.0
      ],
      [
        16.0,
        17.0,
        16.0,
        2.0,
        367.0,
        300.0,
        45.0,
        17.0
      ]
    ],
    "entropy": 0.6197317242622375,
    "loss": 0.37482401728630066,
    "runtime_seconds": 0.007807251065969467,
    "split": "validation"
  },
  "fold_index": 4,
  "mode": "nonlinear",
  "seed": 41115,
  "setting": 4,
  "total_runtime_seconds": 49.71716791205108,
  "train_metrics": {
    "dispatch_counts": [
      [
        1551.0,
        9.0,
        5.0,
        0.0,
        114.0,
        26.0,
        31.0,
        1579.0
      ],
      [
        40.0,
        1399.0,
        1346.0,
        0.0,
        116.0,
        96.0,
        89.0,
        31.0
      ],
      [
        148.0,
        56.0,
        63.0,
        0.0,
        402.0,
        961.0,
        1436.0,
        184.0
      ],
      [
        74.0,
        66.0,
        42.0,
        20.0,
        1454.0,
        1182.0,
        214.0,
        66.0
      ]
    ],
    "entropy_record": [
      1.3851238489151,
      1.1772767305374146,
      0.9721263647079468,
      0.8603168725967407,
      0.7944121956825256,
      0.7586134076118469,
      0.7310531735420227,
      0.7033193111419678,
      0.6860288381576538,
      0.6666767001152039,
      0.6544159650802612,
      0.6446047425270081,
      0.6382072567939758,
      0.6293014287948608,
      0.6259454488754272,
      0.6177583336830139,
      0.6112185716629028,
      0.6044180393218994,
      0.5964165329933167,
      0.5834227800369263,
      0.5722817778587341,
      0.567221999168396,
      0.5575484037399292,
      0.5475016832351685,
      0.5423874855041504,
      0.5396652817726135,
      0.5347251296043396,
      0.5314537882804871,
      0.5247399210929871,
      0.5184826850891113,
      0.5119942426681519,
      0.5110630989074707,
      0.5087292790412903,
      0.5091061592102051,
      0.5065422654151917,
      0.5055301785469055,
      0.501682698726654,
      0.5033084750175476,
      0.502623438835144,
      0.5012161135673523,
      0.4987006187438965,
      0.4974678158760071,
      0.4939217269420624,
      0.49173203110694885,
      0.49108031392097473,
      0.4858788549900055,
      0.48251956701278687,
      0.4796130359172821,
      0.4790548086166382,
      0.4779835045337677,
      0.4749372899532318,
      0.4744684100151062,
      0.4731590151786804,
      0.47230371832847595,
      0.47065967321395874,
      0.4692000150680542,
      0.4682442545890808,
      0.46784019470214844,
      0.4674774706363678,
      0.4667694568634033,
      0.46775439381599426,
      0.46721646189689636,
      0.4665603041648865,
      0.4658900499343872,
      0.46672675013542175,
      0.4659021198749542,
      0.46479034423828125,
      0.4649214744567871,
      0.46398302912712097,
      0.4648577570915222,
      0.46301794052124023,
      0.463143527507782,
      0.4636293649673462,
      0.4626011252403259,
      0.46365898847579956,
      0.46225547790527344,
      0.46257707476615906,
      0.46198952198028564,
      0.4625399708747864,
      0.46259209513664246,
      0.46201860904693604,
      0.4623218774795532,
      0.4623348116874695,
      0.4629378020763397,
      0.4609168469905853,
      0.4607809782028198,
      0.46015921235084534,
      0.4603637158870697,
      0.46079397201538086,
      0.4608059227466583,
      0.4600544571876526,
      0.46250593662261963,
      0.45967698097229004,
      0.4607522487640381,
      0.45970237255096436,
      0.4605588912963867,
      0.4612707495689392,
      0.46032893657684326,
      0.4592108428478241,
      0.4604756534099579,
      0.4603436291217804,
      0.4613381028175354,
      0.4600130617618561,
      0.45966383814811707,
      0.46003422141075134,
      0.46107256412506104,
      0.4596284031867981,
      0.46023765206336975,
      0.4591013193130493,
      0.4611510634422302,
      0.46055835485458374,
      0.46043717861175537,
      0.4609171450138092,
      0.45913776755332947,
      0.46086397767066956,
      0.4612557291984558,
      0.461279034614563,
      0.46082040667533875,
      0.4604583978652954,
      0.4600597620010376,
      0.4614487290382385,
      0.45984721183776855,
      0.4605778157711029,
      0.4598422050476074,
      0.45982813835144043,
      0.4602467119693756,
      0.46019211411476135,
      0.45917409658432007,
      0.4591710567474365,
      0.460565447807312,
      0.4584982395172119,
      0.45929157733917236,
      0.4577192962169647,
      0.4569387435913086,
      0.4571845829486847,
      0.4580168128013611,
      0.4566604495048523,
      0.4567662179470062,
      0.4567296802997589,
      0.4573662579059601,
      0.45649969577789307,
      0.45624619722366333,
      0.45571863651275635,
      0.45671346783638,
      0.4561960697174072,
      0.45690813660621643,
      0.45594918727874756,
      0.4563038945198059,
      0.4557592272758484,
      0.4550328254699707,
      0.4567234516143799,
      0.4561629593372345,
      0.4561045467853546,
      0.4561914801597595,
      0.45506250858306885,
      0.4562246799468994,
      0.4560982584953308,
      0.4554232060909271,
      0.4546995162963867,
      0.455217570066452,
      0.4558899402618408,
      0.45503026247024536,
      0.4547734558582306,
      0.4564456641674042,
      0.4556017220020294,
      0.4557506740093231,
      0.45477721095085144,
      0.45282256603240967,
      0.4519062638282776,
      0.4524194598197937,
      0.45189106464385986,
      0.4513540267944336,
      0.44955211877822876,
      0.4484003782272339,
      0.44919025897979736,
      0.4483628571033478,
      0.44817909598350525,
      0.4473819136619568,
      0.44683071970939636,
      0.4455000162124634,
      0.44536834955215454,
      0.4451475441455841,
      0.4464086592197418,
      0.4456723630428314,
      0.4445001482963562,
      0.44455665349960327,
      0.44373732805252075,
      0.44405633211135864,
      0.4426790475845337,
      0.44389939308166504,
      0.44301050901412964,
      0.44328272342681885,
      0.4422975480556488,
      0.4408416152000427,
      0.4416157007217407,
      0.4401569366455078,
      0.43938297033309937,
      0.43920525908470154,
      0.43764111399650574,
      0.43748897314071655,
      0.43657058477401733,
      0.43772414326667786,
      0.43575263023376465,
      0.4358600974082947,
      0.4354426860809326,
      0.4345932602882385,
      0.43438920378685,
      0.4351722300052643,
      0.4342139959335327,
      0.43249696493148804,
      0.43308135867118835,
      0.43307778239250183,
      0.4325118064880371,
      0.43370217084884644,
      0.4340214133262634,
      0.43391168117523193,
      0.4339005947113037,
      0.4341643452644348,
      0.43399980664253235,
      0.4337967038154602,
      0.43334221839904785,
      0.4335934519767761,
      0.4334471821784973,
      0.4323289096355438,
      0.4327146112918854,
      0.4325689375400543,
      0.43225526809692383,
      0.43291956186294556,
      0.4326956570148468,
      0.4321320652961731,
      0.43319255113601685,
      0.4323929250240326,
      0.43176522850990295,
      0.43097835779190063,
      0.4303641617298126,
