{
  "config": {
    "early_stopping": true,
    "epochs": 601,
    "expert_lr": 0.00101014,
    "expert_momentum": 0.96124,
    "expert_num": 8,
    "expert_weight_decay": 0.001,
    "load_balancing": false,
    "ns_steps": 5,
    "optimizer_family": "muon",
    "router_lr": 0.07310483,
    "router_momentum": 0.929994,
    "router_weight_decay": 0.0001
  },
  "eval_metrics": {
    "accuracy": 95.15625,
    "dispatch_counts": [
      [
        410.0,
        9.0,
        0.0,
        8.0,
        3.0,
        0.0,
        0.0,
        399.0
      ],
      [
        3.0,
        384.0,
        1.0,
        6.0,
        3.0,
        0.0,
        378.0,
        4.0
      ],
      [
        24.0,
        36.0,
        4.0,
        407.0,
        17.0,
        288.0,
        17.0,
        20.0
      ],
      [
        12.0,
        7.0,
        332.0,
        13.0,
        389.0,
        0.0,
        9.0,
        17.0
      ]
    ],
    "entropy": 0.28769394755363464,
    "loss": 0.36169907450675964,
    "runtime_seconds": 0.0076157404109835625,
    "split": "validation"
  },
  "fold_index": 2,
  "mode": "nonlinear",
  "seed": 41113,
  "setting": 4,
  "total_runtime_seconds": 23.287019818089902,
  "train_metrics": {
    "dispatch_counts": [
      [
        1604.0,
        46.0,
        0.0,
        32.0,
        26.0,
        0.0,
        14.0,
        1592.0
      ],
      [
        22.0,
        1520.0,
        2.0,
        16.0,
        9.0,
        1.0,
        1516.0,
        32.0
      ],
      [
        77.0,
        102.0,
        18.0,
        1623.0,
        54.0,
        1248.0,
        54.0,
        73.0
      ],
      [
        51.0,
        40.0,
        1328.0,
        51.0,
        1546.0,
        0.0,
        32.0,
        71.0
      ]
    ],
    "entropy_record": [
      1.3854413032531738,
      0.8311282396316528,
      0.5173035264015198,
      0.4217114746570587,
      0.3834723234176636,
      0.3751215636730194,
      0.3755768835544586,
      0.37859421968460083,
      0.37643539905548096,
      0.36952370405197144,
      0.35177651047706604,
      0.3392822742462158,
      0.33310258388519287,
      0.333164781332016,
      0.32424163818359375,
      0.3199057877063751,
      0.31399863958358765,
      0.3061356842517853,
      0.30391165614128113,
      0.29576459527015686,
      0.2897140383720398,
      0.2856407165527344,
      0.279823362827301,
      0.2756566107273102,
      0.27281081676483154,
      0.26826077699661255,
      0.26578107476234436,
      0.26063981652259827,
      0.2584401071071625,
      0.25624677538871765,
      0.25354257225990295,
      0.25094905495643616,
      0.25111180543899536,
      0.2484891265630722,
      0.24666187167167664,
      0.2468753159046173,
      0.24540333449840546,
      0.24343812465667725,
      0.24306635558605194,
      0.24168425798416138,
      0.24197956919670105,
      0.24169442057609558,
      0.24011972546577454,
      0.24102690815925598,
      0.23686140775680542,
      0.23697954416275024,
      0.2343459129333496,
      0.2349804788827896,
      0.23448283970355988,
      0.23316344618797302,
      0.23609375953674316,
      0.23521292209625244,
      0.23395594954490662,
      0.23402634263038635,
      0.2327146828174591,
      0.23373784124851227,
      0.23101282119750977,
      0.23243923485279083,
      0.23354557156562805,
      0.2318289577960968,
      0.23136967420578003,
      0.230591282248497,
      0.23123539984226227,
      0.23081523180007935,
      0.23079738020896912,
      0.22970451414585114,
      0.23179028928279877,
      0.23218382894992828,
      0.23067334294319153,
      0.23199617862701416,
      0.23237021267414093,
      0.2320760190486908,
      0.23214025795459747,
      0.23105360567569733,
      0.23113501071929932,
      0.23152145743370056,
      0.23168914020061493,
      0.23163454234600067,
      0.23127855360507965,
      0.23138342797756195,
      0.23146992921829224,
      0.23170790076255798,
      0.23201984167099,
      0.23127463459968567,
      0.23013988137245178,
      0.23006683588027954,
      0.22957462072372437,
      0.22948682308197021,
      0.2293672263622284,
      0.22775673866271973,
      0.22837679088115692,
      0.2283870279788971,
      0.22893621027469635,
      0.22889380156993866,
      0.22870129346847534,
      0.22689367830753326,
      0.22736728191375732,
      0.22597584128379822,
      0.2272258698940277,
      0.22730398178100586,
      0.2258051484823227,
      0.22823116183280945,
      0.22660212218761444,
      0.22742684185504913,
      0.22714467346668243,
      0.22779148817062378,
      0.22771598398685455,
      0.22687101364135742,
      0.2277490496635437,
      0.2274439036846161,
      0.2280150204896927,
      0.22825808823108673,
      0.22757956385612488,
      0.22805698215961456,
      0.22803549468517303,
      0.22775276005268097,
      0.22883832454681396,
      0.22855748236179352,
      0.22837579250335693,
      0.22791209816932678,
      0.22669410705566406,
      0.22811007499694824,
      0.2290911227464676,
      0.22928179800510406,
      0.22791437804698944,
      0.22897477447986603,
      0.22862409055233002,
      0.22826430201530457,
      0.2294410616159439,
      0.22937309741973877,
      0.22865746915340424,
      0.22762368619441986,
      0.22929883003234863,
      0.2282598316669464,
      0.22893238067626953,
      0.22907033562660217,
      0.22781813144683838,
      0.22775030136108398,
      0.2278631329536438,
      0.22811949253082275,
      0.22798551619052887,
      0.22854730486869812,
      0.22754187881946564,
      0.22833862900733948,
      0.22855113446712494,
      0.22714349627494812,
      0.22689001262187958,
      0.22714300453662872,
      0.227487251162529,
      0.22720107436180115,
      0.227268248796463,
      0.22642767429351807,
      0.22714219987392426,
      0.22785283625125885,
      0.22604389488697052,
      0.22682912647724152,
      0.22679395973682404,
      0.22780731320381165,
      0.2278537005186081,
      0.22708061337471008,
      0.22708061337471008,
      0.2264510840177536,
      0.22616983950138092,
      0.22585567831993103,
      0.22685900330543518,
      0.22572705149650574,
      0.22615310549736023,
      0.22676394879817963,
      0.22657525539398193,
      0.2265051007270813,
      0.22675108909606934,
      0.22578583657741547,
      0.2257719784975052,
      0.22601895034313202,
      0.22513894736766815,
      0.22614668309688568,
      0.22583726048469543,
      0.22675101459026337,
      0.22702790796756744,
      0.2264794409275055,
      0.2267516851425171,
      0.22690916061401367,
      0.2259702831506729,
      0.2257242500782013,
      0.2238440215587616,
      0.22379855811595917,
      0.22248774766921997,
      0.22315645217895508,
      0.22339102625846863,
      0.22246187925338745,
      0.22183308005332947,
      0.21966134011745453,
      0.22084175050258636,
      0.22000281512737274,
      0.2200428992509842,
      0.21880890429019928,
      0.21823839843273163,
      0.21728847920894623,
      0.21841773390769958,
      0.2181595414876938,
      0.21856087446212769,
      0.21946457028388977,
      0.2206471860408783,
      0.22133275866508484,
      0.22059288620948792,
      0.22104689478874207,
      0.22253459692001343,
      0.22383877635002136,
      0.22282911837100983,
      0.2251184731721878,
      0.22432102262973785,
      0.22637715935707092,
      0.22589537501335144,
      0.22539106011390686,
      0.22571125626564026,
      0.2250760793685913,
      0.22536920011043549,
      0.22585061192512512,
      0.2263733297586441,
      0.22693397104740143,
      0.22583211958408356,
      0.22894233465194702,
      0.23042252659797668,
      0.23128876090049744,
      0.23243218660354614,
      0.23326747119426727,
      0.23358330130577087,
      0.2338934689760208,
      0.23404307663440704,
      0.2358085811138153,
      0.23666122555732727,
