{
  "config": {
    "early_stopping": true,
    "epochs": 601,
    "expert_lr": 0.00339433,
    "expert_momentum": 0.850046,
    "expert_num": 8,
    "expert_weight_decay": 0.001,
    "load_balancing": false,
    "ns_steps": 10,
    "optimizer_family": "muon",
    "router_lr": 0.0085765,
    "router_momentum": 0.98383,
    "router_weight_decay": 1e-05
  },
  "eval_metrics": {
    "accuracy": 98.15625,
    "dispatch_counts": [
      [
        6.0,
        0.0,
        0.0,
        20.0,
        59.0,
        350.0,
        393.0,
        1.0
      ],
      [
        2.0,
        371.0,
        1.0,
        328.0,
        70.0,
        6.0,
        1.0,
        0.0
      ],
      [
        8.0,
        0.0,
        251.0,
        122.0,
        24.0,
        53.0,
        1.0,
        354.0
      ],
      [
        395.0,
        7.0,
        109.0,
        0.0,
        244.0,
        4.0,
        18.0,
        2.0
      ]
    ],
    "entropy": 0.4466620683670044,
    "loss": 0.33169910311698914,
    "runtime_seconds": 0.007430441211909056,
    "split": "validation"
  },
  "fold_index": 3,
  "mode": "nonlinear",
  "seed": 31114,
  "setting": 3,
  "total_runtime_seconds": 52.12059208145365,
  "train_metrics": {
    "dispatch_counts": [
      [
        31.0,
        2.0,
        8.0,
        80.0,
        215.0,
        1410.0,
        1563.0,
        5.0
      ],
      [
        9.0,
        1482.0,
        4.0,
        1256.0,
        340.0,
        22.0,
        5.0,
        0.0
      ],
      [
        35.0,
        0.0,
        942.0,
        556.0,
        68.0,
        204.0,
        2.0,
        1442.0
      ],
      [
        1568.0,
        33.0,
        437.0,
        1.0,
        964.0,
        7.0,
        87.0,
        22.0
      ]
    ],
    "entropy_record": [
      1.3853596448898315,
      1.3289350271224976,
      1.259093999862671,
      1.1796506643295288,
      1.065255045890808,
      0.995852530002594,
      0.9302006959915161,
      0.8673701286315918,
      0.814302921295166,
      0.7639456391334534,
      0.7327051162719727,
      0.7131255865097046,
      0.6776919364929199,
      0.6600983142852783,
      0.6457485556602478,
      0.631360650062561,
      0.6162967681884766,
      0.606143593788147,
      0.5930910706520081,
      0.5867166519165039,
      0.5774311423301697,
      0.5682972073554993,
      0.5617102980613708,
      0.5638684034347534,
      0.5565584301948547,
      0.5372037291526794,
      0.5334275364875793,
      0.5332235097885132,
      0.5291193127632141,
      0.5195222496986389,
      0.5237458348274231,
      0.5204266905784607,
      0.5164715051651001,
      0.5152789354324341,
      0.508068859577179,
      0.5070594549179077,
      0.5062604546546936,
      0.5051693320274353,
      0.49390876293182373,
      0.4950411915779114,
      0.493232786655426,
      0.4930292069911957,
      0.49630007147789,
      0.49307119846343994,
      0.48941662907600403,
      0.49147748947143555,
      0.4905645251274109,
      0.4880194067955017,
      0.4892534017562866,
      0.4828190505504608,
      0.48851147294044495,
      0.4869731068611145,
      0.48388025164604187,
      0.48711222410202026,
      0.4825085699558258,
      0.4814741015434265,
      0.48535484075546265,
      0.4813414216041565,
      0.4802241027355194,
      0.4850158989429474,
      0.479912132024765,
      0.4789502024650574,
      0.4775887727737427,
      0.48052987456321716,
      0.4752924144268036,
      0.47780898213386536,
      0.4740128219127655,
      0.4752282202243805,
      0.476175993680954,
      0.4767371416091919,
      0.4714583158493042,
      0.47917965054512024,
      0.4731454849243164,
      0.4706343710422516,
      0.4722868800163269,
      0.4701631963253021,
      0.4717750549316406,
      0.4722847044467926,
      0.4740132987499237,
      0.4731085002422333,
      0.4728502929210663,
      0.4687616229057312,
      0.4722663462162018,
      0.4703295826911926,
      0.4745038151741028,
      0.46986067295074463,
      0.4704388678073883,
      0.4712564945220947,
      0.47073763608932495,
      0.4712822139263153,
      0.4700678586959839,
      0.46802541613578796,
      0.4715217649936676,
      0.46827542781829834,
      0.46759694814682007,
      0.4682263731956482,
      0.4686981439590454,
      0.46807748079299927,
      0.46907684206962585,
      0.4670151174068451,
      0.46814653277397156,
      0.4678981602191925,
      0.4671024978160858,
      0.4669433534145355,
      0.46669429540634155,
      0.466966450214386,
      0.4677943289279938,
      0.4677134156227112,
      0.4700407385826111,
      0.4631946384906769,
      0.46991968154907227,
      0.4645293354988098,
      0.46735191345214844,
      0.46574896574020386,
      0.4651678800582886,
      0.465289831161499,
      0.46419820189476013,
      0.4644969403743744,
      0.4639255106449127,
      0.4634414315223694,
      0.46496421098709106,
      0.4642781913280487,
      0.465348482131958,
      0.46623092889785767,
      0.46390098333358765,
      0.46844395995140076,
      0.4635263681411743,
      0.46153780817985535,
      0.46319758892059326,
      0.46298840641975403,
      0.46438804268836975,
      0.4656267762184143,
      0.46627628803253174,
      0.46300598978996277,
      0.4632669985294342,
      0.46303293108940125,
      0.46197783946990967,
      0.46526020765304565,
      0.46231669187545776,
      0.4648263156414032,
      0.4632754623889923,
      0.4625314176082611,
      0.46505507826805115,
      0.46248894929885864,
      0.4619470238685608,
      0.4603196680545807,
      0.46540960669517517,
      0.4657233655452728,
      0.4642135798931122,
      0.46140310168266296,
      0.4626413583755493,
      0.4635348618030548,
      0.4630826711654663,
      0.4620945453643799,
      0.46342411637306213,
      0.46134525537490845,
      0.46234461665153503,
      0.46382060647010803,
      0.46168386936187744,
      0.4630816876888275,
      0.46607261896133423,
      0.46283280849456787,
      0.4629286229610443,
      0.4619748294353485,
      0.460964173078537,
      0.4628119170665741,
      0.46231499314308167,
      0.4623410999774933,
      0.46068209409713745,
      0.46107304096221924,
      0.46093615889549255,
      0.464117169380188,
      0.4581572413444519,
      0.4634321331977844,
      0.4587757885456085,
      0.46103110909461975,
      0.4616123139858246,
      0.4624353349208832,
      0.45990607142448425,
      0.46116459369659424,
      0.46013617515563965,
      0.4614364206790924,
      0.462668240070343,
      0.46253854036331177,
      0.46143513917922974,
      0.461747407913208,
      0.46216556429862976,
      0.46042612195014954,
      0.45971137285232544,
      0.4614892601966858,
      0.4602315127849579,
      0.4616004526615143,
      0.46018707752227783,
      0.46282199025154114,
      0.461865097284317,
      0.46063175797462463,
      0.46225422620773315,
      0.46022918820381165,
      0.4624156355857849,
      0.46007537841796875,
      0.45959025621414185,
      0.4631752669811249,
      0.46089968085289,
      0.46085646748542786,
      0.4611763656139374,
      0.458987832069397,
      0.46031805872917175,
      0.46459683775901794,
      0.4601335823535919,
      0.4626038372516632,
      0.46237027645111084,
      0.46252939105033875,
      0.4609505534172058,
      0.4615766704082489,
      0.4638523459434509,
      0.45976322889328003,
      0.46043771505355835,
      0.46256375312805176,
      0.46041736006736755,
      0.46031174063682556,
      0.46196994185447693,
      0.4604889154434204,
      0.4606115221977234,
      0.46067601442337036,
      0.4605810344219208,
      0.46046584844589233,
      0.4600517153739929,
      0.4643029272556305,
      0.4615188539028168,
      0.4587588310241699,
      0.4628925323486328,
      0.46202194690704346,
      0.4615815281867981,
      0.46213921904563904,
      0.4612354040145874,
      0.4606592357158661,
