{
  "config": {
    "early_stopping": true,
    "epochs": 601,
    "expert_lr": 0.00339433,
    "expert_momentum": 0.850046,
    "expert_num": 8,
    "expert_weight_decay": 0.001,
    "load_balancing": false,
    "ns_steps": 10,
    "optimizer_family": "muon",
    "router_lr": 0.0085765,
    "router_momentum": 0.98383,
    "router_weight_decay": 1e-05
  },
  "eval_metrics": {
    "accuracy": 96.90625,
    "dispatch_counts": [
      [
        26.0,
        379.0,
        11.0,
        6.0,
        347.0,
        20.0,
        9.0,
        30.0
      ],
      [
        13.0,
        4.0,
        354.0,
        356.0,
        1.0,
        9.0,
        13.0,
        30.0
      ],
      [
        395.0,
        1.0,
        8.0,
        7.0,
        4.0,
        6.0,
        378.0,
        13.0
      ],
      [
        12.0,
        2.0,
        3.0,
        2.0,
        0.0,
        377.0,
        9.0,
        375.0
      ]
    ],
    "entropy": 0.32400909066200256,
    "loss": 0.3441990315914154,
    "runtime_seconds": 0.007690697908401489,
    "split": "validation"
  },
  "fold_index": 0,
  "mode": "nonlinear",
  "seed": 31111,
  "setting": 3,
  "total_runtime_seconds": 52.44865984888747,
  "train_metrics": {
    "dispatch_counts": [
      [
        89.0,
        1524.0,
        41.0,
        17.0,
        1435.0,
        85.0,
        38.0,
        86.0
      ],
      [
        63.0,
        7.0,
        1446.0,
        1443.0,
        10.0,
        27.0,
        29.0,
        92.0
      ],
      [
        1588.0,
        6.0,
        25.0,
        15.0,
        5.0,
        32.0,
        1506.0,
        73.0
      ],
      [
        50.0,
        10.0,
        9.0,
        10.0,
        1.0,
        1515.0,
        21.0,
        1502.0
      ]
    ],
    "entropy_record": [
      1.384595274925232,
      1.341907024383545,
      1.2430593967437744,
      1.095402479171753,
      0.9203017950057983,
      0.7717122435569763,
      0.6430454850196838,
      0.5574817657470703,
      0.5043873190879822,
      0.4717494249343872,
      0.43365567922592163,
      0.40088149905204773,
      0.38762566447257996,
      0.3567494750022888,
      0.3568374216556549,
      0.34896597266197205,
      0.3285166919231415,
      0.3360748887062073,
      0.3173249363899231,
      0.3133702278137207,
      0.3120374083518982,
      0.31122809648513794,
      0.2948506474494934,
      0.2956230640411377,
      0.28837621212005615,
      0.28346341848373413,
      0.28969109058380127,
      0.27937474846839905,
      0.2750217616558075,
      0.2784428596496582,
      0.27693185210227966,
      0.2746453881263733,
      0.27761808037757874,
      0.26968324184417725,
      0.277218759059906,
      0.27280569076538086,
      0.2746933698654175,
      0.2713099420070648,
      0.27672120928764343,
      0.26728376746177673,
      0.2680642306804657,
      0.27191323041915894,
      0.2741383910179138,
      0.26669803261756897,
      0.2666303515434265,
      0.27174797654151917,
      0.26532381772994995,
      0.27109044790267944,
      0.26603448390960693,
      0.2709362506866455,
      0.2706688344478607,
      0.26867371797561646,
      0.27051424980163574,
      0.2790091633796692,
      0.2740672528743744,
      0.2740880250930786,
      0.26741260290145874,
      0.27777042984962463,
      0.27053284645080566,
      0.2682682275772095,
      0.27565568685531616,
      0.27448195219039917,
      0.271215558052063,
      0.2727767527103424,
      0.27376264333724976,
      0.271563321352005,
      0.27180540561676025,
      0.2693699896335602,
      0.2755129635334015,
      0.2771497964859009,
      0.27082574367523193,
      0.2759532630443573,
      0.2676919102668762,
      0.275210976600647,
      0.27412518858909607,
      0.27839305996894836,
      0.2761702537536621,
      0.27509549260139465,
      0.27530714869499207,
      0.2752307951450348,
      0.27787160873413086,
      0.2720330059528351,
      0.2769378423690796,
      0.27587181329727173,
      0.27572542428970337,
      0.2762269973754883,
      0.27858492732048035,
      0.2779480218887329,
      0.27331963181495667,
      0.27696692943573,
      0.2768828272819519,
      0.2742113769054413,
      0.2790132164955139,
      0.2782592475414276,
      0.27814340591430664,
      0.27589428424835205,
      0.27986302971839905,
      0.27659958600997925,
      0.2759384512901306,
      0.2779581546783447,
      0.2787931263446808,
      0.27838999032974243,
      0.2814243733882904,
      0.2765480577945709,
      0.2778419256210327,
      0.2802470028400421,
      0.2832365334033966,
      0.279163658618927,
      0.28128582239151,
      0.278641939163208,
      0.27508747577667236,
      0.2797014117240906,
      0.27855655550956726,
      0.2797013521194458,
      0.27923938632011414,
      0.2770540416240692,
      0.28328579664230347,
      0.2805662751197815,
      0.2834348678588867,
      0.2823101878166199,
      0.27858608961105347,
      0.27842289209365845,
      0.28088510036468506,
      0.28262999653816223,
      0.2818194627761841,
      0.28156578540802,
      0.28226345777511597,
      0.2846926748752594,
      0.2806515097618103,
      0.28025949001312256,
      0.2811894416809082,
      0.28065013885498047,
      0.28187066316604614,
      0.2803558111190796,
      0.2794976234436035,
      0.2799655795097351,
      0.2837788760662079,
      0.28277549147605896,
      0.27987435460090637,
      0.2797773480415344,
      0.2804991602897644,
      0.2817997634410858,
      0.28022658824920654,
      0.2793055474758148,
      0.2804185450077057,
      0.28114476799964905,
      0.2824723422527313,
      0.2827276885509491,
      0.28339147567749023,
      0.2788805663585663,
      0.27964869141578674,
      0.27906620502471924,
      0.28252893686294556,
      0.2846587300300598,
      0.2805304229259491,
      0.2811625301837921,
      0.2815009653568268,
      0.2841630280017853,
      0.28435659408569336,
      0.2832992672920227,
      0.2807873487472534,
      0.2822555899620056,
      0.2864674925804138,
      0.28187498450279236,
      0.2809825539588928,
      0.28327125310897827,
      0.2823379635810852,
      0.2823905050754547,
      0.28284212946891785,
      0.28328147530555725,
      0.2821958065032959,
      0.28499817848205566,
      0.2807864546775818,
      0.28259170055389404,
      0.27995815873146057,
      0.28383779525756836,
      0.285274863243103,
      0.2848653495311737,
      0.28563153743743896,
      0.28128015995025635,
      0.2859690189361572,
      0.28182604908943176,
      0.28474515676498413,
      0.28524529933929443,
      0.28322726488113403,
      0.27873003482818604,
      0.2841987609863281,
      0.28281301259994507,
      0.2819017767906189,
      0.2835261821746826,
      0.28451108932495117,
      0.2867141366004944,
      0.28840363025665283,
      0.2843182682991028,
      0.28295063972473145,
      0.28551527857780457,
      0.28523334860801697,
      0.2852286696434021,
      0.28401535749435425,
      0.2846190631389618,
      0.2867824137210846,
      0.2855116128921509,
      0.28407371044158936,
      0.28678300976753235,
      0.2840995788574219,
      0.28420379757881165,
      0.2864019274711609,
      0.2825070917606354,
      0.2858673334121704,
      0.28437185287475586,
      0.28587597608566284,
      0.285311758518219,
      0.2858612835407257,
      0.28674080967903137,
      0.2837330400943756,
      0.28597792983055115,
      0.28526771068573,
      0.287692129611969,
      0.2850201427936554,
      0.284128874540329,
      0.28628313541412354,
      0.2862628698348999,
      0.2838251292705536,
      0.2858533263206482,
      0.28322744369506836,
      0.2861129641532898,
      0.2844153344631195,
      0.2855580747127533,
      0.2861914038658142,
      0.2858975827693939,
      0.2844299077987671,
      0.28614917397499084,
      0.2852768301963806,
      0.28475502133369446,
      0.2861739695072174,
