{
  "config": {
    "early_stopping": true,
    "epochs": 601,
    "expert_lr": 0.00090699,
    "expert_momentum": 0.894309,
    "expert_num": 8,
    "expert_weight_decay": 0.0001,
    "load_balancing": false,
    "optimizer_family": "original",
    "router_lr": 0.0310568,
    "router_momentum": 0.886544,
    "router_weight_decay": 0.001
  },
  "eval_metrics": {
    "accuracy": 99.15625,
    "dispatch_counts": [
      [
        0.0,
        0.0,
        0.0,
        0.0,
        0.0,
        0.0,
        0.0,
        829.0
      ],
      [
        0.0,
        0.0,
        1.0,
        774.0,
        0.0,
        1.0,
        0.0,
        3.0
      ],
      [
        0.0,
        0.0,
        803.0,
        4.0,
        0.0,
        2.0,
        0.0,
        3.0
      ],
      [
        0.0,
        0.0,
        1.0,
        1.0,
        47.0,
        728.0,
        0.0,
        3.0
      ]
    ],
    "entropy": 0.04035685956478119,
    "loss": 0.3216409683227539,
    "runtime_seconds": 0.012235993053764105,
    "split": "validation"
  },
  "fold_index": 1,
  "mode": "nonlinear",
  "seed": 22012,
  "setting": 2,
  "total_runtime_seconds": 49.61126955319196,
  "train_metrics": {
    "dispatch_counts": [
      [
        0.0,
        0.0,
        0.0,
        1.0,
        0.0,
        2.0,
        0.0,
        3311.0
      ],
      [
        0.0,
        1.0,
        3.0,
        3096.0,
        2.0,
        6.0,
        0.0,
        10.0
      ],
      [
        0.0,
        0.0,
        3213.0,
        19.0,
        0.0,
        8.0,
        0.0,
        10.0
      ],
      [
        0.0,
        0.0,
        3.0,
        1.0,
        178.0,
        2927.0,
        0.0,
        9.0
      ]
    ],
    "entropy_record": [
      1.3850514888763428,
      1.3850438594818115,
      1.3850317001342773,
      1.3853119611740112,
      1.3851675987243652,
      1.3852800130844116,
      1.3853199481964111,
      1.3851977586746216,
      1.3850692510604858,
      1.3845323324203491,
      1.385074496269226,
      1.383346676826477,
      1.3791677951812744,
      1.3672149181365967,
      1.3358451128005981,
      1.266413927078247,
      1.1593904495239258,
      0.9731073975563049,
      0.7559971213340759,
      0.5945912003517151,
      0.49538683891296387,
      0.4379771947860718,
      0.3659641444683075,
      0.30710870027542114,
      0.2491246461868286,
      0.18979132175445557,
      0.1463969647884369,
      0.1141439825296402,
      0.0921095460653305,
      0.07927855104207993,
      0.06372645497322083,
      0.0633230209350586,
      0.05723473057150841,
      0.04831425100564957,
      0.04324779659509659,
      0.04347679018974304,
      0.04264698550105095,
      0.0437229685485363,
      0.040245942771434784,
      0.0396537259221077,
      0.03693203628063202,
      0.036433495581150055,
      0.0352664478123188,
      0.038666777312755585,
      0.03458262234926224,
      0.04254214093089104,
      0.036299929022789,
      0.035361140966415405,
      0.029609762132167816,
      0.03530578315258026,
      0.03789554163813591,
      0.03722134977579117,
      0.04114247113466263,
      0.03369221091270447,
      0.03420219197869301,
      0.03650183230638504,
      0.03529244288802147,
      0.0332724004983902,
      0.0358501598238945,
      0.03711630031466484,
      0.03794103115797043,
      0.03680330514907837,
      0.037386588752269745,
      0.03357318043708801,
      0.03344561532139778,
      0.03619435429573059,
      0.03785639628767967,
      0.03214530646800995,
      0.0316573791205883,
      0.035555046051740646,
      0.034028083086013794,
      0.03375616297125816,
      0.03530415520071983,
      0.034122925251722336,
      0.03276863694190979,
      0.03641603887081146,
      0.03126094490289688,
      0.03557460010051727,
      0.03528446704149246,
      0.035022374242544174,
      0.03298812732100487,
      0.035987790673971176,
      0.03472162410616875,
      0.034541718661785126,
      0.04000654071569443,
      0.03468560799956322,
      0.03515283018350601,
      0.03699025139212608,
      0.034854572266340256,
      0.03430599719285965,
      0.03675294294953346,
      0.032671909779310226,
      0.035438552498817444,
      0.03576211258769035,
      0.035569190979003906,
      0.03930767625570297,
      0.035265788435935974,
      0.03305879980325699,
      0.03394812345504761,
      0.03396094590425491,
      0.03501463681459427,
      0.030666392296552658,
      0.041920848190784454,
      0.03665410727262497,
      0.03360654413700104,
      0.040124669671058655,
      0.033594630658626556,
      0.03840094432234764,
      0.03924725577235222,
      0.036732275038957596,
      0.037619564682245255,
      0.03581777587532997,
      0.031201839447021484,
      0.03994917869567871,
      0.035026971250772476,
      0.035845667123794556,
      0.03170745074748993,
      0.03281453996896744,
      0.03690952807664871,
      0.03564316779375076,
      0.03434710204601288,
      0.03402787074446678,
      0.03642328456044197,
      0.03711151331663132,
      0.03834189102053642,
      0.03437674418091774,
      0.031706973910331726,
      0.03742700442671776,
      0.035341452807188034,
      0.03357046842575073,
      0.033302269876003265,
      0.03699257969856262,
      0.036708980798721313,
      0.033619556576013565,
      0.03267688304185867,
      0.038504958152770996,
      0.0336335115134716,
      0.03709908574819565,
      0.03465820848941803,
      0.035326939076185226,
      0.035666439682245255,
      0.03390524163842201,
      0.034859560430049896,
      0.03652697801589966,
      0.03246672451496124,
      0.030771099030971527,
      0.037298254668712616,
      0.03481058403849602,
      0.039467014372348785,
      0.03260488063097,
      0.03509853780269623,
      0.03251256048679352,
      0.03666740283370018,
      0.03762755170464516,
      0.037708863615989685,
      0.03567202761769295,
      0.0365312434732914,
      0.04237067699432373,
      0.03969605267047882,
      0.03522501885890961,
      0.03401216119527817,
      0.03611593693494797,
      0.032295629382133484,
      0.03641657158732414,
      0.03714418783783913,
      0.0354318805038929,
      0.03857653588056564,
      0.035418663173913956,
      0.034912485629320145,
      0.032724589109420776,
      0.037424806505441666,
      0.04142306372523308,
      0.03790345788002014,
      0.03825920820236206,
      0.031126847490668297,
      0.03557869419455528,
      0.03349917382001877,
      0.03522311896085739,
      0.03920168802142143,
      0.03501798212528229,
      0.032383669167757034,
      0.03403754532337189,
      0.036380063742399216,
      0.03535136580467224,
      0.03666297346353531,
      0.03651503846049309,
      0.039218612015247345,
      0.03667649254202843,
      0.03793206810951233,
      0.035956915467977524,
      0.03973895311355591,
      0.03811199218034744,
      0.03741598501801491,
      0.03724423795938492,
      0.036925703287124634,
      0.03587077558040619,
      0.032575737684965134,
      0.037186309695243835,
      0.03661106154322624,
      0.03197585418820381,
      0.032788895070552826,
      0.03819727152585983,
      0.03920643776655197,
      0.03781280666589737,
      0.03715266287326813,
      0.03318728134036064,
      0.030990036204457283,
      0.03910936787724495,
      0.039642415940761566,
      0.0332162007689476,
      0.03930987790226936,
      0.03802571818232536,
      0.038251955062150955,
      0.03066299855709076,
      0.03461172804236412,
      0.03415447100996971,
      0.036764707416296005,
      0.036430634558200836,
      0.03538110852241516,
      0.036411888897418976,
      0.036419447511434555,
      0.03438304364681244,
      0.033995360136032104,
      0.03545243293046951,
      0.03604826331138611,
      0.035353802144527435,
      0.03605717048048973,
      0.034185029566287994,
      0.03357645124197006,
      0.035724177956581116,
