{
  "config": {
    "early_stopping": true,
    "epochs": 601,
    "expert_lr": 0.00407879,
    "expert_momentum": 0.865763,
    "expert_num": 4,
    "expert_weight_decay": 0.001,
    "load_balancing": false,
    "optimizer_family": "original",
    "router_lr": 0.05499406,
    "router_momentum": 0.869034,
    "router_weight_decay": 0.001
  },
  "eval_metrics": {
    "accuracy": 95.40625,
    "dispatch_counts": [
      [
        4.0,
        822.0,
        0.0,
        3.0
      ],
      [
        2.0,
        18.0,
        394.0,
        365.0
      ],
      [
        812.0,
        0.0,
        0.0,
        0.0
      ],
      [
        703.0,
        0.0,
        0.0,
        77.0
      ]
    ],
    "entropy": 0.4370640218257904,
    "loss": 0.35919302701950073,
    "runtime_seconds": 0.004376943688839674,
    "split": "validation"
  },
  "fold_index": 1,
  "mode": "nonlinear",
  "seed": 31012,
  "setting": 3,
  "total_runtime_seconds": 27.469377376604825,
  "train_metrics": {
    "dispatch_counts": [
      [
        18.0,
        3286.0,
        0.0,
        10.0
      ],
      [
        12.0,
        100.0,
        1525.0,
        1481.0
      ],
      [
        3247.0,
        0.0,
        0.0,
        3.0
      ],
      [
        2823.0,
        0.0,
        1.0,
        294.0
      ]
    ],
    "entropy_record": [
      1.385567307472229,
      1.3855072259902954,
      1.3856022357940674,
      1.3854780197143555,
      1.385790467262268,
      1.3850109577178955,
      1.3832778930664062,
      1.3607079982757568,
      1.268941879272461,
      1.0948565006256104,
      0.9722457528114319,
      0.8711239099502563,
      0.7481876611709595,
      0.6475386619567871,
      0.5902922749519348,
      0.5596553683280945,
      0.524064302444458,
      0.4915756583213806,
      0.464557945728302,
      0.4473402500152588,
      0.43798595666885376,
      0.42522600293159485,
      0.4242219626903534,
      0.4209299087524414,
      0.4194714426994324,
      0.4160193204879761,
      0.41250765323638916,
      0.41541123390197754,
      0.41307276487350464,
      0.41460978984832764,
      0.4137539267539978,
      0.4080548882484436,
      0.4145602583885193,
      0.4121772348880768,
      0.4094104766845703,
      0.4170463979244232,
      0.4131425619125366,
      0.40737590193748474,
      0.41016438603401184,
      0.412235289812088,
      0.41007494926452637,
      0.4155207872390747,
      0.411314994096756,
      0.4109649062156677,
      0.40893420577049255,
      0.4123007655143738,
      0.4138695001602173,
      0.41153278946876526,
      0.41547152400016785,
      0.4125409424304962,
      0.4143322706222534,
      0.4125532805919647,
      0.4109153747558594,
      0.4134702682495117,
      0.4157947897911072,
      0.41263464093208313,
      0.4128059148788452,
      0.41244179010391235,
      0.40999090671539307,
      0.42065882682800293,
      0.415626585483551,
      0.4125367999076843,
      0.4137583374977112,
      0.4178076982498169,
      0.41091620922088623,
      0.41536206007003784,
      0.4088667035102844,
      0.410003662109375,
      0.41859304904937744,
      0.41517987847328186,
      0.41615569591522217,
      0.41464829444885254,
      0.4198482632637024,
      0.41537904739379883,
      0.4144163131713867,
      0.4117756187915802,
      0.42139318585395813,
      0.4163821041584015,
      0.41758862137794495,
      0.4190898835659027,
      0.4141017198562622,
      0.41340208053588867,
      0.41952699422836304,
      0.41661638021469116,
      0.4164295494556427,
      0.4125250577926636,
      0.4204816222190857,
      0.411732941865921,
      0.4183301031589508,
      0.4161189794540405,
      0.41927406191825867,
      0.41504576802253723,
      0.4148194491863251,
      0.4144071340560913,
      0.41348209977149963,
      0.42034149169921875,
      0.41446083784103394,
      0.41591426730155945,
      0.41643020510673523,
      0.41391587257385254,
      0.4243398904800415,
      0.41684550046920776,
      0.41888806223869324,
      0.4184001386165619,
      0.4179779291152954,
      0.4162183701992035,
      0.4176308810710907,
      0.4238792955875397,
      0.4192682206630707,
      0.418506383895874,
      0.42029714584350586,
      0.4181927442550659,
      0.4224272072315216,
      0.4188903570175171,
      0.4165387749671936,
      0.4175996482372284,
      0.42185163497924805,
      0.4172517657279968,
      0.42029502987861633,
      0.4151413142681122,
      0.41744154691696167,
      0.42060935497283936,
      0.42099428176879883,
      0.4182429015636444,
      0.4226102828979492,
      0.42379239201545715,
      0.42113444209098816,
      0.4211559295654297,
      0.41817983984947205,
      0.4250321388244629,
      0.42154133319854736,
      0.4201684594154358,
      0.42128121852874756,
      0.419072687625885,
      0.424469918012619,
      0.42360755801200867,
      0.4239611327648163,
      0.42497876286506653,
      0.41642722487449646,
      0.420866996049881,
      0.4271780252456665,
      0.4209996461868286,
      0.42103955149650574,
      0.4220747649669647,
      0.42109256982803345,
      0.42416179180145264,
      0.4211043119430542,
      0.41662663221359253,
      0.42529284954071045,
      0.4258258044719696,
      0.42672908306121826,
      0.41892343759536743,
      0.4201797842979431,
      0.4219168424606323,
      0.4215782880783081,
      0.42168229818344116,
      0.42400556802749634,
      0.41906413435935974,
      0.42140573263168335,
      0.4219043254852295,
      0.42269131541252136,
      0.4255121946334839,
      0.41878005862236023,
      0.4203791916370392,
      0.41947996616363525,
      0.4247214198112488,
      0.42386388778686523,
      0.42002686858177185,
      0.4231410324573517,
      0.4169483184814453,
      0.41962331533432007,
      0.4222184419631958,
      0.4266451895236969,
      0.4252609610557556,
      0.42179274559020996,
      0.42192280292510986,
      0.42480769753456116,
      0.42070794105529785,
      0.4257095158100128,
      0.41841790080070496,
      0.42261433601379395,
      0.4228837490081787,
      0.4209412932395935,
      0.421720027923584,
      0.4199332892894745,
      0.424296498298645,
      0.42841917276382446,
      0.4247587025165558,
      0.42060405015945435,
      0.428070068359375,
      0.4235594868659973,
      0.41736605763435364,
      0.42423015832901,
      0.4225534200668335,
      0.42364585399627686,
      0.4210544228553772,
      0.42303013801574707,
      0.42525914311408997,
      0.42548441886901855,
      0.42538848519325256,
      0.42255493998527527,
      0.4247240126132965,
      0.4238062798976898,
      0.43039101362228394,
      0.4228935241699219,
      0.42987507581710815,
      0.42713531851768494,
      0.4245803952217102,
      0.4250386953353882,
      0.42027342319488525,
      0.41972726583480835,
      0.4253891408443451,
      0.4250728487968445,
      0.42304253578186035,
      0.43099722266197205,
      0.4248655140399933,
      0.42578446865081787,
      0.42762765288352966,
      0.42314180731773376,
      0.42759183049201965,
      0.4240834414958954,
      0.425751268863678,
      0.4254480004310608,
      0.43141382932662964,
      0.4290458559989929,
      0.4288555681705475,
      0.424197793006897,
      0.42796897888183594,
      0.42523980140686035,
      0.42564260959625244,
      0.42678356170654297,
      0.4234274923801422,
      0.4274880588054657,
      0.4249887466430664,
      0.42786696553230286,
      0.4258470833301544,
      0.42654362320899963,
      0.4246455729007721,
      0.42580440640449524,
      0.42685481905937195,
      0.4280768930912018,
      0.42514488101005554,
      0.42737525701522827,
      0.4239896237850189,
      0.4285494387149811,
      0.42525458335876465,
      0.425169974565506,
      0.4312078654766083,
      0.42999354004859924,
      0.42401257157325745,
      0.4236707389354706,
      0.42421045899391174,
