{
  "config": {
    "early_stopping": true,
    "epochs": 601,
    "expert_lr": 0.00232532,
    "expert_momentum": 0.981168,
    "expert_num": 4,
    "expert_weight_decay": 0.0001,
    "load_balancing": false,
    "optimizer_family": "original",
    "router_lr": 0.03077008,
    "router_momentum": 0.888811,
    "router_weight_decay": 0.001
  },
  "eval_metrics": {
    "accuracy": 92.5,
    "dispatch_counts": [
      [
        507.0,
        28.0,
        3.0,
        269.0
      ],
      [
        22.0,
        755.0,
        3.0,
        20.0
      ],
      [
        1.0,
        12.0,
        785.0,
        3.0
      ],
      [
        217.0,
        410.0,
        133.0,
        32.0
      ]
    ],
    "entropy": 0.6620533466339111,
    "loss": 0.3882615268230438,
    "runtime_seconds": 0.004363114945590496,
    "split": "validation"
  },
  "fold_index": 1,
  "mode": "nonlinear",
  "seed": 10912,
  "setting": 1,
  "total_runtime_seconds": 15.090140756685287,
  "train_metrics": {
    "dispatch_counts": [
      [
        2032.0,
        88.0,
        4.0,
        1104.0
      ],
      [
        116.0,
        3012.0,
        13.0,
        58.0
      ],
      [
        8.0,
        42.0,
        3144.0,
        11.0
      ],
      [
        864.0,
        1591.0,
        577.0,
        136.0
      ]
    ],
    "entropy_record": [
      1.386056900024414,
      1.3860273361206055,
      1.386054515838623,
      1.3859779834747314,
      1.3856918811798096,
      1.3859275579452515,
      1.385399580001831,
      1.383908987045288,
      1.3643728494644165,
      1.2856677770614624,
      1.1034965515136719,
      0.8348196744918823,
      0.6439433693885803,
      0.5684249401092529,
      0.5503508448600769,
      0.5551044940948486,
      0.5487875938415527,
      0.5505905747413635,
      0.5548677444458008,
      0.5576325058937073,
      0.5568366646766663,
      0.558284342288971,
      0.5606930255889893,
      0.5588715672492981,
      0.561505913734436,
      0.5633305311203003,
      0.5647056698799133,
      0.5680145025253296,
      0.5683785080909729,
      0.5786112546920776,
      0.5841013193130493,
      0.5899228453636169,
      0.5986788272857666,
      0.595887303352356,
      0.6015942096710205,
      0.6102414727210999,
      0.6144470572471619,
      0.6166990399360657,
      0.6236809492111206,
      0.6202152371406555,
      0.6301041841506958,
      0.6354948878288269,
      0.6329817771911621,
      0.6370298862457275,
      0.6491933465003967,
      0.6379841566085815,
      0.6436399221420288,
      0.6476272940635681,
      0.64543616771698,
      0.6502876281738281,
      0.6447845697402954,
      0.6487324833869934,
      0.6552359461784363,
      0.6526690125465393,
      0.6538059115409851,
      0.6552488207817078,
      0.6584609746932983,
      0.6531054973602295,
      0.6592910885810852,
      0.6647146344184875,
      0.653042197227478,
      0.6546564102172852,
      0.6589125990867615,
      0.6591030359268188,
      0.6583534479141235,
      0.6604435443878174,
      0.6586611270904541,
      0.6521901488304138,
      0.6539604663848877,
      0.6560770273208618,
      0.6558765172958374,
      0.6610506772994995,
      0.6550591588020325,
      0.662882387638092,
      0.6598166823387146,
      0.6633844375610352,
      0.6546333432197571,
      0.6611340045928955,
      0.6558898091316223,
      0.6598548889160156,
      0.6607354879379272,
      0.6570627093315125,
      0.6572152376174927,
      0.6576046347618103,
      0.656491756439209,
      0.6638660430908203,
      0.65859055519104,
      0.6592087745666504,
      0.662997841835022,
      0.6590453386306763,
      0.6639743447303772,
      0.6591657996177673,
      0.6636520624160767,
      0.6642493009567261,
      0.656608521938324,
      0.6633201241493225,
      0.6594676971435547,
      0.6677306294441223,
      0.6529253125190735,
      0.654349148273468,
      0.6624494791030884,
      0.6592082381248474,
      0.6628014445304871,
      0.6663978099822998,
      0.6584761738777161,
      0.656093418598175,
      0.6602588891983032,
      0.6651914119720459,
      0.6573071479797363,
      0.6590070724487305,
      0.6566594243049622,
      0.6614347696304321,
      0.6603814363479614,
      0.6555073261260986,
      0.6531708240509033,
      0.6575820446014404,
      0.6629173159599304,
      0.663417398929596,
      0.6607333421707153,
      0.6545926332473755,
      0.6562381386756897,
      0.6603609919548035,
      0.660470724105835,
      0.6527021527290344,
      0.6594638824462891,
      0.659152626991272,
      0.663184642791748,
      0.6599081158638,
      0.6587406992912292,
      0.6544869542121887,
      0.6613491177558899,
      0.657869279384613,
      0.6586077213287354,
      0.6657269597053528,
      0.661888837814331,
      0.6619952917098999,
      0.6609740853309631,
      0.6598213315010071,
      0.6639472842216492,
      0.6555676460266113,
      0.6583951711654663,
      0.658920407295227,
      0.6553210020065308,
      0.6590132713317871,
      0.6646614670753479,
      0.6545999646186829,
      0.6580296754837036,
      0.654064416885376,
      0.6571804285049438,
      0.65836501121521,
      0.6624580025672913,
      0.6590465307235718,
      0.6583662033081055,
      0.6616120338439941,
      0.6577036380767822,
      0.664874792098999,
      0.6615309119224548,
      0.659919261932373,
      0.6573277115821838,
      0.6565428972244263,
      0.6598013043403625,
      0.658630907535553,
      0.6621080636978149,
      0.6622642874717712,
      0.6606204509735107,
      0.6564511060714722,
      0.6632601618766785,
      0.65751051902771,
      0.6626700162887573,
      0.6608759760856628,
      0.660548985004425,
      0.6622381806373596,
      0.658108651638031,
      0.6616639494895935,
      0.6570311188697815,
      0.6562644839286804,
      0.6575043797492981,
      0.6557500958442688,
      0.6639824509620667,
      0.6598553657531738,
      0.6588691473007202,
      0.6609514951705933,
      0.6656774878501892,
      0.6646629571914673,
      0.6616277694702148,
      0.6580565571784973,
      0.6566473245620728,
      0.6636748313903809,
      0.6635259985923767,
      0.6630216240882874,
      0.6592197418212891,
      0.6602879166603088,
      0.6631228923797607,
      0.6670219302177429,
      0.65829998254776,
      0.6616338491439819,
      0.6585827469825745,
      0.6516773700714111,
      0.6613678932189941,
      0.6637514233589172,
      0.6541653871536255,
      0.6590011119842529,
      0.6655388474464417,
      0.6657574772834778,
      0.6606667041778564,
      0.6597824692726135,
      0.6651504039764404,
      0.664692223072052,
      0.6658769249916077,
      0.6577120423316956,
      0.6619317531585693,
      0.6603193283081055,
      0.654280960559845,
      0.6594752073287964,
      0.6626895666122437,
      0.655250608921051,
      0.6593443155288696,
      0.6624391078948975,
      0.6573883295059204,
      0.6554584503173828,
      0.6646441221237183,
      0.6582775712013245,
      0.6577580571174622,
      0.6609171032905579,
      0.6591870784759521,
      0.6658714413642883,
      0.6621124148368835,
      0.6570319533348083,
      0.6657965779304504,
      0.6625826954841614,
      0.6607639789581299,
      0.6600249409675598,
      0.6636566519737244,
      0.6602453589439392,
      0.6656541228294373,
      0.6557920575141907,
      0.6617725491523743,
      0.6592703461647034,
      0.6622534394264221,
      0.6601405739784241,
      0.6582854986190796,
      0.6582692861557007,
      0.6651686429977417,
      0.6570140719413757,
      0.6630171537399292,
      0.6647905111312866,
      0.6585061550140381,
      0.6609237790107727,
      0.6598175168037415,
      0.6603654026985168,
      0.6598523855209351,
      0.6614862084388733,
      0.6633278131484985,
      0.6562920212745667,
      0.6611475944519043,
      0.662606954574585,
      0.66566401720047,
