{
  "config": {
    "early_stopping": true,
    "epochs": 601,
    "expert_lr": 0.00232532,
    "expert_momentum": 0.981168,
    "expert_num": 4,
    "expert_weight_decay": 0.0001,
    "load_balancing": false,
    "optimizer_family": "original",
    "router_lr": 0.03077008,
    "router_momentum": 0.888811,
    "router_weight_decay": 0.001
  },
  "eval_metrics": {
    "accuracy": 99.46875,
    "dispatch_counts": [
      [
        0.0,
        0.0,
        0.0,
        807.0
      ],
      [
        0.0,
        0.0,
        800.0,
        0.0
      ],
      [
        66.0,
        735.0,
        0.0,
        0.0
      ],
      [
        791.0,
        0.0,
        0.0,
        1.0
      ]
    ],
    "entropy": 0.07509198784828186,
    "loss": 0.3185741901397705,
    "runtime_seconds": 0.004506722092628479,
    "split": "validation"
  },
  "fold_index": 3,
  "mode": "nonlinear",
  "seed": 10914,
  "setting": 1,
  "total_runtime_seconds": 27.097519367467612,
  "train_metrics": {
    "dispatch_counts": [
      [
        0.0,
        0.0,
        0.0,
        3228.0
      ],
      [
        0.0,
        0.0,
        3199.0,
        0.0
      ],
      [
        252.0,
        2949.0,
        4.0,
        0.0
      ],
      [
        3162.0,
        0.0,
        5.0,
        1.0
      ]
    ],
    "entropy_record": [
      1.3859707117080688,
      1.3857791423797607,
      1.3860535621643066,
      1.3860808610916138,
      1.3857487440109253,
      1.3860220909118652,
      1.3858542442321777,
      1.3853542804718018,
      1.3767164945602417,
      1.3482632637023926,
      1.237898826599121,
      1.0132253170013428,
      0.7654403448104858,
      0.5264202952384949,
      0.3545451760292053,
      0.25624674558639526,
      0.17746178805828094,
      0.1441880315542221,
      0.11894962191581726,
      0.1045805960893631,
      0.09467185288667679,
      0.08132238686084747,
      0.08205920457839966,
      0.06907782703638077,
      0.07691047340631485,
      0.06551587581634521,
      0.06597895175218582,
      0.06919047236442566,
      0.06144331023097038,
      0.0596308633685112,
      0.060908570885658264,
      0.0629858672618866,
      0.05751730501651764,
      0.06065160408616066,
      0.05574110150337219,
      0.06110450252890587,
      0.06364031881093979,
      0.0585290864109993,
      0.059244997799396515,
      0.0619673915207386,
      0.061064984649419785,
      0.058500614017248154,
      0.062255728989839554,
      0.058513935655355453,
      0.06635935604572296,
      0.060354433953762054,
      0.06333291530609131,
      0.061444055289030075,
      0.06631103157997131,
      0.06368574500083923,
      0.06360536813735962,
      0.05426543578505516,
      0.06628807634115219,
      0.06769676506519318,
      0.06499356031417847,
      0.06340247392654419,
      0.0674002468585968,
      0.06430978327989578,
      0.062036145478487015,
      0.06536757200956345,
      0.06441895663738251,
      0.06611818075180054,
      0.06471940875053406,
      0.06594235450029373,
      0.06738108396530151,
      0.06691979616880417,
      0.06259268522262573,
      0.06689630448818207,
      0.06352107226848602,
      0.06639247387647629,
      0.06091882660984993,
      0.0637919157743454,
      0.06730595976114273,
      0.06956342607736588,
      0.07086414843797684,
      0.0639607235789299,
      0.06399297714233398,
      0.06191902607679367,
      0.06483057141304016,
      0.06341134756803513,
      0.06975395232439041,
      0.06656213104724884,
      0.06243074685335159,
      0.0656459853053093,
      0.0642748475074768,
      0.06794218719005585,
      0.07036013156175613,
      0.0703759416937828,
      0.065492644906044,
      0.0678185299038887,
      0.06808637082576752,
      0.0662589967250824,
      0.06731926649808884,
      0.0690469890832901,
      0.06353486329317093,
      0.06694138795137405,
      0.06921987235546112,
      0.06581544876098633,
      0.06795576214790344,
      0.0674942284822464,
      0.06804738193750381,
      0.06751931458711624,
      0.0700647383928299,
      0.06303885579109192,
      0.06737543642520905,
      0.06849900633096695,
      0.06482584774494171,
      0.06688614189624786,
      0.06466913223266602,
      0.06504708528518677,
      0.06673306226730347,
      0.06520650535821915,
      0.06319773197174072,
      0.0667237639427185,
      0.06641194224357605,
      0.06450269371271133,
      0.06689690053462982,
      0.07065030187368393,
      0.06597066670656204,
      0.06461114436388016,
      0.06189125403761864,
      0.06456053256988525,
      0.06622477620840073,
      0.06509284675121307,
      0.06473442912101746,
      0.06917896866798401,
      0.06395898014307022,
      0.06133081018924713,
      0.06613963097333908,
      0.0664549171924591,
      0.066289022564888,
      0.06985713541507721,
      0.07015129923820496,
      0.06742038577795029,
      0.06776098161935806,
      0.06935549527406693,
      0.06815515458583832,
      0.06825200468301773,
      0.06504443287849426,
      0.06679913401603699,
      0.07038239389657974,
      0.06939788907766342,
      0.066730797290802,
      0.06632957607507706,
      0.06646057218313217,
      0.07149099558591843,
      0.0690959244966507,
      0.06689991801977158,
      0.068421870470047,
      0.06800547242164612,
      0.06195226311683655,
      0.06675171107053757,
      0.06680408120155334,
      0.06625298410654068,
      0.06581179052591324,
      0.07200220972299576,
      0.06634163856506348,
      0.06812092661857605,
      0.0690891221165657,
      0.06596852838993073,
      0.07080328464508057,
      0.06842536479234695,
      0.06625930219888687,
      0.06401164829730988,
      0.06849730759859085,
      0.06834185123443604,
      0.06886418908834457,
      0.0680282711982727,
      0.06821218132972717,
      0.0710868239402771,
      0.07117895036935806,
      0.06779605895280838,
      0.0692519098520279,
      0.07024519145488739,
      0.0656837597489357,
      0.06477328389883041,
      0.06627899408340454,
      0.06919975578784943,
      0.06981056928634644,
      0.06952585279941559,
      0.0680747777223587,
      0.06802455335855484,
      0.06455540657043457,
      0.07184760272502899,
      0.06479331105947495,
      0.06620579212903976,
      0.06307900696992874,
      0.06725914776325226,
      0.06803581118583679,
      0.06662800908088684,
      0.06780122220516205,
      0.06869252026081085,
      0.06801434606313705,
      0.065819151699543,
      0.062333885580301285,
      0.07011482864618301,
      0.06817791610956192,
      0.06308994442224503,
      0.0666428804397583,
      0.06271559000015259,
      0.06584101170301437,
      0.06456748396158218,
      0.06303177773952484,
      0.06962211430072784,
      0.06850910186767578,
      0.06821100413799286,
      0.06640845537185669,
      0.06478103995323181,
      0.06265664100646973,
      0.06729985773563385,
      0.07194625586271286,
      0.06861855089664459,
      0.06702785193920135,
      0.0676654651761055,
      0.06791700422763824,
      0.059311892837285995,
      0.07051800936460495,
      0.06511739641427994,
      0.06872235983610153,
      0.06143946200609207,
      0.07169994711875916,
      0.06923528015613556,
      0.06367949396371841,
      0.07329563796520233,
      0.06483286619186401,
      0.07041145861148834,
      0.06328943371772766,
      0.06776128709316254,
      0.06951110064983368,
      0.06537935882806778,
      0.0658920407295227,
      0.06662159413099289,
      0.06396637111902237,
      0.0644560232758522,
      0.06642550230026245,
      0.06723473966121674,
      0.06811127811670303,
      0.06248760595917702,
      0.07283635437488556,
      0.07093635946512222,
      0.06776111572980881,
      0.06774741411209106,
      0.06967984139919281,
      0.06654956191778183,
      0.06421427428722382,
      0.06769248843193054,
      0.07033631950616837,
      0.06734426319599152,
