{
  "config": {
    "early_stopping": true,
    "epochs": 601,
    "expert_lr": 0.00050373,
    "expert_momentum": 0.897256,
    "expert_num": 4,
    "expert_weight_decay": 0.0,
    "load_balancing": false,
    "optimizer_family": "original",
    "router_lr": 0.07025557,
    "router_momentum": 0.897076,
    "router_weight_decay": 1e-05
  },
  "eval_metrics": {
    "accuracy": 90.28125,
    "dispatch_counts": [
      [
        649.0,
        34.0,
        28.0,
        118.0
      ],
      [
        0.0,
        106.0,
        266.0,
        407.0
      ],
      [
        2.0,
        629.0,
        40.0,
        141.0
      ],
      [
        4.0,
        97.0,
        114.0,
        565.0
      ]
    ],
    "entropy": 0.8518040180206299,
    "loss": 0.41036683320999146,
    "runtime_seconds": 0.004645934794098139,
    "split": "validation"
  },
  "fold_index": 1,
  "mode": "nonlinear",
  "seed": 21212,
  "setting": 2,
  "total_runtime_seconds": 27.208012967836112,
  "train_metrics": {
    "dispatch_counts": [
      [
        2543.0,
        168.0,
        124.0,
        479.0
      ],
      [
        5.0,
        432.0,
        1077.0,
        1604.0
      ],
      [
        6.0,
        2501.0,
        171.0,
        572.0
      ],
      [
        17.0,
        357.0,
        447.0,
        2297.0
      ]
    ],
    "entropy_record": [
      1.3855419158935547,
      1.3856751918792725,
      1.3855798244476318,
      1.3854533433914185,
      1.3853859901428223,
      1.3857228755950928,
      1.3855444192886353,
      1.3854032754898071,
      1.3854165077209473,
      1.3855881690979004,
      1.3857578039169312,
      1.3850629329681396,
      1.3846772909164429,
      1.384507417678833,
      1.3806710243225098,
      1.374523401260376,
      1.3569800853729248,
      1.308356761932373,
      1.2140486240386963,
      1.0535755157470703,
      0.8217270374298096,
      0.6985028386116028,
      0.6216016411781311,
      0.5816292762756348,
      0.5707213282585144,
      0.5707911252975464,
      0.5709337592124939,
      0.5756978392601013,
      0.5752027034759521,
      0.5788727402687073,
      0.5781099796295166,
      0.5779736638069153,
      0.580034077167511,
      0.5810928344726562,
      0.5839649438858032,
      0.585328221321106,
      0.5847127437591553,
      0.5833032727241516,
      0.583876371383667,
      0.5841878652572632,
      0.5801750421524048,
      0.5785743594169617,
      0.5786857604980469,
      0.5756352543830872,
      0.5718964338302612,
      0.5614185333251953,
      0.5549536347389221,
      0.5511670708656311,
      0.5520193576812744,
      0.548147439956665,
      0.5453569293022156,
      0.5523550510406494,
      0.5526167750358582,
      0.5519051551818848,
      0.5526208281517029,
      0.5620381832122803,
      0.5618097186088562,
      0.5654958486557007,
      0.5632421374320984,
      0.5656717419624329,
      0.5686360597610474,
      0.5737413763999939,
      0.5737996101379395,
      0.5759892463684082,
      0.5803110599517822,
      0.5734561681747437,
      0.5766802430152893,
      0.5795612335205078,
      0.5799988508224487,
      0.5834639668464661,
      0.5813634991645813,
      0.5837522745132446,
      0.5836043953895569,
      0.5789754390716553,
      0.5852935314178467,
      0.5862395763397217,
      0.5859419107437134,
      0.5852434635162354,
      0.5818827748298645,
      0.5863465070724487,
      0.5872318744659424,
      0.587627649307251,
      0.5870596170425415,
      0.5884729027748108,
      0.5897760987281799,
      0.5870509147644043,
      0.5902092456817627,
      0.58832186460495,
      0.59319007396698,
      0.5950535535812378,
      0.5949052572250366,
      0.594329833984375,
      0.5947039127349854,
      0.5983920693397522,
      0.5953139066696167,
      0.6001558303833008,
      0.6025969982147217,
      0.597247838973999,
      0.6045864820480347,
      0.6053266525268555,
      0.6020081043243408,
      0.6051728129386902,
      0.6059765815734863,
      0.6061663627624512,
      0.6077550053596497,
      0.60625159740448,
      0.6098465323448181,
      0.6143758296966553,
      0.6118155717849731,
      0.6149377822875977,
      0.613308310508728,
      0.619004487991333,
      0.6171730756759644,
      0.6209803223609924,
      0.621359646320343,
      0.6244080066680908,
      0.6239762306213379,
      0.6266442537307739,
      0.6251989603042603,
      0.627171516418457,
      0.6311533451080322,
      0.6292892694473267,
      0.6335427761077881,
      0.6347749829292297,
      0.631134033203125,
      0.6347131729125977,
      0.6318351030349731,
      0.6370072960853577,
      0.6383230686187744,
      0.6352525949478149,
      0.6424750089645386,
      0.6409754157066345,
      0.6409271955490112,
      0.6402112245559692,
      0.644129753112793,
      0.649175763130188,
      0.6434216499328613,
      0.6487770676612854,
      0.6446225643157959,
      0.6499224305152893,
      0.6500416994094849,
      0.6512225866317749,
      0.6510602235794067,
      0.6571054458618164,
      0.6543887853622437,
      0.6587493419647217,
      0.655321478843689,
      0.6543734669685364,
      0.6558403372764587,
      0.660446286201477,
      0.6582935452461243,
      0.6614366173744202,
      0.6623435020446777,
      0.6580985188484192,
      0.6650410294532776,
      0.6646091341972351,
      0.6657907962799072,
      0.6674802303314209,
      0.6686950922012329,
      0.6656031608581543,
      0.6688368320465088,
      0.6702709197998047,
      0.6715185046195984,
      0.6713370084762573,
      0.6696552634239197,
      0.6724087595939636,
      0.6743550300598145,
      0.6759002208709717,
      0.6782732009887695,
      0.6748648881912231,
      0.6797138452529907,
      0.6759800910949707,
      0.6794053316116333,
      0.6799876093864441,
      0.680334210395813,
      0.6811785697937012,
      0.68316650390625,
      0.6847445964813232,
      0.6849871873855591,
      0.6873137354850769,
      0.6892298460006714,
      0.6877975463867188,
      0.6927295923233032,
      0.6935011148452759,
      0.6853851079940796,
      0.6881494522094727,
      0.6921320557594299,
      0.6931630373001099,
      0.6943240761756897,
      0.6938254833221436,
      0.6984169483184814,
      0.6953651905059814,
      0.6969016790390015,
      0.6941038966178894,
      0.697808563709259,
      0.7015780210494995,
      0.6959866285324097,
      0.7013236284255981,
      0.6990594863891602,
      0.7008758783340454,
      0.7051544189453125,
      0.7043372392654419,
      0.70477294921875,
      0.7025489807128906,
      0.7076723575592041,
      0.7072173357009888,
      0.7074450254440308,
      0.7084323167800903,
      0.7083130478858948,
      0.7111641764640808,
      0.70941162109375,
      0.7119102478027344,
      0.7173806428909302,
      0.7149454355239868,
      0.7147872447967529,
      0.7181301712989807,
      0.7145133018493652,
      0.7154954671859741,
      0.7155592441558838,
      0.7186683416366577,
      0.7181625366210938,
      0.7225568294525146,
      0.7213274240493774,
      0.7188389897346497,
      0.7177706956863403,
      0.7194470167160034,
      0.720704972743988,
      0.7280634045600891,
      0.7216461300849915,
      0.7248269319534302,
      0.7251118421554565,
      0.7231400012969971,
      0.7227796316146851,
      0.7271450757980347,
      0.7267242670059204,
      0.7291015386581421,
      0.7296546101570129,
      0.7264788746833801,
      0.7299662232398987,
      0.7289890050888062,
      0.7297780513763428,
      0.7334163784980774,
      0.7333843111991882,
      0.730129599571228,
      0.7341487407684326,
      0.7338438034057617,
      0.734492301940918,
      0.7365671992301941,
      0.733254075050354,
      0.7348736524581909,
      0.734249472618103,
      0.7373292446136475,
      0.7367053031921387,
      0.7347735166549683,
      0.7413805723190308,
      0.7420666217803955,
