{
  "config": {
    "early_stopping": true,
    "epochs": 601,
    "expert_lr": 0.00050373,
    "expert_momentum": 0.897256,
    "expert_num": 4,
    "expert_weight_decay": 0.0,
    "load_balancing": false,
    "optimizer_family": "original",
    "router_lr": 0.07025557,
    "router_momentum": 0.897076,
    "router_weight_decay": 1e-05
  },
  "eval_metrics": {
    "accuracy": 90.90625,
    "dispatch_counts": [
      [
        144.0,
        325.0,
        296.0,
        63.0
      ],
      [
        46.0,
        126.0,
        37.0,
        571.0
      ],
      [
        28.0,
        560.0,
        131.0,
        93.0
      ],
      [
        610.0,
        59.0,
        89.0,
        22.0
      ]
    ],
    "entropy": 0.9610145688056946,
    "loss": 0.40435653924942017,
    "runtime_seconds": 0.0044893561862409115,
    "split": "validation"
  },
  "fold_index": 0,
  "mode": "nonlinear",
  "seed": 21211,
  "setting": 2,
  "total_runtime_seconds": 27.294612599071115,
  "train_metrics": {
    "dispatch_counts": [
      [
        525.0,
        1331.0,
        1242.0,
        217.0
      ],
      [
        186.0,
        447.0,
        142.0,
        2342.0
      ],
      [
        133.0,
        2263.0,
        505.0,
        349.0
      ],
      [
        2345.0,
        267.0,
        359.0,
        147.0
      ]
    ],
    "entropy_record": [
      1.3856468200683594,
      1.3853015899658203,
      1.3856477737426758,
      1.3854936361312866,
      1.38540780544281,
      1.3853693008422852,
      1.3858168125152588,
      1.3857265710830688,
      1.385633945465088,
      1.3854103088378906,
      1.38540518283844,
      1.3851783275604248,
      1.3849241733551025,
      1.3828895092010498,
      1.3739650249481201,
      1.3536078929901123,
      1.3090033531188965,
      1.186498999595642,
      0.9701766967773438,
      0.7366582155227661,
      0.6152629256248474,
      0.5526189804077148,
      0.5457156896591187,
      0.5438191890716553,
      0.5420342683792114,
      0.5409950017929077,
      0.5329318642616272,
      0.5319727063179016,
      0.5330488085746765,
      0.5304269790649414,
      0.5280047655105591,
      0.5221580862998962,
      0.5196182727813721,
      0.5184298753738403,
      0.5096162557601929,
      0.501910924911499,
      0.500031590461731,
      0.5027603507041931,
      0.49488401412963867,
      0.4927939474582672,
      0.4927770495414734,
      0.4962764382362366,
      0.4995543360710144,
      0.5051813721656799,
      0.5031949877738953,
      0.5121968984603882,
      0.5149170756340027,
      0.5267717242240906,
      0.5301984548568726,
      0.539642333984375,
      0.5505608320236206,
      0.5586421489715576,
      0.5718249082565308,
      0.5827683210372925,
      0.5923065543174744,
      0.6048324704170227,
      0.6128418445587158,
      0.6224581599235535,
      0.6321065425872803,
      0.6440073251724243,
      0.6504644751548767,
      0.6517308354377747,
      0.6610144376754761,
      0.667542576789856,
      0.6770122051239014,
      0.6799656748771667,
      0.6909326910972595,
      0.6912728548049927,
      0.693982720375061,
      0.7050845623016357,
      0.7043485641479492,
      0.7080911993980408,
      0.7152172923088074,
      0.7186506986618042,
      0.7241271138191223,
      0.7258834838867188,
      0.7341863512992859,
      0.7379540801048279,
      0.7420013546943665,
      0.7434868812561035,
      0.7467672824859619,
      0.7530814409255981,
      0.7535035610198975,
      0.7585786581039429,
      0.7643976807594299,
      0.7654102444648743,
      0.7666062712669373,
      0.7693688869476318,
      0.77763831615448,
      0.7750449180603027,
      0.7799140810966492,
      0.7821047306060791,
      0.7853686809539795,
      0.7871389985084534,
      0.7901731133460999,
      0.7875446081161499,
      0.7905745506286621,
      0.7954931259155273,
      0.7944508790969849,
      0.7993107438087463,
      0.7994996309280396,
      0.8050656914710999,
      0.7979815602302551,
      0.8038880228996277,
      0.8060579299926758,
      0.8054510354995728,
      0.811043918132782,
      0.8079743385314941,
      0.8126329779624939,
      0.8137167692184448,
      0.812749981880188,
      0.8149466514587402,
      0.8183207511901855,
      0.8177535533905029,
      0.8191917538642883,
      0.8219627141952515,
      0.8228777050971985,
      0.8271500468254089,
      0.8301817774772644,
      0.8281992673873901,
      0.8288047909736633,
      0.8305574655532837,
      0.8327323198318481,
      0.8348732590675354,
      0.8331989645957947,
      0.8421058654785156,
      0.8386969566345215,
      0.8390296697616577,
      0.840161919593811,
      0.8449079394340515,
      0.8451626896858215,
      0.8423724174499512,
      0.8470022082328796,
      0.850313663482666,
      0.8503377437591553,
      0.8504742383956909,
      0.8505535125732422,
      0.8538702130317688,
      0.8552641868591309,
      0.856807291507721,
      0.8549102544784546,
      0.8578237295150757,
      0.8595854640007019,
      0.8611248731613159,
      0.859970211982727,
      0.8626924753189087,
      0.8626798987388611,
      0.8641111254692078,
      0.8632535338401794,
      0.8655647039413452,
      0.8682052493095398,
      0.8681096434593201,
      0.8691262602806091,
      0.8688085079193115,
      0.8681832551956177,
      0.872961163520813,
      0.8746042251586914,
      0.8772873282432556,
      0.8777088522911072,
      0.8798477649688721,
      0.877243161201477,
      0.8807601928710938,
      0.8794111609458923,
      0.8785687685012817,
      0.8786957859992981,
      0.8811067342758179,
      0.8802801966667175,
      0.882904052734375,
      0.8845634460449219,
      0.8827530741691589,
      0.8858028054237366,
      0.8847528696060181,
      0.8844112753868103,
      0.8903312683105469,
      0.8893121480941772,
      0.8878469467163086,
      0.8917249441146851,
      0.8909952640533447,
      0.8881781101226807,
      0.8924018144607544,
      0.8917954564094543,
      0.8926270604133606,
      0.8923978209495544,
      0.8947552442550659,
      0.8967862129211426,
      0.894910454750061,
      0.8929610848426819,
      0.8985281586647034,
      0.8954416513442993,
      0.8939028978347778,
      0.9013670682907104,
      0.8963050842285156,
      0.900755763053894,
      0.9035084843635559,
      0.8999837040901184,
      0.9012279510498047,
      0.9011224508285522,
      0.9041145443916321,
      0.9034997820854187,
      0.9049773812294006,
      0.9041985273361206,
      0.9025391340255737,
      0.9030210971832275,
      0.9030067920684814,
      0.9068045020103455,
      0.9062350392341614,
      0.9056931138038635,
      0.9067974090576172,
      0.9085006713867188,
      0.910179078578949,
      0.9081385135650635,
      0.9113935828208923,
      0.9079817533493042,
      0.9088703989982605,
      0.9065945148468018,
      0.910412073135376,
      0.9095557928085327,
      0.909242570400238,
      0.9101495146751404,
      0.9088730216026306,
      0.9119057655334473,
      0.9116542935371399,
      0.9120287299156189,
      0.9118008017539978,
      0.9132259488105774,
      0.9111578464508057,
      0.9152554273605347,
      0.9132576584815979,
      0.9162470102310181,
      0.913984477519989,
      0.9123006463050842,
      0.9126718044281006,
      0.9163313508033752,
      0.9166973829269409,
      0.9171182513237,
      0.9178587198257446,
      0.9179490208625793,
      0.9172458052635193,
      0.9162979125976562,
      0.9167718887329102,
      0.9193109273910522,
      0.9165215492248535,
      0.9192888736724854,
      0.9172784090042114,
      0.921746551990509,
      0.9190950989723206,
      0.9193778038024902,
      0.9188860654830933,
      0.9190900325775146,
      0.9235063791275024,
      0.9199609160423279,
      0.9212757349014282,
      0.921661376953125,
      0.9194846153259277,
      0.9228453040122986,
      0.9221693277359009,
