{
  "config": {
    "early_stopping": true,
    "epochs": 601,
    "expert_lr": 0.00098199,
    "expert_momentum": 0.897436,
    "expert_num": 4,
    "expert_weight_decay": 1e-05,
    "load_balancing": false,
    "ns_steps": 10,
    "optimizer_family": "muon",
    "router_lr": 0.04089554,
    "router_momentum": 0.897705,
    "router_weight_decay": 0.0
  },
  "eval_metrics": {
    "accuracy": 91.59375,
    "dispatch_counts": [
      [
        0.0,
        493.0,
        157.0,
        157.0
      ],
      [
        2.0,
        126.0,
        377.0,
        295.0
      ],
      [
        29.0,
        260.0,
        423.0,
        89.0
      ],
      [
        178.0,
        585.0,
        21.0,
        8.0
      ]
    ],
    "entropy": 1.1200162172317505,
    "loss": 0.3969988524913788,
    "runtime_seconds": 0.004521834198385477,
    "split": "validation"
  },
  "fold_index": 4,
  "mode": "nonlinear",
  "seed": 10315,
  "setting": 1,
  "total_runtime_seconds": 22.36633376730606,
  "train_metrics": {
    "dispatch_counts": [
      [
        1.0,
        1967.0,
        642.0,
        618.0
      ],
      [
        14.0,
        460.0,
        1519.0,
        1206.0
      ],
      [
        129.0,
        1097.0,
        1661.0,
        318.0
      ],
      [
        743.0,
        2331.0,
        66.0,
        28.0
      ]
    ],
    "entropy_record": [
      1.3860676288604736,
      1.276322364807129,
      1.2187520265579224,
      1.2711372375488281,
      1.3051916360855103,
      1.317474365234375,
      1.3190561532974243,
      1.3218259811401367,
      1.3246761560440063,
      1.327243685722351,
      1.3245874643325806,
      1.3259952068328857,
      1.3281327486038208,
      1.3271108865737915,
      1.3277817964553833,
      1.327988862991333,
      1.3258697986602783,
      1.32234787940979,
      1.321183681488037,
      1.317909836769104,
      1.3134911060333252,
      1.307356357574463,
      1.3031119108200073,
      1.299919843673706,
      1.2937500476837158,
      1.2884896993637085,
      1.2840462923049927,
      1.2805349826812744,
      1.2768149375915527,
      1.2758209705352783,
      1.2737828493118286,
      1.269544005393982,
      1.2677149772644043,
      1.2642862796783447,
      1.26143479347229,
      1.2589877843856812,
      1.2580397129058838,
      1.2559767961502075,
      1.2577781677246094,
      1.2571395635604858,
      1.2559043169021606,
      1.2565633058547974,
      1.2557883262634277,
      1.2537564039230347,
      1.2523610591888428,
      1.2505401372909546,
      1.2470122575759888,
      1.241869568824768,
      1.2359755039215088,
      1.2320841550827026,
      1.2270054817199707,
      1.2211439609527588,
      1.2145333290100098,
      1.2100828886032104,
      1.2073007822036743,
      1.2033532857894897,
      1.1990665197372437,
      1.1945418119430542,
      1.1928647756576538,
      1.1893855333328247,
      1.1856518983840942,
      1.1807129383087158,
      1.1772792339324951,
      1.170178771018982,
      1.1655367612838745,
      1.164290428161621,
      1.1616302728652954,
      1.1578260660171509,
      1.1545366048812866,
      1.14799165725708,
      1.14107346534729,
      1.1368896961212158,
      1.1358059644699097,
      1.1341639757156372,
      1.1302485466003418,
      1.126427412033081,
      1.1240389347076416,
      1.1202503442764282,
      1.1158366203308105,
      1.110579490661621,
      1.1040102243423462,
      1.0982497930526733,
      1.0911436080932617,
      1.081968903541565,
      1.0750261545181274,
      1.068784475326538,
      1.0616673231124878,
      1.0572328567504883,
      1.0494821071624756,
      1.0461229085922241,
      1.0446357727050781,
      1.0407756567001343,
      1.039109468460083,
      1.0343990325927734,
      1.0306662321090698,
      1.0287144184112549,
      1.025373101234436,
      1.0233745574951172,
      1.019635796546936,
      1.017797589302063,
      1.0143927335739136,
      1.0087394714355469,
      1.0062979459762573,
      1.003202199935913,
      0.9998763799667358,
      0.9981704950332642,
      0.9969065189361572,
      0.9971475601196289,
      0.998746931552887,
      0.9982552528381348,
      0.9999203681945801,
      0.9997632503509521,
      1.002549409866333,
      1.0037267208099365,
      1.0058207511901855,
      1.0065237283706665,
      1.0070768594741821,
      1.0071736574172974,
      1.0058056116104126,
      1.0071628093719482,
      1.0046610832214355,
      1.0030133724212646,
      1.0005135536193848,
      0.9984151124954224,
      0.9917571544647217,
      0.981937050819397,
      0.9750769138336182,
      0.9699912071228027,
      0.9648302793502808,
      0.9592281579971313,
      0.9506391882896423,
      0.9421525597572327,
      0.9378587007522583,
      0.9346750378608704,
      0.9309649467468262,
      0.9302902817726135,
      0.9283056259155273,
      0.9283109903335571,
      0.9252027869224548,
      0.9243377447128296,
      0.9222497940063477,
      0.9234417676925659,
      0.9233731031417847,
      0.9249773025512695,
      0.9253711700439453,
      0.9268385171890259,
      0.9275550842285156,
      0.9287035465240479,
      0.9324173331260681,
      0.9335852861404419,
      0.9351519346237183,
      0.9360671043395996,
      0.9393880367279053,
      0.9409196972846985,
      0.9423887133598328,
      0.9441018104553223,
      0.946510910987854,
      0.9495593309402466,
      0.9507855176925659,
      0.9520422220230103,
      0.9545735120773315,
      0.9560469388961792,
      0.957817554473877,
      0.9612646102905273,
      0.965013861656189,
      0.9675875902175903,
      0.9716446399688721,
      0.9736886024475098,
      0.9755918979644775,
      0.9793020486831665,
      0.9818226099014282,
      0.9836030602455139,
      0.9881523847579956,
      0.9864709973335266,
      0.9917658567428589,
      0.9948781728744507,
      0.9968774318695068,
      1.0013232231140137,
      1.0041462182998657,
      1.0067064762115479,
      1.0114563703536987,
      1.0145974159240723,
      1.0167579650878906,
      1.0187593698501587,
      1.0221984386444092,
      1.023220181465149,
      1.0248756408691406,
      1.0258097648620605,
      1.0259953737258911,
      1.0264558792114258,
      1.027165412902832,
      1.027429461479187,
      1.0255603790283203,
      1.0287600755691528,
      1.0307477712631226,
      1.0327880382537842,
      1.0344356298446655,
      1.0372533798217773,
      1.0389938354492188,
      1.0385749340057373,
      1.038253903388977,
      1.0393366813659668,
      1.040436029434204,
      1.0395894050598145,
      1.0410553216934204,
      1.042743444442749,
      1.0441362857818604,
      1.0471417903900146,
      1.0499968528747559,
      1.0526182651519775,
      1.0553510189056396,
      1.0557811260223389,
      1.0586885213851929,
      1.061621904373169,
      1.0635261535644531,
      1.0666838884353638,
      1.0679785013198853,
      1.0703482627868652,
      1.0709278583526611,
      1.0730535984039307,
      1.075946569442749,
      1.0786786079406738,
      1.0800889730453491,
      1.0825753211975098,
      1.086042881011963,
      1.0876866579055786,
      1.089626669883728,
      1.0934118032455444,
      1.096297264099121,
      1.097078800201416,
      1.0954209566116333,
      1.0977760553359985,
      1.1001836061477661,
      1.0998997688293457,
      1.1000182628631592,
      1.0999445915222168,
      1.0994123220443726,
      1.0980224609375,
      1.0977245569229126,
      1.0980494022369385,
      1.0991442203521729,
      1.0987844467163086,
      1.097365379333496,
      1.0974732637405396,
      1.0972479581832886,
      1.0977263450622559,
      1.0973589420318604,
      1.0956889390945435,
      1.097422480583191,
      1.0976431369781494,
      1.096940040588379,
      1.0965701341629028,
      1.0948083400726318,
      1.093665599822998,
      1.0930980443954468,
      1.0946069955825806,
