{
  "config": {
    "early_stopping": true,
    "epochs": 601,
    "expert_lr": 0.00054812,
    "expert_momentum": 0.982512,
    "expert_num": 4,
    "expert_weight_decay": 0.001,
    "load_balancing": false,
    "optimizer_family": "original",
    "router_lr": 0.11682053,
    "router_momentum": 0.937584,
    "router_weight_decay": 0.001
  },
  "eval_metrics": {
    "accuracy": 88.65625,
    "dispatch_counts": [
      [
        361.0,
        409.0,
        7.0,
        52.0
      ],
      [
        143.0,
        628.0,
        2.0,
        6.0
      ],
      [
        663.0,
        135.0,
        1.0,
        14.0
      ],
      [
        32.0,
        21.0,
        0.0,
        726.0
      ]
    ],
    "entropy": 0.8658104538917542,
    "loss": 0.4270520806312561,
    "runtime_seconds": 0.0043731932528316975,
    "split": "validation"
  },
  "fold_index": 3,
  "mode": "nonlinear",
  "seed": 21414,
  "setting": 2,
  "total_runtime_seconds": 2.216466679237783,
  "train_metrics": {
    "dispatch_counts": [
      [
        1409.0,
        1662.0,
        30.0,
        213.0
      ],
      [
        545.0,
        2551.0,
        5.0,
        17.0
      ],
      [
        2710.0,
        496.0,
        0.0,
        43.0
      ],
      [
        115.0,
        89.0,
        0.0,
        2915.0
      ]
    ],
    "entropy_record": [
      1.3855035305023193,
      1.3856730461120605,
      1.385671615600586,
      1.3855971097946167,
      1.3856806755065918,
      1.3855763673782349,
      1.3854820728302002,
      1.3852627277374268,
      1.3858542442321777,
      1.3855979442596436,
      1.3854002952575684,
      1.3810138702392578,
      1.3705060482025146,
      1.3379755020141602,
      1.2149854898452759,
      0.9428204298019409,
      0.7486804723739624,
      0.6806612014770508,
      0.6631959080696106,
      0.6570618748664856,
      0.6539753675460815,
      0.6580500602722168,
      0.6576431393623352,
      0.6667112708091736,
      0.6743226051330566,
      0.6820082664489746,
      0.6872759461402893,
      0.6953948736190796,
      0.7023795247077942,
      0.7096506357192993,
      0.7185115814208984,
      0.7251875996589661,
      0.7308632135391235,
      0.7365807890892029,
      0.7442797422409058,
      0.7490869760513306,
      0.7561448812484741,
      0.7627227306365967,
      0.7651248574256897,
      0.7655594348907471,
      0.770239531993866,
      0.7784249186515808,
      0.7883263826370239,
      0.7988220453262329,
      0.805330753326416,
      0.815405011177063,
      0.8271092176437378,
      0.8393477201461792,
      0.8476508855819702
    ],
    "epochs_ran": 49,
    "final_entropy": 0.8476508855819702,
    "final_loss": 0.4219627380371094,
    "plot_diagnostics": null,
    "runtime_seconds": 2.2120934859849513
  }
}