{
  "config": {
    "early_stopping": true,
    "epochs": 601,
    "expert_lr": 0.00054812,
    "expert_momentum": 0.982512,
    "expert_num": 4,
    "expert_weight_decay": 0.001,
    "load_balancing": false,
    "optimizer_family": "original",
    "router_lr": 0.11682053,
    "router_momentum": 0.937584,
    "router_weight_decay": 0.001
  },
  "eval_metrics": {
    "accuracy": 90.8125,
    "dispatch_counts": [
      [
        351.0,
        67.0,
        358.0,
        53.0
      ],
      [
        342.0,
        32.0,
        398.0,
        7.0
      ],
      [
        161.0,
        562.0,
        87.0,
        3.0
      ],
      [
        104.0,
        3.0,
        107.0,
        565.0
      ]
    ],
    "entropy": 0.9246691465377808,
    "loss": 0.4051462411880493,
    "runtime_seconds": 0.004343084990978241,
    "split": "validation"
  },
  "fold_index": 2,
  "mode": "nonlinear",
  "seed": 21413,
  "setting": 2,
  "total_runtime_seconds": 6.05198156600818,
  "train_metrics": {
    "dispatch_counts": [
      [
        1349.0,
        308.0,
        1434.0,
        223.0
      ],
      [
        1500.0,
        103.0,
        1499.0,
        16.0
      ],
      [
        601.0,
        2321.0,
        324.0,
        3.0
      ],
      [
        432.0,
        9.0,
        446.0,
        2232.0
      ]
    ],
    "entropy_record": [
      1.3856264352798462,
      1.3857111930847168,
      1.3858585357666016,
      1.384930968284607,
      1.385804295539856,
      1.3858449459075928,
      1.3857637643814087,
      1.3857415914535522,
      1.3853976726531982,
      1.3856425285339355,
      1.384919285774231,
      1.3833528757095337,
      1.3741110563278198,
      1.339213252067566,
      1.2434189319610596,
      1.0215593576431274,
      0.8410923480987549,
      0.773902416229248,
      0.7377588152885437,
      0.7100067138671875,
      0.6934951543807983,
      0.6830470561981201,
      0.678766131401062,
      0.6795568466186523,
      0.6770992875099182,
      0.6753439903259277,
      0.6724550724029541,
      0.672648549079895,
      0.6703627705574036,
      0.6614649295806885,
      0.6527753472328186,
      0.650214672088623,
      0.6441346406936646,
      0.6445093750953674,
      0.6456356048583984,
      0.6488955020904541,
      0.6486767530441284,
      0.6573479175567627,
      0.6622174978256226,
      0.6597602367401123,
      0.6630668044090271,
      0.6676218509674072,
      0.6678342819213867,
      0.6691884398460388,
      0.6720756888389587,
      0.6776956915855408,
      0.6830505728721619,
      0.6835566163063049,
      0.6831080317497253,
      0.6869685053825378,
      0.692059338092804,
      0.6861590147018433,
      0.6908983588218689,
      0.6892873048782349,
      0.6890504360198975,
      0.6924394369125366,
      0.6993202567100525,
      0.6983973383903503,
      0.7010488510131836,
      0.7065735459327698,
      0.7119214534759521,
      0.7122186422348022,
      0.7153921723365784,
      0.7194704413414001,
      0.7239541411399841,
      0.7265326976776123,
      0.7290114760398865,
      0.7353302836418152,
      0.7333461046218872,
      0.7372971177101135,
      0.7414050698280334,
      0.743364155292511,
      0.7457702159881592,
      0.748909056186676,
      0.7492558360099792,
      0.7507350444793701,
      0.748728334903717,
      0.7508381605148315,
      0.7507196068763733,
      0.7537307143211365,
      0.7536946535110474,
      0.7580540776252747,
      0.7586545348167419,
      0.765929639339447,
      0.7726758122444153,
      0.7733170390129089,
      0.7755709886550903,
      0.7778353095054626,
      0.784683883190155,
      0.789179265499115,
      0.7901723980903625,
      0.7949079275131226,
      0.7965455055236816,
      0.7976800203323364,
      0.7952737212181091,
      0.7961124777793884,
      0.7968692779541016,
      0.7959763407707214,
      0.7962238788604736,
      0.8003507256507874,
      0.8019139766693115,
      0.7995982766151428,
      0.8007697463035583,
      0.7991853356361389,
      0.7982023358345032,
      0.7995373606681824,
      0.8015017509460449,
      0.7987344861030579,
      0.8034132122993469,
      0.8069138526916504,
      0.8084969520568848,
      0.8111665844917297,
      0.8137142062187195,
      0.8157756328582764,
      0.8235644698143005,
      0.8291167616844177,
      0.835991382598877,
      0.8452971577644348,
      0.8483121991157532,
      0.8538660407066345,
      0.8588278293609619,
      0.8643802404403687,
      0.8713113069534302,
      0.871975302696228,
      0.8765736222267151,
      0.8835532665252686,
      0.8885548114776611,
      0.8922079205513,
      0.8953746557235718,
      0.8935215473175049,
      0.899803638458252,
      0.9007944464683533,
      0.9058484435081482,
      0.9130618572235107
    ],
    "epochs_ran": 134,
    "final_entropy": 0.9130618572235107,
    "final_loss": 0.3862456977367401,
    "plot_diagnostics": null,
    "runtime_seconds": 6.047638481017202
  }
}