{
  "config": {
    "early_stopping": true,
    "epochs": 601,
    "expert_lr": 0.00054812,
    "expert_momentum": 0.982512,
    "expert_num": 4,
    "expert_weight_decay": 0.001,
    "load_balancing": false,
    "optimizer_family": "original",
    "router_lr": 0.11682053,
    "router_momentum": 0.937584,
    "router_weight_decay": 0.001
  },
  "eval_metrics": {
    "accuracy": 90.15625,
    "dispatch_counts": [
      [
        12.0,
        79.0,
        726.0,
        12.0
      ],
      [
        14.0,
        176.0,
        561.0,
        28.0
      ],
      [
        795.0,
        6.0,
        11.0,
        0.0
      ],
      [
        1.0,
        714.0,
        48.0,
        17.0
      ]
    ],
    "entropy": 0.6578285694122314,
    "loss": 0.4115827679634094,
    "runtime_seconds": 0.004358577076345682,
    "split": "validation"
  },
  "fold_index": 1,
  "mode": "nonlinear",
  "seed": 21412,
  "setting": 2,
  "total_runtime_seconds": 3.2261417671106756,
  "train_metrics": {
    "dispatch_counts": [
      [
        71.0,
        273.0,
        2905.0,
        65.0
      ],
      [
        83.0,
        710.0,
        2202.0,
        123.0
      ],
      [
        3180.0,
        11.0,
        54.0,
        5.0
      ],
      [
        10.0,
        2829.0,
        180.0,
        99.0
      ]
    ],
    "entropy_record": [
      1.3856103420257568,
      1.385695219039917,
      1.385517954826355,
      1.3857672214508057,
      1.3855934143066406,
      1.385669231414795,
      1.3855867385864258,
      1.3858280181884766,
      1.3854262828826904,
      1.3854166269302368,
      1.3840587139129639,
      1.378179669380188,
      1.358063817024231,
      1.2979012727737427,
      1.115159511566162,
      0.8605405688285828,
      0.7145252823829651,
      0.6319491267204285,
      0.5823841691017151,
      0.558203399181366,
      0.5438350439071655,
      0.5383803844451904,
      0.5351390838623047,
      0.528232753276825,
      0.5247471928596497,
      0.520914614200592,
      0.5189713835716248,
      0.5149733424186707,
      0.5122207999229431,
      0.5056523680686951,
      0.4998280704021454,
      0.4963456988334656,
      0.4951508045196533,
      0.4905366599559784,
      0.48921269178390503,
      0.4827650189399719,
      0.4820828437805176,
      0.48089268803596497,
      0.4830656349658966,
      0.48593926429748535,
      0.4902190566062927,
      0.493880957365036,
      0.4998347759246826,
      0.504163384437561,
      0.5112410187721252,
      0.5191639065742493,
      0.5270323753356934,
      0.5367026329040527,
      0.5410611033439636,
      0.5473693013191223,
      0.5574501752853394,
      0.566918671131134,
      0.5728776454925537,
      0.5807743668556213,
      0.5840253829956055,
      0.5947859883308411,
      0.6001760959625244,
      0.6035659313201904,
      0.6134518384933472,
      0.621227502822876,
      0.6256206631660461,
      0.6298782229423523,
      0.6373270153999329,
      0.6430091261863708,
      0.6453530788421631,
      0.6518141031265259,
      0.6526550054550171,
      0.6581545472145081,
      0.6618459224700928,
      0.6647766828536987,
      0.6672078967094421
    ],
    "epochs_ran": 71,
    "final_entropy": 0.6672078967094421,
    "final_loss": 0.3997752368450165,
    "plot_diagnostics": null,
    "runtime_seconds": 3.22178319003433
  }
}