{
  "config": {
    "early_stopping": true,
    "epochs": 601,
    "expert_lr": 0.0042308,
    "expert_momentum": 0.850694,
    "expert_num": 4,
    "expert_weight_decay": 1e-05,
    "load_balancing": false,
    "ns_steps": 10,
    "optimizer_family": "muon",
    "router_lr": 0.01049981,
    "router_momentum": 0.96443,
    "router_weight_decay": 0.001
  },
  "eval_metrics": {
    "accuracy": 93.90625,
    "dispatch_counts": [
      [
        6.0,
        26.0,
        736.0,
        61.0
      ],
      [
        382.0,
        23.0,
        11.0,
        363.0
      ],
      [
        366.0,
        402.0,
        18.0,
        26.0
      ],
      [
        231.0,
        162.0,
        40.0,
        347.0
      ]
    ],
    "entropy": 0.8606569766998291,
    "loss": 0.3741990625858307,
    "runtime_seconds": 0.004346631001681089,
    "split": "validation"
  },
  "fold_index": 1,
  "mode": "nonlinear",
  "seed": 41412,
  "setting": 4,
  "total_runtime_seconds": 17.004995996132493,
  "train_metrics": {
    "dispatch_counts": [
      [
        14.0,
        124.0,
        2928.0,
        248.0
      ],
      [
        1545.0,
        63.0,
        63.0,
        1447.0
      ],
      [
        1432.0,
        1608.0,
        89.0,
        121.0
      ],
      [
        904.0,
        691.0,
        138.0,
        1385.0
      ]
    ],
    "entropy_record": [
      1.3854742050170898,
      1.3561335802078247,
      1.2771766185760498,
      1.1740447282791138,
      1.0858211517333984,
      1.0490988492965698,
      1.0437623262405396,
      1.0282378196716309,
      1.0291697978973389,
      1.0279268026351929,
      1.0303303003311157,
      1.026058316230774,
      1.0265543460845947,
      1.0195949077606201,
      1.0158168077468872,
      1.0113775730133057,
      1.0074948072433472,
      1.001089096069336,
      0.9930667877197266,
      0.9873701930046082,
      0.9786224961280823,
      0.9698505401611328,
      0.9609807729721069,
      0.960616946220398,
      0.9542297720909119,
      0.949245810508728,
      0.9422847628593445,
      0.9397359490394592,
      0.9318933486938477,
      0.9327727556228638,
      0.9267975091934204,
      0.9223952293395996,
      0.9225455522537231,
      0.9196069240570068,
      0.9190378189086914,
      0.9141924381256104,
      0.9142608642578125,
      0.9144635796546936,
      0.9134708642959595,
      0.9102224111557007,
      0.9092838764190674,
      0.9043186902999878,
      0.9059528112411499,
      0.9070766568183899,
      0.9070442914962769,
      0.9033571481704712,
      0.8987882137298584,
      0.9041495323181152,
      0.8984148502349854,
      0.8970953822135925,
      0.8968279361724854,
      0.8997382521629333,
      0.8963183760643005,
      0.8944751024246216,
      0.8930873274803162,
      0.8956679105758667,
      0.8927850127220154,
      0.8941954970359802,
      0.8913334608078003,
      0.8921743631362915,
      0.889272928237915,
      0.8919800519943237,
      0.8909456133842468,
      0.8888063430786133,
      0.8910081386566162,
      0.8919286727905273,
      0.8892638683319092,
      0.8935909867286682,
      0.8906769156455994,
      0.8914414644241333,
      0.8891071081161499,
      0.8911049962043762,
      0.8852319717407227,
      0.888221025466919,
      0.8897897005081177,
      0.8863060474395752,
      0.8874413967132568,
      0.8861427903175354,
      0.8873060941696167,
      0.888182520866394,
      0.8812764883041382,
      0.887565553188324,
      0.885095477104187,
      0.8896814584732056,
      0.8885294198989868,
      0.886269211769104,
      0.88680100440979,
      0.8846979141235352,
      0.8865456581115723,
      0.8870570063591003,
      0.8873415589332581,
      0.8861395120620728,
      0.8847043514251709,
      0.8834027051925659,
      0.8848111629486084,
      0.8836451768875122,
      0.8868452310562134,
      0.8829017877578735,
      0.8844059705734253,
      0.8853179216384888,
      0.8854821920394897,
      0.8823422193527222,
      0.8846307992935181,
      0.8829632997512817,
      0.8868311643600464,
      0.8836808204650879,
      0.8849925398826599,
      0.8830103874206543,
      0.8854636549949646,
      0.8831849098205566,
      0.8847819566726685,
      0.8867108821868896,
      0.8866270780563354,
      0.8859067559242249,
      0.8849219679832458,
      0.8833526372909546,
      0.8867168426513672,
      0.8844696283340454,
      0.8854001760482788,
      0.8869186639785767,
      0.8855243921279907,
      0.8846467137336731,
      0.8835443258285522,
      0.884915828704834,
      0.8849005103111267,
      0.8858767747879028,
      0.8840948343276978,
      0.8846709728240967,
      0.8827991485595703,
      0.8857780694961548,
      0.8844039440155029,
      0.8852466344833374,
      0.8859257102012634,
      0.8841260671615601,
      0.8866320252418518,
      0.8839428424835205,
      0.8830115795135498,
      0.884225606918335,
      0.884302020072937,
      0.8850740194320679,
      0.8869333267211914,
      0.8847767114639282,
      0.8879885077476501,
      0.8855876922607422,
      0.8856254816055298,
      0.8869481086730957,
      0.8862111568450928,
      0.8863025903701782,
      0.8860244154930115,
      0.886469304561615,
      0.8879274725914001,
      0.8868675827980042,
      0.8875435590744019,
      0.8881360292434692,
      0.8872250914573669,
      0.8877559900283813,
      0.8889617919921875,
      0.8873088955879211,
      0.8866417407989502,
      0.8876502513885498,
      0.8869262933731079,
      0.8895887732505798,
      0.8880574703216553,
      0.8881860971450806,
      0.8896394968032837,
      0.8910149335861206,
      0.890274703502655,
      0.8886762857437134,
      0.8873329162597656,
      0.8896019458770752,
      0.8888165950775146,
      0.8891745805740356,
      0.8885115385055542,
      0.8886716365814209,
      0.8902826309204102,
      0.8885586261749268,
      0.8909749984741211,
      0.8889100551605225,
      0.8893167972564697,
      0.8896940350532532,
      0.8903611898422241,
      0.8898307681083679,
      0.8900336027145386,
      0.8918999433517456,
      0.8894679546356201,
      0.8911356329917908,
      0.8880208730697632,
      0.889516294002533,
      0.888595461845398,
      0.8912261128425598,
      0.8904252648353577,
      0.892717719078064,
      0.8914802670478821,
      0.8896257877349854,
      0.8889381885528564,
      0.8911117315292358,
      0.8913278579711914,
      0.8907680511474609,
      0.8898385167121887,
      0.8894266486167908,
      0.8898649215698242,
      0.8894732594490051,
      0.8889628648757935,
      0.8902360200881958,
      0.8897048234939575,
      0.8903700709342957,
      0.8889847993850708,
      0.8904041647911072,
      0.8914793729782104,
      0.8903484344482422,
      0.8894267678260803,
      0.8894602060317993,
      0.890369176864624,
      0.8905304670333862,
      0.8899847269058228,
      0.8891972303390503,
      0.8901734352111816,
      0.8889434933662415,
      0.8883675932884216,
      0.8902606964111328,
      0.8887182474136353,
      0.8874043226242065,
      0.8882852792739868,
      0.8855055570602417,
      0.8897882699966431,
      0.8900185823440552,
      0.8862630128860474,
      0.888800859451294,
      0.8878018260002136,
      0.8860934972763062,
      0.8887979984283447,
      0.8887447714805603,
      0.8872623443603516,
      0.8872743248939514,
      0.8864248991012573,
      0.8859952688217163,
      0.8877789378166199,
      0.8874428272247314,
      0.8857229351997375,
      0.8873273134231567,
      0.8874069452285767,
      0.886817991733551,
      0.8876356482505798,
      0.8858444094657898,
      0.8853232860565186,
      0.8856568336486816,
      0.88640296459198,
      0.8853107690811157,
      0.8868536949157715,
      0.8855243921279907,
      0.8845013380050659,
      0.8851717710494995,
      0.8862096667289734,
      0.8861671686172485,
      0.8838720321655273,
