{
  "config": {
    "early_stopping": true,
    "epochs": 601,
    "expert_lr": 0.0042308,
    "expert_momentum": 0.850694,
    "expert_num": 4,
    "expert_weight_decay": 1e-05,
    "load_balancing": false,
    "ns_steps": 10,
    "optimizer_family": "muon",
    "router_lr": 0.01049981,
    "router_momentum": 0.96443,
    "router_weight_decay": 0.001
  },
  "eval_metrics": {
    "accuracy": 92.96875,
    "dispatch_counts": [
      [
        55.0,
        397.0,
        148.0,
        228.0
      ],
      [
        155.0,
        216.0,
        167.0,
        242.0
      ],
      [
        414.0,
        102.0,
        254.0,
        42.0
      ],
      [
        253.0,
        227.0,
        212.0,
        88.0
      ]
    ],
    "entropy": 1.2636337280273438,
    "loss": 0.3835740387439728,
    "runtime_seconds": 0.004486542660742998,
    "split": "validation"
  },
  "fold_index": 0,
  "mode": "nonlinear",
  "seed": 41411,
  "setting": 4,
  "total_runtime_seconds": 20.371485786512494,
  "train_metrics": {
    "dispatch_counts": [
      [
        242.0,
        1578.0,
        613.0,
        882.0
      ],
      [
        572.0,
        914.0,
        649.0,
        982.0
      ],
      [
        1732.0,
        352.0,
        1003.0,
        163.0
      ],
      [
        978.0,
        915.0,
        873.0,
        352.0
      ]
    ],
    "entropy_record": [
      1.3850631713867188,
      1.3678234815597534,
      1.3303656578063965,
      1.2834206819534302,
      1.245937466621399,
      1.2268903255462646,
      1.2140016555786133,
      1.2069075107574463,
      1.2082651853561401,
      1.2008131742477417,
      1.2058721780776978,
      1.2091323137283325,
      1.2091193199157715,
      1.2125160694122314,
      1.21708083152771,
      1.2177419662475586,
      1.2189571857452393,
      1.2205359935760498,
      1.2203186750411987,
      1.2235608100891113,
      1.223516583442688,
      1.2250151634216309,
      1.2240251302719116,
      1.2256169319152832,
      1.224409580230713,
      1.2244564294815063,
      1.2259682416915894,
      1.2257516384124756,
      1.223954439163208,
      1.2229397296905518,
      1.2233864068984985,
      1.223867654800415,
      1.2236602306365967,
      1.2266173362731934,
      1.226917028427124,
      1.2224452495574951,
      1.2259373664855957,
      1.2231724262237549,
      1.223777174949646,
      1.2250845432281494,
      1.223895788192749,
      1.22328782081604,
      1.224261999130249,
      1.2241475582122803,
      1.2265496253967285,
      1.22511625289917,
      1.2256238460540771,
      1.2217766046524048,
      1.2234808206558228,
      1.2244195938110352,
      1.2220816612243652,
      1.2237313985824585,
      1.2238812446594238,
      1.2241050004959106,
      1.2258918285369873,
      1.223875880241394,
      1.22440505027771,
      1.2234716415405273,
      1.225898027420044,
      1.2246686220169067,
      1.223209023475647,
      1.2239784002304077,
      1.2224467992782593,
      1.2247587442398071,
      1.224395990371704,
      1.2242648601531982,
      1.2215274572372437,
      1.2219855785369873,
      1.2212852239608765,
      1.222729206085205,
      1.2230638265609741,
      1.2224358320236206,
      1.2220664024353027,
      1.2228615283966064,
      1.2217727899551392,
      1.225420594215393,
      1.2223501205444336,
      1.2225823402404785,
      1.2247782945632935,
      1.2241376638412476,
      1.2233065366744995,
      1.2229018211364746,
      1.2228953838348389,
      1.223708152770996,
      1.224009394645691,
      1.2247815132141113,
      1.221055269241333,
      1.2229444980621338,
      1.2242271900177002,
      1.2227863073349,
      1.2237805128097534,
      1.2226347923278809,
      1.223114013671875,
      1.224001169204712,
      1.2236952781677246,
      1.2244549989700317,
      1.222465991973877,
      1.222887396812439,
      1.2220016717910767,
      1.2231457233428955,
      1.2239711284637451,
      1.2214124202728271,
      1.224273681640625,
      1.223266839981079,
      1.2237651348114014,
      1.2230756282806396,
      1.2246778011322021,
      1.2221815586090088,
      1.22406804561615,
      1.2230453491210938,
      1.2227486371994019,
      1.221975564956665,
      1.2229474782943726,
      1.2230288982391357,
      1.222251534461975,
      1.2221044301986694,
      1.2218756675720215,
      1.2236508131027222,
      1.2219129800796509,
      1.2222273349761963,
      1.2223873138427734,
      1.2226078510284424,
      1.2220203876495361,
      1.2225812673568726,
      1.2238097190856934,
      1.222488522529602,
      1.2220289707183838,
      1.223137617111206,
      1.2232496738433838,
      1.221934199333191,
      1.2214218378067017,
      1.2220146656036377,
      1.2234185934066772,
      1.2236334085464478,
      1.2223271131515503,
      1.2228467464447021,
      1.2239679098129272,
      1.2213380336761475,
      1.2218252420425415,
      1.2221640348434448,
      1.2215591669082642,
      1.2215996980667114,
      1.2223584651947021,
      1.2222495079040527,
      1.2226297855377197,
      1.2223749160766602,
      1.223413109779358,
      1.2210968732833862,
      1.222833275794983,
      1.2207883596420288,
      1.2223453521728516,
      1.2215547561645508,
      1.2225134372711182,
      1.2220903635025024,
      1.2222617864608765,
      1.2227075099945068,
      1.2221810817718506,
      1.2212315797805786,
      1.2224730253219604,
      1.2209917306900024,
      1.2219619750976562,
      1.2208821773529053,
      1.2217273712158203,
      1.2218230962753296,
      1.222527027130127,
      1.2215021848678589,
      1.2212852239608765,
      1.2209458351135254,
      1.2220104932785034,
      1.2226814031600952,
      1.2218284606933594,
      1.222825527191162,
      1.2217955589294434,
      1.2216635942459106,
      1.221300482749939,
      1.220814824104309,
      1.222097635269165,
      1.2202553749084473,
      1.2219191789627075,
      1.220712661743164,
      1.2218679189682007,
      1.221401333808899,
      1.2207719087600708,
      1.2216063737869263,
      1.2209841012954712,
      1.2201846837997437,
      1.221243143081665,
      1.2206358909606934,
      1.2208727598190308,
      1.2218674421310425,
      1.2215558290481567,
      1.2219123840332031,
      1.2201741933822632,
      1.2212212085723877,
      1.2199383974075317,
      1.2211129665374756,
      1.2218347787857056,
      1.2212190628051758,
      1.2213621139526367,
      1.2209465503692627,
      1.2204997539520264,
      1.2212910652160645,
      1.2212988138198853,
      1.2208704948425293,
      1.22076416015625,
      1.222294569015503,
      1.2209936380386353,
      1.2215958833694458,
      1.2217754125595093,
      1.2210500240325928,
      1.220996618270874,
      1.220931887626648,
      1.221075415611267,
      1.2206535339355469,
      1.220876932144165,
      1.2211837768554688,
      1.221411108970642,
      1.2213671207427979,
      1.2207496166229248,
      1.2211560010910034,
      1.2210519313812256,
      1.2208172082901,
      1.2201961278915405,
      1.2212656736373901,
      1.220369815826416,
      1.2214980125427246,
      1.221442699432373,
      1.2215688228607178,
      1.2214112281799316,
      1.2211850881576538,
      1.2225532531738281,
      1.2211867570877075,
      1.2222312688827515,
      1.2213016748428345,
      1.2222764492034912,
      1.2213152647018433,
      1.2205028533935547,
      1.2221966981887817,
      1.2213597297668457,
      1.2215074300765991,
      1.2211987972259521,
      1.2214362621307373,
      1.2225412130355835,
      1.2216451168060303,
      1.2220706939697266,
      1.2210664749145508,
      1.220937728881836,
      1.2222694158554077,
      1.2212891578674316,
      1.2220945358276367,
      1.2227704524993896,
      1.222023367881775,
      1.2223775386810303,
      1.222247838973999,
      1.222277283668518,
      1.2226592302322388,
      1.2213636636734009,
