{
  "config": {
    "early_stopping": true,
    "epochs": 601,
    "expert_lr": 0.0042308,
    "expert_momentum": 0.850694,
    "expert_num": 4,
    "expert_weight_decay": 1e-05,
    "load_balancing": false,
    "ns_steps": 10,
    "optimizer_family": "muon",
    "router_lr": 0.01049981,
    "router_momentum": 0.96443,
    "router_weight_decay": 0.001
  },
  "eval_metrics": {
    "accuracy": 92.28125,
    "dispatch_counts": [
      [
        16.0,
        365.0,
        50.0,
        398.0
      ],
      [
        287.0,
        71.0,
        359.0,
        62.0
      ],
      [
        338.0,
        136.0,
        302.0,
        37.0
      ],
      [
        13.0,
        384.0,
        44.0,
        338.0
      ]
    ],
    "entropy": 1.0633838176727295,
    "loss": 0.39044901728630066,
    "runtime_seconds": 0.0042980811558663845,
    "split": "validation"
  },
  "fold_index": 2,
  "mode": "nonlinear",
  "seed": 41413,
  "setting": 4,
  "total_runtime_seconds": 17.657941488083452,
  "train_metrics": {
    "dispatch_counts": [
      [
        51.0,
        1478.0,
        199.0,
        1586.0
      ],
      [
        1147.0,
        209.0,
        1405.0,
        357.0
      ],
      [
        1429.0,
        502.0,
        1154.0,
        164.0
      ],
      [
        37.0,
        1490.0,
        167.0,
        1425.0
      ]
    ],
    "entropy_record": [
      1.3856310844421387,
      1.3740161657333374,
      1.3239643573760986,
      1.2537081241607666,
      1.202606201171875,
      1.1589480638504028,
      1.126631259918213,
      1.1129928827285767,
      1.0952104330062866,
      1.0807015895843506,
      1.0758960247039795,
      1.0703843832015991,
      1.063730239868164,
      1.0574374198913574,
      1.0465333461761475,
      1.0409948825836182,
      1.0398730039596558,
      1.044119954109192,
      1.036292314529419,
      1.0249378681182861,
      1.035209059715271,
      1.0277304649353027,
      1.0169488191604614,
      1.0237447023391724,
      1.0203125476837158,
      1.0162765979766846,
      1.0158190727233887,
      1.0167186260223389,
      1.0152891874313354,
      1.013996958732605,
      1.0177066326141357,
      1.0111409425735474,
      1.014946699142456,
      1.013626217842102,
      1.0167253017425537,
      1.0144144296646118,
      1.010797381401062,
      1.0133087635040283,
      1.014070987701416,
      1.0152397155761719,
      1.0132826566696167,
      1.0143275260925293,
      1.0184452533721924,
      1.013506293296814,
      1.0148499011993408,
      1.0162876844406128,
      1.0110396146774292,
      1.0111346244812012,
      1.015947937965393,
      1.0163240432739258,
      1.0194257497787476,
      1.0173311233520508,
      1.0206050872802734,
      1.0205018520355225,
      1.018043875694275,
      1.0168625116348267,
      1.019704818725586,
      1.0205658674240112,
      1.0169458389282227,
      1.0158170461654663,
      1.0181652307510376,
      1.0155954360961914,
      1.0186902284622192,
      1.016772985458374,
      1.018357753753662,
      1.017318844795227,
      1.0217500925064087,
      1.0210585594177246,
      1.0214892625808716,
      1.0197676420211792,
      1.018281102180481,
      1.0223885774612427,
      1.022209644317627,
      1.02052903175354,
      1.021533489227295,
      1.0207775831222534,
      1.020898699760437,
      1.0208790302276611,
      1.018398404121399,
      1.0205678939819336,
      1.0221301317214966,
      1.0205309391021729,
      1.0205607414245605,
      1.0205522775650024,
      1.0247114896774292,
      1.0256882905960083,
      1.022557258605957,
      1.0231027603149414,
      1.0211617946624756,
      1.0227258205413818,
      1.0212817192077637,
      1.0248764753341675,
      1.0223008394241333,
      1.0229401588439941,
      1.0250325202941895,
      1.0229475498199463,
      1.025675654411316,
      1.0239113569259644,
      1.025672435760498,
      1.0236306190490723,
      1.0225495100021362,
      1.0227830410003662,
      1.0257980823516846,
      1.0230693817138672,
      1.0248851776123047,
      1.021356463432312,
      1.0257971286773682,
      1.0256060361862183,
      1.023348093032837,
      1.0239232778549194,
      1.025803565979004,
      1.0238438844680786,
      1.024344801902771,
      1.0271623134613037,
      1.0252469778060913,
      1.0215034484863281,
      1.0234109163284302,
      1.0238975286483765,
      1.0254137516021729,
      1.0239619016647339,
      1.0242440700531006,
      1.0220215320587158,
      1.0270570516586304,
      1.0236486196517944,
      1.0271551609039307,
      1.02601158618927,
      1.0236399173736572,
      1.0263477563858032,
      1.0240576267242432,
      1.0261191129684448,
      1.0258255004882812,
      1.0262776613235474,
      1.0259208679199219,
      1.0241272449493408,
      1.0263543128967285,
      1.0258698463439941,
      1.024280071258545,
      1.0266104936599731,
      1.0250903367996216,
      1.025235652923584,
      1.027267575263977,
      1.026973009109497,
      1.0256880521774292,
      1.024766445159912,
      1.0258673429489136,
      1.025539755821228,
      1.0260883569717407,
      1.0278223752975464,
      1.0260610580444336,
      1.0258092880249023,
      1.0268924236297607,
      1.0276618003845215,
      1.0273065567016602,
      1.027620553970337,
      1.0288636684417725,
      1.0270317792892456,
      1.0267713069915771,
      1.0256524085998535,
      1.0276625156402588,
      1.0254381895065308,
      1.0261471271514893,
      1.0256489515304565,
      1.027240514755249,
      1.025761365890503,
      1.0267177820205688,
      1.0285046100616455,
      1.0267425775527954,
      1.026049256324768,
      1.027018666267395,
      1.0267446041107178,
      1.0262906551361084,
      1.026090383529663,
      1.027173399925232,
      1.0255217552185059,
      1.027552843093872,
      1.02610445022583,
      1.0263131856918335,
      1.0241732597351074,
      1.0242066383361816,
      1.0285850763320923,
      1.0257819890975952,
      1.0267361402511597,
      1.0269781351089478,
      1.026084303855896,
      1.0284847021102905,
      1.0265122652053833,
      1.0257419347763062,
      1.0249872207641602,
      1.026516079902649,
      1.025639533996582,
      1.025285005569458,
      1.0286104679107666,
      1.0253713130950928,
      1.0270676612854004,
      1.025781512260437,
      1.0269155502319336,
      1.0259016752243042,
      1.0262269973754883,
      1.0254807472229004,
      1.0255892276763916,
      1.026443600654602,
      1.0251579284667969,
      1.0245890617370605,
      1.0244121551513672,
      1.024855136871338,
      1.025040626525879,
      1.02484130859375,
      1.0265989303588867,
      1.0252571105957031,
      1.0250307321548462,
      1.0271072387695312,
      1.0250115394592285,
      1.0245938301086426,
      1.0273782014846802,
      1.0248148441314697,
      1.0251262187957764,
      1.0245803594589233,
      1.0257359743118286,
      1.0241211652755737,
      1.0246028900146484,
      1.0242911577224731,
      1.0252413749694824,
      1.024104118347168,
      1.0242118835449219,
      1.025706171989441,
      1.024977445602417,
      1.0245600938796997,
      1.025773048400879,
      1.0241526365280151,
      1.0234864950180054,
      1.0268759727478027,
      1.0237579345703125,
      1.0229616165161133,
      1.02479887008667,
      1.0229437351226807,
      1.02308988571167,
      1.0238871574401855,
      1.022932767868042,
      1.0217257738113403,
      1.023382306098938,
      1.0234389305114746,
      1.0242531299591064,
      1.0229241847991943,
      1.0250678062438965,
      1.0233635902404785,
      1.0237995386123657,
      1.0236868858337402,
      1.0228002071380615,
      1.0229644775390625,
      1.0228769779205322,
      1.0228538513183594,
      1.023552656173706,
      1.023442029953003,
      1.0213866233825684,
      1.0237138271331787,
      1.025087594985962,
      1.023655891418457,
